G,L,equilibrium
0.0,0.0,Implement / Accept
0.0,0.2,Implement / Accept
0.0,0.4,Implement / Accept
0.0,0.6000000000000001,Implement / Accept
0.0,0.8,Implement / Accept
0.0,1.0,Implement / Accept
0.0,1.2000000000000002,Implement / Accept
0.0,1.4000000000000001,Implement / Accept
0.0,1.6,Implement / Accept
0.0,1.8,Implement / Accept
0.0,2.0,Implement / Accept
0.0,2.2,Implement / Accept
0.0,2.4000000000000004,Implement / Accept
0.0,2.6,Implement / Accept
0.0,2.8000000000000003,Implement / Accept
0.0,3.0,Implement / Accept
0.0,3.2,Implement / Accept
0.0,3.4000000000000004,Implement / Accept
0.0,3.6,Implement / Accept
0.0,3.8000000000000003,Implement / Accept
0.0,4.0,Implement / Accept
0.0,4.2,Implement / Accept
0.0,4.4,Implement / Accept
0.0,4.6000000000000005,Implement / Accept
0.0,4.800000000000001,Implement / Accept
0.0,5.0,Implement / Accept
0.0,5.2,Implement / Accept
0.0,5.4,Implement / Accept
0.0,5.6000000000000005,Implement / Accept
0.0,5.800000000000001,Implement / Accept
0.0,6.0,Implement / Accept
0.0,6.2,Implement / Fight
0.0,6.4,Implement / Fight
0.0,6.6000000000000005,Implement / Fight
0.0,6.800000000000001,Implement / Fight
0.0,7.0,Implement / Fight
0.0,7.2,Implement / Fight
0.0,7.4,Implement / Fight
0.0,7.6000000000000005,Implement / Fight
0.0,7.800000000000001,Implement / Fight
0.0,8.0,Implement / Fight
0.0,8.200000000000001,Implement / Fight
0.0,8.4,Implement / Fight
0.0,8.6,Implement / Fight
0.0,8.8,Implement / Fight
0.0,9.0,Implement / Fight
0.0,9.200000000000001,Implement / Fight
0.0,9.4,Implement / Fight
0.0,9.600000000000001,Implement / Fight
0.0,9.8,Implement / Fight
0.0,10.0,Implement / Fight
0.0,10.200000000000001,Implement / Fight
0.0,10.4,Implement / Fight
0.0,10.600000000000001,Implement / Fight
0.0,10.8,Implement / Fight
0.0,11.0,Implement / Fight
0.0,11.200000000000001,Implement / Fight
0.0,11.4,Implement / Fight
0.0,11.600000000000001,Implement / Fight
0.0,11.8,Implement / Fight
0.0,12.0,Implement / Fight
0.0,12.200000000000001,Implement / Fight
0.0,12.4,Implement / Fight
0.0,12.600000000000001,Implement / Fight
0.0,12.8,Implement / Fight
0.0,13.0,Implement / Fight
0.0,13.200000000000001,Implement / Fight
0.0,13.4,Implement / Fight
0.0,13.600000000000001,Implement / Fight
0.0,13.8,Implement / Fight
0.0,14.0,Implement / Fight
0.0,14.200000000000001,Implement / Fight
0.0,14.4,Implement / Fight
0.0,14.600000000000001,Implement / Fight
0.0,14.8,Implement / Fight
0.0,15.0,Implement / Fight
0.0,15.200000000000001,Implement / Fight
0.0,15.4,Implement / Fight
0.0,15.600000000000001,Implement / Fight
0.0,15.8,Implement / Fight
0.0,16.0,Implement / Fight
0.0,16.2,Implement / Fight
0.0,16.400000000000002,Implement / Fight
0.0,16.6,Implement / Fight
0.0,16.8,Implement / Fight
0.0,17.0,Implement / Fight
0.0,17.2,Implement / Fight
0.0,17.400000000000002,Implement / Fight
0.0,17.6,Implement / Fight
0.0,17.8,Implement / Fight
0.0,18.0,Implement / Fight
0.0,18.2,Implement / Fight
0.0,18.400000000000002,Implement / Fight
0.0,18.6,Implement / Fight
0.0,18.8,Implement / Fight
0.0,19.0,Implement / Fight
0.0,19.200000000000003,Implement / Fight
0.0,19.400000000000002,Implement / Fight
0.0,19.6,Implement / Fight
0.0,19.8,Implement / Fight
0.3333333333333333,0.0,Implement / Accept
0.3333333333333333,0.2,Implement / Accept
0.3333333333333333,0.4,Implement / Accept
0.3333333333333333,0.6000000000000001,Implement / Accept
0.3333333333333333,0.8,Implement / Accept
0.3333333333333333,1.0,Implement / Accept
0.3333333333333333,1.2000000000000002,Implement / Accept
0.3333333333333333,1.4000000000000001,Implement / Accept
0.3333333333333333,1.6,Implement / Accept
0.3333333333333333,1.8,Implement / Accept
0.3333333333333333,2.0,Implement / Accept
0.3333333333333333,2.2,Implement / Accept
0.3333333333333333,2.4000000000000004,Implement / Accept
0.3333333333333333,2.6,Implement / Accept
0.3333333333333333,2.8000000000000003,Implement / Accept
0.3333333333333333,3.0,Implement / Accept
0.3333333333333333,3.2,Implement / Accept
0.3333333333333333,3.4000000000000004,Implement / Accept
0.3333333333333333,3.6,Implement / Accept
0.3333333333333333,3.8000000000000003,Implement / Accept
0.3333333333333333,4.0,Implement / Accept
0.3333333333333333,4.2,Implement / Accept
0.3333333333333333,4.4,Implement / Accept
0.3333333333333333,4.6000000000000005,Implement / Accept
0.3333333333333333,4.800000000000001,Implement / Accept
0.3333333333333333,5.0,Implement / Accept
0.3333333333333333,5.2,Implement / Accept
0.3333333333333333,5.4,Implement / Accept
0.3333333333333333,5.6000000000000005,Implement / Accept
0.3333333333333333,5.800000000000001,Implement / Fight
0.3333333333333333,6.0,Implement / Fight
0.3333333333333333,6.2,Implement / Fight
0.3333333333333333,6.4,Implement / Fight
0.3333333333333333,6.6000000000000005,Implement / Fight
0.3333333333333333,6.800000000000001,Implement / Fight
0.3333333333333333,7.0,Implement / Fight
0.3333333333333333,7.2,Implement / Fight
0.3333333333333333,7.4,Implement / Fight
0.3333333333333333,7.6000000000000005,Implement / Fight
0.3333333333333333,7.800000000000001,Implement / Fight
0.3333333333333333,8.0,Implement / Fight
0.3333333333333333,8.200000000000001,Implement / Fight
0.3333333333333333,8.4,Implement / Fight
0.3333333333333333,8.6,Implement / Fight
0.3333333333333333,8.8,Implement / Fight
0.3333333333333333,9.0,Implement / Fight
0.3333333333333333,9.200000000000001,Implement / Fight
0.3333333333333333,9.4,Implement / Fight
0.3333333333333333,9.600000000000001,Implement / Fight
0.3333333333333333,9.8,Implement / Fight
0.3333333333333333,10.0,Implement / Fight
0.3333333333333333,10.200000000000001,Implement / Fight
0.3333333333333333,10.4,Implement / Fight
0.3333333333333333,10.600000000000001,Implement / Fight
0.3333333333333333,10.8,Implement / Fight
0.3333333333333333,11.0,Implement / Fight
0.3333333333333333,11.200000000000001,Implement / Fight
0.3333333333333333,11.4,Implement / Fight
0.3333333333333333,11.600000000000001,Implement / Fight
0.3333333333333333,11.8,Implement / Fight
0.3333333333333333,12.0,Implement / Fight
0.3333333333333333,12.200000000000001,Implement / Fight
0.3333333333333333,12.4,Implement / Fight
0.3333333333333333,12.600000000000001,Implement / Fight
0.3333333333333333,12.8,Implement / Fight
0.3333333333333333,13.0,Implement / Fight
0.3333333333333333,13.200000000000001,Implement / Fight
0.3333333333333333,13.4,Implement / Fight
0.3333333333333333,13.600000000000001,Implement / Fight
0.3333333333333333,13.8,Implement / Fight
0.3333333333333333,14.0,Implement / Fight
0.3333333333333333,14.200000000000001,Implement / Fight
0.3333333333333333,14.4,Implement / Fight
0.3333333333333333,14.600000000000001,Implement / Fight
0.3333333333333333,14.8,Implement / Fight
0.3333333333333333,15.0,Implement / Fight
0.3333333333333333,15.200000000000001,Implement / Fight
0.3333333333333333,15.4,Implement / Fight
0.3333333333333333,15.600000000000001,Implement / Fight
0.3333333333333333,15.8,Implement / Fight
0.3333333333333333,16.0,Implement / Fight
0.3333333333333333,16.2,Implement / Fight
0.3333333333333333,16.400000000000002,Implement / Fight
0.3333333333333333,16.6,Implement / Fight
0.3333333333333333,16.8,Implement / Fight
0.3333333333333333,17.0,Implement / Fight
0.3333333333333333,17.2,Implement / Fight
0.3333333333333333,17.400000000000002,Implement / Fight
0.3333333333333333,17.6,Implement / Fight
0.3333333333333333,17.8,Implement / Fight
0.3333333333333333,18.0,Implement / Fight
0.3333333333333333,18.2,Implement / Fight
0.3333333333333333,18.400000000000002,Implement / Fight
0.3333333333333333,18.6,Implement / Fight
0.3333333333333333,18.8,Implement / Fight
0.3333333333333333,19.0,Implement / Fight
0.3333333333333333,19.200000000000003,Implement / Fight
0.3333333333333333,19.400000000000002,Implement / Fight
0.3333333333333333,19.6,Implement / Fight
0.3333333333333333,19.8,Implement / Fight
0.6666666666666666,0.0,Implement / Accept
0.6666666666666666,0.2,Implement / Accept
0.6666666666666666,0.4,Implement / Accept
0.6666666666666666,0.6000000000000001,Implement / Accept
0.6666666666666666,0.8,Implement / Accept
0.6666666666666666,1.0,Implement / Accept
0.6666666666666666,1.2000000000000002,Implement / Accept
0.6666666666666666,1.4000000000000001,Implement / Accept
0.6666666666666666,1.6,Implement / Accept
0.6666666666666666,1.8,Implement / Accept
0.6666666666666666,2.0,Implement / Accept
0.6666666666666666,2.2,Implement / Accept
0.6666666666666666,2.4000000000000004,Implement / Accept
0.6666666666666666,2.6,Implement / Accept
0.6666666666666666,2.8000000000000003,Implement / Accept
0.6666666666666666,3.0,Implement / Accept
0.6666666666666666,3.2,Implement / Accept
0.6666666666666666,3.4000000000000004,Implement / Accept
0.6666666666666666,3.6,Implement / Accept
0.6666666666666666,3.8000000000000003,Implement / Accept
0.6666666666666666,4.0,Implement / Accept
0.6666666666666666,4.2,Implement / Accept
0.6666666666666666,4.4,Implement / Accept
0.6666666666666666,4.6000000000000005,Implement / Accept
0.6666666666666666,4.800000000000001,Implement / Accept
0.6666666666666666,5.0,Implement / Accept
0.6666666666666666,5.2,Implement / Accept
0.6666666666666666,5.4,Implement / Fight
0.6666666666666666,5.6000000000000005,Implement / Fight
0.6666666666666666,5.800000000000001,Implement / Fight
0.6666666666666666,6.0,Implement / Fight
0.6666666666666666,6.2,Implement / Fight
0.6666666666666666,6.4,Implement / Fight
0.6666666666666666,6.6000000000000005,Implement / Fight
0.6666666666666666,6.800000000000001,Implement / Fight
0.6666666666666666,7.0,Implement / Fight
0.6666666666666666,7.2,Implement / Fight
0.6666666666666666,7.4,Implement / Fight
0.6666666666666666,7.6000000000000005,Implement / Fight
0.6666666666666666,7.800000000000001,Implement / Fight
0.6666666666666666,8.0,Implement / Fight
0.6666666666666666,8.200000000000001,Implement / Fight
0.6666666666666666,8.4,Implement / Fight
0.6666666666666666,8.6,Implement / Fight
0.6666666666666666,8.8,Implement / Fight
0.6666666666666666,9.0,Implement / Fight
0.6666666666666666,9.200000000000001,Implement / Fight
0.6666666666666666,9.4,Implement / Fight
0.6666666666666666,9.600000000000001,Implement / Fight
0.6666666666666666,9.8,Implement / Fight
0.6666666666666666,10.0,Implement / Fight
0.6666666666666666,10.200000000000001,Implement / Fight
0.6666666666666666,10.4,Implement / Fight
0.6666666666666666,10.600000000000001,Implement / Fight
0.6666666666666666,10.8,Implement / Fight
0.6666666666666666,11.0,Implement / Fight
0.6666666666666666,11.200000000000001,Implement / Fight
0.6666666666666666,11.4,Implement / Fight
0.6666666666666666,11.600000000000001,Implement / Fight
0.6666666666666666,11.8,Implement / Fight
0.6666666666666666,12.0,Implement / Fight
0.6666666666666666,12.200000000000001,Implement / Fight
0.6666666666666666,12.4,Implement / Fight
0.6666666666666666,12.600000000000001,Implement / Fight
0.6666666666666666,12.8,Implement / Fight
0.6666666666666666,13.0,Implement / Fight
0.6666666666666666,13.200000000000001,Implement / Fight
0.6666666666666666,13.4,Implement / Fight
0.6666666666666666,13.600000000000001,Implement / Fight
0.6666666666666666,13.8,Implement / Fight
0.6666666666666666,14.0,Implement / Fight
0.6666666666666666,14.200000000000001,Implement / Fight
0.6666666666666666,14.4,Implement / Fight
0.6666666666666666,14.600000000000001,Implement / Fight
0.6666666666666666,14.8,Implement / Fight
0.6666666666666666,15.0,Implement / Fight
0.6666666666666666,15.200000000000001,Implement / Fight
0.6666666666666666,15.4,Implement / Fight
0.6666666666666666,15.600000000000001,Implement / Fight
0.6666666666666666,15.8,Implement / Fight
0.6666666666666666,16.0,Implement / Fight
0.6666666666666666,16.2,Implement / Fight
0.6666666666666666,16.400000000000002,Implement / Fight
0.6666666666666666,16.6,Implement / Fight
0.6666666666666666,16.8,Implement / Fight
0.6666666666666666,17.0,Implement / Fight
0.6666666666666666,17.2,Implement / Fight
0.6666666666666666,17.400000000000002,Implement / Fight
0.6666666666666666,17.6,Implement / Fight
0.6666666666666666,17.8,Implement / Fight
0.6666666666666666,18.0,Implement / Fight
0.6666666666666666,18.2,Implement / Fight
0.6666666666666666,18.400000000000002,Implement / Fight
0.6666666666666666,18.6,Implement / Fight
0.6666666666666666,18.8,Implement / Fight
0.6666666666666666,19.0,Implement / Fight
0.6666666666666666,19.200000000000003,Implement / Fight
0.6666666666666666,19.400000000000002,Implement / Fight
0.6666666666666666,19.6,Implement / Fight
0.6666666666666666,19.8,Implement / Fight
1.0,0.0,Implement / Accept
1.0,0.2,Implement / Accept
1.0,0.4,Implement / Accept
1.0,0.6000000000000001,Implement / Accept
1.0,0.8,Implement / Accept
1.0,1.0,Implement / Accept
1.0,1.2000000000000002,Implement / Accept
1.0,1.4000000000000001,Implement / Accept
1.0,1.6,Implement / Accept
1.0,1.8,Implement / Accept
1.0,2.0,Implement / Accept
1.0,2.2,Implement / Accept
1.0,2.4000000000000004,Implement / Accept
1.0,2.6,Implement / Accept
1.0,2.8000000000000003,Implement / Accept
1.0,3.0,Implement / Accept
1.0,3.2,Implement / Accept
1.0,3.4000000000000004,Implement / Accept
1.0,3.6,Implement / Accept
1.0,3.8000000000000003,Implement / Accept
1.0,4.0,Implement / Accept
1.0,4.2,Implement / Accept
1.0,4.4,Implement / Accept
1.0,4.6000000000000005,Implement / Accept
1.0,4.800000000000001,Implement / Accept
1.0,5.0,Implement / Accept
1.0,5.2,Implement / Fight
1.0,5.4,Implement / Fight
1.0,5.6000000000000005,Implement / Fight
1.0,5.800000000000001,Implement / Fight
1.0,6.0,Implement / Fight
1.0,6.2,Implement / Fight
1.0,6.4,Implement / Fight
1.0,6.6000000000000005,Implement / Fight
1.0,6.800000000000001,Implement / Fight
1.0,7.0,Implement / Fight
1.0,7.2,Implement / Fight
1.0,7.4,Implement / Fight
1.0,7.6000000000000005,Implement / Fight
1.0,7.800000000000001,Implement / Fight
1.0,8.0,Implement / Fight
1.0,8.200000000000001,Implement / Fight
1.0,8.4,Implement / Fight
1.0,8.6,Implement / Fight
1.0,8.8,Implement / Fight
1.0,9.0,Implement / Fight
1.0,9.200000000000001,Implement / Fight
1.0,9.4,Implement / Fight
1.0,9.600000000000001,Implement / Fight
1.0,9.8,Implement / Fight
1.0,10.0,Implement / Fight
1.0,10.200000000000001,Implement / Fight
1.0,10.4,Implement / Fight
1.0,10.600000000000001,Implement / Fight
1.0,10.8,Implement / Fight
1.0,11.0,Implement / Fight
1.0,11.200000000000001,Implement / Fight
1.0,11.4,Implement / Fight
1.0,11.600000000000001,Implement / Fight
1.0,11.8,Implement / Fight
1.0,12.0,Implement / Fight
1.0,12.200000000000001,Implement / Fight
1.0,12.4,Implement / Fight
1.0,12.600000000000001,Implement / Fight
1.0,12.8,Implement / Fight
1.0,13.0,Implement / Fight
1.0,13.200000000000001,Implement / Fight
1.0,13.4,Implement / Fight
1.0,13.600000000000001,Implement / Fight
1.0,13.8,Implement / Fight
1.0,14.0,Implement / Fight
1.0,14.200000000000001,Implement / Fight
1.0,14.4,Implement / Fight
1.0,14.600000000000001,Implement / Fight
1.0,14.8,Implement / Fight
1.0,15.0,Implement / Fight
1.0,15.200000000000001,Implement / Fight
1.0,15.4,Implement / Fight
1.0,15.600000000000001,Implement / Fight
1.0,15.8,Implement / Fight
1.0,16.0,Implement / Fight
1.0,16.2,Implement / Fight
1.0,16.400000000000002,Implement / Fight
1.0,16.6,Implement / Fight
1.0,16.8,Implement / Fight
1.0,17.0,Implement / Fight
1.0,17.2,Implement / Fight
1.0,17.400000000000002,Implement / Fight
1.0,17.6,Implement / Fight
1.0,17.8,Implement / Fight
1.0,18.0,Implement / Fight
1.0,18.2,Implement / Fight
1.0,18.400000000000002,Implement / Fight
1.0,18.6,Implement / Fight
1.0,18.8,Implement / Fight
1.0,19.0,Implement / Fight
1.0,19.200000000000003,Implement / Fight
1.0,19.400000000000002,Implement / Fight
1.0,19.6,Implement / Fight
1.0,19.8,Implement / Fight
1.3333333333333333,0.0,Implement / Accept
1.3333333333333333,0.2,Implement / Accept
1.3333333333333333,0.4,Implement / Accept
1.3333333333333333,0.6000000000000001,Implement / Accept
1.3333333333333333,0.8,Implement / Accept
1.3333333333333333,1.0,Implement / Accept
1.3333333333333333,1.2000000000000002,Implement / Accept
1.3333333333333333,1.4000000000000001,Implement / Accept
1.3333333333333333,1.6,Implement / Accept
1.3333333333333333,1.8,Implement / Accept
1.3333333333333333,2.0,Implement / Accept
1.3333333333333333,2.2,Implement / Accept
1.3333333333333333,2.4000000000000004,Implement / Accept
1.3333333333333333,2.6,Implement / Accept
1.3333333333333333,2.8000000000000003,Implement / Accept
1.3333333333333333,3.0,Implement / Accept
1.3333333333333333,3.2,Implement / Accept
1.3333333333333333,3.4000000000000004,Implement / Accept
1.3333333333333333,3.6,Implement / Accept
1.3333333333333333,3.8000000000000003,Implement / Accept
1.3333333333333333,4.0,Implement / Accept
1.3333333333333333,4.2,Implement / Accept
1.3333333333333333,4.4,Implement / Accept
1.3333333333333333,4.6000000000000005,Implement / Accept
1.3333333333333333,4.800000000000001,Implement / Fight
1.3333333333333333,5.0,Implement / Fight
1.3333333333333333,5.2,Implement / Fight
1.3333333333333333,5.4,Implement / Fight
1.3333333333333333,5.6000000000000005,Implement / Fight
1.3333333333333333,5.800000000000001,Implement / Fight
1.3333333333333333,6.0,Implement / Fight
1.3333333333333333,6.2,Implement / Fight
1.3333333333333333,6.4,Implement / Fight
1.3333333333333333,6.6000000000000005,Implement / Fight
1.3333333333333333,6.800000000000001,Implement / Fight
1.3333333333333333,7.0,Implement / Fight
1.3333333333333333,7.2,Implement / Fight
1.3333333333333333,7.4,Implement / Fight
1.3333333333333333,7.6000000000000005,Implement / Fight
1.3333333333333333,7.800000000000001,Implement / Fight
1.3333333333333333,8.0,Implement / Fight
1.3333333333333333,8.200000000000001,Implement / Fight
1.3333333333333333,8.4,Implement / Fight
1.3333333333333333,8.6,Implement / Fight
1.3333333333333333,8.8,Implement / Fight
1.3333333333333333,9.0,Implement / Fight
1.3333333333333333,9.200000000000001,Implement / Fight
1.3333333333333333,9.4,Implement / Fight
1.3333333333333333,9.600000000000001,Implement / Fight
1.3333333333333333,9.8,Implement / Fight
1.3333333333333333,10.0,Implement / Fight
1.3333333333333333,10.200000000000001,Implement / Fight
1.3333333333333333,10.4,Implement / Fight
1.3333333333333333,10.600000000000001,Implement / Fight
1.3333333333333333,10.8,Implement / Fight
1.3333333333333333,11.0,Implement / Fight
1.3333333333333333,11.200000000000001,Implement / Fight
1.3333333333333333,11.4,Implement / Fight
1.3333333333333333,11.600000000000001,Implement / Fight
1.3333333333333333,11.8,Implement / Fight
1.3333333333333333,12.0,Implement / Fight
1.3333333333333333,12.200000000000001,Implement / Fight
1.3333333333333333,12.4,Implement / Fight
1.3333333333333333,12.600000000000001,Implement / Fight
1.3333333333333333,12.8,Implement / Fight
1.3333333333333333,13.0,Implement / Fight
1.3333333333333333,13.200000000000001,Implement / Fight
1.3333333333333333,13.4,Implement / Fight
1.3333333333333333,13.600000000000001,Implement / Fight
1.3333333333333333,13.8,Implement / Fight
1.3333333333333333,14.0,Implement / Fight
1.3333333333333333,14.200000000000001,Implement / Fight
1.3333333333333333,14.4,Implement / Fight
1.3333333333333333,14.600000000000001,Implement / Fight
1.3333333333333333,14.8,Implement / Fight
1.3333333333333333,15.0,Implement / Fight
1.3333333333333333,15.200000000000001,Implement / Fight
1.3333333333333333,15.4,Implement / Fight
1.3333333333333333,15.600000000000001,Implement / Fight
1.3333333333333333,15.8,Implement / Fight
1.3333333333333333,16.0,Implement / Fight
1.3333333333333333,16.2,Implement / Fight
1.3333333333333333,16.400000000000002,Implement / Fight
1.3333333333333333,16.6,Implement / Fight
1.3333333333333333,16.8,Implement / Fight
1.3333333333333333,17.0,Implement / Fight
1.3333333333333333,17.2,Implement / Fight
1.3333333333333333,17.400000000000002,Implement / Fight
1.3333333333333333,17.6,Implement / Fight
1.3333333333333333,17.8,Implement / Fight
1.3333333333333333,18.0,Implement / Fight
1.3333333333333333,18.2,Implement / Fight
1.3333333333333333,18.400000000000002,Implement / Fight
1.3333333333333333,18.6,Implement / Fight
1.3333333333333333,18.8,Implement / Fight
1.3333333333333333,19.0,Implement / Fight
1.3333333333333333,19.200000000000003,Implement / Fight
1.3333333333333333,19.400000000000002,Implement / Fight
1.3333333333333333,19.6,Implement / Fight
1.3333333333333333,19.8,Implement / Fight
1.6666666666666665,0.0,Implement / Accept
1.6666666666666665,0.2,Implement / Accept
1.6666666666666665,0.4,Implement / Accept
1.6666666666666665,0.6000000000000001,Implement / Accept
1.6666666666666665,0.8,Implement / Accept
1.6666666666666665,1.0,Implement / Accept
1.6666666666666665,1.2000000000000002,Implement / Accept
1.6666666666666665,1.4000000000000001,Implement / Accept
1.6666666666666665,1.6,Implement / Accept
1.6666666666666665,1.8,Implement / Accept
1.6666666666666665,2.0,Implement / Accept
1.6666666666666665,2.2,Implement / Accept
1.6666666666666665,2.4000000000000004,Implement / Accept
1.6666666666666665,2.6,Implement / Accept
1.6666666666666665,2.8000000000000003,Implement / Accept
1.6666666666666665,3.0,Implement / Accept
1.6666666666666665,3.2,Implement / Accept
1.6666666666666665,3.4000000000000004,Implement / Accept
1.6666666666666665,3.6,Implement / Accept
1.6666666666666665,3.8000000000000003,Implement / Accept
1.6666666666666665,4.0,Implement / Accept
1.6666666666666665,4.2,Implement / Accept
1.6666666666666665,4.4,Implement / Fight
1.6666666666666665,4.6000000000000005,Implement / Fight
1.6666666666666665,4.800000000000001,Implement / Fight
1.6666666666666665,5.0,Implement / Fight
1.6666666666666665,5.2,Implement / Fight
1.6666666666666665,5.4,Implement / Fight
1.6666666666666665,5.6000000000000005,Implement / Fight
1.6666666666666665,5.800000000000001,Implement / Fight
1.6666666666666665,6.0,Implement / Fight
1.6666666666666665,6.2,Implement / Fight
1.6666666666666665,6.4,Implement / Fight
1.6666666666666665,6.6000000000000005,Implement / Fight
1.6666666666666665,6.800000000000001,Implement / Fight
1.6666666666666665,7.0,Implement / Fight
1.6666666666666665,7.2,Implement / Fight
1.6666666666666665,7.4,Implement / Fight
1.6666666666666665,7.6000000000000005,Implement / Fight
1.6666666666666665,7.800000000000001,Implement / Fight
1.6666666666666665,8.0,Implement / Fight
1.6666666666666665,8.200000000000001,Implement / Fight
1.6666666666666665,8.4,Implement / Fight
1.6666666666666665,8.6,Implement / Fight
1.6666666666666665,8.8,Implement / Fight
1.6666666666666665,9.0,Implement / Fight
1.6666666666666665,9.200000000000001,Implement / Fight
1.6666666666666665,9.4,Implement / Fight
1.6666666666666665,9.600000000000001,Implement / Fight
1.6666666666666665,9.8,Implement / Fight
1.6666666666666665,10.0,Implement / Fight
1.6666666666666665,10.200000000000001,Implement / Fight
1.6666666666666665,10.4,Implement / Fight
1.6666666666666665,10.600000000000001,Implement / Fight
1.6666666666666665,10.8,Implement / Fight
1.6666666666666665,11.0,Implement / Fight
1.6666666666666665,11.200000000000001,Implement / Fight
1.6666666666666665,11.4,Implement / Fight
1.6666666666666665,11.600000000000001,Implement / Fight
1.6666666666666665,11.8,Implement / Fight
1.6666666666666665,12.0,Implement / Fight
1.6666666666666665,12.200000000000001,Implement / Fight
1.6666666666666665,12.4,Implement / Fight
1.6666666666666665,12.600000000000001,Implement / Fight
1.6666666666666665,12.8,Implement / Fight
1.6666666666666665,13.0,Implement / Fight
1.6666666666666665,13.200000000000001,Implement / Fight
1.6666666666666665,13.4,Implement / Fight
1.6666666666666665,13.600000000000001,Implement / Fight
1.6666666666666665,13.8,Implement / Fight
1.6666666666666665,14.0,Implement / Fight
1.6666666666666665,14.200000000000001,Implement / Fight
1.6666666666666665,14.4,Implement / Fight
1.6666666666666665,14.600000000000001,Implement / Fight
1.6666666666666665,14.8,Implement / Fight
1.6666666666666665,15.0,Implement / Fight
1.6666666666666665,15.200000000000001,Implement / Fight
1.6666666666666665,15.4,Implement / Fight
1.6666666666666665,15.600000000000001,Implement / Fight
1.6666666666666665,15.8,Implement / Fight
1.6666666666666665,16.0,Implement / Fight
1.6666666666666665,16.2,Implement / Fight
1.6666666666666665,16.400000000000002,Implement / Fight
1.6666666666666665,16.6,Implement / Fight
1.6666666666666665,16.8,Implement / Fight
1.6666666666666665,17.0,Implement / Fight
1.6666666666666665,17.2,Implement / Fight
1.6666666666666665,17.400000000000002,Implement / Fight
1.6666666666666665,17.6,Implement / Fight
1.6666666666666665,17.8,Implement / Fight
1.6666666666666665,18.0,Implement / Fight
1.6666666666666665,18.2,Implement / Fight
1.6666666666666665,18.400000000000002,Implement / Fight
1.6666666666666665,18.6,Implement / Fight
1.6666666666666665,18.8,Implement / Fight
1.6666666666666665,19.0,Implement / Fight
1.6666666666666665,19.200000000000003,Implement / Fight
1.6666666666666665,19.400000000000002,Implement / Fight
1.6666666666666665,19.6,Implement / Fight
1.6666666666666665,19.8,Implement / Fight
2.0,0.0,Implement / Accept
2.0,0.2,Implement / Accept
2.0,0.4,Implement / Accept
2.0,0.6000000000000001,Implement / Accept
2.0,0.8,Implement / Accept
2.0,1.0,Implement / Accept
2.0,1.2000000000000002,Implement / Accept
2.0,1.4000000000000001,Implement / Accept
2.0,1.6,Implement / Accept
2.0,1.8,Implement / Accept
2.0,2.0,Implement / Accept
2.0,2.2,Implement / Accept
2.0,2.4000000000000004,Implement / Accept
2.0,2.6,Implement / Accept
2.0,2.8000000000000003,Implement / Accept
2.0,3.0,Implement / Accept
2.0,3.2,Implement / Accept
2.0,3.4000000000000004,Implement / Accept
2.0,3.6,Implement / Accept
2.0,3.8000000000000003,Implement / Accept
2.0,4.0,Implement / Accept
2.0,4.2,Implement / Fight
2.0,4.4,Implement / Fight
2.0,4.6000000000000005,Implement / Fight
2.0,4.800000000000001,Implement / Fight
2.0,5.0,Implement / Fight
2.0,5.2,Implement / Fight
2.0,5.4,Implement / Fight
2.0,5.6000000000000005,Implement / Fight
2.0,5.800000000000001,Implement / Fight
2.0,6.0,Implement / Fight
2.0,6.2,Implement / Fight
2.0,6.4,Implement / Fight
2.0,6.6000000000000005,Implement / Fight
2.0,6.800000000000001,Implement / Fight
2.0,7.0,Implement / Fight
2.0,7.2,Implement / Fight
2.0,7.4,Implement / Fight
2.0,7.6000000000000005,Implement / Fight
2.0,7.800000000000001,Implement / Fight
2.0,8.0,Implement / Fight
2.0,8.200000000000001,Implement / Fight
2.0,8.4,Implement / Fight
2.0,8.6,Implement / Fight
2.0,8.8,Implement / Fight
2.0,9.0,Implement / Fight
2.0,9.200000000000001,Implement / Fight
2.0,9.4,Implement / Fight
2.0,9.600000000000001,Implement / Fight
2.0,9.8,Implement / Fight
2.0,10.0,Implement / Fight
2.0,10.200000000000001,Implement / Fight
2.0,10.4,Implement / Fight
2.0,10.600000000000001,Implement / Fight
2.0,10.8,Implement / Fight
2.0,11.0,Implement / Fight
2.0,11.200000000000001,Implement / Fight
2.0,11.4,Implement / Fight
2.0,11.600000000000001,Implement / Fight
2.0,11.8,Implement / Fight
2.0,12.0,Implement / Fight
2.0,12.200000000000001,Implement / Fight
2.0,12.4,Implement / Fight
2.0,12.600000000000001,Implement / Fight
2.0,12.8,Implement / Fight
2.0,13.0,Implement / Fight
2.0,13.200000000000001,Implement / Fight
2.0,13.4,Implement / Fight
2.0,13.600000000000001,Implement / Fight
2.0,13.8,Implement / Fight
2.0,14.0,Implement / Fight
2.0,14.200000000000001,Implement / Fight
2.0,14.4,Implement / Fight
2.0,14.600000000000001,Implement / Fight
2.0,14.8,Implement / Fight
2.0,15.0,Implement / Fight
2.0,15.200000000000001,Implement / Fight
2.0,15.4,Implement / Fight
2.0,15.600000000000001,Implement / Fight
2.0,15.8,Implement / Fight
2.0,16.0,Implement / Fight
2.0,16.2,Implement / Fight
2.0,16.400000000000002,Implement / Fight
2.0,16.6,Implement / Fight
2.0,16.8,Implement / Fight
2.0,17.0,Implement / Fight
2.0,17.2,Implement / Fight
2.0,17.400000000000002,Implement / Fight
2.0,17.6,Implement / Fight
2.0,17.8,Implement / Fight
2.0,18.0,Implement / Fight
2.0,18.2,Implement / Fight
2.0,18.400000000000002,Implement / Fight
2.0,18.6,Implement / Fight
2.0,18.8,Implement / Fight
2.0,19.0,Implement / Fight
2.0,19.200000000000003,Implement / Fight
2.0,19.400000000000002,Implement / Fight
2.0,19.6,Implement / Fight
2.0,19.8,Implement / Fight
2.333333333333333,0.0,Implement / Accept
2.333333333333333,0.2,Implement / Accept
2.333333333333333,0.4,Implement / Accept
2.333333333333333,0.6000000000000001,Implement / Accept
2.333333333333333,0.8,Implement / Accept
2.333333333333333,1.0,Implement / Accept
2.333333333333333,1.2000000000000002,Implement / Accept
2.333333333333333,1.4000000000000001,Implement / Accept
2.333333333333333,1.6,Implement / Accept
2.333333333333333,1.8,Implement / Accept
2.333333333333333,2.0,Implement / Accept
2.333333333333333,2.2,Implement / Accept
2.333333333333333,2.4000000000000004,Implement / Accept
2.333333333333333,2.6,Implement / Accept
2.333333333333333,2.8000000000000003,Implement / Accept
2.333333333333333,3.0,Implement / Accept
2.333333333333333,3.2,Implement / Accept
2.333333333333333,3.4000000000000004,Implement / Accept
2.333333333333333,3.6,Implement / Accept
2.333333333333333,3.8000000000000003,Implement / Fight
2.333333333333333,4.0,Implement / Fight
2.333333333333333,4.2,Implement / Fight
2.333333333333333,4.4,Implement / Fight
2.333333333333333,4.6000000000000005,Implement / Fight
2.333333333333333,4.800000000000001,Implement / Fight
2.333333333333333,5.0,Implement / Fight
2.333333333333333,5.2,Implement / Fight
2.333333333333333,5.4,Implement / Fight
2.333333333333333,5.6000000000000005,Implement / Fight
2.333333333333333,5.800000000000001,Implement / Fight
2.333333333333333,6.0,Implement / Fight
2.333333333333333,6.2,Implement / Fight
2.333333333333333,6.4,Implement / Fight
2.333333333333333,6.6000000000000005,Implement / Fight
2.333333333333333,6.800000000000001,Implement / Fight
2.333333333333333,7.0,Implement / Fight
2.333333333333333,7.2,Implement / Fight
2.333333333333333,7.4,Implement / Fight
2.333333333333333,7.6000000000000005,Implement / Fight
2.333333333333333,7.800000000000001,Implement / Fight
2.333333333333333,8.0,Implement / Fight
2.333333333333333,8.200000000000001,Implement / Fight
2.333333333333333,8.4,Implement / Fight
2.333333333333333,8.6,Implement / Fight
2.333333333333333,8.8,Implement / Fight
2.333333333333333,9.0,Implement / Fight
2.333333333333333,9.200000000000001,Implement / Fight
2.333333333333333,9.4,Implement / Fight
2.333333333333333,9.600000000000001,Implement / Fight
2.333333333333333,9.8,Implement / Fight
2.333333333333333,10.0,Implement / Fight
2.333333333333333,10.200000000000001,Implement / Fight
2.333333333333333,10.4,Implement / Fight
2.333333333333333,10.600000000000001,Implement / Fight
2.333333333333333,10.8,Implement / Fight
2.333333333333333,11.0,Implement / Fight
2.333333333333333,11.200000000000001,Implement / Fight
2.333333333333333,11.4,Implement / Fight
2.333333333333333,11.600000000000001,Implement / Fight
2.333333333333333,11.8,Implement / Fight
2.333333333333333,12.0,Implement / Fight
2.333333333333333,12.200000000000001,Implement / Fight
2.333333333333333,12.4,Implement / Fight
2.333333333333333,12.600000000000001,Implement / Fight
2.333333333333333,12.8,Implement / Fight
2.333333333333333,13.0,Implement / Fight
2.333333333333333,13.200000000000001,Implement / Fight
2.333333333333333,13.4,Implement / Fight
2.333333333333333,13.600000000000001,Implement / Fight
2.333333333333333,13.8,Implement / Fight
2.333333333333333,14.0,Implement / Fight
2.333333333333333,14.200000000000001,Implement / Fight
2.333333333333333,14.4,Implement / Fight
2.333333333333333,14.600000000000001,Implement / Fight
2.333333333333333,14.8,Implement / Fight
2.333333333333333,15.0,Implement / Fight
2.333333333333333,15.200000000000001,Implement / Fight
2.333333333333333,15.4,Implement / Fight
2.333333333333333,15.600000000000001,Implement / Fight
2.333333333333333,15.8,Implement / Fight
2.333333333333333,16.0,Implement / Fight
2.333333333333333,16.2,Implement / Fight
2.333333333333333,16.400000000000002,Implement / Fight
2.333333333333333,16.6,Implement / Fight
2.333333333333333,16.8,Implement / Fight
2.333333333333333,17.0,Implement / Fight
2.333333333333333,17.2,Implement / Fight
2.333333333333333,17.400000000000002,Implement / Fight
2.333333333333333,17.6,Implement / Fight
2.333333333333333,17.8,Implement / Fight
2.333333333333333,18.0,Implement / Fight
2.333333333333333,18.2,Implement / Fight
2.333333333333333,18.400000000000002,Implement / Fight
2.333333333333333,18.6,Implement / Fight
2.333333333333333,18.8,Implement / Fight
2.333333333333333,19.0,Implement / Fight
2.333333333333333,19.200000000000003,Implement / Fight
2.333333333333333,19.400000000000002,Implement / Fight
2.333333333333333,19.6,Implement / Fight
2.333333333333333,19.8,Implement / Fight
2.6666666666666665,0.0,Implement / Accept
2.6666666666666665,0.2,Implement / Accept
2.6666666666666665,0.4,Implement / Accept
2.6666666666666665,0.6000000000000001,Implement / Accept
2.6666666666666665,0.8,Implement / Accept
2.6666666666666665,1.0,Implement / Accept
2.6666666666666665,1.2000000000000002,Implement / Accept
2.6666666666666665,1.4000000000000001,Implement / Accept
2.6666666666666665,1.6,Implement / Accept
2.6666666666666665,1.8,Implement / Accept
2.6666666666666665,2.0,Implement / Accept
2.6666666666666665,2.2,Implement / Accept
2.6666666666666665,2.4000000000000004,Implement / Accept
2.6666666666666665,2.6,Implement / Accept
2.6666666666666665,2.8000000000000003,Implement / Accept
2.6666666666666665,3.0,Implement / Accept
2.6666666666666665,3.2,Implement / Accept
2.6666666666666665,3.4000000000000004,Implement / Fight
2.6666666666666665,3.6,Implement / Fight
2.6666666666666665,3.8000000000000003,Implement / Fight
2.6666666666666665,4.0,Implement / Fight
2.6666666666666665,4.2,Implement / Fight
2.6666666666666665,4.4,Implement / Fight
2.6666666666666665,4.6000000000000005,Implement / Fight
2.6666666666666665,4.800000000000001,Implement / Fight
2.6666666666666665,5.0,Implement / Fight
2.6666666666666665,5.2,Implement / Fight
2.6666666666666665,5.4,Implement / Fight
2.6666666666666665,5.6000000000000005,Implement / Fight
2.6666666666666665,5.800000000000001,Implement / Fight
2.6666666666666665,6.0,Implement / Fight
2.6666666666666665,6.2,Implement / Fight
2.6666666666666665,6.4,Implement / Fight
2.6666666666666665,6.6000000000000005,Implement / Fight
2.6666666666666665,6.800000000000001,Implement / Fight
2.6666666666666665,7.0,Implement / Fight
2.6666666666666665,7.2,Implement / Fight
2.6666666666666665,7.4,Implement / Fight
2.6666666666666665,7.6000000000000005,Implement / Fight
2.6666666666666665,7.800000000000001,Implement / Fight
2.6666666666666665,8.0,Implement / Fight
2.6666666666666665,8.200000000000001,Implement / Fight
2.6666666666666665,8.4,Implement / Fight
2.6666666666666665,8.6,Implement / Fight
2.6666666666666665,8.8,Implement / Fight
2.6666666666666665,9.0,Implement / Fight
2.6666666666666665,9.200000000000001,Implement / Fight
2.6666666666666665,9.4,Implement / Fight
2.6666666666666665,9.600000000000001,Implement / Fight
2.6666666666666665,9.8,Implement / Fight
2.6666666666666665,10.0,Implement / Fight
2.6666666666666665,10.200000000000001,Implement / Fight
2.6666666666666665,10.4,Implement / Fight
2.6666666666666665,10.600000000000001,Implement / Fight
2.6666666666666665,10.8,Implement / Fight
2.6666666666666665,11.0,Implement / Fight
2.6666666666666665,11.200000000000001,Implement / Fight
2.6666666666666665,11.4,Implement / Fight
2.6666666666666665,11.600000000000001,Implement / Fight
2.6666666666666665,11.8,Implement / Fight
2.6666666666666665,12.0,Implement / Fight
2.6666666666666665,12.200000000000001,Implement / Fight
2.6666666666666665,12.4,Implement / Fight
2.6666666666666665,12.600000000000001,Implement / Fight
2.6666666666666665,12.8,Implement / Fight
2.6666666666666665,13.0,Implement / Fight
2.6666666666666665,13.200000000000001,Implement / Fight
2.6666666666666665,13.4,Implement / Fight
2.6666666666666665,13.600000000000001,Implement / Fight
2.6666666666666665,13.8,Implement / Fight
2.6666666666666665,14.0,Implement / Fight
2.6666666666666665,14.200000000000001,Implement / Fight
2.6666666666666665,14.4,Implement / Fight
2.6666666666666665,14.600000000000001,Implement / Fight
2.6666666666666665,14.8,Implement / Fight
2.6666666666666665,15.0,Implement / Fight
2.6666666666666665,15.200000000000001,Implement / Fight
2.6666666666666665,15.4,Implement / Fight
2.6666666666666665,15.600000000000001,Implement / Fight
2.6666666666666665,15.8,Implement / Fight
2.6666666666666665,16.0,Implement / Fight
2.6666666666666665,16.2,Implement / Fight
2.6666666666666665,16.400000000000002,Implement / Fight
2.6666666666666665,16.6,Implement / Fight
2.6666666666666665,16.8,Implement / Fight
2.6666666666666665,17.0,Implement / Fight
2.6666666666666665,17.2,Implement / Fight
2.6666666666666665,17.400000000000002,Implement / Fight
2.6666666666666665,17.6,Implement / Fight
2.6666666666666665,17.8,Implement / Fight
2.6666666666666665,18.0,Implement / Fight
2.6666666666666665,18.2,Implement / Fight
2.6666666666666665,18.400000000000002,Implement / Fight
2.6666666666666665,18.6,Implement / Fight
2.6666666666666665,18.8,Implement / Fight
2.6666666666666665,19.0,Implement / Fight
2.6666666666666665,19.200000000000003,Implement / Fight
2.6666666666666665,19.400000000000002,Implement / Fight
2.6666666666666665,19.6,Implement / Fight
2.6666666666666665,19.8,Implement / Fight
3.0,0.0,Implement / Accept
3.0,0.2,Implement / Accept
3.0,0.4,Implement / Accept
3.0,0.6000000000000001,Implement / Accept
3.0,0.8,Implement / Accept
3.0,1.0,Implement / Accept
3.0,1.2000000000000002,Implement / Accept
3.0,1.4000000000000001,Implement / Accept
3.0,1.6,Implement / Accept
3.0,1.8,Implement / Accept
3.0,2.0,Implement / Accept
3.0,2.2,Implement / Accept
3.0,2.4000000000000004,Implement / Accept
3.0,2.6,Implement / Accept
3.0,2.8000000000000003,Implement / Accept
3.0,3.0,Implement / Accept
3.0,3.2,Implement / Fight
3.0,3.4000000000000004,Implement / Fight
3.0,3.6,Implement / Fight
3.0,3.8000000000000003,Implement / Fight
3.0,4.0,Implement / Fight
3.0,4.2,Implement / Fight
3.0,4.4,Implement / Fight
3.0,4.6000000000000005,Implement / Fight
3.0,4.800000000000001,Implement / Fight
3.0,5.0,Implement / Fight
3.0,5.2,Implement / Fight
3.0,5.4,Implement / Fight
3.0,5.6000000000000005,Implement / Fight
3.0,5.800000000000001,Implement / Fight
3.0,6.0,Implement / Fight
3.0,6.2,Implement / Fight
3.0,6.4,Implement / Fight
3.0,6.6000000000000005,Implement / Fight
3.0,6.800000000000001,Implement / Fight
3.0,7.0,Implement / Fight
3.0,7.2,Implement / Fight
3.0,7.4,Implement / Fight
3.0,7.6000000000000005,Implement / Fight
3.0,7.800000000000001,Implement / Fight
3.0,8.0,Implement / Fight
3.0,8.200000000000001,Implement / Fight
3.0,8.4,Implement / Fight
3.0,8.6,Implement / Fight
3.0,8.8,Implement / Fight
3.0,9.0,Implement / Fight
3.0,9.200000000000001,Implement / Fight
3.0,9.4,Implement / Fight
3.0,9.600000000000001,Implement / Fight
3.0,9.8,Implement / Fight
3.0,10.0,Implement / Fight
3.0,10.200000000000001,Implement / Fight
3.0,10.4,Implement / Fight
3.0,10.600000000000001,Implement / Fight
3.0,10.8,Implement / Fight
3.0,11.0,Implement / Fight
3.0,11.200000000000001,Implement / Fight
3.0,11.4,Implement / Fight
3.0,11.600000000000001,Implement / Fight
3.0,11.8,Implement / Fight
3.0,12.0,Implement / Fight
3.0,12.200000000000001,Implement / Fight
3.0,12.4,Implement / Fight
3.0,12.600000000000001,Implement / Fight
3.0,12.8,Implement / Fight
3.0,13.0,Implement / Fight
3.0,13.200000000000001,Implement / Fight
3.0,13.4,Implement / Fight
3.0,13.600000000000001,Implement / Fight
3.0,13.8,Implement / Fight
3.0,14.0,Implement / Fight
3.0,14.200000000000001,Implement / Fight
3.0,14.4,Implement / Fight
3.0,14.600000000000001,Implement / Fight
3.0,14.8,Implement / Fight
3.0,15.0,Implement / Fight
3.0,15.200000000000001,Implement / Fight
3.0,15.4,Implement / Fight
3.0,15.600000000000001,Implement / Fight
3.0,15.8,Implement / Fight
3.0,16.0,Implement / Fight
3.0,16.2,Implement / Fight
3.0,16.400000000000002,Implement / Fight
3.0,16.6,Implement / Fight
3.0,16.8,Implement / Fight
3.0,17.0,Implement / Fight
3.0,17.2,Implement / Fight
3.0,17.400000000000002,Implement / Fight
3.0,17.6,Implement / Fight
3.0,17.8,Implement / Fight
3.0,18.0,Implement / Fight
3.0,18.2,Implement / Fight
3.0,18.400000000000002,Implement / Fight
3.0,18.6,Implement / Fight
3.0,18.8,Implement / Fight
3.0,19.0,Implement / Fight
3.0,19.200000000000003,Implement / Fight
3.0,19.400000000000002,Implement / Fight
3.0,19.6,Implement / Fight
3.0,19.8,Implement / Fight
3.333333333333333,0.0,Implement / Accept
3.333333333333333,0.2,Implement / Accept
3.333333333333333,0.4,Implement / Accept
3.333333333333333,0.6000000000000001,Implement / Accept
3.333333333333333,0.8,Implement / Accept
3.333333333333333,1.0,Implement / Accept
3.333333333333333,1.2000000000000002,Implement / Accept
3.333333333333333,1.4000000000000001,Implement / Accept
3.333333333333333,1.6,Implement / Accept
3.333333333333333,1.8,Implement / Accept
3.333333333333333,2.0,Implement / Accept
3.333333333333333,2.2,Implement / Accept
3.333333333333333,2.4000000000000004,Implement / Accept
3.333333333333333,2.6,Implement / Accept
3.333333333333333,2.8000000000000003,Implement / Fight
3.333333333333333,3.0,Implement / Fight
3.333333333333333,3.2,Implement / Fight
3.333333333333333,3.4000000000000004,Implement / Fight
3.333333333333333,3.6,Implement / Fight
3.333333333333333,3.8000000000000003,Implement / Fight
3.333333333333333,4.0,Implement / Fight
3.333333333333333,4.2,Implement / Fight
3.333333333333333,4.4,Implement / Fight
3.333333333333333,4.6000000000000005,Implement / Fight
3.333333333333333,4.800000000000001,Implement / Fight
3.333333333333333,5.0,Implement / Fight
3.333333333333333,5.2,Implement / Fight
3.333333333333333,5.4,Implement / Fight
3.333333333333333,5.6000000000000005,Implement / Fight
3.333333333333333,5.800000000000001,Implement / Fight
3.333333333333333,6.0,Implement / Fight
3.333333333333333,6.2,Implement / Fight
3.333333333333333,6.4,Implement / Fight
3.333333333333333,6.6000000000000005,Implement / Fight
3.333333333333333,6.800000000000001,Implement / Fight
3.333333333333333,7.0,Implement / Fight
3.333333333333333,7.2,Implement / Fight
3.333333333333333,7.4,Implement / Fight
3.333333333333333,7.6000000000000005,Implement / Fight
3.333333333333333,7.800000000000001,Implement / Fight
3.333333333333333,8.0,Implement / Fight
3.333333333333333,8.200000000000001,Implement / Fight
3.333333333333333,8.4,Implement / Fight
3.333333333333333,8.6,Implement / Fight
3.333333333333333,8.8,Implement / Fight
3.333333333333333,9.0,Implement / Fight
3.333333333333333,9.200000000000001,Implement / Fight
3.333333333333333,9.4,Implement / Fight
3.333333333333333,9.600000000000001,Implement / Fight
3.333333333333333,9.8,Implement / Fight
3.333333333333333,10.0,Implement / Fight
3.333333333333333,10.200000000000001,Implement / Fight
3.333333333333333,10.4,Implement / Fight
3.333333333333333,10.600000000000001,Implement / Fight
3.333333333333333,10.8,Implement / Fight
3.333333333333333,11.0,Implement / Fight
3.333333333333333,11.200000000000001,Implement / Fight
3.333333333333333,11.4,Implement / Fight
3.333333333333333,11.600000000000001,Implement / Fight
3.333333333333333,11.8,Implement / Fight
3.333333333333333,12.0,Implement / Fight
3.333333333333333,12.200000000000001,Implement / Fight
3.333333333333333,12.4,Implement / Fight
3.333333333333333,12.600000000000001,Implement / Fight
3.333333333333333,12.8,Implement / Fight
3.333333333333333,13.0,Implement / Fight
3.333333333333333,13.200000000000001,Implement / Fight
3.333333333333333,13.4,Implement / Fight
3.333333333333333,13.600000000000001,Implement / Fight
3.333333333333333,13.8,Implement / Fight
3.333333333333333,14.0,Implement / Fight
3.333333333333333,14.200000000000001,Implement / Fight
3.333333333333333,14.4,Implement / Fight
3.333333333333333,14.600000000000001,Implement / Fight
3.333333333333333,14.8,Implement / Fight
3.333333333333333,15.0,Implement / Fight
3.333333333333333,15.200000000000001,Implement / Fight
3.333333333333333,15.4,Implement / Fight
3.333333333333333,15.600000000000001,Implement / Fight
3.333333333333333,15.8,Implement / Fight
3.333333333333333,16.0,Implement / Fight
3.333333333333333,16.2,Implement / Fight
3.333333333333333,16.400000000000002,Implement / Fight
3.333333333333333,16.6,Implement / Fight
3.333333333333333,16.8,Implement / Fight
3.333333333333333,17.0,Implement / Fight
3.333333333333333,17.2,Implement / Fight
3.333333333333333,17.400000000000002,Implement / Fight
3.333333333333333,17.6,Implement / Fight
3.333333333333333,17.8,Implement / Fight
3.333333333333333,18.0,Implement / Fight
3.333333333333333,18.2,Implement / Fight
3.333333333333333,18.400000000000002,Implement / Fight
3.333333333333333,18.6,Implement / Fight
3.333333333333333,18.8,Implement / Fight
3.333333333333333,19.0,Implement / Fight
3.333333333333333,19.200000000000003,Implement / Fight
3.333333333333333,19.400000000000002,Implement / Fight
3.333333333333333,19.6,Implement / Fight
3.333333333333333,19.8,Implement / Fight
3.6666666666666665,0.0,Implement / Accept
3.6666666666666665,0.2,Implement / Accept
3.6666666666666665,0.4,Implement / Accept
3.6666666666666665,0.6000000000000001,Implement / Accept
3.6666666666666665,0.8,Implement / Accept
3.6666666666666665,1.0,Implement / Accept
3.6666666666666665,1.2000000000000002,Implement / Accept
3.6666666666666665,1.4000000000000001,Implement / Accept
3.6666666666666665,1.6,Implement / Accept
3.6666666666666665,1.8,Implement / Accept
3.6666666666666665,2.0,Implement / Accept
3.6666666666666665,2.2,Implement / Accept
3.6666666666666665,2.4000000000000004,Implement / Fight
3.6666666666666665,2.6,Implement / Fight
3.6666666666666665,2.8000000000000003,Implement / Fight
3.6666666666666665,3.0,Implement / Fight
3.6666666666666665,3.2,Implement / Fight
3.6666666666666665,3.4000000000000004,Implement / Fight
3.6666666666666665,3.6,Implement / Fight
3.6666666666666665,3.8000000000000003,Implement / Fight
3.6666666666666665,4.0,Implement / Fight
3.6666666666666665,4.2,Implement / Fight
3.6666666666666665,4.4,Implement / Fight
3.6666666666666665,4.6000000000000005,Implement / Fight
3.6666666666666665,4.800000000000001,Implement / Fight
3.6666666666666665,5.0,Implement / Fight
3.6666666666666665,5.2,Implement / Fight
3.6666666666666665,5.4,Implement / Fight
3.6666666666666665,5.6000000000000005,Implement / Fight
3.6666666666666665,5.800000000000001,Implement / Fight
3.6666666666666665,6.0,Implement / Fight
3.6666666666666665,6.2,Implement / Fight
3.6666666666666665,6.4,Implement / Fight
3.6666666666666665,6.6000000000000005,Implement / Fight
3.6666666666666665,6.800000000000001,Implement / Fight
3.6666666666666665,7.0,Implement / Fight
3.6666666666666665,7.2,Implement / Fight
3.6666666666666665,7.4,Implement / Fight
3.6666666666666665,7.6000000000000005,Implement / Fight
3.6666666666666665,7.800000000000001,Implement / Fight
3.6666666666666665,8.0,Implement / Fight
3.6666666666666665,8.200000000000001,Implement / Fight
3.6666666666666665,8.4,Implement / Fight
3.6666666666666665,8.6,Implement / Fight
3.6666666666666665,8.8,Implement / Fight
3.6666666666666665,9.0,Implement / Fight
3.6666666666666665,9.200000000000001,Implement / Fight
3.6666666666666665,9.4,Implement / Fight
3.6666666666666665,9.600000000000001,Implement / Fight
3.6666666666666665,9.8,Implement / Fight
3.6666666666666665,10.0,Implement / Fight
3.6666666666666665,10.200000000000001,Implement / Fight
3.6666666666666665,10.4,Implement / Fight
3.6666666666666665,10.600000000000001,Implement / Fight
3.6666666666666665,10.8,Implement / Fight
3.6666666666666665,11.0,Implement / Fight
3.6666666666666665,11.200000000000001,Implement / Fight
3.6666666666666665,11.4,Implement / Fight
3.6666666666666665,11.600000000000001,Implement / Fight
3.6666666666666665,11.8,Implement / Fight
3.6666666666666665,12.0,Implement / Fight
3.6666666666666665,12.200000000000001,Implement / Fight
3.6666666666666665,12.4,Implement / Fight
3.6666666666666665,12.600000000000001,Implement / Fight
3.6666666666666665,12.8,Implement / Fight
3.6666666666666665,13.0,Implement / Fight
3.6666666666666665,13.200000000000001,Implement / Fight
3.6666666666666665,13.4,Implement / Fight
3.6666666666666665,13.600000000000001,Implement / Fight
3.6666666666666665,13.8,Implement / Fight
3.6666666666666665,14.0,Implement / Fight
3.6666666666666665,14.200000000000001,Implement / Fight
3.6666666666666665,14.4,Implement / Fight
3.6666666666666665,14.600000000000001,Implement / Fight
3.6666666666666665,14.8,Implement / Fight
3.6666666666666665,15.0,Implement / Fight
3.6666666666666665,15.200000000000001,Implement / Fight
3.6666666666666665,15.4,Implement / Fight
3.6666666666666665,15.600000000000001,Implement / Fight
3.6666666666666665,15.8,Implement / Fight
3.6666666666666665,16.0,Implement / Fight
3.6666666666666665,16.2,Implement / Fight
3.6666666666666665,16.400000000000002,Implement / Fight
3.6666666666666665,16.6,Implement / Fight
3.6666666666666665,16.8,Implement / Fight
3.6666666666666665,17.0,Implement / Fight
3.6666666666666665,17.2,Implement / Fight
3.6666666666666665,17.400000000000002,Implement / Fight
3.6666666666666665,17.6,Implement / Fight
3.6666666666666665,17.8,Implement / Fight
3.6666666666666665,18.0,Implement / Fight
3.6666666666666665,18.2,Implement / Fight
3.6666666666666665,18.400000000000002,Implement / Fight
3.6666666666666665,18.6,Implement / Fight
3.6666666666666665,18.8,Implement / Fight
3.6666666666666665,19.0,Implement / Fight
3.6666666666666665,19.200000000000003,Implement / Fight
3.6666666666666665,19.400000000000002,Implement / Fight
3.6666666666666665,19.6,Implement / Fight
3.6666666666666665,19.8,Implement / Fight
4.0,0.0,Implement / Accept
4.0,0.2,Implement / Accept
4.0,0.4,Implement / Accept
4.0,0.6000000000000001,Implement / Accept
4.0,0.8,Implement / Accept
4.0,1.0,Implement / Accept
4.0,1.2000000000000002,Implement / Accept
4.0,1.4000000000000001,Implement / Accept
4.0,1.6,Implement / Accept
4.0,1.8,Implement / Accept
4.0,2.0,Implement / Accept
4.0,2.2,Implement / Fight
4.0,2.4000000000000004,Implement / Fight
4.0,2.6,Implement / Fight
4.0,2.8000000000000003,Implement / Fight
4.0,3.0,Implement / Fight
4.0,3.2,Implement / Fight
4.0,3.4000000000000004,Implement / Fight
4.0,3.6,Implement / Fight
4.0,3.8000000000000003,Implement / Fight
4.0,4.0,Implement / Fight
4.0,4.2,Implement / Fight
4.0,4.4,Implement / Fight
4.0,4.6000000000000005,Implement / Fight
4.0,4.800000000000001,Implement / Fight
4.0,5.0,Implement / Fight
4.0,5.2,Implement / Fight
4.0,5.4,Implement / Fight
4.0,5.6000000000000005,Implement / Fight
4.0,5.800000000000001,Implement / Fight
4.0,6.0,Implement / Fight
4.0,6.2,Implement / Fight
4.0,6.4,Implement / Fight
4.0,6.6000000000000005,Implement / Fight
4.0,6.800000000000001,Implement / Fight
4.0,7.0,Implement / Fight
4.0,7.2,Implement / Fight
4.0,7.4,Implement / Fight
4.0,7.6000000000000005,Implement / Fight
4.0,7.800000000000001,Implement / Fight
4.0,8.0,Implement / Fight
4.0,8.200000000000001,Implement / Fight
4.0,8.4,Implement / Fight
4.0,8.6,Implement / Fight
4.0,8.8,Implement / Fight
4.0,9.0,Implement / Fight
4.0,9.200000000000001,Implement / Fight
4.0,9.4,Implement / Fight
4.0,9.600000000000001,Implement / Fight
4.0,9.8,Implement / Fight
4.0,10.0,Implement / Fight
4.0,10.200000000000001,Implement / Fight
4.0,10.4,Implement / Fight
4.0,10.600000000000001,Implement / Fight
4.0,10.8,Implement / Fight
4.0,11.0,Implement / Fight
4.0,11.200000000000001,Implement / Fight
4.0,11.4,Implement / Fight
4.0,11.600000000000001,Implement / Fight
4.0,11.8,Implement / Fight
4.0,12.0,Implement / Fight
4.0,12.200000000000001,Implement / Fight
4.0,12.4,Implement / Fight
4.0,12.600000000000001,Implement / Fight
4.0,12.8,Implement / Fight
4.0,13.0,Implement / Fight
4.0,13.200000000000001,Implement / Fight
4.0,13.4,Implement / Fight
4.0,13.600000000000001,Implement / Fight
4.0,13.8,Implement / Fight
4.0,14.0,Implement / Fight
4.0,14.200000000000001,Implement / Fight
4.0,14.4,Implement / Fight
4.0,14.600000000000001,Implement / Fight
4.0,14.8,Implement / Fight
4.0,15.0,Implement / Fight
4.0,15.200000000000001,Implement / Fight
4.0,15.4,Implement / Fight
4.0,15.600000000000001,Implement / Fight
4.0,15.8,Implement / Fight
4.0,16.0,Implement / Fight
4.0,16.2,Implement / Fight
4.0,16.400000000000002,Implement / Fight
4.0,16.6,Implement / Fight
4.0,16.8,Implement / Fight
4.0,17.0,Implement / Fight
4.0,17.2,Implement / Fight
4.0,17.400000000000002,Implement / Fight
4.0,17.6,Implement / Fight
4.0,17.8,Implement / Fight
4.0,18.0,Implement / Fight
4.0,18.2,Implement / Fight
4.0,18.400000000000002,Implement / Fight
4.0,18.6,Implement / Fight
4.0,18.8,Implement / Fight
4.0,19.0,Implement / Fight
4.0,19.200000000000003,Implement / Fight
4.0,19.400000000000002,Implement / Fight
4.0,19.6,Implement / Fight
4.0,19.8,Implement / Fight
4.333333333333333,0.0,Implement / Accept
4.333333333333333,0.2,Implement / Accept
4.333333333333333,0.4,Implement / Accept
4.333333333333333,0.6000000000000001,Implement / Accept
4.333333333333333,0.8,Implement / Accept
4.333333333333333,1.0,Implement / Accept
4.333333333333333,1.2000000000000002,Implement / Accept
4.333333333333333,1.4000000000000001,Implement / Accept
4.333333333333333,1.6,Implement / Accept
4.333333333333333,1.8,Implement / Fight
4.333333333333333,2.0,Implement / Fight
4.333333333333333,2.2,Implement / Fight
4.333333333333333,2.4000000000000004,Implement / Fight
4.333333333333333,2.6,Implement / Fight
4.333333333333333,2.8000000000000003,Implement / Fight
4.333333333333333,3.0,Implement / Fight
4.333333333333333,3.2,Implement / Fight
4.333333333333333,3.4000000000000004,Implement / Fight
4.333333333333333,3.6,Implement / Fight
4.333333333333333,3.8000000000000003,Implement / Fight
4.333333333333333,4.0,Implement / Fight
4.333333333333333,4.2,Implement / Fight
4.333333333333333,4.4,Implement / Fight
4.333333333333333,4.6000000000000005,Implement / Fight
4.333333333333333,4.800000000000001,Implement / Fight
4.333333333333333,5.0,Implement / Fight
4.333333333333333,5.2,Implement / Fight
4.333333333333333,5.4,Implement / Fight
4.333333333333333,5.6000000000000005,Implement / Fight
4.333333333333333,5.800000000000001,Implement / Fight
4.333333333333333,6.0,Implement / Fight
4.333333333333333,6.2,Implement / Fight
4.333333333333333,6.4,Implement / Fight
4.333333333333333,6.6000000000000005,Implement / Fight
4.333333333333333,6.800000000000001,Implement / Fight
4.333333333333333,7.0,Implement / Fight
4.333333333333333,7.2,Implement / Fight
4.333333333333333,7.4,Implement / Fight
4.333333333333333,7.6000000000000005,Implement / Fight
4.333333333333333,7.800000000000001,Implement / Fight
4.333333333333333,8.0,Implement / Fight
4.333333333333333,8.200000000000001,Implement / Fight
4.333333333333333,8.4,Implement / Fight
4.333333333333333,8.6,Implement / Fight
4.333333333333333,8.8,Implement / Fight
4.333333333333333,9.0,Implement / Fight
4.333333333333333,9.200000000000001,Implement / Fight
4.333333333333333,9.4,Implement / Fight
4.333333333333333,9.600000000000001,Implement / Fight
4.333333333333333,9.8,Implement / Fight
4.333333333333333,10.0,Implement / Fight
4.333333333333333,10.200000000000001,Implement / Fight
4.333333333333333,10.4,Implement / Fight
4.333333333333333,10.600000000000001,Implement / Fight
4.333333333333333,10.8,Implement / Fight
4.333333333333333,11.0,Implement / Fight
4.333333333333333,11.200000000000001,Implement / Fight
4.333333333333333,11.4,Implement / Fight
4.333333333333333,11.600000000000001,Implement / Fight
4.333333333333333,11.8,Implement / Fight
4.333333333333333,12.0,Implement / Fight
4.333333333333333,12.200000000000001,Implement / Fight
4.333333333333333,12.4,Implement / Fight
4.333333333333333,12.600000000000001,Implement / Fight
4.333333333333333,12.8,Implement / Fight
4.333333333333333,13.0,Implement / Fight
4.333333333333333,13.200000000000001,Implement / Fight
4.333333333333333,13.4,Implement / Fight
4.333333333333333,13.600000000000001,Implement / Fight
4.333333333333333,13.8,Implement / Fight
4.333333333333333,14.0,Implement / Fight
4.333333333333333,14.200000000000001,Implement / Fight
4.333333333333333,14.4,Implement / Fight
4.333333333333333,14.600000000000001,Implement / Fight
4.333333333333333,14.8,Implement / Fight
4.333333333333333,15.0,Implement / Fight
4.333333333333333,15.200000000000001,Implement / Fight
4.333333333333333,15.4,Implement / Fight
4.333333333333333,15.600000000000001,Implement / Fight
4.333333333333333,15.8,Implement / Fight
4.333333333333333,16.0,Implement / Fight
4.333333333333333,16.2,Implement / Fight
4.333333333333333,16.400000000000002,Implement / Fight
4.333333333333333,16.6,Implement / Fight
4.333333333333333,16.8,Implement / Fight
4.333333333333333,17.0,Implement / Fight
4.333333333333333,17.2,Implement / Fight
4.333333333333333,17.400000000000002,Implement / Fight
4.333333333333333,17.6,Implement / Fight
4.333333333333333,17.8,Implement / Fight
4.333333333333333,18.0,Implement / Fight
4.333333333333333,18.2,Implement / Fight
4.333333333333333,18.400000000000002,Implement / Fight
4.333333333333333,18.6,Implement / Fight
4.333333333333333,18.8,Implement / Fight
4.333333333333333,19.0,Implement / Fight
4.333333333333333,19.200000000000003,Implement / Fight
4.333333333333333,19.400000000000002,Implement / Fight
4.333333333333333,19.6,Implement / Fight
4.333333333333333,19.8,Implement / Fight
4.666666666666666,0.0,Implement / Accept
4.666666666666666,0.2,Implement / Accept
4.666666666666666,0.4,Implement / Accept
4.666666666666666,0.6000000000000001,Implement / Accept
4.666666666666666,0.8,Implement / Accept
4.666666666666666,1.0,Implement / Accept
4.666666666666666,1.2000000000000002,Implement / Accept
4.666666666666666,1.4000000000000001,Implement / Fight
4.666666666666666,1.6,Implement / Fight
4.666666666666666,1.8,Implement / Fight
4.666666666666666,2.0,Implement / Fight
4.666666666666666,2.2,Implement / Fight
4.666666666666666,2.4000000000000004,Implement / Fight
4.666666666666666,2.6,Implement / Fight
4.666666666666666,2.8000000000000003,Implement / Fight
4.666666666666666,3.0,Implement / Fight
4.666666666666666,3.2,Implement / Fight
4.666666666666666,3.4000000000000004,Implement / Fight
4.666666666666666,3.6,Implement / Fight
4.666666666666666,3.8000000000000003,Implement / Fight
4.666666666666666,4.0,Implement / Fight
4.666666666666666,4.2,Implement / Fight
4.666666666666666,4.4,Implement / Fight
4.666666666666666,4.6000000000000005,Implement / Fight
4.666666666666666,4.800000000000001,Implement / Fight
4.666666666666666,5.0,Implement / Fight
4.666666666666666,5.2,Implement / Fight
4.666666666666666,5.4,Implement / Fight
4.666666666666666,5.6000000000000005,Implement / Fight
4.666666666666666,5.800000000000001,Implement / Fight
4.666666666666666,6.0,Implement / Fight
4.666666666666666,6.2,Implement / Fight
4.666666666666666,6.4,Implement / Fight
4.666666666666666,6.6000000000000005,Implement / Fight
4.666666666666666,6.800000000000001,Implement / Fight
4.666666666666666,7.0,Implement / Fight
4.666666666666666,7.2,Implement / Fight
4.666666666666666,7.4,Implement / Fight
4.666666666666666,7.6000000000000005,Implement / Fight
4.666666666666666,7.800000000000001,Implement / Fight
4.666666666666666,8.0,Implement / Fight
4.666666666666666,8.200000000000001,Implement / Fight
4.666666666666666,8.4,Implement / Fight
4.666666666666666,8.6,Implement / Fight
4.666666666666666,8.8,Implement / Fight
4.666666666666666,9.0,Implement / Fight
4.666666666666666,9.200000000000001,Implement / Fight
4.666666666666666,9.4,Implement / Fight
4.666666666666666,9.600000000000001,Implement / Fight
4.666666666666666,9.8,Implement / Fight
4.666666666666666,10.0,Implement / Fight
4.666666666666666,10.200000000000001,Implement / Fight
4.666666666666666,10.4,Implement / Fight
4.666666666666666,10.600000000000001,Implement / Fight
4.666666666666666,10.8,Implement / Fight
4.666666666666666,11.0,Implement / Fight
4.666666666666666,11.200000000000001,Implement / Fight
4.666666666666666,11.4,Implement / Fight
4.666666666666666,11.600000000000001,Implement / Fight
4.666666666666666,11.8,Implement / Fight
4.666666666666666,12.0,Implement / Fight
4.666666666666666,12.200000000000001,Implement / Fight
4.666666666666666,12.4,Implement / Fight
4.666666666666666,12.600000000000001,Implement / Fight
4.666666666666666,12.8,Implement / Fight
4.666666666666666,13.0,Implement / Fight
4.666666666666666,13.200000000000001,Implement / Fight
4.666666666666666,13.4,Implement / Fight
4.666666666666666,13.600000000000001,Implement / Fight
4.666666666666666,13.8,Implement / Fight
4.666666666666666,14.0,Implement / Fight
4.666666666666666,14.200000000000001,Implement / Fight
4.666666666666666,14.4,Implement / Fight
4.666666666666666,14.600000000000001,Implement / Fight
4.666666666666666,14.8,Implement / Fight
4.666666666666666,15.0,Implement / Fight
4.666666666666666,15.200000000000001,Implement / Fight
4.666666666666666,15.4,Implement / Fight
4.666666666666666,15.600000000000001,Implement / Fight
4.666666666666666,15.8,Implement / Fight
4.666666666666666,16.0,Implement / Fight
4.666666666666666,16.2,Implement / Fight
4.666666666666666,16.400000000000002,Implement / Fight
4.666666666666666,16.6,Implement / Fight
4.666666666666666,16.8,Implement / Fight
4.666666666666666,17.0,Implement / Fight
4.666666666666666,17.2,Implement / Fight
4.666666666666666,17.400000000000002,Implement / Fight
4.666666666666666,17.6,Implement / Fight
4.666666666666666,17.8,Implement / Fight
4.666666666666666,18.0,Implement / Fight
4.666666666666666,18.2,Implement / Fight
4.666666666666666,18.400000000000002,Implement / Fight
4.666666666666666,18.6,Implement / Fight
4.666666666666666,18.8,Implement / Fight
4.666666666666666,19.0,Implement / Fight
4.666666666666666,19.200000000000003,Implement / Fight
4.666666666666666,19.400000000000002,Implement / Fight
4.666666666666666,19.6,Implement / Fight
4.666666666666666,19.8,Implement / Fight
5.0,0.0,Implement / Accept
5.0,0.2,Implement / Accept
5.0,0.4,Implement / Accept
5.0,0.6000000000000001,Implement / Accept
5.0,0.8,Implement / Accept
5.0,1.0,Implement / Accept
5.0,1.2000000000000002,Implement / Fight
5.0,1.4000000000000001,Implement / Fight
5.0,1.6,Implement / Fight
5.0,1.8,Implement / Fight
5.0,2.0,Implement / Fight
5.0,2.2,Implement / Fight
5.0,2.4000000000000004,Implement / Fight
5.0,2.6,Implement / Fight
5.0,2.8000000000000003,Implement / Fight
5.0,3.0,Implement / Fight
5.0,3.2,Implement / Fight
5.0,3.4000000000000004,Implement / Fight
5.0,3.6,Implement / Fight
5.0,3.8000000000000003,Implement / Fight
5.0,4.0,Implement / Fight
5.0,4.2,Implement / Fight
5.0,4.4,Implement / Fight
5.0,4.6000000000000005,Implement / Fight
5.0,4.800000000000001,Implement / Fight
5.0,5.0,Implement / Fight
5.0,5.2,Implement / Fight
5.0,5.4,Implement / Fight
5.0,5.6000000000000005,Implement / Fight
5.0,5.800000000000001,Implement / Fight
5.0,6.0,Implement / Fight
5.0,6.2,Implement / Fight
5.0,6.4,Implement / Fight
5.0,6.6000000000000005,Implement / Fight
5.0,6.800000000000001,Implement / Fight
5.0,7.0,Implement / Fight
5.0,7.2,Implement / Fight
5.0,7.4,Implement / Fight
5.0,7.6000000000000005,Implement / Fight
5.0,7.800000000000001,Implement / Fight
5.0,8.0,Implement / Fight
5.0,8.200000000000001,Implement / Fight
5.0,8.4,Implement / Fight
5.0,8.6,Implement / Fight
5.0,8.8,Implement / Fight
5.0,9.0,Implement / Fight
5.0,9.200000000000001,Implement / Fight
5.0,9.4,Implement / Fight
5.0,9.600000000000001,Implement / Fight
5.0,9.8,Implement / Fight
5.0,10.0,Implement / Fight
5.0,10.200000000000001,Implement / Fight
5.0,10.4,Implement / Fight
5.0,10.600000000000001,Implement / Fight
5.0,10.8,Implement / Fight
5.0,11.0,Implement / Fight
5.0,11.200000000000001,Implement / Fight
5.0,11.4,Implement / Fight
5.0,11.600000000000001,Implement / Fight
5.0,11.8,Implement / Fight
5.0,12.0,Implement / Fight
5.0,12.200000000000001,Implement / Fight
5.0,12.4,Implement / Fight
5.0,12.600000000000001,Implement / Fight
5.0,12.8,Implement / Fight
5.0,13.0,Implement / Fight
5.0,13.200000000000001,Implement / Fight
5.0,13.4,Implement / Fight
5.0,13.600000000000001,Implement / Fight
5.0,13.8,Implement / Fight
5.0,14.0,Implement / Fight
5.0,14.200000000000001,Implement / Fight
5.0,14.4,Implement / Fight
5.0,14.600000000000001,Implement / Fight
5.0,14.8,Implement / Fight
5.0,15.0,Implement / Fight
5.0,15.200000000000001,Implement / Fight
5.0,15.4,Implement / Fight
5.0,15.600000000000001,Implement / Fight
5.0,15.8,Implement / Fight
5.0,16.0,Implement / Fight
5.0,16.2,Implement / Fight
5.0,16.400000000000002,Implement / Fight
5.0,16.6,Implement / Fight
5.0,16.8,Implement / Fight
5.0,17.0,Implement / Fight
5.0,17.2,Implement / Fight
5.0,17.400000000000002,Implement / Fight
5.0,17.6,Implement / Fight
5.0,17.8,Implement / Fight
5.0,18.0,Implement / Fight
5.0,18.2,Implement / Fight
5.0,18.400000000000002,Implement / Fight
5.0,18.6,Implement / Fight
5.0,18.8,Implement / Fight
5.0,19.0,Implement / Fight
5.0,19.200000000000003,Implement / Fight
5.0,19.400000000000002,Implement / Fight
5.0,19.6,Implement / Fight
5.0,19.8,Implement / Fight
5.333333333333333,0.0,Implement / Accept
5.333333333333333,0.2,Implement / Accept
5.333333333333333,0.4,Implement / Accept
5.333333333333333,0.6000000000000001,Implement / Accept
5.333333333333333,0.8,Implement / Fight
5.333333333333333,1.0,Implement / Fight
5.333333333333333,1.2000000000000002,Implement / Fight
5.333333333333333,1.4000000000000001,Implement / Fight
5.333333333333333,1.6,Implement / Fight
5.333333333333333,1.8,Implement / Fight
5.333333333333333,2.0,Implement / Fight
5.333333333333333,2.2,Implement / Fight
5.333333333333333,2.4000000000000004,Implement / Fight
5.333333333333333,2.6,Implement / Fight
5.333333333333333,2.8000000000000003,Implement / Fight
5.333333333333333,3.0,Implement / Fight
5.333333333333333,3.2,Implement / Fight
5.333333333333333,3.4000000000000004,Implement / Fight
5.333333333333333,3.6,Implement / Fight
5.333333333333333,3.8000000000000003,Implement / Fight
5.333333333333333,4.0,Implement / Fight
5.333333333333333,4.2,Implement / Fight
5.333333333333333,4.4,Implement / Fight
5.333333333333333,4.6000000000000005,Implement / Fight
5.333333333333333,4.800000000000001,Implement / Fight
5.333333333333333,5.0,Implement / Fight
5.333333333333333,5.2,Implement / Fight
5.333333333333333,5.4,Implement / Fight
5.333333333333333,5.6000000000000005,Implement / Fight
5.333333333333333,5.800000000000001,Implement / Fight
5.333333333333333,6.0,Implement / Fight
5.333333333333333,6.2,Implement / Fight
5.333333333333333,6.4,Implement / Fight
5.333333333333333,6.6000000000000005,Implement / Fight
5.333333333333333,6.800000000000001,Implement / Fight
5.333333333333333,7.0,Implement / Fight
5.333333333333333,7.2,Implement / Fight
5.333333333333333,7.4,Implement / Fight
5.333333333333333,7.6000000000000005,Implement / Fight
5.333333333333333,7.800000000000001,Implement / Fight
5.333333333333333,8.0,Implement / Fight
5.333333333333333,8.200000000000001,Implement / Fight
5.333333333333333,8.4,Implement / Fight
5.333333333333333,8.6,Implement / Fight
5.333333333333333,8.8,Implement / Fight
5.333333333333333,9.0,Implement / Fight
5.333333333333333,9.200000000000001,Implement / Fight
5.333333333333333,9.4,Implement / Fight
5.333333333333333,9.600000000000001,Implement / Fight
5.333333333333333,9.8,Implement / Fight
5.333333333333333,10.0,Implement / Fight
5.333333333333333,10.200000000000001,Implement / Fight
5.333333333333333,10.4,Implement / Fight
5.333333333333333,10.600000000000001,Implement / Fight
5.333333333333333,10.8,Implement / Fight
5.333333333333333,11.0,Implement / Fight
5.333333333333333,11.200000000000001,Implement / Fight
5.333333333333333,11.4,Implement / Fight
5.333333333333333,11.600000000000001,Implement / Fight
5.333333333333333,11.8,Implement / Fight
5.333333333333333,12.0,Implement / Fight
5.333333333333333,12.200000000000001,Implement / Fight
5.333333333333333,12.4,Implement / Fight
5.333333333333333,12.600000000000001,Implement / Fight
5.333333333333333,12.8,Implement / Fight
5.333333333333333,13.0,Implement / Fight
5.333333333333333,13.200000000000001,Implement / Fight
5.333333333333333,13.4,Implement / Fight
5.333333333333333,13.600000000000001,Implement / Fight
5.333333333333333,13.8,Implement / Fight
5.333333333333333,14.0,Implement / Fight
5.333333333333333,14.200000000000001,Implement / Fight
5.333333333333333,14.4,Implement / Fight
5.333333333333333,14.600000000000001,Implement / Fight
5.333333333333333,14.8,Implement / Fight
5.333333333333333,15.0,Implement / Fight
5.333333333333333,15.200000000000001,Implement / Fight
5.333333333333333,15.4,Implement / Fight
5.333333333333333,15.600000000000001,Implement / Fight
5.333333333333333,15.8,Implement / Fight
5.333333333333333,16.0,Implement / Fight
5.333333333333333,16.2,Implement / Fight
5.333333333333333,16.400000000000002,Implement / Fight
5.333333333333333,16.6,Implement / Fight
5.333333333333333,16.8,Implement / Fight
5.333333333333333,17.0,Implement / Fight
5.333333333333333,17.2,Implement / Fight
5.333333333333333,17.400000000000002,Implement / Fight
5.333333333333333,17.6,Implement / Fight
5.333333333333333,17.8,Implement / Fight
5.333333333333333,18.0,Implement / Fight
5.333333333333333,18.2,Implement / Fight
5.333333333333333,18.400000000000002,Implement / Fight
5.333333333333333,18.6,Implement / Fight
5.333333333333333,18.8,Implement / Fight
5.333333333333333,19.0,Implement / Fight
5.333333333333333,19.200000000000003,Implement / Fight
5.333333333333333,19.400000000000002,Implement / Fight
5.333333333333333,19.6,Implement / Fight
5.333333333333333,19.8,Implement / Fight
5.666666666666666,0.0,Implement / Accept
5.666666666666666,0.2,Implement / Accept
5.666666666666666,0.4,Implement / Fight
5.666666666666666,0.6000000000000001,Implement / Fight
5.666666666666666,0.8,Implement / Fight
5.666666666666666,1.0,Implement / Fight
5.666666666666666,1.2000000000000002,Implement / Fight
5.666666666666666,1.4000000000000001,Implement / Fight
5.666666666666666,1.6,Implement / Fight
5.666666666666666,1.8,Implement / Fight
5.666666666666666,2.0,Implement / Fight
5.666666666666666,2.2,Implement / Fight
5.666666666666666,2.4000000000000004,Implement / Fight
5.666666666666666,2.6,Implement / Fight
5.666666666666666,2.8000000000000003,Implement / Fight
5.666666666666666,3.0,Implement / Fight
5.666666666666666,3.2,Implement / Fight
5.666666666666666,3.4000000000000004,Implement / Fight
5.666666666666666,3.6,Implement / Fight
5.666666666666666,3.8000000000000003,Implement / Fight
5.666666666666666,4.0,Implement / Fight
5.666666666666666,4.2,Implement / Fight
5.666666666666666,4.4,Implement / Fight
5.666666666666666,4.6000000000000005,Implement / Fight
5.666666666666666,4.800000000000001,Implement / Fight
5.666666666666666,5.0,Implement / Fight
5.666666666666666,5.2,Implement / Fight
5.666666666666666,5.4,Implement / Fight
5.666666666666666,5.6000000000000005,Implement / Fight
5.666666666666666,5.800000000000001,Implement / Fight
5.666666666666666,6.0,Implement / Fight
5.666666666666666,6.2,Implement / Fight
5.666666666666666,6.4,Implement / Fight
5.666666666666666,6.6000000000000005,Implement / Fight
5.666666666666666,6.800000000000001,Implement / Fight
5.666666666666666,7.0,Implement / Fight
5.666666666666666,7.2,Implement / Fight
5.666666666666666,7.4,Implement / Fight
5.666666666666666,7.6000000000000005,Implement / Fight
5.666666666666666,7.800000000000001,Implement / Fight
5.666666666666666,8.0,Implement / Fight
5.666666666666666,8.200000000000001,Implement / Fight
5.666666666666666,8.4,Implement / Fight
5.666666666666666,8.6,Implement / Fight
5.666666666666666,8.8,Implement / Fight
5.666666666666666,9.0,Implement / Fight
5.666666666666666,9.200000000000001,Implement / Fight
5.666666666666666,9.4,Implement / Fight
5.666666666666666,9.600000000000001,Implement / Fight
5.666666666666666,9.8,Implement / Fight
5.666666666666666,10.0,Implement / Fight
5.666666666666666,10.200000000000001,Implement / Fight
5.666666666666666,10.4,Implement / Fight
5.666666666666666,10.600000000000001,Implement / Fight
5.666666666666666,10.8,Implement / Fight
5.666666666666666,11.0,Implement / Fight
5.666666666666666,11.200000000000001,Implement / Fight
5.666666666666666,11.4,Implement / Fight
5.666666666666666,11.600000000000001,Implement / Fight
5.666666666666666,11.8,Implement / Fight
5.666666666666666,12.0,Implement / Fight
5.666666666666666,12.200000000000001,Implement / Fight
5.666666666666666,12.4,Implement / Fight
5.666666666666666,12.600000000000001,Implement / Fight
5.666666666666666,12.8,Implement / Fight
5.666666666666666,13.0,Implement / Fight
5.666666666666666,13.200000000000001,Implement / Fight
5.666666666666666,13.4,Implement / Fight
5.666666666666666,13.600000000000001,Implement / Fight
5.666666666666666,13.8,Implement / Fight
5.666666666666666,14.0,Implement / Fight
5.666666666666666,14.200000000000001,Implement / Fight
5.666666666666666,14.4,Implement / Fight
5.666666666666666,14.600000000000001,Implement / Fight
5.666666666666666,14.8,Implement / Fight
5.666666666666666,15.0,Implement / Fight
5.666666666666666,15.200000000000001,Implement / Fight
5.666666666666666,15.4,Implement / Fight
5.666666666666666,15.600000000000001,Implement / Fight
5.666666666666666,15.8,Implement / Fight
5.666666666666666,16.0,Implement / Fight
5.666666666666666,16.2,Implement / Fight
5.666666666666666,16.400000000000002,Implement / Fight
5.666666666666666,16.6,Implement / Fight
5.666666666666666,16.8,Implement / Fight
5.666666666666666,17.0,Implement / Fight
5.666666666666666,17.2,Implement / Fight
5.666666666666666,17.400000000000002,Implement / Fight
5.666666666666666,17.6,Implement / Fight
5.666666666666666,17.8,Implement / Fight
5.666666666666666,18.0,Implement / Fight
5.666666666666666,18.2,Implement / Fight
5.666666666666666,18.400000000000002,Implement / Fight
5.666666666666666,18.6,Implement / Fight
5.666666666666666,18.8,Implement / Fight
5.666666666666666,19.0,Implement / Fight
5.666666666666666,19.200000000000003,Implement / Fight
5.666666666666666,19.400000000000002,Implement / Fight
5.666666666666666,19.6,Implement / Fight
5.666666666666666,19.8,Implement / Fight
6.0,0.0,Implement / Accept
6.0,0.2,Implement / Fight
6.0,0.4,Implement / Fight
6.0,0.6000000000000001,Implement / Fight
6.0,0.8,Implement / Fight
6.0,1.0,Implement / Fight
6.0,1.2000000000000002,Implement / Fight
6.0,1.4000000000000001,Implement / Fight
6.0,1.6,Implement / Fight
6.0,1.8,Implement / Fight
6.0,2.0,Implement / Fight
6.0,2.2,Implement / Fight
6.0,2.4000000000000004,Implement / Fight
6.0,2.6,Implement / Fight
6.0,2.8000000000000003,Implement / Fight
6.0,3.0,Implement / Fight
6.0,3.2,Implement / Fight
6.0,3.4000000000000004,Implement / Fight
6.0,3.6,Implement / Fight
6.0,3.8000000000000003,Implement / Fight
6.0,4.0,Implement / Fight
6.0,4.2,Implement / Fight
6.0,4.4,Implement / Fight
6.0,4.6000000000000005,Implement / Fight
6.0,4.800000000000001,Implement / Fight
6.0,5.0,Implement / Fight
6.0,5.2,Implement / Fight
6.0,5.4,Implement / Fight
6.0,5.6000000000000005,Implement / Fight
6.0,5.800000000000001,Implement / Fight
6.0,6.0,Implement / Fight
6.0,6.2,Implement / Fight
6.0,6.4,Implement / Fight
6.0,6.6000000000000005,Implement / Fight
6.0,6.800000000000001,Implement / Fight
6.0,7.0,Implement / Fight
6.0,7.2,Implement / Fight
6.0,7.4,Implement / Fight
6.0,7.6000000000000005,Implement / Fight
6.0,7.800000000000001,Implement / Fight
6.0,8.0,Implement / Fight
6.0,8.200000000000001,Implement / Fight
6.0,8.4,Implement / Fight
6.0,8.6,Implement / Fight
6.0,8.8,Implement / Fight
6.0,9.0,Implement / Fight
6.0,9.200000000000001,Implement / Fight
6.0,9.4,Implement / Fight
6.0,9.600000000000001,Implement / Fight
6.0,9.8,Implement / Fight
6.0,10.0,Implement / Fight
6.0,10.200000000000001,Implement / Fight
6.0,10.4,Implement / Fight
6.0,10.600000000000001,Implement / Fight
6.0,10.8,Implement / Fight
6.0,11.0,Implement / Fight
6.0,11.200000000000001,Implement / Fight
6.0,11.4,Implement / Fight
6.0,11.600000000000001,Implement / Fight
6.0,11.8,Implement / Fight
6.0,12.0,Implement / Fight
6.0,12.200000000000001,Implement / Fight
6.0,12.4,Implement / Fight
6.0,12.600000000000001,Implement / Fight
6.0,12.8,Implement / Fight
6.0,13.0,Implement / Fight
6.0,13.200000000000001,Implement / Fight
6.0,13.4,Implement / Fight
6.0,13.600000000000001,Implement / Fight
6.0,13.8,Implement / Fight
6.0,14.0,Implement / Fight
6.0,14.200000000000001,Implement / Fight
6.0,14.4,Implement / Fight
6.0,14.600000000000001,Implement / Fight
6.0,14.8,Implement / Fight
6.0,15.0,Implement / Fight
6.0,15.200000000000001,Implement / Fight
6.0,15.4,Implement / Fight
6.0,15.600000000000001,Implement / Fight
6.0,15.8,Implement / Fight
6.0,16.0,Implement / Fight
6.0,16.2,Implement / Fight
6.0,16.400000000000002,Implement / Fight
6.0,16.6,Implement / Fight
6.0,16.8,Implement / Fight
6.0,17.0,Implement / Fight
6.0,17.2,Implement / Fight
6.0,17.400000000000002,Implement / Fight
6.0,17.6,Implement / Fight
6.0,17.8,Implement / Fight
6.0,18.0,Implement / Fight
6.0,18.2,Implement / Fight
6.0,18.400000000000002,Implement / Fight
6.0,18.6,Implement / Fight
6.0,18.8,Implement / Fight
6.0,19.0,Implement / Fight
6.0,19.200000000000003,Implement / Fight
6.0,19.400000000000002,Implement / Fight
6.0,19.6,Implement / Fight
6.0,19.8,Implement / Fight
6.333333333333333,0.0,Implement / Fight
6.333333333333333,0.2,Implement / Fight
6.333333333333333,0.4,Implement / Fight
6.333333333333333,0.6000000000000001,Implement / Fight
6.333333333333333,0.8,Implement / Fight
6.333333333333333,1.0,Implement / Fight
6.333333333333333,1.2000000000000002,Implement / Fight
6.333333333333333,1.4000000000000001,Implement / Fight
6.333333333333333,1.6,Implement / Fight
6.333333333333333,1.8,Implement / Fight
6.333333333333333,2.0,Implement / Fight
6.333333333333333,2.2,Implement / Fight
6.333333333333333,2.4000000000000004,Implement / Fight
6.333333333333333,2.6,Implement / Fight
6.333333333333333,2.8000000000000003,Implement / Fight
6.333333333333333,3.0,Implement / Fight
6.333333333333333,3.2,Implement / Fight
6.333333333333333,3.4000000000000004,Implement / Fight
6.333333333333333,3.6,Implement / Fight
6.333333333333333,3.8000000000000003,Implement / Fight
6.333333333333333,4.0,Implement / Fight
6.333333333333333,4.2,Implement / Fight
6.333333333333333,4.4,Implement / Fight
6.333333333333333,4.6000000000000005,Implement / Fight
6.333333333333333,4.800000000000001,Implement / Fight
6.333333333333333,5.0,Implement / Fight
6.333333333333333,5.2,Implement / Fight
6.333333333333333,5.4,Implement / Fight
6.333333333333333,5.6000000000000005,Implement / Fight
6.333333333333333,5.800000000000001,Implement / Fight
6.333333333333333,6.0,Implement / Fight
6.333333333333333,6.2,Implement / Fight
6.333333333333333,6.4,Implement / Fight
6.333333333333333,6.6000000000000005,Implement / Fight
6.333333333333333,6.800000000000001,Implement / Fight
6.333333333333333,7.0,Implement / Fight
6.333333333333333,7.2,Implement / Fight
6.333333333333333,7.4,Implement / Fight
6.333333333333333,7.6000000000000005,Implement / Fight
6.333333333333333,7.800000000000001,Implement / Fight
6.333333333333333,8.0,Implement / Fight
6.333333333333333,8.200000000000001,Implement / Fight
6.333333333333333,8.4,Implement / Fight
6.333333333333333,8.6,Implement / Fight
6.333333333333333,8.8,Implement / Fight
6.333333333333333,9.0,Implement / Fight
6.333333333333333,9.200000000000001,Implement / Fight
6.333333333333333,9.4,Implement / Fight
6.333333333333333,9.600000000000001,Implement / Fight
6.333333333333333,9.8,Implement / Fight
6.333333333333333,10.0,Implement / Fight
6.333333333333333,10.200000000000001,Implement / Fight
6.333333333333333,10.4,Implement / Fight
6.333333333333333,10.600000000000001,Implement / Fight
6.333333333333333,10.8,Implement / Fight
6.333333333333333,11.0,Implement / Fight
6.333333333333333,11.200000000000001,Implement / Fight
6.333333333333333,11.4,Implement / Fight
6.333333333333333,11.600000000000001,Implement / Fight
6.333333333333333,11.8,Implement / Fight
6.333333333333333,12.0,Implement / Fight
6.333333333333333,12.200000000000001,Implement / Fight
6.333333333333333,12.4,Implement / Fight
6.333333333333333,12.600000000000001,Implement / Fight
6.333333333333333,12.8,Implement / Fight
6.333333333333333,13.0,Implement / Fight
6.333333333333333,13.200000000000001,Implement / Fight
6.333333333333333,13.4,Implement / Fight
6.333333333333333,13.600000000000001,Implement / Fight
6.333333333333333,13.8,Implement / Fight
6.333333333333333,14.0,Implement / Fight
6.333333333333333,14.200000000000001,Implement / Fight
6.333333333333333,14.4,Implement / Fight
6.333333333333333,14.600000000000001,Implement / Fight
6.333333333333333,14.8,Implement / Fight
6.333333333333333,15.0,Implement / Fight
6.333333333333333,15.200000000000001,Implement / Fight
6.333333333333333,15.4,Implement / Fight
6.333333333333333,15.600000000000001,Implement / Fight
6.333333333333333,15.8,Implement / Fight
6.333333333333333,16.0,Implement / Fight
6.333333333333333,16.2,Implement / Fight
6.333333333333333,16.400000000000002,Implement / Fight
6.333333333333333,16.6,Implement / Fight
6.333333333333333,16.8,Implement / Fight
6.333333333333333,17.0,Implement / Fight
6.333333333333333,17.2,Implement / Fight
6.333333333333333,17.400000000000002,Implement / Fight
6.333333333333333,17.6,Implement / Fight
6.333333333333333,17.8,Implement / Fight
6.333333333333333,18.0,Implement / Fight
6.333333333333333,18.2,Implement / Fight
6.333333333333333,18.400000000000002,Implement / Fight
6.333333333333333,18.6,Implement / Fight
6.333333333333333,18.8,Implement / Fight
6.333333333333333,19.0,Implement / Fight
6.333333333333333,19.200000000000003,Implement / Fight
6.333333333333333,19.400000000000002,Implement / Fight
6.333333333333333,19.6,Implement / Fight
6.333333333333333,19.8,Implement / Fight
6.666666666666666,0.0,Implement / Fight
6.666666666666666,0.2,Implement / Fight
6.666666666666666,0.4,Implement / Fight
6.666666666666666,0.6000000000000001,Implement / Fight
6.666666666666666,0.8,Implement / Fight
6.666666666666666,1.0,Implement / Fight
6.666666666666666,1.2000000000000002,Implement / Fight
6.666666666666666,1.4000000000000001,Implement / Fight
6.666666666666666,1.6,Implement / Fight
6.666666666666666,1.8,Implement / Fight
6.666666666666666,2.0,Implement / Fight
6.666666666666666,2.2,Implement / Fight
6.666666666666666,2.4000000000000004,Implement / Fight
6.666666666666666,2.6,Implement / Fight
6.666666666666666,2.8000000000000003,Implement / Fight
6.666666666666666,3.0,Implement / Fight
6.666666666666666,3.2,Implement / Fight
6.666666666666666,3.4000000000000004,Implement / Fight
6.666666666666666,3.6,Implement / Fight
6.666666666666666,3.8000000000000003,Implement / Fight
6.666666666666666,4.0,Implement / Fight
6.666666666666666,4.2,Implement / Fight
6.666666666666666,4.4,Implement / Fight
6.666666666666666,4.6000000000000005,Implement / Fight
6.666666666666666,4.800000000000001,Implement / Fight
6.666666666666666,5.0,Implement / Fight
6.666666666666666,5.2,Implement / Fight
6.666666666666666,5.4,Implement / Fight
6.666666666666666,5.6000000000000005,Implement / Fight
6.666666666666666,5.800000000000001,Implement / Fight
6.666666666666666,6.0,Implement / Fight
6.666666666666666,6.2,Implement / Fight
6.666666666666666,6.4,Implement / Fight
6.666666666666666,6.6000000000000005,Implement / Fight
6.666666666666666,6.800000000000001,Implement / Fight
6.666666666666666,7.0,Implement / Fight
6.666666666666666,7.2,Implement / Fight
6.666666666666666,7.4,Implement / Fight
6.666666666666666,7.6000000000000005,Implement / Fight
6.666666666666666,7.800000000000001,Implement / Fight
6.666666666666666,8.0,Implement / Fight
6.666666666666666,8.200000000000001,Implement / Fight
6.666666666666666,8.4,Implement / Fight
6.666666666666666,8.6,Implement / Fight
6.666666666666666,8.8,Implement / Fight
6.666666666666666,9.0,Implement / Fight
6.666666666666666,9.200000000000001,Implement / Fight
6.666666666666666,9.4,Implement / Fight
6.666666666666666,9.600000000000001,Implement / Fight
6.666666666666666,9.8,Implement / Fight
6.666666666666666,10.0,Implement / Fight
6.666666666666666,10.200000000000001,Implement / Fight
6.666666666666666,10.4,Implement / Fight
6.666666666666666,10.600000000000001,Implement / Fight
6.666666666666666,10.8,Implement / Fight
6.666666666666666,11.0,Implement / Fight
6.666666666666666,11.200000000000001,Implement / Fight
6.666666666666666,11.4,Implement / Fight
6.666666666666666,11.600000000000001,Implement / Fight
6.666666666666666,11.8,Implement / Fight
6.666666666666666,12.0,Implement / Fight
6.666666666666666,12.200000000000001,Implement / Fight
6.666666666666666,12.4,Implement / Fight
6.666666666666666,12.600000000000001,Implement / Fight
6.666666666666666,12.8,Implement / Fight
6.666666666666666,13.0,Implement / Fight
6.666666666666666,13.200000000000001,Implement / Fight
6.666666666666666,13.4,Implement / Fight
6.666666666666666,13.600000000000001,Implement / Fight
6.666666666666666,13.8,Implement / Fight
6.666666666666666,14.0,Implement / Fight
6.666666666666666,14.200000000000001,Implement / Fight
6.666666666666666,14.4,Implement / Fight
6.666666666666666,14.600000000000001,Implement / Fight
6.666666666666666,14.8,Implement / Fight
6.666666666666666,15.0,Implement / Fight
6.666666666666666,15.200000000000001,Implement / Fight
6.666666666666666,15.4,Implement / Fight
6.666666666666666,15.600000000000001,Implement / Fight
6.666666666666666,15.8,Implement / Fight
6.666666666666666,16.0,Implement / Fight
6.666666666666666,16.2,Implement / Fight
6.666666666666666,16.400000000000002,Implement / Fight
6.666666666666666,16.6,Implement / Fight
6.666666666666666,16.8,Implement / Fight
6.666666666666666,17.0,Implement / Fight
6.666666666666666,17.2,Implement / Fight
6.666666666666666,17.400000000000002,Implement / Fight
6.666666666666666,17.6,Implement / Fight
6.666666666666666,17.8,Implement / Fight
6.666666666666666,18.0,Implement / Fight
6.666666666666666,18.2,Implement / Fight
6.666666666666666,18.400000000000002,Implement / Fight
6.666666666666666,18.6,Implement / Fight
6.666666666666666,18.8,Implement / Fight
6.666666666666666,19.0,Implement / Fight
6.666666666666666,19.200000000000003,Implement / Fight
6.666666666666666,19.400000000000002,Implement / Fight
6.666666666666666,19.6,Implement / Fight
6.666666666666666,19.8,Implement / Fight
7.0,0.0,Implement / Fight
7.0,0.2,Implement / Fight
7.0,0.4,Implement / Fight
7.0,0.6000000000000001,Implement / Fight
7.0,0.8,Implement / Fight
7.0,1.0,Implement / Fight
7.0,1.2000000000000002,Implement / Fight
7.0,1.4000000000000001,Implement / Fight
7.0,1.6,Implement / Fight
7.0,1.8,Implement / Fight
7.0,2.0,Implement / Fight
7.0,2.2,Implement / Fight
7.0,2.4000000000000004,Implement / Fight
7.0,2.6,Implement / Fight
7.0,2.8000000000000003,Implement / Fight
7.0,3.0,Implement / Fight
7.0,3.2,Implement / Fight
7.0,3.4000000000000004,Implement / Fight
7.0,3.6,Implement / Fight
7.0,3.8000000000000003,Implement / Fight
7.0,4.0,Implement / Fight
7.0,4.2,Implement / Fight
7.0,4.4,Implement / Fight
7.0,4.6000000000000005,Implement / Fight
7.0,4.800000000000001,Implement / Fight
7.0,5.0,Implement / Fight
7.0,5.2,Implement / Fight
7.0,5.4,Implement / Fight
7.0,5.6000000000000005,Implement / Fight
7.0,5.800000000000001,Implement / Fight
7.0,6.0,Implement / Fight
7.0,6.2,Implement / Fight
7.0,6.4,Implement / Fight
7.0,6.6000000000000005,Implement / Fight
7.0,6.800000000000001,Implement / Fight
7.0,7.0,Implement / Fight
7.0,7.2,Implement / Fight
7.0,7.4,Implement / Fight
7.0,7.6000000000000005,Implement / Fight
7.0,7.800000000000001,Implement / Fight
7.0,8.0,Implement / Fight
7.0,8.200000000000001,Implement / Fight
7.0,8.4,Implement / Fight
7.0,8.6,Implement / Fight
7.0,8.8,Implement / Fight
7.0,9.0,Implement / Fight
7.0,9.200000000000001,Implement / Fight
7.0,9.4,Implement / Fight
7.0,9.600000000000001,Implement / Fight
7.0,9.8,Implement / Fight
7.0,10.0,Implement / Fight
7.0,10.200000000000001,Implement / Fight
7.0,10.4,Implement / Fight
7.0,10.600000000000001,Implement / Fight
7.0,10.8,Implement / Fight
7.0,11.0,Implement / Fight
7.0,11.200000000000001,Implement / Fight
7.0,11.4,Implement / Fight
7.0,11.600000000000001,Implement / Fight
7.0,11.8,Implement / Fight
7.0,12.0,Implement / Fight
7.0,12.200000000000001,Implement / Fight
7.0,12.4,Implement / Fight
7.0,12.600000000000001,Implement / Fight
7.0,12.8,Implement / Fight
7.0,13.0,Implement / Fight
7.0,13.200000000000001,Implement / Fight
7.0,13.4,Implement / Fight
7.0,13.600000000000001,Implement / Fight
7.0,13.8,Implement / Fight
7.0,14.0,Implement / Fight
7.0,14.200000000000001,Implement / Fight
7.0,14.4,Implement / Fight
7.0,14.600000000000001,Implement / Fight
7.0,14.8,Implement / Fight
7.0,15.0,Implement / Fight
7.0,15.200000000000001,Implement / Fight
7.0,15.4,Implement / Fight
7.0,15.600000000000001,Implement / Fight
7.0,15.8,Implement / Fight
7.0,16.0,Implement / Fight
7.0,16.2,Implement / Fight
7.0,16.400000000000002,Implement / Fight
7.0,16.6,Implement / Fight
7.0,16.8,Implement / Fight
7.0,17.0,Implement / Fight
7.0,17.2,Implement / Fight
7.0,17.400000000000002,Implement / Fight
7.0,17.6,Implement / Fight
7.0,17.8,Implement / Fight
7.0,18.0,Implement / Fight
7.0,18.2,Implement / Fight
7.0,18.400000000000002,Implement / Fight
7.0,18.6,Implement / Fight
7.0,18.8,Implement / Fight
7.0,19.0,Implement / Fight
7.0,19.200000000000003,Implement / Fight
7.0,19.400000000000002,Implement / Fight
7.0,19.6,Implement / Fight
7.0,19.8,Implement / Fight
7.333333333333333,0.0,Implement / Fight
7.333333333333333,0.2,Implement / Fight
7.333333333333333,0.4,Implement / Fight
7.333333333333333,0.6000000000000001,Implement / Fight
7.333333333333333,0.8,Implement / Fight
7.333333333333333,1.0,Implement / Fight
7.333333333333333,1.2000000000000002,Implement / Fight
7.333333333333333,1.4000000000000001,Implement / Fight
7.333333333333333,1.6,Implement / Fight
7.333333333333333,1.8,Implement / Fight
7.333333333333333,2.0,Implement / Fight
7.333333333333333,2.2,Implement / Fight
7.333333333333333,2.4000000000000004,Implement / Fight
7.333333333333333,2.6,Implement / Fight
7.333333333333333,2.8000000000000003,Implement / Fight
7.333333333333333,3.0,Implement / Fight
7.333333333333333,3.2,Implement / Fight
7.333333333333333,3.4000000000000004,Implement / Fight
7.333333333333333,3.6,Implement / Fight
7.333333333333333,3.8000000000000003,Implement / Fight
7.333333333333333,4.0,Implement / Fight
7.333333333333333,4.2,Implement / Fight
7.333333333333333,4.4,Implement / Fight
7.333333333333333,4.6000000000000005,Implement / Fight
7.333333333333333,4.800000000000001,Implement / Fight
7.333333333333333,5.0,Implement / Fight
7.333333333333333,5.2,Implement / Fight
7.333333333333333,5.4,Implement / Fight
7.333333333333333,5.6000000000000005,Implement / Fight
7.333333333333333,5.800000000000001,Implement / Fight
7.333333333333333,6.0,Implement / Fight
7.333333333333333,6.2,Implement / Fight
7.333333333333333,6.4,Implement / Fight
7.333333333333333,6.6000000000000005,Implement / Fight
7.333333333333333,6.800000000000001,Implement / Fight
7.333333333333333,7.0,Implement / Fight
7.333333333333333,7.2,Implement / Fight
7.333333333333333,7.4,Implement / Fight
7.333333333333333,7.6000000000000005,Implement / Fight
7.333333333333333,7.800000000000001,Implement / Fight
7.333333333333333,8.0,Implement / Fight
7.333333333333333,8.200000000000001,Implement / Fight
7.333333333333333,8.4,Implement / Fight
7.333333333333333,8.6,Implement / Fight
7.333333333333333,8.8,Implement / Fight
7.333333333333333,9.0,Implement / Fight
7.333333333333333,9.200000000000001,Implement / Fight
7.333333333333333,9.4,Implement / Fight
7.333333333333333,9.600000000000001,Implement / Fight
7.333333333333333,9.8,Implement / Fight
7.333333333333333,10.0,Implement / Fight
7.333333333333333,10.200000000000001,Implement / Fight
7.333333333333333,10.4,Implement / Fight
7.333333333333333,10.600000000000001,Implement / Fight
7.333333333333333,10.8,Implement / Fight
7.333333333333333,11.0,Implement / Fight
7.333333333333333,11.200000000000001,Implement / Fight
7.333333333333333,11.4,Implement / Fight
7.333333333333333,11.600000000000001,Implement / Fight
7.333333333333333,11.8,Implement / Fight
7.333333333333333,12.0,Implement / Fight
7.333333333333333,12.200000000000001,Implement / Fight
7.333333333333333,12.4,Implement / Fight
7.333333333333333,12.600000000000001,Implement / Fight
7.333333333333333,12.8,Implement / Fight
7.333333333333333,13.0,Implement / Fight
7.333333333333333,13.200000000000001,Implement / Fight
7.333333333333333,13.4,Implement / Fight
7.333333333333333,13.600000000000001,Implement / Fight
7.333333333333333,13.8,Implement / Fight
7.333333333333333,14.0,Implement / Fight
7.333333333333333,14.200000000000001,Implement / Fight
7.333333333333333,14.4,Implement / Fight
7.333333333333333,14.600000000000001,Implement / Fight
7.333333333333333,14.8,Implement / Fight
7.333333333333333,15.0,Implement / Fight
7.333333333333333,15.200000000000001,Implement / Fight
7.333333333333333,15.4,Implement / Fight
7.333333333333333,15.600000000000001,Implement / Fight
7.333333333333333,15.8,Implement / Fight
7.333333333333333,16.0,Implement / Fight
7.333333333333333,16.2,Implement / Fight
7.333333333333333,16.400000000000002,Implement / Fight
7.333333333333333,16.6,Implement / Fight
7.333333333333333,16.8,Implement / Fight
7.333333333333333,17.0,Implement / Fight
7.333333333333333,17.2,Implement / Fight
7.333333333333333,17.400000000000002,Implement / Fight
7.333333333333333,17.6,Implement / Fight
7.333333333333333,17.8,Implement / Fight
7.333333333333333,18.0,Implement / Fight
7.333333333333333,18.2,Implement / Fight
7.333333333333333,18.400000000000002,Implement / Fight
7.333333333333333,18.6,Implement / Fight
7.333333333333333,18.8,Implement / Fight
7.333333333333333,19.0,Implement / Fight
7.333333333333333,19.200000000000003,Implement / Fight
7.333333333333333,19.400000000000002,Implement / Fight
7.333333333333333,19.6,Implement / Fight
7.333333333333333,19.8,Implement / Fight
7.666666666666666,0.0,Implement / Fight
7.666666666666666,0.2,Implement / Fight
7.666666666666666,0.4,Implement / Fight
7.666666666666666,0.6000000000000001,Implement / Fight
7.666666666666666,0.8,Implement / Fight
7.666666666666666,1.0,Implement / Fight
7.666666666666666,1.2000000000000002,Implement / Fight
7.666666666666666,1.4000000000000001,Implement / Fight
7.666666666666666,1.6,Implement / Fight
7.666666666666666,1.8,Implement / Fight
7.666666666666666,2.0,Implement / Fight
7.666666666666666,2.2,Implement / Fight
7.666666666666666,2.4000000000000004,Implement / Fight
7.666666666666666,2.6,Implement / Fight
7.666666666666666,2.8000000000000003,Implement / Fight
7.666666666666666,3.0,Implement / Fight
7.666666666666666,3.2,Implement / Fight
7.666666666666666,3.4000000000000004,Implement / Fight
7.666666666666666,3.6,Implement / Fight
7.666666666666666,3.8000000000000003,Implement / Fight
7.666666666666666,4.0,Implement / Fight
7.666666666666666,4.2,Implement / Fight
7.666666666666666,4.4,Implement / Fight
7.666666666666666,4.6000000000000005,Implement / Fight
7.666666666666666,4.800000000000001,Implement / Fight
7.666666666666666,5.0,Implement / Fight
7.666666666666666,5.2,Implement / Fight
7.666666666666666,5.4,Implement / Fight
7.666666666666666,5.6000000000000005,Implement / Fight
7.666666666666666,5.800000000000001,Implement / Fight
7.666666666666666,6.0,Implement / Fight
7.666666666666666,6.2,Implement / Fight
7.666666666666666,6.4,Implement / Fight
7.666666666666666,6.6000000000000005,Implement / Fight
7.666666666666666,6.800000000000001,Implement / Fight
7.666666666666666,7.0,Implement / Fight
7.666666666666666,7.2,Implement / Fight
7.666666666666666,7.4,Implement / Fight
7.666666666666666,7.6000000000000005,Implement / Fight
7.666666666666666,7.800000000000001,Implement / Fight
7.666666666666666,8.0,Implement / Fight
7.666666666666666,8.200000000000001,Implement / Fight
7.666666666666666,8.4,Implement / Fight
7.666666666666666,8.6,Implement / Fight
7.666666666666666,8.8,Implement / Fight
7.666666666666666,9.0,Implement / Fight
7.666666666666666,9.200000000000001,Implement / Fight
7.666666666666666,9.4,Implement / Fight
7.666666666666666,9.600000000000001,Implement / Fight
7.666666666666666,9.8,Implement / Fight
7.666666666666666,10.0,Implement / Fight
7.666666666666666,10.200000000000001,Implement / Fight
7.666666666666666,10.4,Implement / Fight
7.666666666666666,10.600000000000001,Implement / Fight
7.666666666666666,10.8,Implement / Fight
7.666666666666666,11.0,Implement / Fight
7.666666666666666,11.200000000000001,Implement / Fight
7.666666666666666,11.4,Implement / Fight
7.666666666666666,11.600000000000001,Implement / Fight
7.666666666666666,11.8,Implement / Fight
7.666666666666666,12.0,Implement / Fight
7.666666666666666,12.200000000000001,Implement / Fight
7.666666666666666,12.4,Implement / Fight
7.666666666666666,12.600000000000001,Implement / Fight
7.666666666666666,12.8,Implement / Fight
7.666666666666666,13.0,Implement / Fight
7.666666666666666,13.200000000000001,Implement / Fight
7.666666666666666,13.4,Implement / Fight
7.666666666666666,13.600000000000001,Implement / Fight
7.666666666666666,13.8,Implement / Fight
7.666666666666666,14.0,Implement / Fight
7.666666666666666,14.200000000000001,Implement / Fight
7.666666666666666,14.4,Implement / Fight
7.666666666666666,14.600000000000001,Implement / Fight
7.666666666666666,14.8,Implement / Fight
7.666666666666666,15.0,Implement / Fight
7.666666666666666,15.200000000000001,Implement / Fight
7.666666666666666,15.4,Implement / Fight
7.666666666666666,15.600000000000001,Implement / Fight
7.666666666666666,15.8,Implement / Fight
7.666666666666666,16.0,Implement / Fight
7.666666666666666,16.2,Implement / Fight
7.666666666666666,16.400000000000002,Implement / Fight
7.666666666666666,16.6,Implement / Fight
7.666666666666666,16.8,Implement / Fight
7.666666666666666,17.0,Implement / Fight
7.666666666666666,17.2,Implement / Fight
7.666666666666666,17.400000000000002,Implement / Fight
7.666666666666666,17.6,Implement / Fight
7.666666666666666,17.8,Implement / Fight
7.666666666666666,18.0,Implement / Fight
7.666666666666666,18.2,Implement / Fight
7.666666666666666,18.400000000000002,Implement / Fight
7.666666666666666,18.6,Implement / Fight
7.666666666666666,18.8,Implement / Fight
7.666666666666666,19.0,Implement / Fight
7.666666666666666,19.200000000000003,Implement / Fight
7.666666666666666,19.400000000000002,Implement / Fight
7.666666666666666,19.6,Implement / Fight
7.666666666666666,19.8,Implement / Fight
8.0,0.0,Implement / Fight
8.0,0.2,Implement / Fight
8.0,0.4,Implement / Fight
8.0,0.6000000000000001,Implement / Fight
8.0,0.8,Implement / Fight
8.0,1.0,Implement / Fight
8.0,1.2000000000000002,Implement / Fight
8.0,1.4000000000000001,Implement / Fight
8.0,1.6,Implement / Fight
8.0,1.8,Implement / Fight
8.0,2.0,Implement / Fight
8.0,2.2,Implement / Fight
8.0,2.4000000000000004,Implement / Fight
8.0,2.6,Implement / Fight
8.0,2.8000000000000003,Implement / Fight
8.0,3.0,Implement / Fight
8.0,3.2,Implement / Fight
8.0,3.4000000000000004,Implement / Fight
8.0,3.6,Implement / Fight
8.0,3.8000000000000003,Implement / Fight
8.0,4.0,Implement / Fight
8.0,4.2,Implement / Fight
8.0,4.4,Implement / Fight
8.0,4.6000000000000005,Implement / Fight
8.0,4.800000000000001,Implement / Fight
8.0,5.0,Implement / Fight
8.0,5.2,Implement / Fight
8.0,5.4,Implement / Fight
8.0,5.6000000000000005,Implement / Fight
8.0,5.800000000000001,Implement / Fight
8.0,6.0,Implement / Fight
8.0,6.2,Implement / Fight
8.0,6.4,Implement / Fight
8.0,6.6000000000000005,Implement / Fight
8.0,6.800000000000001,Implement / Fight
8.0,7.0,Implement / Fight
8.0,7.2,Implement / Fight
8.0,7.4,Implement / Fight
8.0,7.6000000000000005,Implement / Fight
8.0,7.800000000000001,Implement / Fight
8.0,8.0,Implement / Fight
8.0,8.200000000000001,Implement / Fight
8.0,8.4,Implement / Fight
8.0,8.6,Implement / Fight
8.0,8.8,Implement / Fight
8.0,9.0,Implement / Fight
8.0,9.200000000000001,Implement / Fight
8.0,9.4,Implement / Fight
8.0,9.600000000000001,Implement / Fight
8.0,9.8,Implement / Fight
8.0,10.0,Implement / Fight
8.0,10.200000000000001,Implement / Fight
8.0,10.4,Implement / Fight
8.0,10.600000000000001,Implement / Fight
8.0,10.8,Implement / Fight
8.0,11.0,Implement / Fight
8.0,11.200000000000001,Implement / Fight
8.0,11.4,Implement / Fight
8.0,11.600000000000001,Implement / Fight
8.0,11.8,Implement / Fight
8.0,12.0,Implement / Fight
8.0,12.200000000000001,Implement / Fight
8.0,12.4,Implement / Fight
8.0,12.600000000000001,Implement / Fight
8.0,12.8,Implement / Fight
8.0,13.0,Implement / Fight
8.0,13.200000000000001,Implement / Fight
8.0,13.4,Implement / Fight
8.0,13.600000000000001,Implement / Fight
8.0,13.8,Implement / Fight
8.0,14.0,Implement / Fight
8.0,14.200000000000001,Implement / Fight
8.0,14.4,Implement / Fight
8.0,14.600000000000001,Implement / Fight
8.0,14.8,Implement / Fight
8.0,15.0,Implement / Fight
8.0,15.200000000000001,Implement / Fight
8.0,15.4,Implement / Fight
8.0,15.600000000000001,Implement / Fight
8.0,15.8,Implement / Fight
8.0,16.0,Implement / Fight
8.0,16.2,Implement / Fight
8.0,16.400000000000002,Implement / Fight
8.0,16.6,Implement / Fight
8.0,16.8,Implement / Fight
8.0,17.0,Implement / Fight
8.0,17.2,Implement / Fight
8.0,17.400000000000002,Implement / Fight
8.0,17.6,Implement / Fight
8.0,17.8,Implement / Fight
8.0,18.0,Implement / Fight
8.0,18.2,Implement / Fight
8.0,18.400000000000002,Implement / Fight
8.0,18.6,Implement / Fight
8.0,18.8,Implement / Fight
8.0,19.0,Implement / Fight
8.0,19.200000000000003,Implement / Fight
8.0,19.400000000000002,Implement / Fight
8.0,19.6,Implement / Fight
8.0,19.8,Implement / Fight
8.333333333333332,0.0,Implement / Fight
8.333333333333332,0.2,Implement / Fight
8.333333333333332,0.4,Implement / Fight
8.333333333333332,0.6000000000000001,Implement / Fight
8.333333333333332,0.8,Implement / Fight
8.333333333333332,1.0,Implement / Fight
8.333333333333332,1.2000000000000002,Implement / Fight
8.333333333333332,1.4000000000000001,Implement / Fight
8.333333333333332,1.6,Implement / Fight
8.333333333333332,1.8,Implement / Fight
8.333333333333332,2.0,Implement / Fight
8.333333333333332,2.2,Implement / Fight
8.333333333333332,2.4000000000000004,Implement / Fight
8.333333333333332,2.6,Implement / Fight
8.333333333333332,2.8000000000000003,Implement / Fight
8.333333333333332,3.0,Implement / Fight
8.333333333333332,3.2,Implement / Fight
8.333333333333332,3.4000000000000004,Implement / Fight
8.333333333333332,3.6,Implement / Fight
8.333333333333332,3.8000000000000003,Implement / Fight
8.333333333333332,4.0,Implement / Fight
8.333333333333332,4.2,Implement / Fight
8.333333333333332,4.4,Implement / Fight
8.333333333333332,4.6000000000000005,Implement / Fight
8.333333333333332,4.800000000000001,Implement / Fight
8.333333333333332,5.0,Implement / Fight
8.333333333333332,5.2,Implement / Fight
8.333333333333332,5.4,Implement / Fight
8.333333333333332,5.6000000000000005,Implement / Fight
8.333333333333332,5.800000000000001,Implement / Fight
8.333333333333332,6.0,Implement / Fight
8.333333333333332,6.2,Implement / Fight
8.333333333333332,6.4,Implement / Fight
8.333333333333332,6.6000000000000005,Implement / Fight
8.333333333333332,6.800000000000001,Implement / Fight
8.333333333333332,7.0,Implement / Fight
8.333333333333332,7.2,Implement / Fight
8.333333333333332,7.4,Implement / Fight
8.333333333333332,7.6000000000000005,Implement / Fight
8.333333333333332,7.800000000000001,Implement / Fight
8.333333333333332,8.0,Implement / Fight
8.333333333333332,8.200000000000001,Implement / Fight
8.333333333333332,8.4,Implement / Fight
8.333333333333332,8.6,Implement / Fight
8.333333333333332,8.8,Implement / Fight
8.333333333333332,9.0,Implement / Fight
8.333333333333332,9.200000000000001,Implement / Fight
8.333333333333332,9.4,Implement / Fight
8.333333333333332,9.600000000000001,Implement / Fight
8.333333333333332,9.8,Implement / Fight
8.333333333333332,10.0,Implement / Fight
8.333333333333332,10.200000000000001,Implement / Fight
8.333333333333332,10.4,Implement / Fight
8.333333333333332,10.600000000000001,Implement / Fight
8.333333333333332,10.8,Implement / Fight
8.333333333333332,11.0,Implement / Fight
8.333333333333332,11.200000000000001,Implement / Fight
8.333333333333332,11.4,Implement / Fight
8.333333333333332,11.600000000000001,Implement / Fight
8.333333333333332,11.8,Implement / Fight
8.333333333333332,12.0,Implement / Fight
8.333333333333332,12.200000000000001,Implement / Fight
8.333333333333332,12.4,Implement / Fight
8.333333333333332,12.600000000000001,Implement / Fight
8.333333333333332,12.8,Implement / Fight
8.333333333333332,13.0,Implement / Fight
8.333333333333332,13.200000000000001,Implement / Fight
8.333333333333332,13.4,Implement / Fight
8.333333333333332,13.600000000000001,Implement / Fight
8.333333333333332,13.8,Implement / Fight
8.333333333333332,14.0,Implement / Fight
8.333333333333332,14.200000000000001,Implement / Fight
8.333333333333332,14.4,Implement / Fight
8.333333333333332,14.600000000000001,Implement / Fight
8.333333333333332,14.8,Implement / Fight
8.333333333333332,15.0,Implement / Fight
8.333333333333332,15.200000000000001,Implement / Fight
8.333333333333332,15.4,Implement / Fight
8.333333333333332,15.600000000000001,Implement / Fight
8.333333333333332,15.8,Implement / Fight
8.333333333333332,16.0,Implement / Fight
8.333333333333332,16.2,Implement / Fight
8.333333333333332,16.400000000000002,Implement / Fight
8.333333333333332,16.6,Implement / Fight
8.333333333333332,16.8,Implement / Fight
8.333333333333332,17.0,Implement / Fight
8.333333333333332,17.2,Implement / Fight
8.333333333333332,17.400000000000002,Implement / Fight
8.333333333333332,17.6,Implement / Fight
8.333333333333332,17.8,Implement / Fight
8.333333333333332,18.0,Implement / Fight
8.333333333333332,18.2,Implement / Fight
8.333333333333332,18.400000000000002,Implement / Fight
8.333333333333332,18.6,Implement / Fight
8.333333333333332,18.8,Implement / Fight
8.333333333333332,19.0,Implement / Fight
8.333333333333332,19.200000000000003,Implement / Fight
8.333333333333332,19.400000000000002,Implement / Fight
8.333333333333332,19.6,Implement / Fight
8.333333333333332,19.8,Implement / Fight
8.666666666666666,0.0,Implement / Fight
8.666666666666666,0.2,Implement / Fight
8.666666666666666,0.4,Implement / Fight
8.666666666666666,0.6000000000000001,Implement / Fight
8.666666666666666,0.8,Implement / Fight
8.666666666666666,1.0,Implement / Fight
8.666666666666666,1.2000000000000002,Implement / Fight
8.666666666666666,1.4000000000000001,Implement / Fight
8.666666666666666,1.6,Implement / Fight
8.666666666666666,1.8,Implement / Fight
8.666666666666666,2.0,Implement / Fight
8.666666666666666,2.2,Implement / Fight
8.666666666666666,2.4000000000000004,Implement / Fight
8.666666666666666,2.6,Implement / Fight
8.666666666666666,2.8000000000000003,Implement / Fight
8.666666666666666,3.0,Implement / Fight
8.666666666666666,3.2,Implement / Fight
8.666666666666666,3.4000000000000004,Implement / Fight
8.666666666666666,3.6,Implement / Fight
8.666666666666666,3.8000000000000003,Implement / Fight
8.666666666666666,4.0,Implement / Fight
8.666666666666666,4.2,Implement / Fight
8.666666666666666,4.4,Implement / Fight
8.666666666666666,4.6000000000000005,Implement / Fight
8.666666666666666,4.800000000000001,Implement / Fight
8.666666666666666,5.0,Implement / Fight
8.666666666666666,5.2,Implement / Fight
8.666666666666666,5.4,Implement / Fight
8.666666666666666,5.6000000000000005,Implement / Fight
8.666666666666666,5.800000000000001,Implement / Fight
8.666666666666666,6.0,Implement / Fight
8.666666666666666,6.2,Implement / Fight
8.666666666666666,6.4,Implement / Fight
8.666666666666666,6.6000000000000005,Implement / Fight
8.666666666666666,6.800000000000001,Implement / Fight
8.666666666666666,7.0,Implement / Fight
8.666666666666666,7.2,Implement / Fight
8.666666666666666,7.4,Implement / Fight
8.666666666666666,7.6000000000000005,Implement / Fight
8.666666666666666,7.800000000000001,Implement / Fight
8.666666666666666,8.0,Implement / Fight
8.666666666666666,8.200000000000001,Implement / Fight
8.666666666666666,8.4,Implement / Fight
8.666666666666666,8.6,Implement / Fight
8.666666666666666,8.8,Implement / Fight
8.666666666666666,9.0,Implement / Fight
8.666666666666666,9.200000000000001,Implement / Fight
8.666666666666666,9.4,Implement / Fight
8.666666666666666,9.600000000000001,Implement / Fight
8.666666666666666,9.8,Implement / Fight
8.666666666666666,10.0,Implement / Fight
8.666666666666666,10.200000000000001,Implement / Fight
8.666666666666666,10.4,Implement / Fight
8.666666666666666,10.600000000000001,Implement / Fight
8.666666666666666,10.8,Implement / Fight
8.666666666666666,11.0,Implement / Fight
8.666666666666666,11.200000000000001,Implement / Fight
8.666666666666666,11.4,Implement / Fight
8.666666666666666,11.600000000000001,Implement / Fight
8.666666666666666,11.8,Implement / Fight
8.666666666666666,12.0,Implement / Fight
8.666666666666666,12.200000000000001,Implement / Fight
8.666666666666666,12.4,Implement / Fight
8.666666666666666,12.600000000000001,Implement / Fight
8.666666666666666,12.8,Implement / Fight
8.666666666666666,13.0,Implement / Fight
8.666666666666666,13.200000000000001,Implement / Fight
8.666666666666666,13.4,Implement / Fight
8.666666666666666,13.600000000000001,Implement / Fight
8.666666666666666,13.8,Implement / Fight
8.666666666666666,14.0,Implement / Fight
8.666666666666666,14.200000000000001,Implement / Fight
8.666666666666666,14.4,Implement / Fight
8.666666666666666,14.600000000000001,Implement / Fight
8.666666666666666,14.8,Implement / Fight
8.666666666666666,15.0,Implement / Fight
8.666666666666666,15.200000000000001,Implement / Fight
8.666666666666666,15.4,Implement / Fight
8.666666666666666,15.600000000000001,Implement / Fight
8.666666666666666,15.8,Implement / Fight
8.666666666666666,16.0,Implement / Fight
8.666666666666666,16.2,Implement / Fight
8.666666666666666,16.400000000000002,Implement / Fight
8.666666666666666,16.6,Implement / Fight
8.666666666666666,16.8,Implement / Fight
8.666666666666666,17.0,Implement / Fight
8.666666666666666,17.2,Implement / Fight
8.666666666666666,17.400000000000002,Implement / Fight
8.666666666666666,17.6,Implement / Fight
8.666666666666666,17.8,Implement / Fight
8.666666666666666,18.0,Implement / Fight
8.666666666666666,18.2,Implement / Fight
8.666666666666666,18.400000000000002,Implement / Fight
8.666666666666666,18.6,Implement / Fight
8.666666666666666,18.8,Implement / Fight
8.666666666666666,19.0,Implement / Fight
8.666666666666666,19.200000000000003,Implement / Fight
8.666666666666666,19.400000000000002,Implement / Fight
8.666666666666666,19.6,Implement / Fight
8.666666666666666,19.8,Implement / Fight
9.0,0.0,Implement / Fight
9.0,0.2,Implement / Fight
9.0,0.4,Implement / Fight
9.0,0.6000000000000001,Implement / Fight
9.0,0.8,Implement / Fight
9.0,1.0,Implement / Fight
9.0,1.2000000000000002,Implement / Fight
9.0,1.4000000000000001,Implement / Fight
9.0,1.6,Implement / Fight
9.0,1.8,Implement / Fight
9.0,2.0,Implement / Fight
9.0,2.2,Implement / Fight
9.0,2.4000000000000004,Implement / Fight
9.0,2.6,Implement / Fight
9.0,2.8000000000000003,Implement / Fight
9.0,3.0,Implement / Fight
9.0,3.2,Implement / Fight
9.0,3.4000000000000004,Implement / Fight
9.0,3.6,Implement / Fight
9.0,3.8000000000000003,Implement / Fight
9.0,4.0,Implement / Fight
9.0,4.2,Implement / Fight
9.0,4.4,Implement / Fight
9.0,4.6000000000000005,Implement / Fight
9.0,4.800000000000001,Implement / Fight
9.0,5.0,Implement / Fight
9.0,5.2,Implement / Fight
9.0,5.4,Implement / Fight
9.0,5.6000000000000005,Implement / Fight
9.0,5.800000000000001,Implement / Fight
9.0,6.0,Implement / Fight
9.0,6.2,Implement / Fight
9.0,6.4,Implement / Fight
9.0,6.6000000000000005,Implement / Fight
9.0,6.800000000000001,Implement / Fight
9.0,7.0,Implement / Fight
9.0,7.2,Implement / Fight
9.0,7.4,Implement / Fight
9.0,7.6000000000000005,Implement / Fight
9.0,7.800000000000001,Implement / Fight
9.0,8.0,Implement / Fight
9.0,8.200000000000001,Implement / Fight
9.0,8.4,Implement / Fight
9.0,8.6,Implement / Fight
9.0,8.8,Implement / Fight
9.0,9.0,Implement / Fight
9.0,9.200000000000001,Implement / Fight
9.0,9.4,Implement / Fight
9.0,9.600000000000001,Implement / Fight
9.0,9.8,Implement / Fight
9.0,10.0,Implement / Fight
9.0,10.200000000000001,Implement / Fight
9.0,10.4,Implement / Fight
9.0,10.600000000000001,Implement / Fight
9.0,10.8,Implement / Fight
9.0,11.0,Implement / Fight
9.0,11.200000000000001,Implement / Fight
9.0,11.4,Implement / Fight
9.0,11.600000000000001,Implement / Fight
9.0,11.8,Implement / Fight
9.0,12.0,Implement / Fight
9.0,12.200000000000001,Implement / Fight
9.0,12.4,Implement / Fight
9.0,12.600000000000001,Implement / Fight
9.0,12.8,Implement / Fight
9.0,13.0,Implement / Fight
9.0,13.200000000000001,Implement / Fight
9.0,13.4,Implement / Fight
9.0,13.600000000000001,Implement / Fight
9.0,13.8,Implement / Fight
9.0,14.0,Implement / Fight
9.0,14.200000000000001,Implement / Fight
9.0,14.4,Implement / Fight
9.0,14.600000000000001,Implement / Fight
9.0,14.8,Implement / Fight
9.0,15.0,Implement / Fight
9.0,15.200000000000001,Implement / Fight
9.0,15.4,Implement / Fight
9.0,15.600000000000001,Implement / Fight
9.0,15.8,Implement / Fight
9.0,16.0,Implement / Fight
9.0,16.2,Implement / Fight
9.0,16.400000000000002,Implement / Fight
9.0,16.6,Implement / Fight
9.0,16.8,Implement / Fight
9.0,17.0,Implement / Fight
9.0,17.2,Implement / Fight
9.0,17.400000000000002,Implement / Fight
9.0,17.6,Implement / Fight
9.0,17.8,Implement / Fight
9.0,18.0,Implement / Fight
9.0,18.2,Implement / Fight
9.0,18.400000000000002,Implement / Fight
9.0,18.6,Implement / Fight
9.0,18.8,Implement / Fight
9.0,19.0,Implement / Fight
9.0,19.200000000000003,Implement / Fight
9.0,19.400000000000002,Implement / Fight
9.0,19.6,Implement / Fight
9.0,19.8,Implement / Fight
9.333333333333332,0.0,Implement / Fight
9.333333333333332,0.2,Implement / Fight
9.333333333333332,0.4,Implement / Fight
9.333333333333332,0.6000000000000001,Implement / Fight
9.333333333333332,0.8,Implement / Fight
9.333333333333332,1.0,Implement / Fight
9.333333333333332,1.2000000000000002,Implement / Fight
9.333333333333332,1.4000000000000001,Implement / Fight
9.333333333333332,1.6,Implement / Fight
9.333333333333332,1.8,Implement / Fight
9.333333333333332,2.0,Implement / Fight
9.333333333333332,2.2,Implement / Fight
9.333333333333332,2.4000000000000004,Implement / Fight
9.333333333333332,2.6,Implement / Fight
9.333333333333332,2.8000000000000003,Implement / Fight
9.333333333333332,3.0,Implement / Fight
9.333333333333332,3.2,Implement / Fight
9.333333333333332,3.4000000000000004,Implement / Fight
9.333333333333332,3.6,Implement / Fight
9.333333333333332,3.8000000000000003,Implement / Fight
9.333333333333332,4.0,Implement / Fight
9.333333333333332,4.2,Implement / Fight
9.333333333333332,4.4,Implement / Fight
9.333333333333332,4.6000000000000005,Implement / Fight
9.333333333333332,4.800000000000001,Implement / Fight
9.333333333333332,5.0,Implement / Fight
9.333333333333332,5.2,Implement / Fight
9.333333333333332,5.4,Implement / Fight
9.333333333333332,5.6000000000000005,Implement / Fight
9.333333333333332,5.800000000000001,Implement / Fight
9.333333333333332,6.0,Implement / Fight
9.333333333333332,6.2,Implement / Fight
9.333333333333332,6.4,Implement / Fight
9.333333333333332,6.6000000000000005,Implement / Fight
9.333333333333332,6.800000000000001,Implement / Fight
9.333333333333332,7.0,Implement / Fight
9.333333333333332,7.2,Implement / Fight
9.333333333333332,7.4,Implement / Fight
9.333333333333332,7.6000000000000005,Implement / Fight
9.333333333333332,7.800000000000001,Implement / Fight
9.333333333333332,8.0,Implement / Fight
9.333333333333332,8.200000000000001,Implement / Fight
9.333333333333332,8.4,Implement / Fight
9.333333333333332,8.6,Implement / Fight
9.333333333333332,8.8,Implement / Fight
9.333333333333332,9.0,Implement / Fight
9.333333333333332,9.200000000000001,Implement / Fight
9.333333333333332,9.4,Implement / Fight
9.333333333333332,9.600000000000001,Implement / Fight
9.333333333333332,9.8,Implement / Fight
9.333333333333332,10.0,Implement / Fight
9.333333333333332,10.200000000000001,Implement / Fight
9.333333333333332,10.4,Implement / Fight
9.333333333333332,10.600000000000001,Implement / Fight
9.333333333333332,10.8,Implement / Fight
9.333333333333332,11.0,Implement / Fight
9.333333333333332,11.200000000000001,Implement / Fight
9.333333333333332,11.4,Implement / Fight
9.333333333333332,11.600000000000001,Implement / Fight
9.333333333333332,11.8,Implement / Fight
9.333333333333332,12.0,Implement / Fight
9.333333333333332,12.200000000000001,Implement / Fight
9.333333333333332,12.4,Implement / Fight
9.333333333333332,12.600000000000001,Implement / Fight
9.333333333333332,12.8,Implement / Fight
9.333333333333332,13.0,Implement / Fight
9.333333333333332,13.200000000000001,Implement / Fight
9.333333333333332,13.4,Implement / Fight
9.333333333333332,13.600000000000001,Implement / Fight
9.333333333333332,13.8,Implement / Fight
9.333333333333332,14.0,Implement / Fight
9.333333333333332,14.200000000000001,Implement / Fight
9.333333333333332,14.4,Implement / Fight
9.333333333333332,14.600000000000001,Implement / Fight
9.333333333333332,14.8,Implement / Fight
9.333333333333332,15.0,Implement / Fight
9.333333333333332,15.200000000000001,Implement / Fight
9.333333333333332,15.4,Implement / Fight
9.333333333333332,15.600000000000001,Implement / Fight
9.333333333333332,15.8,Implement / Fight
9.333333333333332,16.0,Implement / Fight
9.333333333333332,16.2,Implement / Fight
9.333333333333332,16.400000000000002,Implement / Fight
9.333333333333332,16.6,Implement / Fight
9.333333333333332,16.8,Implement / Fight
9.333333333333332,17.0,Implement / Fight
9.333333333333332,17.2,Implement / Fight
9.333333333333332,17.400000000000002,Implement / Fight
9.333333333333332,17.6,Implement / Fight
9.333333333333332,17.8,Implement / Fight
9.333333333333332,18.0,Implement / Fight
9.333333333333332,18.2,Implement / Fight
9.333333333333332,18.400000000000002,Implement / Fight
9.333333333333332,18.6,Implement / Fight
9.333333333333332,18.8,Implement / Fight
9.333333333333332,19.0,Implement / Fight
9.333333333333332,19.200000000000003,Implement / Fight
9.333333333333332,19.400000000000002,Implement / Fight
9.333333333333332,19.6,Implement / Fight
9.333333333333332,19.8,Implement / Fight
9.666666666666666,0.0,Implement / Fight
9.666666666666666,0.2,Implement / Fight
9.666666666666666,0.4,Implement / Fight
9.666666666666666,0.6000000000000001,Implement / Fight
9.666666666666666,0.8,Implement / Fight
9.666666666666666,1.0,Implement / Fight
9.666666666666666,1.2000000000000002,Implement / Fight
9.666666666666666,1.4000000000000001,Implement / Fight
9.666666666666666,1.6,Implement / Fight
9.666666666666666,1.8,Implement / Fight
9.666666666666666,2.0,Implement / Fight
9.666666666666666,2.2,Implement / Fight
9.666666666666666,2.4000000000000004,Implement / Fight
9.666666666666666,2.6,Implement / Fight
9.666666666666666,2.8000000000000003,Implement / Fight
9.666666666666666,3.0,Implement / Fight
9.666666666666666,3.2,Implement / Fight
9.666666666666666,3.4000000000000004,Implement / Fight
9.666666666666666,3.6,Implement / Fight
9.666666666666666,3.8000000000000003,Implement / Fight
9.666666666666666,4.0,Implement / Fight
9.666666666666666,4.2,Implement / Fight
9.666666666666666,4.4,Implement / Fight
9.666666666666666,4.6000000000000005,Implement / Fight
9.666666666666666,4.800000000000001,Implement / Fight
9.666666666666666,5.0,Implement / Fight
9.666666666666666,5.2,Implement / Fight
9.666666666666666,5.4,Implement / Fight
9.666666666666666,5.6000000000000005,Implement / Fight
9.666666666666666,5.800000000000001,Implement / Fight
9.666666666666666,6.0,Implement / Fight
9.666666666666666,6.2,Implement / Fight
9.666666666666666,6.4,Implement / Fight
9.666666666666666,6.6000000000000005,Implement / Fight
9.666666666666666,6.800000000000001,Implement / Fight
9.666666666666666,7.0,Implement / Fight
9.666666666666666,7.2,Implement / Fight
9.666666666666666,7.4,Implement / Fight
9.666666666666666,7.6000000000000005,Implement / Fight
9.666666666666666,7.800000000000001,Implement / Fight
9.666666666666666,8.0,Implement / Fight
9.666666666666666,8.200000000000001,Implement / Fight
9.666666666666666,8.4,Implement / Fight
9.666666666666666,8.6,Implement / Fight
9.666666666666666,8.8,Implement / Fight
9.666666666666666,9.0,Implement / Fight
9.666666666666666,9.200000000000001,Implement / Fight
9.666666666666666,9.4,Implement / Fight
9.666666666666666,9.600000000000001,Implement / Fight
9.666666666666666,9.8,Implement / Fight
9.666666666666666,10.0,Implement / Fight
9.666666666666666,10.200000000000001,Implement / Fight
9.666666666666666,10.4,Implement / Fight
9.666666666666666,10.600000000000001,Implement / Fight
9.666666666666666,10.8,Implement / Fight
9.666666666666666,11.0,Implement / Fight
9.666666666666666,11.200000000000001,Implement / Fight
9.666666666666666,11.4,Implement / Fight
9.666666666666666,11.600000000000001,Implement / Fight
9.666666666666666,11.8,Implement / Fight
9.666666666666666,12.0,Implement / Fight
9.666666666666666,12.200000000000001,Implement / Fight
9.666666666666666,12.4,Implement / Fight
9.666666666666666,12.600000000000001,Implement / Fight
9.666666666666666,12.8,Implement / Fight
9.666666666666666,13.0,Implement / Fight
9.666666666666666,13.200000000000001,Implement / Fight
9.666666666666666,13.4,Implement / Fight
9.666666666666666,13.600000000000001,Implement / Fight
9.666666666666666,13.8,Implement / Fight
9.666666666666666,14.0,Implement / Fight
9.666666666666666,14.200000000000001,Implement / Fight
9.666666666666666,14.4,Implement / Fight
9.666666666666666,14.600000000000001,Implement / Fight
9.666666666666666,14.8,Implement / Fight
9.666666666666666,15.0,Implement / Fight
9.666666666666666,15.200000000000001,Implement / Fight
9.666666666666666,15.4,Implement / Fight
9.666666666666666,15.600000000000001,Implement / Fight
9.666666666666666,15.8,Implement / Fight
9.666666666666666,16.0,Implement / Fight
9.666666666666666,16.2,Implement / Fight
9.666666666666666,16.400000000000002,Implement / Fight
9.666666666666666,16.6,Implement / Fight
9.666666666666666,16.8,Implement / Fight
9.666666666666666,17.0,Implement / Fight
9.666666666666666,17.2,Implement / Fight
9.666666666666666,17.400000000000002,Implement / Fight
9.666666666666666,17.6,Implement / Fight
9.666666666666666,17.8,Implement / Fight
9.666666666666666,18.0,Implement / Fight
9.666666666666666,18.2,Implement / Fight
9.666666666666666,18.400000000000002,Implement / Fight
9.666666666666666,18.6,Implement / Fight
9.666666666666666,18.8,Implement / Fight
9.666666666666666,19.0,Implement / Fight
9.666666666666666,19.200000000000003,Implement / Fight
9.666666666666666,19.400000000000002,Implement / Fight
9.666666666666666,19.6,Implement / Fight
9.666666666666666,19.8,Implement / Fight
10.0,0.0,Implement / Fight
10.0,0.2,Implement / Fight
10.0,0.4,Implement / Fight
10.0,0.6000000000000001,Implement / Fight
10.0,0.8,Implement / Fight
10.0,1.0,Implement / Fight
10.0,1.2000000000000002,Implement / Fight
10.0,1.4000000000000001,Implement / Fight
10.0,1.6,Implement / Fight
10.0,1.8,Implement / Fight
10.0,2.0,Implement / Fight
10.0,2.2,Implement / Fight
10.0,2.4000000000000004,Implement / Fight
10.0,2.6,Implement / Fight
10.0,2.8000000000000003,Implement / Fight
10.0,3.0,Implement / Fight
10.0,3.2,Implement / Fight
10.0,3.4000000000000004,Implement / Fight
10.0,3.6,Implement / Fight
10.0,3.8000000000000003,Implement / Fight
10.0,4.0,Implement / Fight
10.0,4.2,Implement / Fight
10.0,4.4,Implement / Fight
10.0,4.6000000000000005,Implement / Fight
10.0,4.800000000000001,Implement / Fight
10.0,5.0,Implement / Fight
10.0,5.2,Implement / Fight
10.0,5.4,Implement / Fight
10.0,5.6000000000000005,Implement / Fight
10.0,5.800000000000001,Implement / Fight
10.0,6.0,Implement / Fight
10.0,6.2,Implement / Fight
10.0,6.4,Implement / Fight
10.0,6.6000000000000005,Implement / Fight
10.0,6.800000000000001,Implement / Fight
10.0,7.0,Implement / Fight
10.0,7.2,Implement / Fight
10.0,7.4,Implement / Fight
10.0,7.6000000000000005,Implement / Fight
10.0,7.800000000000001,Implement / Fight
10.0,8.0,Implement / Fight
10.0,8.200000000000001,Implement / Fight
10.0,8.4,Implement / Fight
10.0,8.6,Implement / Fight
10.0,8.8,Implement / Fight
10.0,9.0,Implement / Fight
10.0,9.200000000000001,Implement / Fight
10.0,9.4,Implement / Fight
10.0,9.600000000000001,Implement / Fight
10.0,9.8,Implement / Fight
10.0,10.0,Implement / Fight
10.0,10.200000000000001,Implement / Fight
10.0,10.4,Implement / Fight
10.0,10.600000000000001,Implement / Fight
10.0,10.8,Implement / Fight
10.0,11.0,Implement / Fight
10.0,11.200000000000001,Implement / Fight
10.0,11.4,Implement / Fight
10.0,11.600000000000001,Implement / Fight
10.0,11.8,Implement / Fight
10.0,12.0,Implement / Fight
10.0,12.200000000000001,Implement / Fight
10.0,12.4,Implement / Fight
10.0,12.600000000000001,Implement / Fight
10.0,12.8,Implement / Fight
10.0,13.0,Implement / Fight
10.0,13.200000000000001,Implement / Fight
10.0,13.4,Implement / Fight
10.0,13.600000000000001,Implement / Fight
10.0,13.8,Implement / Fight
10.0,14.0,Implement / Fight
10.0,14.200000000000001,Implement / Fight
10.0,14.4,Implement / Fight
10.0,14.600000000000001,Implement / Fight
10.0,14.8,Implement / Fight
10.0,15.0,Implement / Fight
10.0,15.200000000000001,Implement / Fight
10.0,15.4,Implement / Fight
10.0,15.600000000000001,Implement / Fight
10.0,15.8,Implement / Fight
10.0,16.0,Implement / Fight
10.0,16.2,Implement / Fight
10.0,16.400000000000002,Implement / Fight
10.0,16.6,Implement / Fight
10.0,16.8,Implement / Fight
10.0,17.0,Implement / Fight
10.0,17.2,Implement / Fight
10.0,17.400000000000002,Implement / Fight
10.0,17.6,Implement / Fight
10.0,17.8,Implement / Fight
10.0,18.0,Implement / Fight
10.0,18.2,Implement / Fight
10.0,18.400000000000002,Implement / Fight
10.0,18.6,Implement / Fight
10.0,18.8,Implement / Fight
10.0,19.0,Implement / Fight
10.0,19.200000000000003,Implement / Fight
10.0,19.400000000000002,Implement / Fight
10.0,19.6,Implement / Fight
10.0,19.8,Implement / Fight
10.333333333333332,0.0,Implement / Fight
10.333333333333332,0.2,Implement / Fight
10.333333333333332,0.4,Implement / Fight
10.333333333333332,0.6000000000000001,Implement / Fight
10.333333333333332,0.8,Implement / Fight
10.333333333333332,1.0,Implement / Fight
10.333333333333332,1.2000000000000002,Implement / Fight
10.333333333333332,1.4000000000000001,Implement / Fight
10.333333333333332,1.6,Implement / Fight
10.333333333333332,1.8,Implement / Fight
10.333333333333332,2.0,Implement / Fight
10.333333333333332,2.2,Implement / Fight
10.333333333333332,2.4000000000000004,Implement / Fight
10.333333333333332,2.6,Implement / Fight
10.333333333333332,2.8000000000000003,Implement / Fight
10.333333333333332,3.0,Implement / Fight
10.333333333333332,3.2,Implement / Fight
10.333333333333332,3.4000000000000004,Implement / Fight
10.333333333333332,3.6,Implement / Fight
10.333333333333332,3.8000000000000003,Implement / Fight
10.333333333333332,4.0,Implement / Fight
10.333333333333332,4.2,Implement / Fight
10.333333333333332,4.4,Implement / Fight
10.333333333333332,4.6000000000000005,Implement / Fight
10.333333333333332,4.800000000000001,Implement / Fight
10.333333333333332,5.0,Implement / Fight
10.333333333333332,5.2,Implement / Fight
10.333333333333332,5.4,Implement / Fight
10.333333333333332,5.6000000000000005,Implement / Fight
10.333333333333332,5.800000000000001,Implement / Fight
10.333333333333332,6.0,Implement / Fight
10.333333333333332,6.2,Implement / Fight
10.333333333333332,6.4,Implement / Fight
10.333333333333332,6.6000000000000005,Implement / Fight
10.333333333333332,6.800000000000001,Implement / Fight
10.333333333333332,7.0,Implement / Fight
10.333333333333332,7.2,Implement / Fight
10.333333333333332,7.4,Implement / Fight
10.333333333333332,7.6000000000000005,Implement / Fight
10.333333333333332,7.800000000000001,Implement / Fight
10.333333333333332,8.0,Implement / Fight
10.333333333333332,8.200000000000001,Implement / Fight
10.333333333333332,8.4,Implement / Fight
10.333333333333332,8.6,Implement / Fight
10.333333333333332,8.8,Implement / Fight
10.333333333333332,9.0,Implement / Fight
10.333333333333332,9.200000000000001,Implement / Fight
10.333333333333332,9.4,Implement / Fight
10.333333333333332,9.600000000000001,Implement / Fight
10.333333333333332,9.8,Implement / Fight
10.333333333333332,10.0,Implement / Fight
10.333333333333332,10.200000000000001,Implement / Fight
10.333333333333332,10.4,Implement / Fight
10.333333333333332,10.600000000000001,Implement / Fight
10.333333333333332,10.8,Implement / Fight
10.333333333333332,11.0,Implement / Fight
10.333333333333332,11.200000000000001,Implement / Fight
10.333333333333332,11.4,Implement / Fight
10.333333333333332,11.600000000000001,Implement / Fight
10.333333333333332,11.8,Implement / Fight
10.333333333333332,12.0,Implement / Fight
10.333333333333332,12.200000000000001,Implement / Fight
10.333333333333332,12.4,Implement / Fight
10.333333333333332,12.600000000000001,Implement / Fight
10.333333333333332,12.8,Implement / Fight
10.333333333333332,13.0,Implement / Fight
10.333333333333332,13.200000000000001,Implement / Fight
10.333333333333332,13.4,Implement / Fight
10.333333333333332,13.600000000000001,Implement / Fight
10.333333333333332,13.8,Implement / Fight
10.333333333333332,14.0,Implement / Fight
10.333333333333332,14.200000000000001,Implement / Fight
10.333333333333332,14.4,Implement / Fight
10.333333333333332,14.600000000000001,Implement / Fight
10.333333333333332,14.8,Implement / Fight
10.333333333333332,15.0,Implement / Fight
10.333333333333332,15.200000000000001,Implement / Fight
10.333333333333332,15.4,Implement / Fight
10.333333333333332,15.600000000000001,Implement / Fight
10.333333333333332,15.8,Implement / Fight
10.333333333333332,16.0,Implement / Fight
10.333333333333332,16.2,Implement / Fight
10.333333333333332,16.400000000000002,Implement / Fight
10.333333333333332,16.6,Implement / Fight
10.333333333333332,16.8,Implement / Fight
10.333333333333332,17.0,Implement / Fight
10.333333333333332,17.2,Implement / Fight
10.333333333333332,17.400000000000002,Implement / Fight
10.333333333333332,17.6,Implement / Fight
10.333333333333332,17.8,Implement / Fight
10.333333333333332,18.0,Implement / Fight
10.333333333333332,18.2,Implement / Fight
10.333333333333332,18.400000000000002,Implement / Fight
10.333333333333332,18.6,Implement / Fight
10.333333333333332,18.8,Implement / Fight
10.333333333333332,19.0,Implement / Fight
10.333333333333332,19.200000000000003,Implement / Fight
10.333333333333332,19.400000000000002,Implement / Fight
10.333333333333332,19.6,Implement / Fight
10.333333333333332,19.8,Implement / Fight
10.666666666666666,0.0,Implement / Fight
10.666666666666666,0.2,Implement / Fight
10.666666666666666,0.4,Implement / Fight
10.666666666666666,0.6000000000000001,Implement / Fight
10.666666666666666,0.8,Implement / Fight
10.666666666666666,1.0,Implement / Fight
10.666666666666666,1.2000000000000002,Implement / Fight
10.666666666666666,1.4000000000000001,Implement / Fight
10.666666666666666,1.6,Implement / Fight
10.666666666666666,1.8,Implement / Fight
10.666666666666666,2.0,Implement / Fight
10.666666666666666,2.2,Implement / Fight
10.666666666666666,2.4000000000000004,Implement / Fight
10.666666666666666,2.6,Implement / Fight
10.666666666666666,2.8000000000000003,Implement / Fight
10.666666666666666,3.0,Implement / Fight
10.666666666666666,3.2,Implement / Fight
10.666666666666666,3.4000000000000004,Implement / Fight
10.666666666666666,3.6,Implement / Fight
10.666666666666666,3.8000000000000003,Implement / Fight
10.666666666666666,4.0,Implement / Fight
10.666666666666666,4.2,Implement / Fight
10.666666666666666,4.4,Implement / Fight
10.666666666666666,4.6000000000000005,Implement / Fight
10.666666666666666,4.800000000000001,Implement / Fight
10.666666666666666,5.0,Implement / Fight
10.666666666666666,5.2,Implement / Fight
10.666666666666666,5.4,Implement / Fight
10.666666666666666,5.6000000000000005,Implement / Fight
10.666666666666666,5.800000000000001,Implement / Fight
10.666666666666666,6.0,Implement / Fight
10.666666666666666,6.2,Implement / Fight
10.666666666666666,6.4,Implement / Fight
10.666666666666666,6.6000000000000005,Implement / Fight
10.666666666666666,6.800000000000001,Implement / Fight
10.666666666666666,7.0,Implement / Fight
10.666666666666666,7.2,Implement / Fight
10.666666666666666,7.4,Implement / Fight
10.666666666666666,7.6000000000000005,Implement / Fight
10.666666666666666,7.800000000000001,Implement / Fight
10.666666666666666,8.0,Implement / Fight
10.666666666666666,8.200000000000001,Implement / Fight
10.666666666666666,8.4,Implement / Fight
10.666666666666666,8.6,Implement / Fight
10.666666666666666,8.8,Implement / Fight
10.666666666666666,9.0,Implement / Fight
10.666666666666666,9.200000000000001,Implement / Fight
10.666666666666666,9.4,Implement / Fight
10.666666666666666,9.600000000000001,Implement / Fight
10.666666666666666,9.8,Implement / Fight
10.666666666666666,10.0,Implement / Fight
10.666666666666666,10.200000000000001,Implement / Fight
10.666666666666666,10.4,Implement / Fight
10.666666666666666,10.600000000000001,Implement / Fight
10.666666666666666,10.8,Implement / Fight
10.666666666666666,11.0,Implement / Fight
10.666666666666666,11.200000000000001,Implement / Fight
10.666666666666666,11.4,Implement / Fight
10.666666666666666,11.600000000000001,Implement / Fight
10.666666666666666,11.8,Implement / Fight
10.666666666666666,12.0,Implement / Fight
10.666666666666666,12.200000000000001,Implement / Fight
10.666666666666666,12.4,Implement / Fight
10.666666666666666,12.600000000000001,Implement / Fight
10.666666666666666,12.8,Implement / Fight
10.666666666666666,13.0,Implement / Fight
10.666666666666666,13.200000000000001,Implement / Fight
10.666666666666666,13.4,Implement / Fight
10.666666666666666,13.600000000000001,Implement / Fight
10.666666666666666,13.8,Implement / Fight
10.666666666666666,14.0,Implement / Fight
10.666666666666666,14.200000000000001,Implement / Fight
10.666666666666666,14.4,Implement / Fight
10.666666666666666,14.600000000000001,Implement / Fight
10.666666666666666,14.8,Implement / Fight
10.666666666666666,15.0,Implement / Fight
10.666666666666666,15.200000000000001,Implement / Fight
10.666666666666666,15.4,Implement / Fight
10.666666666666666,15.600000000000001,Implement / Fight
10.666666666666666,15.8,Implement / Fight
10.666666666666666,16.0,Implement / Fight
10.666666666666666,16.2,Implement / Fight
10.666666666666666,16.400000000000002,Implement / Fight
10.666666666666666,16.6,Implement / Fight
10.666666666666666,16.8,Implement / Fight
10.666666666666666,17.0,Implement / Fight
10.666666666666666,17.2,Implement / Fight
10.666666666666666,17.400000000000002,Implement / Fight
10.666666666666666,17.6,Implement / Fight
10.666666666666666,17.8,Implement / Fight
10.666666666666666,18.0,Implement / Fight
10.666666666666666,18.2,Implement / Fight
10.666666666666666,18.400000000000002,Implement / Fight
10.666666666666666,18.6,Implement / Fight
10.666666666666666,18.8,Implement / Fight
10.666666666666666,19.0,Implement / Fight
10.666666666666666,19.200000000000003,Implement / Fight
10.666666666666666,19.400000000000002,Implement / Fight
10.666666666666666,19.6,Implement / Fight
10.666666666666666,19.8,Implement / Fight
11.0,0.0,Implement / Fight
11.0,0.2,Implement / Fight
11.0,0.4,Implement / Fight
11.0,0.6000000000000001,Implement / Fight
11.0,0.8,Implement / Fight
11.0,1.0,Implement / Fight
11.0,1.2000000000000002,Implement / Fight
11.0,1.4000000000000001,Implement / Fight
11.0,1.6,Implement / Fight
11.0,1.8,Implement / Fight
11.0,2.0,Implement / Fight
11.0,2.2,Implement / Fight
11.0,2.4000000000000004,Implement / Fight
11.0,2.6,Implement / Fight
11.0,2.8000000000000003,Implement / Fight
11.0,3.0,Implement / Fight
11.0,3.2,Implement / Fight
11.0,3.4000000000000004,Implement / Fight
11.0,3.6,Implement / Fight
11.0,3.8000000000000003,Implement / Fight
11.0,4.0,Implement / Fight
11.0,4.2,Implement / Fight
11.0,4.4,Implement / Fight
11.0,4.6000000000000005,Implement / Fight
11.0,4.800000000000001,Implement / Fight
11.0,5.0,Implement / Fight
11.0,5.2,Implement / Fight
11.0,5.4,Implement / Fight
11.0,5.6000000000000005,Implement / Fight
11.0,5.800000000000001,Implement / Fight
11.0,6.0,Implement / Fight
11.0,6.2,Implement / Fight
11.0,6.4,Implement / Fight
11.0,6.6000000000000005,Implement / Fight
11.0,6.800000000000001,Implement / Fight
11.0,7.0,Implement / Fight
11.0,7.2,Implement / Fight
11.0,7.4,Implement / Fight
11.0,7.6000000000000005,Implement / Fight
11.0,7.800000000000001,Implement / Fight
11.0,8.0,Implement / Fight
11.0,8.200000000000001,Implement / Fight
11.0,8.4,Implement / Fight
11.0,8.6,Implement / Fight
11.0,8.8,Implement / Fight
11.0,9.0,Implement / Fight
11.0,9.200000000000001,Implement / Fight
11.0,9.4,Implement / Fight
11.0,9.600000000000001,Implement / Fight
11.0,9.8,Implement / Fight
11.0,10.0,Implement / Fight
11.0,10.200000000000001,Implement / Fight
11.0,10.4,Implement / Fight
11.0,10.600000000000001,Implement / Fight
11.0,10.8,Implement / Fight
11.0,11.0,Implement / Fight
11.0,11.200000000000001,Implement / Fight
11.0,11.4,Implement / Fight
11.0,11.600000000000001,Implement / Fight
11.0,11.8,Implement / Fight
11.0,12.0,Implement / Fight
11.0,12.200000000000001,Implement / Fight
11.0,12.4,Implement / Fight
11.0,12.600000000000001,Implement / Fight
11.0,12.8,Implement / Fight
11.0,13.0,Implement / Fight
11.0,13.200000000000001,Implement / Fight
11.0,13.4,Implement / Fight
11.0,13.600000000000001,Implement / Fight
11.0,13.8,Implement / Fight
11.0,14.0,Implement / Fight
11.0,14.200000000000001,Implement / Fight
11.0,14.4,Implement / Fight
11.0,14.600000000000001,Implement / Fight
11.0,14.8,Implement / Fight
11.0,15.0,Implement / Fight
11.0,15.200000000000001,Implement / Fight
11.0,15.4,Implement / Fight
11.0,15.600000000000001,Implement / Fight
11.0,15.8,Implement / Fight
11.0,16.0,Implement / Fight
11.0,16.2,Implement / Fight
11.0,16.400000000000002,Implement / Fight
11.0,16.6,Implement / Fight
11.0,16.8,Implement / Fight
11.0,17.0,Implement / Fight
11.0,17.2,Implement / Fight
11.0,17.400000000000002,Implement / Fight
11.0,17.6,Implement / Fight
11.0,17.8,Implement / Fight
11.0,18.0,Implement / Fight
11.0,18.2,Implement / Fight
11.0,18.400000000000002,Implement / Fight
11.0,18.6,Implement / Fight
11.0,18.8,Implement / Fight
11.0,19.0,Implement / Fight
11.0,19.200000000000003,Implement / Fight
11.0,19.400000000000002,Implement / Fight
11.0,19.6,Implement / Fight
11.0,19.8,Implement / Fight
11.333333333333332,0.0,Implement / Fight
11.333333333333332,0.2,Implement / Fight
11.333333333333332,0.4,Implement / Fight
11.333333333333332,0.6000000000000001,Implement / Fight
11.333333333333332,0.8,Implement / Fight
11.333333333333332,1.0,Implement / Fight
11.333333333333332,1.2000000000000002,Implement / Fight
11.333333333333332,1.4000000000000001,Implement / Fight
11.333333333333332,1.6,Implement / Fight
11.333333333333332,1.8,Implement / Fight
11.333333333333332,2.0,Implement / Fight
11.333333333333332,2.2,Implement / Fight
11.333333333333332,2.4000000000000004,Implement / Fight
11.333333333333332,2.6,Implement / Fight
11.333333333333332,2.8000000000000003,Implement / Fight
11.333333333333332,3.0,Implement / Fight
11.333333333333332,3.2,Implement / Fight
11.333333333333332,3.4000000000000004,Implement / Fight
11.333333333333332,3.6,Implement / Fight
11.333333333333332,3.8000000000000003,Implement / Fight
11.333333333333332,4.0,Implement / Fight
11.333333333333332,4.2,Implement / Fight
11.333333333333332,4.4,Implement / Fight
11.333333333333332,4.6000000000000005,Implement / Fight
11.333333333333332,4.800000000000001,Implement / Fight
11.333333333333332,5.0,Implement / Fight
11.333333333333332,5.2,Implement / Fight
11.333333333333332,5.4,Implement / Fight
11.333333333333332,5.6000000000000005,Implement / Fight
11.333333333333332,5.800000000000001,Implement / Fight
11.333333333333332,6.0,Implement / Fight
11.333333333333332,6.2,Implement / Fight
11.333333333333332,6.4,Implement / Fight
11.333333333333332,6.6000000000000005,Implement / Fight
11.333333333333332,6.800000000000001,Implement / Fight
11.333333333333332,7.0,Implement / Fight
11.333333333333332,7.2,Implement / Fight
11.333333333333332,7.4,Implement / Fight
11.333333333333332,7.6000000000000005,Implement / Fight
11.333333333333332,7.800000000000001,Implement / Fight
11.333333333333332,8.0,Implement / Fight
11.333333333333332,8.200000000000001,Implement / Fight
11.333333333333332,8.4,Implement / Fight
11.333333333333332,8.6,Implement / Fight
11.333333333333332,8.8,Implement / Fight
11.333333333333332,9.0,Implement / Fight
11.333333333333332,9.200000000000001,Implement / Fight
11.333333333333332,9.4,Implement / Fight
11.333333333333332,9.600000000000001,Implement / Fight
11.333333333333332,9.8,Implement / Fight
11.333333333333332,10.0,Implement / Fight
11.333333333333332,10.200000000000001,Implement / Fight
11.333333333333332,10.4,Implement / Fight
11.333333333333332,10.600000000000001,Implement / Fight
11.333333333333332,10.8,Implement / Fight
11.333333333333332,11.0,Implement / Fight
11.333333333333332,11.200000000000001,Implement / Fight
11.333333333333332,11.4,Implement / Fight
11.333333333333332,11.600000000000001,Implement / Fight
11.333333333333332,11.8,Implement / Fight
11.333333333333332,12.0,Implement / Fight
11.333333333333332,12.200000000000001,Implement / Fight
11.333333333333332,12.4,Implement / Fight
11.333333333333332,12.600000000000001,Implement / Fight
11.333333333333332,12.8,Implement / Fight
11.333333333333332,13.0,Implement / Fight
11.333333333333332,13.200000000000001,Implement / Fight
11.333333333333332,13.4,Implement / Fight
11.333333333333332,13.600000000000001,Implement / Fight
11.333333333333332,13.8,Implement / Fight
11.333333333333332,14.0,Implement / Fight
11.333333333333332,14.200000000000001,Implement / Fight
11.333333333333332,14.4,Implement / Fight
11.333333333333332,14.600000000000001,Implement / Fight
11.333333333333332,14.8,Implement / Fight
11.333333333333332,15.0,Implement / Fight
11.333333333333332,15.200000000000001,Implement / Fight
11.333333333333332,15.4,Implement / Fight
11.333333333333332,15.600000000000001,Implement / Fight
11.333333333333332,15.8,Implement / Fight
11.333333333333332,16.0,Implement / Fight
11.333333333333332,16.2,Implement / Fight
11.333333333333332,16.400000000000002,Implement / Fight
11.333333333333332,16.6,Implement / Fight
11.333333333333332,16.8,Implement / Fight
11.333333333333332,17.0,Implement / Fight
11.333333333333332,17.2,Implement / Fight
11.333333333333332,17.400000000000002,Implement / Fight
11.333333333333332,17.6,Implement / Fight
11.333333333333332,17.8,Implement / Fight
11.333333333333332,18.0,Implement / Fight
11.333333333333332,18.2,Implement / Fight
11.333333333333332,18.400000000000002,Implement / Fight
11.333333333333332,18.6,Implement / Fight
11.333333333333332,18.8,Implement / Fight
11.333333333333332,19.0,Implement / Fight
11.333333333333332,19.200000000000003,Implement / Fight
11.333333333333332,19.400000000000002,Implement / Fight
11.333333333333332,19.6,Implement / Fight
11.333333333333332,19.8,Implement / Fight
11.666666666666666,0.0,Implement / Fight
11.666666666666666,0.2,Implement / Fight
11.666666666666666,0.4,Implement / Fight
11.666666666666666,0.6000000000000001,Implement / Fight
11.666666666666666,0.8,Implement / Fight
11.666666666666666,1.0,Implement / Fight
11.666666666666666,1.2000000000000002,Implement / Fight
11.666666666666666,1.4000000000000001,Implement / Fight
11.666666666666666,1.6,Implement / Fight
11.666666666666666,1.8,Implement / Fight
11.666666666666666,2.0,Implement / Fight
11.666666666666666,2.2,Implement / Fight
11.666666666666666,2.4000000000000004,Implement / Fight
11.666666666666666,2.6,Implement / Fight
11.666666666666666,2.8000000000000003,Implement / Fight
11.666666666666666,3.0,Implement / Fight
11.666666666666666,3.2,Implement / Fight
11.666666666666666,3.4000000000000004,Implement / Fight
11.666666666666666,3.6,Implement / Fight
11.666666666666666,3.8000000000000003,Implement / Fight
11.666666666666666,4.0,Implement / Fight
11.666666666666666,4.2,Implement / Fight
11.666666666666666,4.4,Implement / Fight
11.666666666666666,4.6000000000000005,Implement / Fight
11.666666666666666,4.800000000000001,Implement / Fight
11.666666666666666,5.0,Implement / Fight
11.666666666666666,5.2,Implement / Fight
11.666666666666666,5.4,Implement / Fight
11.666666666666666,5.6000000000000005,Implement / Fight
11.666666666666666,5.800000000000001,Implement / Fight
11.666666666666666,6.0,Implement / Fight
11.666666666666666,6.2,Implement / Fight
11.666666666666666,6.4,Implement / Fight
11.666666666666666,6.6000000000000005,Implement / Fight
11.666666666666666,6.800000000000001,Implement / Fight
11.666666666666666,7.0,Implement / Fight
11.666666666666666,7.2,Implement / Fight
11.666666666666666,7.4,Implement / Fight
11.666666666666666,7.6000000000000005,Implement / Fight
11.666666666666666,7.800000000000001,Implement / Fight
11.666666666666666,8.0,Implement / Fight
11.666666666666666,8.200000000000001,Implement / Fight
11.666666666666666,8.4,Implement / Fight
11.666666666666666,8.6,Implement / Fight
11.666666666666666,8.8,Implement / Fight
11.666666666666666,9.0,Implement / Fight
11.666666666666666,9.200000000000001,Implement / Fight
11.666666666666666,9.4,Implement / Fight
11.666666666666666,9.600000000000001,Implement / Fight
11.666666666666666,9.8,Implement / Fight
11.666666666666666,10.0,Implement / Fight
11.666666666666666,10.200000000000001,Implement / Fight
11.666666666666666,10.4,Implement / Fight
11.666666666666666,10.600000000000001,Implement / Fight
11.666666666666666,10.8,Implement / Fight
11.666666666666666,11.0,Implement / Fight
11.666666666666666,11.200000000000001,Implement / Fight
11.666666666666666,11.4,Implement / Fight
11.666666666666666,11.600000000000001,Implement / Fight
11.666666666666666,11.8,Implement / Fight
11.666666666666666,12.0,Implement / Fight
11.666666666666666,12.200000000000001,Implement / Fight
11.666666666666666,12.4,Implement / Fight
11.666666666666666,12.600000000000001,Implement / Fight
11.666666666666666,12.8,Implement / Fight
11.666666666666666,13.0,Implement / Fight
11.666666666666666,13.200000000000001,Implement / Fight
11.666666666666666,13.4,Implement / Fight
11.666666666666666,13.600000000000001,Implement / Fight
11.666666666666666,13.8,Implement / Fight
11.666666666666666,14.0,Implement / Fight
11.666666666666666,14.200000000000001,Implement / Fight
11.666666666666666,14.4,Implement / Fight
11.666666666666666,14.600000000000001,Implement / Fight
11.666666666666666,14.8,Implement / Fight
11.666666666666666,15.0,Implement / Fight
11.666666666666666,15.200000000000001,Implement / Fight
11.666666666666666,15.4,Implement / Fight
11.666666666666666,15.600000000000001,Implement / Fight
11.666666666666666,15.8,Implement / Fight
11.666666666666666,16.0,Implement / Fight
11.666666666666666,16.2,Implement / Fight
11.666666666666666,16.400000000000002,Implement / Fight
11.666666666666666,16.6,Implement / Fight
11.666666666666666,16.8,Implement / Fight
11.666666666666666,17.0,Implement / Fight
11.666666666666666,17.2,Implement / Fight
11.666666666666666,17.400000000000002,Implement / Fight
11.666666666666666,17.6,Implement / Fight
11.666666666666666,17.8,Implement / Fight
11.666666666666666,18.0,Implement / Fight
11.666666666666666,18.2,Implement / Fight
11.666666666666666,18.400000000000002,Implement / Fight
11.666666666666666,18.6,Implement / Fight
11.666666666666666,18.8,Implement / Fight
11.666666666666666,19.0,Implement / Fight
11.666666666666666,19.200000000000003,Implement / Fight
11.666666666666666,19.400000000000002,Implement / Fight
11.666666666666666,19.6,Implement / Fight
11.666666666666666,19.8,Implement / Fight
12.0,0.0,Implement / Fight
12.0,0.2,Implement / Fight
12.0,0.4,Implement / Fight
12.0,0.6000000000000001,Implement / Fight
12.0,0.8,Implement / Fight
12.0,1.0,Implement / Fight
12.0,1.2000000000000002,Implement / Fight
12.0,1.4000000000000001,Implement / Fight
12.0,1.6,Implement / Fight
12.0,1.8,Implement / Fight
12.0,2.0,Implement / Fight
12.0,2.2,Implement / Fight
12.0,2.4000000000000004,Implement / Fight
12.0,2.6,Implement / Fight
12.0,2.8000000000000003,Implement / Fight
12.0,3.0,Implement / Fight
12.0,3.2,Implement / Fight
12.0,3.4000000000000004,Implement / Fight
12.0,3.6,Implement / Fight
12.0,3.8000000000000003,Implement / Fight
12.0,4.0,Implement / Fight
12.0,4.2,Implement / Fight
12.0,4.4,Implement / Fight
12.0,4.6000000000000005,Implement / Fight
12.0,4.800000000000001,Implement / Fight
12.0,5.0,Implement / Fight
12.0,5.2,Implement / Fight
12.0,5.4,Implement / Fight
12.0,5.6000000000000005,Implement / Fight
12.0,5.800000000000001,Implement / Fight
12.0,6.0,Implement / Fight
12.0,6.2,Implement / Fight
12.0,6.4,Implement / Fight
12.0,6.6000000000000005,Implement / Fight
12.0,6.800000000000001,Implement / Fight
12.0,7.0,Implement / Fight
12.0,7.2,Implement / Fight
12.0,7.4,Implement / Fight
12.0,7.6000000000000005,Implement / Fight
12.0,7.800000000000001,Implement / Fight
12.0,8.0,Implement / Fight
12.0,8.200000000000001,Implement / Fight
12.0,8.4,Implement / Fight
12.0,8.6,Implement / Fight
12.0,8.8,Implement / Fight
12.0,9.0,Implement / Fight
12.0,9.200000000000001,Implement / Fight
12.0,9.4,Implement / Fight
12.0,9.600000000000001,Implement / Fight
12.0,9.8,Implement / Fight
12.0,10.0,Implement / Fight
12.0,10.200000000000001,Implement / Fight
12.0,10.4,Implement / Fight
12.0,10.600000000000001,Implement / Fight
12.0,10.8,Implement / Fight
12.0,11.0,Implement / Fight
12.0,11.200000000000001,Implement / Fight
12.0,11.4,Implement / Fight
12.0,11.600000000000001,Implement / Fight
12.0,11.8,Implement / Fight
12.0,12.0,Implement / Fight
12.0,12.200000000000001,Implement / Fight
12.0,12.4,Implement / Fight
12.0,12.600000000000001,Implement / Fight
12.0,12.8,Implement / Fight
12.0,13.0,Implement / Fight
12.0,13.200000000000001,Implement / Fight
12.0,13.4,Implement / Fight
12.0,13.600000000000001,Implement / Fight
12.0,13.8,Implement / Fight
12.0,14.0,Implement / Fight
12.0,14.200000000000001,Implement / Fight
12.0,14.4,Implement / Fight
12.0,14.600000000000001,Implement / Fight
12.0,14.8,Implement / Fight
12.0,15.0,Implement / Fight
12.0,15.200000000000001,Implement / Fight
12.0,15.4,Implement / Fight
12.0,15.600000000000001,Implement / Fight
12.0,15.8,Implement / Fight
12.0,16.0,Implement / Fight
12.0,16.2,Implement / Fight
12.0,16.400000000000002,Implement / Fight
12.0,16.6,Implement / Fight
12.0,16.8,Implement / Fight
12.0,17.0,Implement / Fight
12.0,17.2,Implement / Fight
12.0,17.400000000000002,Implement / Fight
12.0,17.6,Implement / Fight
12.0,17.8,Implement / Fight
12.0,18.0,Implement / Fight
12.0,18.2,Implement / Fight
12.0,18.400000000000002,Implement / Fight
12.0,18.6,Implement / Fight
12.0,18.8,Implement / Fight
12.0,19.0,Implement / Fight
12.0,19.200000000000003,Implement / Fight
12.0,19.400000000000002,Implement / Fight
12.0,19.6,Implement / Fight
12.0,19.8,Implement / Fight
12.333333333333332,0.0,Implement / Fight
12.333333333333332,0.2,Implement / Fight
12.333333333333332,0.4,Implement / Fight
12.333333333333332,0.6000000000000001,Implement / Fight
12.333333333333332,0.8,Implement / Fight
12.333333333333332,1.0,Implement / Fight
12.333333333333332,1.2000000000000002,Implement / Fight
12.333333333333332,1.4000000000000001,Implement / Fight
12.333333333333332,1.6,Implement / Fight
12.333333333333332,1.8,Implement / Fight
12.333333333333332,2.0,Implement / Fight
12.333333333333332,2.2,Implement / Fight
12.333333333333332,2.4000000000000004,Implement / Fight
12.333333333333332,2.6,Implement / Fight
12.333333333333332,2.8000000000000003,Implement / Fight
12.333333333333332,3.0,Implement / Fight
12.333333333333332,3.2,Implement / Fight
12.333333333333332,3.4000000000000004,Implement / Fight
12.333333333333332,3.6,Implement / Fight
12.333333333333332,3.8000000000000003,Implement / Fight
12.333333333333332,4.0,Implement / Fight
12.333333333333332,4.2,Implement / Fight
12.333333333333332,4.4,Implement / Fight
12.333333333333332,4.6000000000000005,Implement / Fight
12.333333333333332,4.800000000000001,Implement / Fight
12.333333333333332,5.0,Implement / Fight
12.333333333333332,5.2,Implement / Fight
12.333333333333332,5.4,Implement / Fight
12.333333333333332,5.6000000000000005,Implement / Fight
12.333333333333332,5.800000000000001,Implement / Fight
12.333333333333332,6.0,Implement / Fight
12.333333333333332,6.2,Implement / Fight
12.333333333333332,6.4,Implement / Fight
12.333333333333332,6.6000000000000005,Implement / Fight
12.333333333333332,6.800000000000001,Implement / Fight
12.333333333333332,7.0,Implement / Fight
12.333333333333332,7.2,Implement / Fight
12.333333333333332,7.4,Implement / Fight
12.333333333333332,7.6000000000000005,Implement / Fight
12.333333333333332,7.800000000000001,Implement / Fight
12.333333333333332,8.0,Implement / Fight
12.333333333333332,8.200000000000001,Implement / Fight
12.333333333333332,8.4,Implement / Fight
12.333333333333332,8.6,Implement / Fight
12.333333333333332,8.8,Implement / Fight
12.333333333333332,9.0,Implement / Fight
12.333333333333332,9.200000000000001,Implement / Fight
12.333333333333332,9.4,Implement / Fight
12.333333333333332,9.600000000000001,Implement / Fight
12.333333333333332,9.8,Implement / Fight
12.333333333333332,10.0,Implement / Fight
12.333333333333332,10.200000000000001,Implement / Fight
12.333333333333332,10.4,Implement / Fight
12.333333333333332,10.600000000000001,Implement / Fight
12.333333333333332,10.8,Implement / Fight
12.333333333333332,11.0,Implement / Fight
12.333333333333332,11.200000000000001,Implement / Fight
12.333333333333332,11.4,Implement / Fight
12.333333333333332,11.600000000000001,Implement / Fight
12.333333333333332,11.8,Implement / Fight
12.333333333333332,12.0,Implement / Fight
12.333333333333332,12.200000000000001,Implement / Fight
12.333333333333332,12.4,Implement / Fight
12.333333333333332,12.600000000000001,Implement / Fight
12.333333333333332,12.8,Implement / Fight
12.333333333333332,13.0,Implement / Fight
12.333333333333332,13.200000000000001,Implement / Fight
12.333333333333332,13.4,Implement / Fight
12.333333333333332,13.600000000000001,Implement / Fight
12.333333333333332,13.8,Implement / Fight
12.333333333333332,14.0,Implement / Fight
12.333333333333332,14.200000000000001,Implement / Fight
12.333333333333332,14.4,Implement / Fight
12.333333333333332,14.600000000000001,Implement / Fight
12.333333333333332,14.8,Implement / Fight
12.333333333333332,15.0,Implement / Fight
12.333333333333332,15.200000000000001,Implement / Fight
12.333333333333332,15.4,Implement / Fight
12.333333333333332,15.600000000000001,Implement / Fight
12.333333333333332,15.8,Implement / Fight
12.333333333333332,16.0,Implement / Fight
12.333333333333332,16.2,Implement / Fight
12.333333333333332,16.400000000000002,Implement / Fight
12.333333333333332,16.6,Implement / Fight
12.333333333333332,16.8,Implement / Fight
12.333333333333332,17.0,Implement / Fight
12.333333333333332,17.2,Implement / Fight
12.333333333333332,17.400000000000002,Implement / Fight
12.333333333333332,17.6,Implement / Fight
12.333333333333332,17.8,Implement / Fight
12.333333333333332,18.0,Implement / Fight
12.333333333333332,18.2,Implement / Fight
12.333333333333332,18.400000000000002,Implement / Fight
12.333333333333332,18.6,Implement / Fight
12.333333333333332,18.8,Implement / Fight
12.333333333333332,19.0,Implement / Fight
12.333333333333332,19.200000000000003,Implement / Fight
12.333333333333332,19.400000000000002,Implement / Fight
12.333333333333332,19.6,Implement / Fight
12.333333333333332,19.8,Implement / Fight
12.666666666666666,0.0,Implement / Fight
12.666666666666666,0.2,Implement / Fight
12.666666666666666,0.4,Implement / Fight
12.666666666666666,0.6000000000000001,Implement / Fight
12.666666666666666,0.8,Implement / Fight
12.666666666666666,1.0,Implement / Fight
12.666666666666666,1.2000000000000002,Implement / Fight
12.666666666666666,1.4000000000000001,Implement / Fight
12.666666666666666,1.6,Implement / Fight
12.666666666666666,1.8,Implement / Fight
12.666666666666666,2.0,Implement / Fight
12.666666666666666,2.2,Implement / Fight
12.666666666666666,2.4000000000000004,Implement / Fight
12.666666666666666,2.6,Implement / Fight
12.666666666666666,2.8000000000000003,Implement / Fight
12.666666666666666,3.0,Implement / Fight
12.666666666666666,3.2,Implement / Fight
12.666666666666666,3.4000000000000004,Implement / Fight
12.666666666666666,3.6,Implement / Fight
12.666666666666666,3.8000000000000003,Implement / Fight
12.666666666666666,4.0,Implement / Fight
12.666666666666666,4.2,Implement / Fight
12.666666666666666,4.4,Implement / Fight
12.666666666666666,4.6000000000000005,Implement / Fight
12.666666666666666,4.800000000000001,Implement / Fight
12.666666666666666,5.0,Implement / Fight
12.666666666666666,5.2,Implement / Fight
12.666666666666666,5.4,Implement / Fight
12.666666666666666,5.6000000000000005,Implement / Fight
12.666666666666666,5.800000000000001,Implement / Fight
12.666666666666666,6.0,Implement / Fight
12.666666666666666,6.2,Implement / Fight
12.666666666666666,6.4,Implement / Fight
12.666666666666666,6.6000000000000005,Implement / Fight
12.666666666666666,6.800000000000001,Implement / Fight
12.666666666666666,7.0,Implement / Fight
12.666666666666666,7.2,Implement / Fight
12.666666666666666,7.4,Implement / Fight
12.666666666666666,7.6000000000000005,Implement / Fight
12.666666666666666,7.800000000000001,Implement / Fight
12.666666666666666,8.0,Implement / Fight
12.666666666666666,8.200000000000001,Implement / Fight
12.666666666666666,8.4,Implement / Fight
12.666666666666666,8.6,Implement / Fight
12.666666666666666,8.8,Implement / Fight
12.666666666666666,9.0,Implement / Fight
12.666666666666666,9.200000000000001,Implement / Fight
12.666666666666666,9.4,Implement / Fight
12.666666666666666,9.600000000000001,Implement / Fight
12.666666666666666,9.8,Implement / Fight
12.666666666666666,10.0,Implement / Fight
12.666666666666666,10.200000000000001,Implement / Fight
12.666666666666666,10.4,Implement / Fight
12.666666666666666,10.600000000000001,Implement / Fight
12.666666666666666,10.8,Implement / Fight
12.666666666666666,11.0,Implement / Fight
12.666666666666666,11.200000000000001,Implement / Fight
12.666666666666666,11.4,Implement / Fight
12.666666666666666,11.600000000000001,Implement / Fight
12.666666666666666,11.8,Implement / Fight
12.666666666666666,12.0,Implement / Fight
12.666666666666666,12.200000000000001,Implement / Fight
12.666666666666666,12.4,Implement / Fight
12.666666666666666,12.600000000000001,Implement / Fight
12.666666666666666,12.8,Implement / Fight
12.666666666666666,13.0,Implement / Fight
12.666666666666666,13.200000000000001,Implement / Fight
12.666666666666666,13.4,Implement / Fight
12.666666666666666,13.600000000000001,Implement / Fight
12.666666666666666,13.8,Implement / Fight
12.666666666666666,14.0,Implement / Fight
12.666666666666666,14.200000000000001,Implement / Fight
12.666666666666666,14.4,Implement / Fight
12.666666666666666,14.600000000000001,Implement / Fight
12.666666666666666,14.8,Implement / Fight
12.666666666666666,15.0,Implement / Fight
12.666666666666666,15.200000000000001,Implement / Fight
12.666666666666666,15.4,Implement / Fight
12.666666666666666,15.600000000000001,Implement / Fight
12.666666666666666,15.8,Implement / Fight
12.666666666666666,16.0,Implement / Fight
12.666666666666666,16.2,Implement / Fight
12.666666666666666,16.400000000000002,Implement / Fight
12.666666666666666,16.6,Implement / Fight
12.666666666666666,16.8,Implement / Fight
12.666666666666666,17.0,Implement / Fight
12.666666666666666,17.2,Implement / Fight
12.666666666666666,17.400000000000002,Implement / Fight
12.666666666666666,17.6,Implement / Fight
12.666666666666666,17.8,Implement / Fight
12.666666666666666,18.0,Implement / Fight
12.666666666666666,18.2,Implement / Fight
12.666666666666666,18.400000000000002,Implement / Fight
12.666666666666666,18.6,Implement / Fight
12.666666666666666,18.8,Implement / Fight
12.666666666666666,19.0,Implement / Fight
12.666666666666666,19.200000000000003,Implement / Fight
12.666666666666666,19.400000000000002,Implement / Fight
12.666666666666666,19.6,Implement / Fight
12.666666666666666,19.8,Implement / Fight
13.0,0.0,Implement / Fight
13.0,0.2,Implement / Fight
13.0,0.4,Implement / Fight
13.0,0.6000000000000001,Implement / Fight
13.0,0.8,Implement / Fight
13.0,1.0,Implement / Fight
13.0,1.2000000000000002,Implement / Fight
13.0,1.4000000000000001,Implement / Fight
13.0,1.6,Implement / Fight
13.0,1.8,Implement / Fight
13.0,2.0,Implement / Fight
13.0,2.2,Implement / Fight
13.0,2.4000000000000004,Implement / Fight
13.0,2.6,Implement / Fight
13.0,2.8000000000000003,Implement / Fight
13.0,3.0,Implement / Fight
13.0,3.2,Implement / Fight
13.0,3.4000000000000004,Implement / Fight
13.0,3.6,Implement / Fight
13.0,3.8000000000000003,Implement / Fight
13.0,4.0,Implement / Fight
13.0,4.2,Implement / Fight
13.0,4.4,Implement / Fight
13.0,4.6000000000000005,Implement / Fight
13.0,4.800000000000001,Implement / Fight
13.0,5.0,Implement / Fight
13.0,5.2,Implement / Fight
13.0,5.4,Implement / Fight
13.0,5.6000000000000005,Implement / Fight
13.0,5.800000000000001,Implement / Fight
13.0,6.0,Implement / Fight
13.0,6.2,Implement / Fight
13.0,6.4,Implement / Fight
13.0,6.6000000000000005,Implement / Fight
13.0,6.800000000000001,Implement / Fight
13.0,7.0,Implement / Fight
13.0,7.2,Implement / Fight
13.0,7.4,Implement / Fight
13.0,7.6000000000000005,Implement / Fight
13.0,7.800000000000001,Implement / Fight
13.0,8.0,Implement / Fight
13.0,8.200000000000001,Implement / Fight
13.0,8.4,Implement / Fight
13.0,8.6,Implement / Fight
13.0,8.8,Implement / Fight
13.0,9.0,Implement / Fight
13.0,9.200000000000001,Implement / Fight
13.0,9.4,Implement / Fight
13.0,9.600000000000001,Implement / Fight
13.0,9.8,Implement / Fight
13.0,10.0,Implement / Fight
13.0,10.200000000000001,Implement / Fight
13.0,10.4,Implement / Fight
13.0,10.600000000000001,Implement / Fight
13.0,10.8,Implement / Fight
13.0,11.0,Implement / Fight
13.0,11.200000000000001,Implement / Fight
13.0,11.4,Implement / Fight
13.0,11.600000000000001,Implement / Fight
13.0,11.8,Implement / Fight
13.0,12.0,Implement / Fight
13.0,12.200000000000001,Implement / Fight
13.0,12.4,Implement / Fight
13.0,12.600000000000001,Implement / Fight
13.0,12.8,Implement / Fight
13.0,13.0,Implement / Fight
13.0,13.200000000000001,Implement / Fight
13.0,13.4,Implement / Fight
13.0,13.600000000000001,Implement / Fight
13.0,13.8,Implement / Fight
13.0,14.0,Implement / Fight
13.0,14.200000000000001,Implement / Fight
13.0,14.4,Implement / Fight
13.0,14.600000000000001,Implement / Fight
13.0,14.8,Implement / Fight
13.0,15.0,Implement / Fight
13.0,15.200000000000001,Implement / Fight
13.0,15.4,Implement / Fight
13.0,15.600000000000001,Implement / Fight
13.0,15.8,Implement / Fight
13.0,16.0,Implement / Fight
13.0,16.2,Implement / Fight
13.0,16.400000000000002,Implement / Fight
13.0,16.6,Implement / Fight
13.0,16.8,Implement / Fight
13.0,17.0,Implement / Fight
13.0,17.2,Implement / Fight
13.0,17.400000000000002,Implement / Fight
13.0,17.6,Implement / Fight
13.0,17.8,Implement / Fight
13.0,18.0,Implement / Fight
13.0,18.2,Implement / Fight
13.0,18.400000000000002,Implement / Fight
13.0,18.6,Implement / Fight
13.0,18.8,Implement / Fight
13.0,19.0,Implement / Fight
13.0,19.200000000000003,Implement / Fight
13.0,19.400000000000002,Implement / Fight
13.0,19.6,Implement / Fight
13.0,19.8,Implement / Fight
13.333333333333332,0.0,Implement / Fight
13.333333333333332,0.2,Implement / Fight
13.333333333333332,0.4,Implement / Fight
13.333333333333332,0.6000000000000001,Implement / Fight
13.333333333333332,0.8,Implement / Fight
13.333333333333332,1.0,Implement / Fight
13.333333333333332,1.2000000000000002,Implement / Fight
13.333333333333332,1.4000000000000001,Implement / Fight
13.333333333333332,1.6,Implement / Fight
13.333333333333332,1.8,Implement / Fight
13.333333333333332,2.0,Implement / Fight
13.333333333333332,2.2,Implement / Fight
13.333333333333332,2.4000000000000004,Implement / Fight
13.333333333333332,2.6,Implement / Fight
13.333333333333332,2.8000000000000003,Implement / Fight
13.333333333333332,3.0,Implement / Fight
13.333333333333332,3.2,Implement / Fight
13.333333333333332,3.4000000000000004,Implement / Fight
13.333333333333332,3.6,Implement / Fight
13.333333333333332,3.8000000000000003,Implement / Fight
13.333333333333332,4.0,Implement / Fight
13.333333333333332,4.2,Implement / Fight
13.333333333333332,4.4,Implement / Fight
13.333333333333332,4.6000000000000005,Implement / Fight
13.333333333333332,4.800000000000001,Implement / Fight
13.333333333333332,5.0,Implement / Fight
13.333333333333332,5.2,Implement / Fight
13.333333333333332,5.4,Implement / Fight
13.333333333333332,5.6000000000000005,Implement / Fight
13.333333333333332,5.800000000000001,Implement / Fight
13.333333333333332,6.0,Implement / Fight
13.333333333333332,6.2,Implement / Fight
13.333333333333332,6.4,Implement / Fight
13.333333333333332,6.6000000000000005,Implement / Fight
13.333333333333332,6.800000000000001,Implement / Fight
13.333333333333332,7.0,Implement / Fight
13.333333333333332,7.2,Implement / Fight
13.333333333333332,7.4,Implement / Fight
13.333333333333332,7.6000000000000005,Implement / Fight
13.333333333333332,7.800000000000001,Implement / Fight
13.333333333333332,8.0,Implement / Fight
13.333333333333332,8.200000000000001,Implement / Fight
13.333333333333332,8.4,Implement / Fight
13.333333333333332,8.6,Implement / Fight
13.333333333333332,8.8,Implement / Fight
13.333333333333332,9.0,Implement / Fight
13.333333333333332,9.200000000000001,Implement / Fight
13.333333333333332,9.4,Implement / Fight
13.333333333333332,9.600000000000001,Implement / Fight
13.333333333333332,9.8,Implement / Fight
13.333333333333332,10.0,Implement / Fight
13.333333333333332,10.200000000000001,Implement / Fight
13.333333333333332,10.4,Implement / Fight
13.333333333333332,10.600000000000001,Implement / Fight
13.333333333333332,10.8,Implement / Fight
13.333333333333332,11.0,Implement / Fight
13.333333333333332,11.200000000000001,Implement / Fight
13.333333333333332,11.4,Implement / Fight
13.333333333333332,11.600000000000001,Implement / Fight
13.333333333333332,11.8,Implement / Fight
13.333333333333332,12.0,Implement / Fight
13.333333333333332,12.200000000000001,Implement / Fight
13.333333333333332,12.4,Implement / Fight
13.333333333333332,12.600000000000001,Implement / Fight
13.333333333333332,12.8,Implement / Fight
13.333333333333332,13.0,Implement / Fight
13.333333333333332,13.200000000000001,Implement / Fight
13.333333333333332,13.4,Implement / Fight
13.333333333333332,13.600000000000001,Implement / Fight
13.333333333333332,13.8,Implement / Fight
13.333333333333332,14.0,Implement / Fight
13.333333333333332,14.200000000000001,Implement / Fight
13.333333333333332,14.4,Implement / Fight
13.333333333333332,14.600000000000001,Implement / Fight
13.333333333333332,14.8,Implement / Fight
13.333333333333332,15.0,Implement / Fight
13.333333333333332,15.200000000000001,Implement / Fight
13.333333333333332,15.4,Implement / Fight
13.333333333333332,15.600000000000001,Implement / Fight
13.333333333333332,15.8,Implement / Fight
13.333333333333332,16.0,Implement / Fight
13.333333333333332,16.2,Implement / Fight
13.333333333333332,16.400000000000002,Implement / Fight
13.333333333333332,16.6,Implement / Fight
13.333333333333332,16.8,Implement / Fight
13.333333333333332,17.0,Implement / Fight
13.333333333333332,17.2,Implement / Fight
13.333333333333332,17.400000000000002,Implement / Fight
13.333333333333332,17.6,Implement / Fight
13.333333333333332,17.8,Implement / Fight
13.333333333333332,18.0,Implement / Fight
13.333333333333332,18.2,Implement / Fight
13.333333333333332,18.400000000000002,Implement / Fight
13.333333333333332,18.6,Implement / Fight
13.333333333333332,18.8,Implement / Fight
13.333333333333332,19.0,Implement / Fight
13.333333333333332,19.200000000000003,Implement / Fight
13.333333333333332,19.400000000000002,Implement / Fight
13.333333333333332,19.6,Implement / Fight
13.333333333333332,19.8,Implement / Fight
13.666666666666666,0.0,Implement / Fight
13.666666666666666,0.2,Implement / Fight
13.666666666666666,0.4,Implement / Fight
13.666666666666666,0.6000000000000001,Implement / Fight
13.666666666666666,0.8,Implement / Fight
13.666666666666666,1.0,Implement / Fight
13.666666666666666,1.2000000000000002,Implement / Fight
13.666666666666666,1.4000000000000001,Implement / Fight
13.666666666666666,1.6,Implement / Fight
13.666666666666666,1.8,Implement / Fight
13.666666666666666,2.0,Implement / Fight
13.666666666666666,2.2,Implement / Fight
13.666666666666666,2.4000000000000004,Implement / Fight
13.666666666666666,2.6,Implement / Fight
13.666666666666666,2.8000000000000003,Implement / Fight
13.666666666666666,3.0,Implement / Fight
13.666666666666666,3.2,Implement / Fight
13.666666666666666,3.4000000000000004,Implement / Fight
13.666666666666666,3.6,Implement / Fight
13.666666666666666,3.8000000000000003,Implement / Fight
13.666666666666666,4.0,Implement / Fight
13.666666666666666,4.2,Implement / Fight
13.666666666666666,4.4,Implement / Fight
13.666666666666666,4.6000000000000005,Implement / Fight
13.666666666666666,4.800000000000001,Implement / Fight
13.666666666666666,5.0,Implement / Fight
13.666666666666666,5.2,Implement / Fight
13.666666666666666,5.4,Implement / Fight
13.666666666666666,5.6000000000000005,Implement / Fight
13.666666666666666,5.800000000000001,Implement / Fight
13.666666666666666,6.0,Implement / Fight
13.666666666666666,6.2,Implement / Fight
13.666666666666666,6.4,Implement / Fight
13.666666666666666,6.6000000000000005,Implement / Fight
13.666666666666666,6.800000000000001,Implement / Fight
13.666666666666666,7.0,Implement / Fight
13.666666666666666,7.2,Implement / Fight
13.666666666666666,7.4,Implement / Fight
13.666666666666666,7.6000000000000005,Implement / Fight
13.666666666666666,7.800000000000001,Implement / Fight
13.666666666666666,8.0,Implement / Fight
13.666666666666666,8.200000000000001,Implement / Fight
13.666666666666666,8.4,Implement / Fight
13.666666666666666,8.6,Implement / Fight
13.666666666666666,8.8,Implement / Fight
13.666666666666666,9.0,Implement / Fight
13.666666666666666,9.200000000000001,Implement / Fight
13.666666666666666,9.4,Implement / Fight
13.666666666666666,9.600000000000001,Implement / Fight
13.666666666666666,9.8,Implement / Fight
13.666666666666666,10.0,Implement / Fight
13.666666666666666,10.200000000000001,Implement / Fight
13.666666666666666,10.4,Implement / Fight
13.666666666666666,10.600000000000001,Implement / Fight
13.666666666666666,10.8,Implement / Fight
13.666666666666666,11.0,Implement / Fight
13.666666666666666,11.200000000000001,Implement / Fight
13.666666666666666,11.4,Implement / Fight
13.666666666666666,11.600000000000001,Implement / Fight
13.666666666666666,11.8,Implement / Fight
13.666666666666666,12.0,Implement / Fight
13.666666666666666,12.200000000000001,Implement / Fight
13.666666666666666,12.4,Implement / Fight
13.666666666666666,12.600000000000001,Implement / Fight
13.666666666666666,12.8,Implement / Fight
13.666666666666666,13.0,Implement / Fight
13.666666666666666,13.200000000000001,Implement / Fight
13.666666666666666,13.4,Implement / Fight
13.666666666666666,13.600000000000001,Implement / Fight
13.666666666666666,13.8,Implement / Fight
13.666666666666666,14.0,Implement / Fight
13.666666666666666,14.200000000000001,Implement / Fight
13.666666666666666,14.4,Implement / Fight
13.666666666666666,14.600000000000001,Implement / Fight
13.666666666666666,14.8,Implement / Fight
13.666666666666666,15.0,Implement / Fight
13.666666666666666,15.200000000000001,Implement / Fight
13.666666666666666,15.4,Implement / Fight
13.666666666666666,15.600000000000001,Implement / Fight
13.666666666666666,15.8,Implement / Fight
13.666666666666666,16.0,Implement / Fight
13.666666666666666,16.2,Implement / Fight
13.666666666666666,16.400000000000002,Implement / Fight
13.666666666666666,16.6,Implement / Fight
13.666666666666666,16.8,Implement / Fight
13.666666666666666,17.0,Implement / Fight
13.666666666666666,17.2,Implement / Fight
13.666666666666666,17.400000000000002,Implement / Fight
13.666666666666666,17.6,Implement / Fight
13.666666666666666,17.8,Implement / Fight
13.666666666666666,18.0,Implement / Fight
13.666666666666666,18.2,Implement / Fight
13.666666666666666,18.400000000000002,Implement / Fight
13.666666666666666,18.6,Implement / Fight
13.666666666666666,18.8,Implement / Fight
13.666666666666666,19.0,Implement / Fight
13.666666666666666,19.200000000000003,Implement / Fight
13.666666666666666,19.400000000000002,Implement / Fight
13.666666666666666,19.6,Implement / Fight
13.666666666666666,19.8,Implement / Fight
14.0,0.0,Implement / Fight
14.0,0.2,Implement / Fight
14.0,0.4,Implement / Fight
14.0,0.6000000000000001,Implement / Fight
14.0,0.8,Implement / Fight
14.0,1.0,Implement / Fight
14.0,1.2000000000000002,Implement / Fight
14.0,1.4000000000000001,Implement / Fight
14.0,1.6,Implement / Fight
14.0,1.8,Implement / Fight
14.0,2.0,Implement / Fight
14.0,2.2,Implement / Fight
14.0,2.4000000000000004,Implement / Fight
14.0,2.6,Implement / Fight
14.0,2.8000000000000003,Implement / Fight
14.0,3.0,Implement / Fight
14.0,3.2,Implement / Fight
14.0,3.4000000000000004,Implement / Fight
14.0,3.6,Implement / Fight
14.0,3.8000000000000003,Implement / Fight
14.0,4.0,Implement / Fight
14.0,4.2,Implement / Fight
14.0,4.4,Implement / Fight
14.0,4.6000000000000005,Implement / Fight
14.0,4.800000000000001,Implement / Fight
14.0,5.0,Implement / Fight
14.0,5.2,Implement / Fight
14.0,5.4,Implement / Fight
14.0,5.6000000000000005,Implement / Fight
14.0,5.800000000000001,Implement / Fight
14.0,6.0,Implement / Fight
14.0,6.2,Implement / Fight
14.0,6.4,Implement / Fight
14.0,6.6000000000000005,Implement / Fight
14.0,6.800000000000001,Implement / Fight
14.0,7.0,Implement / Fight
14.0,7.2,Implement / Fight
14.0,7.4,Implement / Fight
14.0,7.6000000000000005,Implement / Fight
14.0,7.800000000000001,Implement / Fight
14.0,8.0,Implement / Fight
14.0,8.200000000000001,Implement / Fight
14.0,8.4,Implement / Fight
14.0,8.6,Implement / Fight
14.0,8.8,Implement / Fight
14.0,9.0,Implement / Fight
14.0,9.200000000000001,Implement / Fight
14.0,9.4,Implement / Fight
14.0,9.600000000000001,Implement / Fight
14.0,9.8,Implement / Fight
14.0,10.0,Implement / Fight
14.0,10.200000000000001,Implement / Fight
14.0,10.4,Implement / Fight
14.0,10.600000000000001,Implement / Fight
14.0,10.8,Implement / Fight
14.0,11.0,Implement / Fight
14.0,11.200000000000001,Implement / Fight
14.0,11.4,Implement / Fight
14.0,11.600000000000001,Implement / Fight
14.0,11.8,Implement / Fight
14.0,12.0,Implement / Fight
14.0,12.200000000000001,Implement / Fight
14.0,12.4,Implement / Fight
14.0,12.600000000000001,Implement / Fight
14.0,12.8,Implement / Fight
14.0,13.0,Implement / Fight
14.0,13.200000000000001,Implement / Fight
14.0,13.4,Implement / Fight
14.0,13.600000000000001,Implement / Fight
14.0,13.8,Implement / Fight
14.0,14.0,Implement / Fight
14.0,14.200000000000001,Implement / Fight
14.0,14.4,Implement / Fight
14.0,14.600000000000001,Implement / Fight
14.0,14.8,Implement / Fight
14.0,15.0,Implement / Fight
14.0,15.200000000000001,Implement / Fight
14.0,15.4,Implement / Fight
14.0,15.600000000000001,Implement / Fight
14.0,15.8,Implement / Fight
14.0,16.0,Implement / Fight
14.0,16.2,Implement / Fight
14.0,16.400000000000002,Implement / Fight
14.0,16.6,Implement / Fight
14.0,16.8,Implement / Fight
14.0,17.0,Implement / Fight
14.0,17.2,Implement / Fight
14.0,17.400000000000002,Implement / Fight
14.0,17.6,Implement / Fight
14.0,17.8,Implement / Fight
14.0,18.0,Implement / Fight
14.0,18.2,Implement / Fight
14.0,18.400000000000002,Implement / Fight
14.0,18.6,Implement / Fight
14.0,18.8,Implement / Fight
14.0,19.0,Implement / Fight
14.0,19.200000000000003,Implement / Fight
14.0,19.400000000000002,Implement / Fight
14.0,19.6,Implement / Fight
14.0,19.8,Implement / Fight
14.333333333333332,0.0,Implement / Fight
14.333333333333332,0.2,Implement / Fight
14.333333333333332,0.4,Implement / Fight
14.333333333333332,0.6000000000000001,Implement / Fight
14.333333333333332,0.8,Implement / Fight
14.333333333333332,1.0,Implement / Fight
14.333333333333332,1.2000000000000002,Implement / Fight
14.333333333333332,1.4000000000000001,Implement / Fight
14.333333333333332,1.6,Implement / Fight
14.333333333333332,1.8,Implement / Fight
14.333333333333332,2.0,Implement / Fight
14.333333333333332,2.2,Implement / Fight
14.333333333333332,2.4000000000000004,Implement / Fight
14.333333333333332,2.6,Implement / Fight
14.333333333333332,2.8000000000000003,Implement / Fight
14.333333333333332,3.0,Implement / Fight
14.333333333333332,3.2,Implement / Fight
14.333333333333332,3.4000000000000004,Implement / Fight
14.333333333333332,3.6,Implement / Fight
14.333333333333332,3.8000000000000003,Implement / Fight
14.333333333333332,4.0,Implement / Fight
14.333333333333332,4.2,Implement / Fight
14.333333333333332,4.4,Implement / Fight
14.333333333333332,4.6000000000000005,Implement / Fight
14.333333333333332,4.800000000000001,Implement / Fight
14.333333333333332,5.0,Implement / Fight
14.333333333333332,5.2,Implement / Fight
14.333333333333332,5.4,Implement / Fight
14.333333333333332,5.6000000000000005,Implement / Fight
14.333333333333332,5.800000000000001,Implement / Fight
14.333333333333332,6.0,Implement / Fight
14.333333333333332,6.2,Implement / Fight
14.333333333333332,6.4,Implement / Fight
14.333333333333332,6.6000000000000005,Implement / Fight
14.333333333333332,6.800000000000001,Implement / Fight
14.333333333333332,7.0,Implement / Fight
14.333333333333332,7.2,Implement / Fight
14.333333333333332,7.4,Implement / Fight
14.333333333333332,7.6000000000000005,Implement / Fight
14.333333333333332,7.800000000000001,Implement / Fight
14.333333333333332,8.0,Implement / Fight
14.333333333333332,8.200000000000001,Implement / Fight
14.333333333333332,8.4,Implement / Fight
14.333333333333332,8.6,Implement / Fight
14.333333333333332,8.8,Implement / Fight
14.333333333333332,9.0,Implement / Fight
14.333333333333332,9.200000000000001,Implement / Fight
14.333333333333332,9.4,Implement / Fight
14.333333333333332,9.600000000000001,Implement / Fight
14.333333333333332,9.8,Implement / Fight
14.333333333333332,10.0,Implement / Fight
14.333333333333332,10.200000000000001,Implement / Fight
14.333333333333332,10.4,Implement / Fight
14.333333333333332,10.600000000000001,Implement / Fight
14.333333333333332,10.8,Implement / Fight
14.333333333333332,11.0,Implement / Fight
14.333333333333332,11.200000000000001,Implement / Fight
14.333333333333332,11.4,Implement / Fight
14.333333333333332,11.600000000000001,Implement / Fight
14.333333333333332,11.8,Implement / Fight
14.333333333333332,12.0,Implement / Fight
14.333333333333332,12.200000000000001,Implement / Fight
14.333333333333332,12.4,Implement / Fight
14.333333333333332,12.600000000000001,Implement / Fight
14.333333333333332,12.8,Implement / Fight
14.333333333333332,13.0,Implement / Fight
14.333333333333332,13.200000000000001,Implement / Fight
14.333333333333332,13.4,Implement / Fight
14.333333333333332,13.600000000000001,Implement / Fight
14.333333333333332,13.8,Implement / Fight
14.333333333333332,14.0,Implement / Fight
14.333333333333332,14.200000000000001,Implement / Fight
14.333333333333332,14.4,Implement / Fight
14.333333333333332,14.600000000000001,Implement / Fight
14.333333333333332,14.8,Implement / Fight
14.333333333333332,15.0,Implement / Fight
14.333333333333332,15.200000000000001,Implement / Fight
14.333333333333332,15.4,Implement / Fight
14.333333333333332,15.600000000000001,Implement / Fight
14.333333333333332,15.8,Implement / Fight
14.333333333333332,16.0,Implement / Fight
14.333333333333332,16.2,Implement / Fight
14.333333333333332,16.400000000000002,Implement / Fight
14.333333333333332,16.6,Implement / Fight
14.333333333333332,16.8,Implement / Fight
14.333333333333332,17.0,Implement / Fight
14.333333333333332,17.2,Implement / Fight
14.333333333333332,17.400000000000002,Implement / Fight
14.333333333333332,17.6,Implement / Fight
14.333333333333332,17.8,Implement / Fight
14.333333333333332,18.0,Implement / Fight
14.333333333333332,18.2,Implement / Fight
14.333333333333332,18.400000000000002,Implement / Fight
14.333333333333332,18.6,Implement / Fight
14.333333333333332,18.8,Implement / Fight
14.333333333333332,19.0,Implement / Fight
14.333333333333332,19.200000000000003,Implement / Fight
14.333333333333332,19.400000000000002,Implement / Fight
14.333333333333332,19.6,Implement / Fight
14.333333333333332,19.8,Implement / Fight
14.666666666666666,0.0,Implement / Fight
14.666666666666666,0.2,Implement / Fight
14.666666666666666,0.4,Implement / Fight
14.666666666666666,0.6000000000000001,Implement / Fight
14.666666666666666,0.8,Implement / Fight
14.666666666666666,1.0,Implement / Fight
14.666666666666666,1.2000000000000002,Implement / Fight
14.666666666666666,1.4000000000000001,Implement / Fight
14.666666666666666,1.6,Implement / Fight
14.666666666666666,1.8,Implement / Fight
14.666666666666666,2.0,Implement / Fight
14.666666666666666,2.2,Implement / Fight
14.666666666666666,2.4000000000000004,Implement / Fight
14.666666666666666,2.6,Implement / Fight
14.666666666666666,2.8000000000000003,Implement / Fight
14.666666666666666,3.0,Implement / Fight
14.666666666666666,3.2,Implement / Fight
14.666666666666666,3.4000000000000004,Implement / Fight
14.666666666666666,3.6,Implement / Fight
14.666666666666666,3.8000000000000003,Implement / Fight
14.666666666666666,4.0,Implement / Fight
14.666666666666666,4.2,Implement / Fight
14.666666666666666,4.4,Implement / Fight
14.666666666666666,4.6000000000000005,Implement / Fight
14.666666666666666,4.800000000000001,Implement / Fight
14.666666666666666,5.0,Implement / Fight
14.666666666666666,5.2,Implement / Fight
14.666666666666666,5.4,Implement / Fight
14.666666666666666,5.6000000000000005,Implement / Fight
14.666666666666666,5.800000000000001,Implement / Fight
14.666666666666666,6.0,Implement / Fight
14.666666666666666,6.2,Implement / Fight
14.666666666666666,6.4,Implement / Fight
14.666666666666666,6.6000000000000005,Implement / Fight
14.666666666666666,6.800000000000001,Implement / Fight
14.666666666666666,7.0,Implement / Fight
14.666666666666666,7.2,Implement / Fight
14.666666666666666,7.4,Implement / Fight
14.666666666666666,7.6000000000000005,Implement / Fight
14.666666666666666,7.800000000000001,Implement / Fight
14.666666666666666,8.0,Implement / Fight
14.666666666666666,8.200000000000001,Implement / Fight
14.666666666666666,8.4,Implement / Fight
14.666666666666666,8.6,Implement / Fight
14.666666666666666,8.8,Implement / Fight
14.666666666666666,9.0,Implement / Fight
14.666666666666666,9.200000000000001,Implement / Fight
14.666666666666666,9.4,Implement / Fight
14.666666666666666,9.600000000000001,Implement / Fight
14.666666666666666,9.8,Implement / Fight
14.666666666666666,10.0,Implement / Fight
14.666666666666666,10.200000000000001,Implement / Fight
14.666666666666666,10.4,Implement / Fight
14.666666666666666,10.600000000000001,Implement / Fight
14.666666666666666,10.8,Implement / Fight
14.666666666666666,11.0,Implement / Fight
14.666666666666666,11.200000000000001,Implement / Fight
14.666666666666666,11.4,Implement / Fight
14.666666666666666,11.600000000000001,Implement / Fight
14.666666666666666,11.8,Implement / Fight
14.666666666666666,12.0,Implement / Fight
14.666666666666666,12.200000000000001,Implement / Fight
14.666666666666666,12.4,Implement / Fight
14.666666666666666,12.600000000000001,Implement / Fight
14.666666666666666,12.8,Implement / Fight
14.666666666666666,13.0,Implement / Fight
14.666666666666666,13.200000000000001,Implement / Fight
14.666666666666666,13.4,Implement / Fight
14.666666666666666,13.600000000000001,Implement / Fight
14.666666666666666,13.8,Implement / Fight
14.666666666666666,14.0,Implement / Fight
14.666666666666666,14.200000000000001,Implement / Fight
14.666666666666666,14.4,Implement / Fight
14.666666666666666,14.600000000000001,Implement / Fight
14.666666666666666,14.8,Implement / Fight
14.666666666666666,15.0,Implement / Fight
14.666666666666666,15.200000000000001,Implement / Fight
14.666666666666666,15.4,Implement / Fight
14.666666666666666,15.600000000000001,Implement / Fight
14.666666666666666,15.8,Implement / Fight
14.666666666666666,16.0,Implement / Fight
14.666666666666666,16.2,Implement / Fight
14.666666666666666,16.400000000000002,Implement / Fight
14.666666666666666,16.6,Implement / Fight
14.666666666666666,16.8,Implement / Fight
14.666666666666666,17.0,Implement / Fight
14.666666666666666,17.2,Implement / Fight
14.666666666666666,17.400000000000002,Implement / Fight
14.666666666666666,17.6,Implement / Fight
14.666666666666666,17.8,Implement / Fight
14.666666666666666,18.0,Implement / Fight
14.666666666666666,18.2,Implement / Fight
14.666666666666666,18.400000000000002,Implement / Fight
14.666666666666666,18.6,Implement / Fight
14.666666666666666,18.8,Implement / Fight
14.666666666666666,19.0,Implement / Fight
14.666666666666666,19.200000000000003,Implement / Fight
14.666666666666666,19.400000000000002,Implement / Fight
14.666666666666666,19.6,Implement / Fight
14.666666666666666,19.8,Implement / Fight
15.0,0.0,Implement / Fight
15.0,0.2,Implement / Fight
15.0,0.4,Implement / Fight
15.0,0.6000000000000001,Implement / Fight
15.0,0.8,Implement / Fight
15.0,1.0,Implement / Fight
15.0,1.2000000000000002,Implement / Fight
15.0,1.4000000000000001,Implement / Fight
15.0,1.6,Implement / Fight
15.0,1.8,Implement / Fight
15.0,2.0,Implement / Fight
15.0,2.2,Implement / Fight
15.0,2.4000000000000004,Implement / Fight
15.0,2.6,Implement / Fight
15.0,2.8000000000000003,Implement / Fight
15.0,3.0,Implement / Fight
15.0,3.2,Implement / Fight
15.0,3.4000000000000004,Implement / Fight
15.0,3.6,Implement / Fight
15.0,3.8000000000000003,Implement / Fight
15.0,4.0,Implement / Fight
15.0,4.2,Implement / Fight
15.0,4.4,Implement / Fight
15.0,4.6000000000000005,Implement / Fight
15.0,4.800000000000001,Implement / Fight
15.0,5.0,Implement / Fight
15.0,5.2,Implement / Fight
15.0,5.4,Implement / Fight
15.0,5.6000000000000005,Implement / Fight
15.0,5.800000000000001,Implement / Fight
15.0,6.0,Implement / Fight
15.0,6.2,Implement / Fight
15.0,6.4,Implement / Fight
15.0,6.6000000000000005,Implement / Fight
15.0,6.800000000000001,Implement / Fight
15.0,7.0,Implement / Fight
15.0,7.2,Implement / Fight
15.0,7.4,Implement / Fight
15.0,7.6000000000000005,Implement / Fight
15.0,7.800000000000001,Implement / Fight
15.0,8.0,Implement / Fight
15.0,8.200000000000001,Implement / Fight
15.0,8.4,Implement / Fight
15.0,8.6,Implement / Fight
15.0,8.8,Implement / Fight
15.0,9.0,Implement / Fight
15.0,9.200000000000001,Implement / Fight
15.0,9.4,Implement / Fight
15.0,9.600000000000001,Implement / Fight
15.0,9.8,Implement / Fight
15.0,10.0,Implement / Fight
15.0,10.200000000000001,Implement / Fight
15.0,10.4,Implement / Fight
15.0,10.600000000000001,Implement / Fight
15.0,10.8,Implement / Fight
15.0,11.0,Implement / Fight
15.0,11.200000000000001,Implement / Fight
15.0,11.4,Implement / Fight
15.0,11.600000000000001,Implement / Fight
15.0,11.8,Implement / Fight
15.0,12.0,Implement / Fight
15.0,12.200000000000001,Implement / Fight
15.0,12.4,Implement / Fight
15.0,12.600000000000001,Implement / Fight
15.0,12.8,Implement / Fight
15.0,13.0,Implement / Fight
15.0,13.200000000000001,Implement / Fight
15.0,13.4,Implement / Fight
15.0,13.600000000000001,Implement / Fight
15.0,13.8,Implement / Fight
15.0,14.0,Implement / Fight
15.0,14.200000000000001,Implement / Fight
15.0,14.4,Implement / Fight
15.0,14.600000000000001,Implement / Fight
15.0,14.8,Implement / Fight
15.0,15.0,Implement / Fight
15.0,15.200000000000001,Implement / Fight
15.0,15.4,Implement / Fight
15.0,15.600000000000001,Implement / Fight
15.0,15.8,Implement / Fight
15.0,16.0,Implement / Fight
15.0,16.2,Implement / Fight
15.0,16.400000000000002,Implement / Fight
15.0,16.6,Implement / Fight
15.0,16.8,Implement / Fight
15.0,17.0,Implement / Fight
15.0,17.2,Implement / Fight
15.0,17.400000000000002,Implement / Fight
15.0,17.6,Implement / Fight
15.0,17.8,Implement / Fight
15.0,18.0,Implement / Fight
15.0,18.2,Implement / Fight
15.0,18.400000000000002,Implement / Fight
15.0,18.6,Implement / Fight
15.0,18.8,Implement / Fight
15.0,19.0,Implement / Fight
15.0,19.200000000000003,Implement / Fight
15.0,19.400000000000002,Implement / Fight
15.0,19.6,Implement / Fight
15.0,19.8,Implement / Fight
15.333333333333332,0.0,Implement / Fight
15.333333333333332,0.2,Implement / Fight
15.333333333333332,0.4,Implement / Fight
15.333333333333332,0.6000000000000001,Implement / Fight
15.333333333333332,0.8,Implement / Fight
15.333333333333332,1.0,Implement / Fight
15.333333333333332,1.2000000000000002,Implement / Fight
15.333333333333332,1.4000000000000001,Implement / Fight
15.333333333333332,1.6,Implement / Fight
15.333333333333332,1.8,Implement / Fight
15.333333333333332,2.0,Implement / Fight
15.333333333333332,2.2,Implement / Fight
15.333333333333332,2.4000000000000004,Implement / Fight
15.333333333333332,2.6,Implement / Fight
15.333333333333332,2.8000000000000003,Implement / Fight
15.333333333333332,3.0,Implement / Fight
15.333333333333332,3.2,Implement / Fight
15.333333333333332,3.4000000000000004,Implement / Fight
15.333333333333332,3.6,Implement / Fight
15.333333333333332,3.8000000000000003,Implement / Fight
15.333333333333332,4.0,Implement / Fight
15.333333333333332,4.2,Implement / Fight
15.333333333333332,4.4,Implement / Fight
15.333333333333332,4.6000000000000005,Implement / Fight
15.333333333333332,4.800000000000001,Implement / Fight
15.333333333333332,5.0,Implement / Fight
15.333333333333332,5.2,Implement / Fight
15.333333333333332,5.4,Implement / Fight
15.333333333333332,5.6000000000000005,Implement / Fight
15.333333333333332,5.800000000000001,Implement / Fight
15.333333333333332,6.0,Implement / Fight
15.333333333333332,6.2,Implement / Fight
15.333333333333332,6.4,Implement / Fight
15.333333333333332,6.6000000000000005,Implement / Fight
15.333333333333332,6.800000000000001,Implement / Fight
15.333333333333332,7.0,Implement / Fight
15.333333333333332,7.2,Implement / Fight
15.333333333333332,7.4,Implement / Fight
15.333333333333332,7.6000000000000005,Implement / Fight
15.333333333333332,7.800000000000001,Implement / Fight
15.333333333333332,8.0,Implement / Fight
15.333333333333332,8.200000000000001,Implement / Fight
15.333333333333332,8.4,Implement / Fight
15.333333333333332,8.6,Implement / Fight
15.333333333333332,8.8,Implement / Fight
15.333333333333332,9.0,Implement / Fight
15.333333333333332,9.200000000000001,Implement / Fight
15.333333333333332,9.4,Implement / Fight
15.333333333333332,9.600000000000001,Implement / Fight
15.333333333333332,9.8,Implement / Fight
15.333333333333332,10.0,Implement / Fight
15.333333333333332,10.200000000000001,Implement / Fight
15.333333333333332,10.4,Implement / Fight
15.333333333333332,10.600000000000001,Implement / Fight
15.333333333333332,10.8,Implement / Fight
15.333333333333332,11.0,Implement / Fight
15.333333333333332,11.200000000000001,Implement / Fight
15.333333333333332,11.4,Implement / Fight
15.333333333333332,11.600000000000001,Implement / Fight
15.333333333333332,11.8,Implement / Fight
15.333333333333332,12.0,Implement / Fight
15.333333333333332,12.200000000000001,Implement / Fight
15.333333333333332,12.4,Implement / Fight
15.333333333333332,12.600000000000001,Implement / Fight
15.333333333333332,12.8,Implement / Fight
15.333333333333332,13.0,Implement / Fight
15.333333333333332,13.200000000000001,Implement / Fight
15.333333333333332,13.4,Implement / Fight
15.333333333333332,13.600000000000001,Implement / Fight
15.333333333333332,13.8,Implement / Fight
15.333333333333332,14.0,Implement / Fight
15.333333333333332,14.200000000000001,Implement / Fight
15.333333333333332,14.4,Implement / Fight
15.333333333333332,14.600000000000001,Implement / Fight
15.333333333333332,14.8,Implement / Fight
15.333333333333332,15.0,Implement / Fight
15.333333333333332,15.200000000000001,Implement / Fight
15.333333333333332,15.4,Implement / Fight
15.333333333333332,15.600000000000001,Implement / Fight
15.333333333333332,15.8,Implement / Fight
15.333333333333332,16.0,Implement / Fight
15.333333333333332,16.2,Implement / Fight
15.333333333333332,16.400000000000002,Implement / Fight
15.333333333333332,16.6,Implement / Fight
15.333333333333332,16.8,Implement / Fight
15.333333333333332,17.0,Implement / Fight
15.333333333333332,17.2,Implement / Fight
15.333333333333332,17.400000000000002,Implement / Fight
15.333333333333332,17.6,Implement / Fight
15.333333333333332,17.8,Implement / Fight
15.333333333333332,18.0,Implement / Fight
15.333333333333332,18.2,Implement / Fight
15.333333333333332,18.400000000000002,Implement / Fight
15.333333333333332,18.6,Implement / Fight
15.333333333333332,18.8,Implement / Fight
15.333333333333332,19.0,Implement / Fight
15.333333333333332,19.200000000000003,Implement / Fight
15.333333333333332,19.400000000000002,Implement / Fight
15.333333333333332,19.6,Implement / Fight
15.333333333333332,19.8,Implement / Fight
15.666666666666666,0.0,Implement / Fight
15.666666666666666,0.2,Implement / Fight
15.666666666666666,0.4,Implement / Fight
15.666666666666666,0.6000000000000001,Implement / Fight
15.666666666666666,0.8,Implement / Fight
15.666666666666666,1.0,Implement / Fight
15.666666666666666,1.2000000000000002,Implement / Fight
15.666666666666666,1.4000000000000001,Implement / Fight
15.666666666666666,1.6,Implement / Fight
15.666666666666666,1.8,Implement / Fight
15.666666666666666,2.0,Implement / Fight
15.666666666666666,2.2,Implement / Fight
15.666666666666666,2.4000000000000004,Implement / Fight
15.666666666666666,2.6,Implement / Fight
15.666666666666666,2.8000000000000003,Implement / Fight
15.666666666666666,3.0,Implement / Fight
15.666666666666666,3.2,Implement / Fight
15.666666666666666,3.4000000000000004,Implement / Fight
15.666666666666666,3.6,Implement / Fight
15.666666666666666,3.8000000000000003,Implement / Fight
15.666666666666666,4.0,Implement / Fight
15.666666666666666,4.2,Implement / Fight
15.666666666666666,4.4,Implement / Fight
15.666666666666666,4.6000000000000005,Implement / Fight
15.666666666666666,4.800000000000001,Implement / Fight
15.666666666666666,5.0,Implement / Fight
15.666666666666666,5.2,Implement / Fight
15.666666666666666,5.4,Implement / Fight
15.666666666666666,5.6000000000000005,Implement / Fight
15.666666666666666,5.800000000000001,Implement / Fight
15.666666666666666,6.0,Implement / Fight
15.666666666666666,6.2,Implement / Fight
15.666666666666666,6.4,Implement / Fight
15.666666666666666,6.6000000000000005,Implement / Fight
15.666666666666666,6.800000000000001,Implement / Fight
15.666666666666666,7.0,Implement / Fight
15.666666666666666,7.2,Implement / Fight
15.666666666666666,7.4,Implement / Fight
15.666666666666666,7.6000000000000005,Implement / Fight
15.666666666666666,7.800000000000001,Implement / Fight
15.666666666666666,8.0,Implement / Fight
15.666666666666666,8.200000000000001,Implement / Fight
15.666666666666666,8.4,Implement / Fight
15.666666666666666,8.6,Implement / Fight
15.666666666666666,8.8,Implement / Fight
15.666666666666666,9.0,Implement / Fight
15.666666666666666,9.200000000000001,Implement / Fight
15.666666666666666,9.4,Implement / Fight
15.666666666666666,9.600000000000001,Implement / Fight
15.666666666666666,9.8,Implement / Fight
15.666666666666666,10.0,Implement / Fight
15.666666666666666,10.200000000000001,Implement / Fight
15.666666666666666,10.4,Implement / Fight
15.666666666666666,10.600000000000001,Implement / Fight
15.666666666666666,10.8,Implement / Fight
15.666666666666666,11.0,Implement / Fight
15.666666666666666,11.200000000000001,Implement / Fight
15.666666666666666,11.4,Implement / Fight
15.666666666666666,11.600000000000001,Implement / Fight
15.666666666666666,11.8,Implement / Fight
15.666666666666666,12.0,Implement / Fight
15.666666666666666,12.200000000000001,Implement / Fight
15.666666666666666,12.4,Implement / Fight
15.666666666666666,12.600000000000001,Implement / Fight
15.666666666666666,12.8,Implement / Fight
15.666666666666666,13.0,Implement / Fight
15.666666666666666,13.200000000000001,Implement / Fight
15.666666666666666,13.4,Implement / Fight
15.666666666666666,13.600000000000001,Implement / Fight
15.666666666666666,13.8,Implement / Fight
15.666666666666666,14.0,Implement / Fight
15.666666666666666,14.200000000000001,Implement / Fight
15.666666666666666,14.4,Implement / Fight
15.666666666666666,14.600000000000001,Implement / Fight
15.666666666666666,14.8,Implement / Fight
15.666666666666666,15.0,Implement / Fight
15.666666666666666,15.200000000000001,Implement / Fight
15.666666666666666,15.4,Implement / Fight
15.666666666666666,15.600000000000001,Implement / Fight
15.666666666666666,15.8,Implement / Fight
15.666666666666666,16.0,Implement / Fight
15.666666666666666,16.2,Implement / Fight
15.666666666666666,16.400000000000002,Implement / Fight
15.666666666666666,16.6,Implement / Fight
15.666666666666666,16.8,Implement / Fight
15.666666666666666,17.0,Implement / Fight
15.666666666666666,17.2,Implement / Fight
15.666666666666666,17.400000000000002,Implement / Fight
15.666666666666666,17.6,Implement / Fight
15.666666666666666,17.8,Implement / Fight
15.666666666666666,18.0,Implement / Fight
15.666666666666666,18.2,Implement / Fight
15.666666666666666,18.400000000000002,Implement / Fight
15.666666666666666,18.6,Implement / Fight
15.666666666666666,18.8,Implement / Fight
15.666666666666666,19.0,Implement / Fight
15.666666666666666,19.200000000000003,Implement / Fight
15.666666666666666,19.400000000000002,Implement / Fight
15.666666666666666,19.6,Implement / Fight
15.666666666666666,19.8,Implement / Fight
16.0,0.0,Implement / Fight
16.0,0.2,Implement / Fight
16.0,0.4,Implement / Fight
16.0,0.6000000000000001,Implement / Fight
16.0,0.8,Implement / Fight
16.0,1.0,Implement / Fight
16.0,1.2000000000000002,Implement / Fight
16.0,1.4000000000000001,Implement / Fight
16.0,1.6,Implement / Fight
16.0,1.8,Implement / Fight
16.0,2.0,Implement / Fight
16.0,2.2,Implement / Fight
16.0,2.4000000000000004,Implement / Fight
16.0,2.6,Implement / Fight
16.0,2.8000000000000003,Implement / Fight
16.0,3.0,Implement / Fight
16.0,3.2,Implement / Fight
16.0,3.4000000000000004,Implement / Fight
16.0,3.6,Implement / Fight
16.0,3.8000000000000003,Implement / Fight
16.0,4.0,Implement / Fight
16.0,4.2,Implement / Fight
16.0,4.4,Implement / Fight
16.0,4.6000000000000005,Implement / Fight
16.0,4.800000000000001,Implement / Fight
16.0,5.0,Implement / Fight
16.0,5.2,Implement / Fight
16.0,5.4,Implement / Fight
16.0,5.6000000000000005,Implement / Fight
16.0,5.800000000000001,Implement / Fight
16.0,6.0,Implement / Fight
16.0,6.2,Implement / Fight
16.0,6.4,Implement / Fight
16.0,6.6000000000000005,Implement / Fight
16.0,6.800000000000001,Implement / Fight
16.0,7.0,Implement / Fight
16.0,7.2,Implement / Fight
16.0,7.4,Implement / Fight
16.0,7.6000000000000005,Implement / Fight
16.0,7.800000000000001,Implement / Fight
16.0,8.0,Implement / Fight
16.0,8.200000000000001,Implement / Fight
16.0,8.4,Implement / Fight
16.0,8.6,Implement / Fight
16.0,8.8,Implement / Fight
16.0,9.0,Implement / Fight
16.0,9.200000000000001,Implement / Fight
16.0,9.4,Implement / Fight
16.0,9.600000000000001,Implement / Fight
16.0,9.8,Implement / Fight
16.0,10.0,Implement / Fight
16.0,10.200000000000001,Implement / Fight
16.0,10.4,Implement / Fight
16.0,10.600000000000001,Implement / Fight
16.0,10.8,Implement / Fight
16.0,11.0,Implement / Fight
16.0,11.200000000000001,Implement / Fight
16.0,11.4,Implement / Fight
16.0,11.600000000000001,Implement / Fight
16.0,11.8,Implement / Fight
16.0,12.0,Implement / Fight
16.0,12.200000000000001,Implement / Fight
16.0,12.4,Implement / Fight
16.0,12.600000000000001,Implement / Fight
16.0,12.8,Implement / Fight
16.0,13.0,Implement / Fight
16.0,13.200000000000001,Implement / Fight
16.0,13.4,Implement / Fight
16.0,13.600000000000001,Implement / Fight
16.0,13.8,Implement / Fight
16.0,14.0,Implement / Fight
16.0,14.200000000000001,Implement / Fight
16.0,14.4,Implement / Fight
16.0,14.600000000000001,Implement / Fight
16.0,14.8,Implement / Fight
16.0,15.0,Implement / Fight
16.0,15.200000000000001,Implement / Fight
16.0,15.4,Implement / Fight
16.0,15.600000000000001,Implement / Fight
16.0,15.8,Implement / Fight
16.0,16.0,Implement / Fight
16.0,16.2,Implement / Fight
16.0,16.400000000000002,Implement / Fight
16.0,16.6,Implement / Fight
16.0,16.8,Implement / Fight
16.0,17.0,Implement / Fight
16.0,17.2,Implement / Fight
16.0,17.400000000000002,Implement / Fight
16.0,17.6,Implement / Fight
16.0,17.8,Implement / Fight
16.0,18.0,Implement / Fight
16.0,18.2,Implement / Fight
16.0,18.400000000000002,Implement / Fight
16.0,18.6,Implement / Fight
16.0,18.8,Implement / Fight
16.0,19.0,Implement / Fight
16.0,19.200000000000003,Implement / Fight
16.0,19.400000000000002,Implement / Fight
16.0,19.6,Implement / Fight
16.0,19.8,Implement / Fight
16.333333333333332,0.0,Implement / Fight
16.333333333333332,0.2,Implement / Fight
16.333333333333332,0.4,Implement / Fight
16.333333333333332,0.6000000000000001,Implement / Fight
16.333333333333332,0.8,Implement / Fight
16.333333333333332,1.0,Implement / Fight
16.333333333333332,1.2000000000000002,Implement / Fight
16.333333333333332,1.4000000000000001,Implement / Fight
16.333333333333332,1.6,Implement / Fight
16.333333333333332,1.8,Implement / Fight
16.333333333333332,2.0,Implement / Fight
16.333333333333332,2.2,Implement / Fight
16.333333333333332,2.4000000000000004,Implement / Fight
16.333333333333332,2.6,Implement / Fight
16.333333333333332,2.8000000000000003,Implement / Fight
16.333333333333332,3.0,Implement / Fight
16.333333333333332,3.2,Implement / Fight
16.333333333333332,3.4000000000000004,Implement / Fight
16.333333333333332,3.6,Implement / Fight
16.333333333333332,3.8000000000000003,Implement / Fight
16.333333333333332,4.0,Implement / Fight
16.333333333333332,4.2,Implement / Fight
16.333333333333332,4.4,Implement / Fight
16.333333333333332,4.6000000000000005,Implement / Fight
16.333333333333332,4.800000000000001,Implement / Fight
16.333333333333332,5.0,Implement / Fight
16.333333333333332,5.2,Implement / Fight
16.333333333333332,5.4,Implement / Fight
16.333333333333332,5.6000000000000005,Implement / Fight
16.333333333333332,5.800000000000001,Implement / Fight
16.333333333333332,6.0,Implement / Fight
16.333333333333332,6.2,Implement / Fight
16.333333333333332,6.4,Implement / Fight
16.333333333333332,6.6000000000000005,Implement / Fight
16.333333333333332,6.800000000000001,Implement / Fight
16.333333333333332,7.0,Implement / Fight
16.333333333333332,7.2,Implement / Fight
16.333333333333332,7.4,Implement / Fight
16.333333333333332,7.6000000000000005,Implement / Fight
16.333333333333332,7.800000000000001,Implement / Fight
16.333333333333332,8.0,Implement / Fight
16.333333333333332,8.200000000000001,Implement / Fight
16.333333333333332,8.4,Implement / Fight
16.333333333333332,8.6,Implement / Fight
16.333333333333332,8.8,Implement / Fight
16.333333333333332,9.0,Implement / Fight
16.333333333333332,9.200000000000001,Implement / Fight
16.333333333333332,9.4,Implement / Fight
16.333333333333332,9.600000000000001,Implement / Fight
16.333333333333332,9.8,Implement / Fight
16.333333333333332,10.0,Implement / Fight
16.333333333333332,10.200000000000001,Implement / Fight
16.333333333333332,10.4,Implement / Fight
16.333333333333332,10.600000000000001,Implement / Fight
16.333333333333332,10.8,Implement / Fight
16.333333333333332,11.0,Implement / Fight
16.333333333333332,11.200000000000001,Implement / Fight
16.333333333333332,11.4,Implement / Fight
16.333333333333332,11.600000000000001,Implement / Fight
16.333333333333332,11.8,Implement / Fight
16.333333333333332,12.0,Implement / Fight
16.333333333333332,12.200000000000001,Implement / Fight
16.333333333333332,12.4,Implement / Fight
16.333333333333332,12.600000000000001,Implement / Fight
16.333333333333332,12.8,Implement / Fight
16.333333333333332,13.0,Implement / Fight
16.333333333333332,13.200000000000001,Implement / Fight
16.333333333333332,13.4,Implement / Fight
16.333333333333332,13.600000000000001,Implement / Fight
16.333333333333332,13.8,Implement / Fight
16.333333333333332,14.0,Implement / Fight
16.333333333333332,14.200000000000001,Implement / Fight
16.333333333333332,14.4,Implement / Fight
16.333333333333332,14.600000000000001,Implement / Fight
16.333333333333332,14.8,Implement / Fight
16.333333333333332,15.0,Implement / Fight
16.333333333333332,15.200000000000001,Implement / Fight
16.333333333333332,15.4,Implement / Fight
16.333333333333332,15.600000000000001,Implement / Fight
16.333333333333332,15.8,Implement / Fight
16.333333333333332,16.0,Implement / Fight
16.333333333333332,16.2,Implement / Fight
16.333333333333332,16.400000000000002,Implement / Fight
16.333333333333332,16.6,Implement / Fight
16.333333333333332,16.8,Implement / Fight
16.333333333333332,17.0,Implement / Fight
16.333333333333332,17.2,Implement / Fight
16.333333333333332,17.400000000000002,Implement / Fight
16.333333333333332,17.6,Implement / Fight
16.333333333333332,17.8,Implement / Fight
16.333333333333332,18.0,Implement / Fight
16.333333333333332,18.2,Implement / Fight
16.333333333333332,18.400000000000002,Implement / Fight
16.333333333333332,18.6,Implement / Fight
16.333333333333332,18.8,Implement / Fight
16.333333333333332,19.0,Implement / Fight
16.333333333333332,19.200000000000003,Implement / Fight
16.333333333333332,19.400000000000002,Implement / Fight
16.333333333333332,19.6,Implement / Fight
16.333333333333332,19.8,Implement / Fight
16.666666666666664,0.0,Implement / Fight
16.666666666666664,0.2,Implement / Fight
16.666666666666664,0.4,Implement / Fight
16.666666666666664,0.6000000000000001,Implement / Fight
16.666666666666664,0.8,Implement / Fight
16.666666666666664,1.0,Implement / Fight
16.666666666666664,1.2000000000000002,Implement / Fight
16.666666666666664,1.4000000000000001,Implement / Fight
16.666666666666664,1.6,Implement / Fight
16.666666666666664,1.8,Implement / Fight
16.666666666666664,2.0,Implement / Fight
16.666666666666664,2.2,Implement / Fight
16.666666666666664,2.4000000000000004,Implement / Fight
16.666666666666664,2.6,Implement / Fight
16.666666666666664,2.8000000000000003,Implement / Fight
16.666666666666664,3.0,Implement / Fight
16.666666666666664,3.2,Implement / Fight
16.666666666666664,3.4000000000000004,Implement / Fight
16.666666666666664,3.6,Implement / Fight
16.666666666666664,3.8000000000000003,Implement / Fight
16.666666666666664,4.0,Implement / Fight
16.666666666666664,4.2,Implement / Fight
16.666666666666664,4.4,Implement / Fight
16.666666666666664,4.6000000000000005,Implement / Fight
16.666666666666664,4.800000000000001,Implement / Fight
16.666666666666664,5.0,Implement / Fight
16.666666666666664,5.2,Implement / Fight
16.666666666666664,5.4,Implement / Fight
16.666666666666664,5.6000000000000005,Implement / Fight
16.666666666666664,5.800000000000001,Implement / Fight
16.666666666666664,6.0,Implement / Fight
16.666666666666664,6.2,Implement / Fight
16.666666666666664,6.4,Implement / Fight
16.666666666666664,6.6000000000000005,Implement / Fight
16.666666666666664,6.800000000000001,Implement / Fight
16.666666666666664,7.0,Implement / Fight
16.666666666666664,7.2,Implement / Fight
16.666666666666664,7.4,Implement / Fight
16.666666666666664,7.6000000000000005,Implement / Fight
16.666666666666664,7.800000000000001,Implement / Fight
16.666666666666664,8.0,Implement / Fight
16.666666666666664,8.200000000000001,Implement / Fight
16.666666666666664,8.4,Implement / Fight
16.666666666666664,8.6,Implement / Fight
16.666666666666664,8.8,Implement / Fight
16.666666666666664,9.0,Implement / Fight
16.666666666666664,9.200000000000001,Implement / Fight
16.666666666666664,9.4,Implement / Fight
16.666666666666664,9.600000000000001,Implement / Fight
16.666666666666664,9.8,Implement / Fight
16.666666666666664,10.0,Implement / Fight
16.666666666666664,10.200000000000001,Implement / Fight
16.666666666666664,10.4,Implement / Fight
16.666666666666664,10.600000000000001,Implement / Fight
16.666666666666664,10.8,Implement / Fight
16.666666666666664,11.0,Implement / Fight
16.666666666666664,11.200000000000001,Implement / Fight
16.666666666666664,11.4,Implement / Fight
16.666666666666664,11.600000000000001,Implement / Fight
16.666666666666664,11.8,Implement / Fight
16.666666666666664,12.0,Implement / Fight
16.666666666666664,12.200000000000001,Implement / Fight
16.666666666666664,12.4,Implement / Fight
16.666666666666664,12.600000000000001,Implement / Fight
16.666666666666664,12.8,Implement / Fight
16.666666666666664,13.0,Implement / Fight
16.666666666666664,13.200000000000001,Implement / Fight
16.666666666666664,13.4,Implement / Fight
16.666666666666664,13.600000000000001,Implement / Fight
16.666666666666664,13.8,Implement / Fight
16.666666666666664,14.0,Implement / Fight
16.666666666666664,14.200000000000001,Implement / Fight
16.666666666666664,14.4,Implement / Fight
16.666666666666664,14.600000000000001,Implement / Fight
16.666666666666664,14.8,Implement / Fight
16.666666666666664,15.0,Implement / Fight
16.666666666666664,15.200000000000001,Implement / Fight
16.666666666666664,15.4,Implement / Fight
16.666666666666664,15.600000000000001,Implement / Fight
16.666666666666664,15.8,Implement / Fight
16.666666666666664,16.0,Implement / Fight
16.666666666666664,16.2,Implement / Fight
16.666666666666664,16.400000000000002,Implement / Fight
16.666666666666664,16.6,Implement / Fight
16.666666666666664,16.8,Implement / Fight
16.666666666666664,17.0,Implement / Fight
16.666666666666664,17.2,Implement / Fight
16.666666666666664,17.400000000000002,Implement / Fight
16.666666666666664,17.6,Implement / Fight
16.666666666666664,17.8,Implement / Fight
16.666666666666664,18.0,Implement / Fight
16.666666666666664,18.2,Implement / Fight
16.666666666666664,18.400000000000002,Implement / Fight
16.666666666666664,18.6,Implement / Fight
16.666666666666664,18.8,Implement / Fight
16.666666666666664,19.0,Implement / Fight
16.666666666666664,19.200000000000003,Implement / Fight
16.666666666666664,19.400000000000002,Implement / Fight
16.666666666666664,19.6,Implement / Fight
16.666666666666664,19.8,Implement / Fight
17.0,0.0,Implement / Fight
17.0,0.2,Implement / Fight
17.0,0.4,Implement / Fight
17.0,0.6000000000000001,Implement / Fight
17.0,0.8,Implement / Fight
17.0,1.0,Implement / Fight
17.0,1.2000000000000002,Implement / Fight
17.0,1.4000000000000001,Implement / Fight
17.0,1.6,Implement / Fight
17.0,1.8,Implement / Fight
17.0,2.0,Implement / Fight
17.0,2.2,Implement / Fight
17.0,2.4000000000000004,Implement / Fight
17.0,2.6,Implement / Fight
17.0,2.8000000000000003,Implement / Fight
17.0,3.0,Implement / Fight
17.0,3.2,Implement / Fight
17.0,3.4000000000000004,Implement / Fight
17.0,3.6,Implement / Fight
17.0,3.8000000000000003,Implement / Fight
17.0,4.0,Implement / Fight
17.0,4.2,Implement / Fight
17.0,4.4,Implement / Fight
17.0,4.6000000000000005,Implement / Fight
17.0,4.800000000000001,Implement / Fight
17.0,5.0,Implement / Fight
17.0,5.2,Implement / Fight
17.0,5.4,Implement / Fight
17.0,5.6000000000000005,Implement / Fight
17.0,5.800000000000001,Implement / Fight
17.0,6.0,Implement / Fight
17.0,6.2,Implement / Fight
17.0,6.4,Implement / Fight
17.0,6.6000000000000005,Implement / Fight
17.0,6.800000000000001,Implement / Fight
17.0,7.0,Implement / Fight
17.0,7.2,Implement / Fight
17.0,7.4,Implement / Fight
17.0,7.6000000000000005,Implement / Fight
17.0,7.800000000000001,Implement / Fight
17.0,8.0,Implement / Fight
17.0,8.200000000000001,Implement / Fight
17.0,8.4,Implement / Fight
17.0,8.6,Implement / Fight
17.0,8.8,Implement / Fight
17.0,9.0,Implement / Fight
17.0,9.200000000000001,Implement / Fight
17.0,9.4,Implement / Fight
17.0,9.600000000000001,Implement / Fight
17.0,9.8,Implement / Fight
17.0,10.0,Implement / Fight
17.0,10.200000000000001,Implement / Fight
17.0,10.4,Implement / Fight
17.0,10.600000000000001,Implement / Fight
17.0,10.8,Implement / Fight
17.0,11.0,Implement / Fight
17.0,11.200000000000001,Implement / Fight
17.0,11.4,Implement / Fight
17.0,11.600000000000001,Implement / Fight
17.0,11.8,Implement / Fight
17.0,12.0,Implement / Fight
17.0,12.200000000000001,Implement / Fight
17.0,12.4,Implement / Fight
17.0,12.600000000000001,Implement / Fight
17.0,12.8,Implement / Fight
17.0,13.0,Implement / Fight
17.0,13.200000000000001,Implement / Fight
17.0,13.4,Implement / Fight
17.0,13.600000000000001,Implement / Fight
17.0,13.8,Implement / Fight
17.0,14.0,Implement / Fight
17.0,14.200000000000001,Implement / Fight
17.0,14.4,Implement / Fight
17.0,14.600000000000001,Implement / Fight
17.0,14.8,Implement / Fight
17.0,15.0,Implement / Fight
17.0,15.200000000000001,Implement / Fight
17.0,15.4,Implement / Fight
17.0,15.600000000000001,Implement / Fight
17.0,15.8,Implement / Fight
17.0,16.0,Implement / Fight
17.0,16.2,Implement / Fight
17.0,16.400000000000002,Implement / Fight
17.0,16.6,Implement / Fight
17.0,16.8,Implement / Fight
17.0,17.0,Implement / Fight
17.0,17.2,Implement / Fight
17.0,17.400000000000002,Implement / Fight
17.0,17.6,Implement / Fight
17.0,17.8,Implement / Fight
17.0,18.0,Implement / Fight
17.0,18.2,Implement / Fight
17.0,18.400000000000002,Implement / Fight
17.0,18.6,Implement / Fight
17.0,18.8,Implement / Fight
17.0,19.0,Implement / Fight
17.0,19.200000000000003,Implement / Fight
17.0,19.400000000000002,Implement / Fight
17.0,19.6,Implement / Fight
17.0,19.8,Implement / Fight
17.333333333333332,0.0,Implement / Fight
17.333333333333332,0.2,Implement / Fight
17.333333333333332,0.4,Implement / Fight
17.333333333333332,0.6000000000000001,Implement / Fight
17.333333333333332,0.8,Implement / Fight
17.333333333333332,1.0,Implement / Fight
17.333333333333332,1.2000000000000002,Implement / Fight
17.333333333333332,1.4000000000000001,Implement / Fight
17.333333333333332,1.6,Implement / Fight
17.333333333333332,1.8,Implement / Fight
17.333333333333332,2.0,Implement / Fight
17.333333333333332,2.2,Implement / Fight
17.333333333333332,2.4000000000000004,Implement / Fight
17.333333333333332,2.6,Implement / Fight
17.333333333333332,2.8000000000000003,Implement / Fight
17.333333333333332,3.0,Implement / Fight
17.333333333333332,3.2,Implement / Fight
17.333333333333332,3.4000000000000004,Implement / Fight
17.333333333333332,3.6,Implement / Fight
17.333333333333332,3.8000000000000003,Implement / Fight
17.333333333333332,4.0,Implement / Fight
17.333333333333332,4.2,Implement / Fight
17.333333333333332,4.4,Implement / Fight
17.333333333333332,4.6000000000000005,Implement / Fight
17.333333333333332,4.800000000000001,Implement / Fight
17.333333333333332,5.0,Implement / Fight
17.333333333333332,5.2,Implement / Fight
17.333333333333332,5.4,Implement / Fight
17.333333333333332,5.6000000000000005,Implement / Fight
17.333333333333332,5.800000000000001,Implement / Fight
17.333333333333332,6.0,Implement / Fight
17.333333333333332,6.2,Implement / Fight
17.333333333333332,6.4,Implement / Fight
17.333333333333332,6.6000000000000005,Implement / Fight
17.333333333333332,6.800000000000001,Implement / Fight
17.333333333333332,7.0,Implement / Fight
17.333333333333332,7.2,Implement / Fight
17.333333333333332,7.4,Implement / Fight
17.333333333333332,7.6000000000000005,Implement / Fight
17.333333333333332,7.800000000000001,Implement / Fight
17.333333333333332,8.0,Implement / Fight
17.333333333333332,8.200000000000001,Implement / Fight
17.333333333333332,8.4,Implement / Fight
17.333333333333332,8.6,Implement / Fight
17.333333333333332,8.8,Implement / Fight
17.333333333333332,9.0,Implement / Fight
17.333333333333332,9.200000000000001,Implement / Fight
17.333333333333332,9.4,Implement / Fight
17.333333333333332,9.600000000000001,Implement / Fight
17.333333333333332,9.8,Implement / Fight
17.333333333333332,10.0,Implement / Fight
17.333333333333332,10.200000000000001,Implement / Fight
17.333333333333332,10.4,Implement / Fight
17.333333333333332,10.600000000000001,Implement / Fight
17.333333333333332,10.8,Implement / Fight
17.333333333333332,11.0,Implement / Fight
17.333333333333332,11.200000000000001,Implement / Fight
17.333333333333332,11.4,Implement / Fight
17.333333333333332,11.600000000000001,Implement / Fight
17.333333333333332,11.8,Implement / Fight
17.333333333333332,12.0,Implement / Fight
17.333333333333332,12.200000000000001,Implement / Fight
17.333333333333332,12.4,Implement / Fight
17.333333333333332,12.600000000000001,Implement / Fight
17.333333333333332,12.8,Implement / Fight
17.333333333333332,13.0,Implement / Fight
17.333333333333332,13.200000000000001,Implement / Fight
17.333333333333332,13.4,Implement / Fight
17.333333333333332,13.600000000000001,Implement / Fight
17.333333333333332,13.8,Implement / Fight
17.333333333333332,14.0,Implement / Fight
17.333333333333332,14.200000000000001,Implement / Fight
17.333333333333332,14.4,Implement / Fight
17.333333333333332,14.600000000000001,Implement / Fight
17.333333333333332,14.8,Implement / Fight
17.333333333333332,15.0,Implement / Fight
17.333333333333332,15.200000000000001,Implement / Fight
17.333333333333332,15.4,Implement / Fight
17.333333333333332,15.600000000000001,Implement / Fight
17.333333333333332,15.8,Implement / Fight
17.333333333333332,16.0,Implement / Fight
17.333333333333332,16.2,Implement / Fight
17.333333333333332,16.400000000000002,Implement / Fight
17.333333333333332,16.6,Implement / Fight
17.333333333333332,16.8,Implement / Fight
17.333333333333332,17.0,Implement / Fight
17.333333333333332,17.2,Implement / Fight
17.333333333333332,17.400000000000002,Implement / Fight
17.333333333333332,17.6,Implement / Fight
17.333333333333332,17.8,Implement / Fight
17.333333333333332,18.0,Implement / Fight
17.333333333333332,18.2,Implement / Fight
17.333333333333332,18.400000000000002,Implement / Fight
17.333333333333332,18.6,Implement / Fight
17.333333333333332,18.8,Implement / Fight
17.333333333333332,19.0,Implement / Fight
17.333333333333332,19.200000000000003,Implement / Fight
17.333333333333332,19.400000000000002,Implement / Fight
17.333333333333332,19.6,Implement / Fight
17.333333333333332,19.8,Implement / Fight
17.666666666666664,0.0,Implement / Fight
17.666666666666664,0.2,Implement / Fight
17.666666666666664,0.4,Implement / Fight
17.666666666666664,0.6000000000000001,Implement / Fight
17.666666666666664,0.8,Implement / Fight
17.666666666666664,1.0,Implement / Fight
17.666666666666664,1.2000000000000002,Implement / Fight
17.666666666666664,1.4000000000000001,Implement / Fight
17.666666666666664,1.6,Implement / Fight
17.666666666666664,1.8,Implement / Fight
17.666666666666664,2.0,Implement / Fight
17.666666666666664,2.2,Implement / Fight
17.666666666666664,2.4000000000000004,Implement / Fight
17.666666666666664,2.6,Implement / Fight
17.666666666666664,2.8000000000000003,Implement / Fight
17.666666666666664,3.0,Implement / Fight
17.666666666666664,3.2,Implement / Fight
17.666666666666664,3.4000000000000004,Implement / Fight
17.666666666666664,3.6,Implement / Fight
17.666666666666664,3.8000000000000003,Implement / Fight
17.666666666666664,4.0,Implement / Fight
17.666666666666664,4.2,Implement / Fight
17.666666666666664,4.4,Implement / Fight
17.666666666666664,4.6000000000000005,Implement / Fight
17.666666666666664,4.800000000000001,Implement / Fight
17.666666666666664,5.0,Implement / Fight
17.666666666666664,5.2,Implement / Fight
17.666666666666664,5.4,Implement / Fight
17.666666666666664,5.6000000000000005,Implement / Fight
17.666666666666664,5.800000000000001,Implement / Fight
17.666666666666664,6.0,Implement / Fight
17.666666666666664,6.2,Implement / Fight
17.666666666666664,6.4,Implement / Fight
17.666666666666664,6.6000000000000005,Implement / Fight
17.666666666666664,6.800000000000001,Implement / Fight
17.666666666666664,7.0,Implement / Fight
17.666666666666664,7.2,Implement / Fight
17.666666666666664,7.4,Implement / Fight
17.666666666666664,7.6000000000000005,Implement / Fight
17.666666666666664,7.800000000000001,Implement / Fight
17.666666666666664,8.0,Implement / Fight
17.666666666666664,8.200000000000001,Implement / Fight
17.666666666666664,8.4,Implement / Fight
17.666666666666664,8.6,Implement / Fight
17.666666666666664,8.8,Implement / Fight
17.666666666666664,9.0,Implement / Fight
17.666666666666664,9.200000000000001,Implement / Fight
17.666666666666664,9.4,Implement / Fight
17.666666666666664,9.600000000000001,Implement / Fight
17.666666666666664,9.8,Implement / Fight
17.666666666666664,10.0,Implement / Fight
17.666666666666664,10.200000000000001,Implement / Fight
17.666666666666664,10.4,Implement / Fight
17.666666666666664,10.600000000000001,Implement / Fight
17.666666666666664,10.8,Implement / Fight
17.666666666666664,11.0,Implement / Fight
17.666666666666664,11.200000000000001,Implement / Fight
17.666666666666664,11.4,Implement / Fight
17.666666666666664,11.600000000000001,Implement / Fight
17.666666666666664,11.8,Implement / Fight
17.666666666666664,12.0,Implement / Fight
17.666666666666664,12.200000000000001,Implement / Fight
17.666666666666664,12.4,Implement / Fight
17.666666666666664,12.600000000000001,Implement / Fight
17.666666666666664,12.8,Implement / Fight
17.666666666666664,13.0,Implement / Fight
17.666666666666664,13.200000000000001,Implement / Fight
17.666666666666664,13.4,Implement / Fight
17.666666666666664,13.600000000000001,Implement / Fight
17.666666666666664,13.8,Implement / Fight
17.666666666666664,14.0,Implement / Fight
17.666666666666664,14.200000000000001,Implement / Fight
17.666666666666664,14.4,Implement / Fight
17.666666666666664,14.600000000000001,Implement / Fight
17.666666666666664,14.8,Implement / Fight
17.666666666666664,15.0,Implement / Fight
17.666666666666664,15.200000000000001,Implement / Fight
17.666666666666664,15.4,Implement / Fight
17.666666666666664,15.600000000000001,Implement / Fight
17.666666666666664,15.8,Implement / Fight
17.666666666666664,16.0,Implement / Fight
17.666666666666664,16.2,Implement / Fight
17.666666666666664,16.400000000000002,Implement / Fight
17.666666666666664,16.6,Implement / Fight
17.666666666666664,16.8,Implement / Fight
17.666666666666664,17.0,Implement / Fight
17.666666666666664,17.2,Implement / Fight
17.666666666666664,17.400000000000002,Implement / Fight
17.666666666666664,17.6,Implement / Fight
17.666666666666664,17.8,Implement / Fight
17.666666666666664,18.0,Implement / Fight
17.666666666666664,18.2,Implement / Fight
17.666666666666664,18.400000000000002,Implement / Fight
17.666666666666664,18.6,Implement / Fight
17.666666666666664,18.8,Implement / Fight
17.666666666666664,19.0,Implement / Fight
17.666666666666664,19.200000000000003,Implement / Fight
17.666666666666664,19.400000000000002,Implement / Fight
17.666666666666664,19.6,Implement / Fight
17.666666666666664,19.8,Implement / Fight
18.0,0.0,Implement / Fight
18.0,0.2,Implement / Fight
18.0,0.4,Implement / Fight
18.0,0.6000000000000001,Implement / Fight
18.0,0.8,Implement / Fight
18.0,1.0,Implement / Fight
18.0,1.2000000000000002,Implement / Fight
18.0,1.4000000000000001,Implement / Fight
18.0,1.6,Implement / Fight
18.0,1.8,Implement / Fight
18.0,2.0,Implement / Fight
18.0,2.2,Implement / Fight
18.0,2.4000000000000004,Implement / Fight
18.0,2.6,Implement / Fight
18.0,2.8000000000000003,Implement / Fight
18.0,3.0,Implement / Fight
18.0,3.2,Implement / Fight
18.0,3.4000000000000004,Implement / Fight
18.0,3.6,Implement / Fight
18.0,3.8000000000000003,Implement / Fight
18.0,4.0,Implement / Fight
18.0,4.2,Implement / Fight
18.0,4.4,Implement / Fight
18.0,4.6000000000000005,Implement / Fight
18.0,4.800000000000001,Implement / Fight
18.0,5.0,Implement / Fight
18.0,5.2,Implement / Fight
18.0,5.4,Implement / Fight
18.0,5.6000000000000005,Implement / Fight
18.0,5.800000000000001,Implement / Fight
18.0,6.0,Implement / Fight
18.0,6.2,Implement / Fight
18.0,6.4,Implement / Fight
18.0,6.6000000000000005,Implement / Fight
18.0,6.800000000000001,Implement / Fight
18.0,7.0,Implement / Fight
18.0,7.2,Implement / Fight
18.0,7.4,Implement / Fight
18.0,7.6000000000000005,Implement / Fight
18.0,7.800000000000001,Implement / Fight
18.0,8.0,Implement / Fight
18.0,8.200000000000001,Implement / Fight
18.0,8.4,Implement / Fight
18.0,8.6,Implement / Fight
18.0,8.8,Implement / Fight
18.0,9.0,Implement / Fight
18.0,9.200000000000001,Implement / Fight
18.0,9.4,Implement / Fight
18.0,9.600000000000001,Implement / Fight
18.0,9.8,Implement / Fight
18.0,10.0,Implement / Fight
18.0,10.200000000000001,Implement / Fight
18.0,10.4,Implement / Fight
18.0,10.600000000000001,Implement / Fight
18.0,10.8,Implement / Fight
18.0,11.0,Implement / Fight
18.0,11.200000000000001,Implement / Fight
18.0,11.4,Implement / Fight
18.0,11.600000000000001,Implement / Fight
18.0,11.8,Implement / Fight
18.0,12.0,Implement / Fight
18.0,12.200000000000001,Implement / Fight
18.0,12.4,Implement / Fight
18.0,12.600000000000001,Implement / Fight
18.0,12.8,Implement / Fight
18.0,13.0,Implement / Fight
18.0,13.200000000000001,Implement / Fight
18.0,13.4,Implement / Fight
18.0,13.600000000000001,Implement / Fight
18.0,13.8,Implement / Fight
18.0,14.0,Implement / Fight
18.0,14.200000000000001,Implement / Fight
18.0,14.4,Implement / Fight
18.0,14.600000000000001,Implement / Fight
18.0,14.8,Implement / Fight
18.0,15.0,Implement / Fight
18.0,15.200000000000001,Implement / Fight
18.0,15.4,Implement / Fight
18.0,15.600000000000001,Implement / Fight
18.0,15.8,Implement / Fight
18.0,16.0,Implement / Fight
18.0,16.2,Implement / Fight
18.0,16.400000000000002,Implement / Fight
18.0,16.6,Implement / Fight
18.0,16.8,Implement / Fight
18.0,17.0,Implement / Fight
18.0,17.2,Implement / Fight
18.0,17.400000000000002,Implement / Fight
18.0,17.6,Implement / Fight
18.0,17.8,Implement / Fight
18.0,18.0,Implement / Fight
18.0,18.2,Implement / Fight
18.0,18.400000000000002,Implement / Fight
18.0,18.6,Implement / Fight
18.0,18.8,Implement / Fight
18.0,19.0,Implement / Fight
18.0,19.200000000000003,Implement / Fight
18.0,19.400000000000002,Implement / Fight
18.0,19.6,Implement / Fight
18.0,19.8,Implement / Fight
18.333333333333332,0.0,Implement / Fight
18.333333333333332,0.2,Implement / Fight
18.333333333333332,0.4,Implement / Fight
18.333333333333332,0.6000000000000001,Implement / Fight
18.333333333333332,0.8,Implement / Fight
18.333333333333332,1.0,Implement / Fight
18.333333333333332,1.2000000000000002,Implement / Fight
18.333333333333332,1.4000000000000001,Implement / Fight
18.333333333333332,1.6,Implement / Fight
18.333333333333332,1.8,Implement / Fight
18.333333333333332,2.0,Implement / Fight
18.333333333333332,2.2,Implement / Fight
18.333333333333332,2.4000000000000004,Implement / Fight
18.333333333333332,2.6,Implement / Fight
18.333333333333332,2.8000000000000003,Implement / Fight
18.333333333333332,3.0,Implement / Fight
18.333333333333332,3.2,Implement / Fight
18.333333333333332,3.4000000000000004,Implement / Fight
18.333333333333332,3.6,Implement / Fight
18.333333333333332,3.8000000000000003,Implement / Fight
18.333333333333332,4.0,Implement / Fight
18.333333333333332,4.2,Implement / Fight
18.333333333333332,4.4,Implement / Fight
18.333333333333332,4.6000000000000005,Implement / Fight
18.333333333333332,4.800000000000001,Implement / Fight
18.333333333333332,5.0,Implement / Fight
18.333333333333332,5.2,Implement / Fight
18.333333333333332,5.4,Implement / Fight
18.333333333333332,5.6000000000000005,Implement / Fight
18.333333333333332,5.800000000000001,Implement / Fight
18.333333333333332,6.0,Implement / Fight
18.333333333333332,6.2,Implement / Fight
18.333333333333332,6.4,Implement / Fight
18.333333333333332,6.6000000000000005,Implement / Fight
18.333333333333332,6.800000000000001,Implement / Fight
18.333333333333332,7.0,Implement / Fight
18.333333333333332,7.2,Implement / Fight
18.333333333333332,7.4,Implement / Fight
18.333333333333332,7.6000000000000005,Implement / Fight
18.333333333333332,7.800000000000001,Implement / Fight
18.333333333333332,8.0,Implement / Fight
18.333333333333332,8.200000000000001,Implement / Fight
18.333333333333332,8.4,Implement / Fight
18.333333333333332,8.6,Implement / Fight
18.333333333333332,8.8,Implement / Fight
18.333333333333332,9.0,Implement / Fight
18.333333333333332,9.200000000000001,Implement / Fight
18.333333333333332,9.4,Implement / Fight
18.333333333333332,9.600000000000001,Implement / Fight
18.333333333333332,9.8,Implement / Fight
18.333333333333332,10.0,Implement / Fight
18.333333333333332,10.200000000000001,Implement / Fight
18.333333333333332,10.4,Implement / Fight
18.333333333333332,10.600000000000001,Implement / Fight
18.333333333333332,10.8,Implement / Fight
18.333333333333332,11.0,Implement / Fight
18.333333333333332,11.200000000000001,Implement / Fight
18.333333333333332,11.4,Implement / Fight
18.333333333333332,11.600000000000001,Implement / Fight
18.333333333333332,11.8,Implement / Fight
18.333333333333332,12.0,Implement / Fight
18.333333333333332,12.200000000000001,Implement / Fight
18.333333333333332,12.4,Implement / Fight
18.333333333333332,12.600000000000001,Implement / Fight
18.333333333333332,12.8,Implement / Fight
18.333333333333332,13.0,Implement / Fight
18.333333333333332,13.200000000000001,Implement / Fight
18.333333333333332,13.4,Implement / Fight
18.333333333333332,13.600000000000001,Implement / Fight
18.333333333333332,13.8,Implement / Fight
18.333333333333332,14.0,Implement / Fight
18.333333333333332,14.200000000000001,Implement / Fight
18.333333333333332,14.4,Implement / Fight
18.333333333333332,14.600000000000001,Implement / Fight
18.333333333333332,14.8,Implement / Fight
18.333333333333332,15.0,Implement / Fight
18.333333333333332,15.200000000000001,Implement / Fight
18.333333333333332,15.4,Implement / Fight
18.333333333333332,15.600000000000001,Implement / Fight
18.333333333333332,15.8,Implement / Fight
18.333333333333332,16.0,Implement / Fight
18.333333333333332,16.2,Implement / Fight
18.333333333333332,16.400000000000002,Implement / Fight
18.333333333333332,16.6,Implement / Fight
18.333333333333332,16.8,Implement / Fight
18.333333333333332,17.0,Implement / Fight
18.333333333333332,17.2,Implement / Fight
18.333333333333332,17.400000000000002,Implement / Fight
18.333333333333332,17.6,Implement / Fight
18.333333333333332,17.8,Implement / Fight
18.333333333333332,18.0,Implement / Fight
18.333333333333332,18.2,Implement / Fight
18.333333333333332,18.400000000000002,Implement / Fight
18.333333333333332,18.6,Implement / Fight
18.333333333333332,18.8,Implement / Fight
18.333333333333332,19.0,Implement / Fight
18.333333333333332,19.200000000000003,Implement / Fight
18.333333333333332,19.400000000000002,Implement / Fight
18.333333333333332,19.6,Implement / Fight
18.333333333333332,19.8,Implement / Fight
18.666666666666664,0.0,Implement / Fight
18.666666666666664,0.2,Implement / Fight
18.666666666666664,0.4,Implement / Fight
18.666666666666664,0.6000000000000001,Implement / Fight
18.666666666666664,0.8,Implement / Fight
18.666666666666664,1.0,Implement / Fight
18.666666666666664,1.2000000000000002,Implement / Fight
18.666666666666664,1.4000000000000001,Implement / Fight
18.666666666666664,1.6,Implement / Fight
18.666666666666664,1.8,Implement / Fight
18.666666666666664,2.0,Implement / Fight
18.666666666666664,2.2,Implement / Fight
18.666666666666664,2.4000000000000004,Implement / Fight
18.666666666666664,2.6,Implement / Fight
18.666666666666664,2.8000000000000003,Implement / Fight
18.666666666666664,3.0,Implement / Fight
18.666666666666664,3.2,Implement / Fight
18.666666666666664,3.4000000000000004,Implement / Fight
18.666666666666664,3.6,Implement / Fight
18.666666666666664,3.8000000000000003,Implement / Fight
18.666666666666664,4.0,Implement / Fight
18.666666666666664,4.2,Implement / Fight
18.666666666666664,4.4,Implement / Fight
18.666666666666664,4.6000000000000005,Implement / Fight
18.666666666666664,4.800000000000001,Implement / Fight
18.666666666666664,5.0,Implement / Fight
18.666666666666664,5.2,Implement / Fight
18.666666666666664,5.4,Implement / Fight
18.666666666666664,5.6000000000000005,Implement / Fight
18.666666666666664,5.800000000000001,Implement / Fight
18.666666666666664,6.0,Implement / Fight
18.666666666666664,6.2,Implement / Fight
18.666666666666664,6.4,Implement / Fight
18.666666666666664,6.6000000000000005,Implement / Fight
18.666666666666664,6.800000000000001,Implement / Fight
18.666666666666664,7.0,Implement / Fight
18.666666666666664,7.2,Implement / Fight
18.666666666666664,7.4,Implement / Fight
18.666666666666664,7.6000000000000005,Implement / Fight
18.666666666666664,7.800000000000001,Implement / Fight
18.666666666666664,8.0,Implement / Fight
18.666666666666664,8.200000000000001,Implement / Fight
18.666666666666664,8.4,Implement / Fight
18.666666666666664,8.6,Implement / Fight
18.666666666666664,8.8,Implement / Fight
18.666666666666664,9.0,Implement / Fight
18.666666666666664,9.200000000000001,Implement / Fight
18.666666666666664,9.4,Implement / Fight
18.666666666666664,9.600000000000001,Implement / Fight
18.666666666666664,9.8,Implement / Fight
18.666666666666664,10.0,Implement / Fight
18.666666666666664,10.200000000000001,Implement / Fight
18.666666666666664,10.4,Implement / Fight
18.666666666666664,10.600000000000001,Implement / Fight
18.666666666666664,10.8,Implement / Fight
18.666666666666664,11.0,Implement / Fight
18.666666666666664,11.200000000000001,Implement / Fight
18.666666666666664,11.4,Implement / Fight
18.666666666666664,11.600000000000001,Implement / Fight
18.666666666666664,11.8,Implement / Fight
18.666666666666664,12.0,Implement / Fight
18.666666666666664,12.200000000000001,Implement / Fight
18.666666666666664,12.4,Implement / Fight
18.666666666666664,12.600000000000001,Implement / Fight
18.666666666666664,12.8,Implement / Fight
18.666666666666664,13.0,Implement / Fight
18.666666666666664,13.200000000000001,Implement / Fight
18.666666666666664,13.4,Implement / Fight
18.666666666666664,13.600000000000001,Implement / Fight
18.666666666666664,13.8,Implement / Fight
18.666666666666664,14.0,Implement / Fight
18.666666666666664,14.200000000000001,Implement / Fight
18.666666666666664,14.4,Implement / Fight
18.666666666666664,14.600000000000001,Implement / Fight
18.666666666666664,14.8,Implement / Fight
18.666666666666664,15.0,Implement / Fight
18.666666666666664,15.200000000000001,Implement / Fight
18.666666666666664,15.4,Implement / Fight
18.666666666666664,15.600000000000001,Implement / Fight
18.666666666666664,15.8,Implement / Fight
18.666666666666664,16.0,Implement / Fight
18.666666666666664,16.2,Implement / Fight
18.666666666666664,16.400000000000002,Implement / Fight
18.666666666666664,16.6,Implement / Fight
18.666666666666664,16.8,Implement / Fight
18.666666666666664,17.0,Implement / Fight
18.666666666666664,17.2,Implement / Fight
18.666666666666664,17.400000000000002,Implement / Fight
18.666666666666664,17.6,Implement / Fight
18.666666666666664,17.8,Implement / Fight
18.666666666666664,18.0,Implement / Fight
18.666666666666664,18.2,Implement / Fight
18.666666666666664,18.400000000000002,Implement / Fight
18.666666666666664,18.6,Implement / Fight
18.666666666666664,18.8,Implement / Fight
18.666666666666664,19.0,Implement / Fight
18.666666666666664,19.200000000000003,Implement / Fight
18.666666666666664,19.400000000000002,Implement / Fight
18.666666666666664,19.6,Implement / Fight
18.666666666666664,19.8,Implement / Fight
19.0,0.0,Implement / Fight
19.0,0.2,Implement / Fight
19.0,0.4,Implement / Fight
19.0,0.6000000000000001,Implement / Fight
19.0,0.8,Implement / Fight
19.0,1.0,Implement / Fight
19.0,1.2000000000000002,Implement / Fight
19.0,1.4000000000000001,Implement / Fight
19.0,1.6,Implement / Fight
19.0,1.8,Implement / Fight
19.0,2.0,Implement / Fight
19.0,2.2,Implement / Fight
19.0,2.4000000000000004,Implement / Fight
19.0,2.6,Implement / Fight
19.0,2.8000000000000003,Implement / Fight
19.0,3.0,Implement / Fight
19.0,3.2,Implement / Fight
19.0,3.4000000000000004,Implement / Fight
19.0,3.6,Implement / Fight
19.0,3.8000000000000003,Implement / Fight
19.0,4.0,Implement / Fight
19.0,4.2,Implement / Fight
19.0,4.4,Implement / Fight
19.0,4.6000000000000005,Implement / Fight
19.0,4.800000000000001,Implement / Fight
19.0,5.0,Implement / Fight
19.0,5.2,Implement / Fight
19.0,5.4,Implement / Fight
19.0,5.6000000000000005,Implement / Fight
19.0,5.800000000000001,Implement / Fight
19.0,6.0,Implement / Fight
19.0,6.2,Implement / Fight
19.0,6.4,Implement / Fight
19.0,6.6000000000000005,Implement / Fight
19.0,6.800000000000001,Implement / Fight
19.0,7.0,Implement / Fight
19.0,7.2,Implement / Fight
19.0,7.4,Implement / Fight
19.0,7.6000000000000005,Implement / Fight
19.0,7.800000000000001,Implement / Fight
19.0,8.0,Implement / Fight
19.0,8.200000000000001,Implement / Fight
19.0,8.4,Implement / Fight
19.0,8.6,Implement / Fight
19.0,8.8,Implement / Fight
19.0,9.0,Implement / Fight
19.0,9.200000000000001,Implement / Fight
19.0,9.4,Implement / Fight
19.0,9.600000000000001,Implement / Fight
19.0,9.8,Implement / Fight
19.0,10.0,Implement / Fight
19.0,10.200000000000001,Implement / Fight
19.0,10.4,Implement / Fight
19.0,10.600000000000001,Implement / Fight
19.0,10.8,Implement / Fight
19.0,11.0,Implement / Fight
19.0,11.200000000000001,Implement / Fight
19.0,11.4,Implement / Fight
19.0,11.600000000000001,Implement / Fight
19.0,11.8,Implement / Fight
19.0,12.0,Implement / Fight
19.0,12.200000000000001,Implement / Fight
19.0,12.4,Implement / Fight
19.0,12.600000000000001,Implement / Fight
19.0,12.8,Implement / Fight
19.0,13.0,Implement / Fight
19.0,13.200000000000001,Implement / Fight
19.0,13.4,Implement / Fight
19.0,13.600000000000001,Implement / Fight
19.0,13.8,Implement / Fight
19.0,14.0,Implement / Fight
19.0,14.200000000000001,Implement / Fight
19.0,14.4,Implement / Fight
19.0,14.600000000000001,Implement / Fight
19.0,14.8,Implement / Fight
19.0,15.0,Implement / Fight
19.0,15.200000000000001,Implement / Fight
19.0,15.4,Implement / Fight
19.0,15.600000000000001,Implement / Fight
19.0,15.8,Implement / Fight
19.0,16.0,Implement / Fight
19.0,16.2,Implement / Fight
19.0,16.400000000000002,Implement / Fight
19.0,16.6,Implement / Fight
19.0,16.8,Implement / Fight
19.0,17.0,Implement / Fight
19.0,17.2,Implement / Fight
19.0,17.400000000000002,Implement / Fight
19.0,17.6,Implement / Fight
19.0,17.8,Implement / Fight
19.0,18.0,Implement / Fight
19.0,18.2,Implement / Fight
19.0,18.400000000000002,Implement / Fight
19.0,18.6,Implement / Fight
19.0,18.8,Implement / Fight
19.0,19.0,Implement / Fight
19.0,19.200000000000003,Implement / Fight
19.0,19.400000000000002,Implement / Fight
19.0,19.6,Implement / Fight
19.0,19.8,Implement / Fight
19.333333333333332,0.0,Implement / Fight
19.333333333333332,0.2,Implement / Fight
19.333333333333332,0.4,Implement / Fight
19.333333333333332,0.6000000000000001,Implement / Fight
19.333333333333332,0.8,Implement / Fight
19.333333333333332,1.0,Implement / Fight
19.333333333333332,1.2000000000000002,Implement / Fight
19.333333333333332,1.4000000000000001,Implement / Fight
19.333333333333332,1.6,Implement / Fight
19.333333333333332,1.8,Implement / Fight
19.333333333333332,2.0,Implement / Fight
19.333333333333332,2.2,Implement / Fight
19.333333333333332,2.4000000000000004,Implement / Fight
19.333333333333332,2.6,Implement / Fight
19.333333333333332,2.8000000000000003,Implement / Fight
19.333333333333332,3.0,Implement / Fight
19.333333333333332,3.2,Implement / Fight
19.333333333333332,3.4000000000000004,Implement / Fight
19.333333333333332,3.6,Implement / Fight
19.333333333333332,3.8000000000000003,Implement / Fight
19.333333333333332,4.0,Implement / Fight
19.333333333333332,4.2,Implement / Fight
19.333333333333332,4.4,Implement / Fight
19.333333333333332,4.6000000000000005,Implement / Fight
19.333333333333332,4.800000000000001,Implement / Fight
19.333333333333332,5.0,Implement / Fight
19.333333333333332,5.2,Implement / Fight
19.333333333333332,5.4,Implement / Fight
19.333333333333332,5.6000000000000005,Implement / Fight
19.333333333333332,5.800000000000001,Implement / Fight
19.333333333333332,6.0,Implement / Fight
19.333333333333332,6.2,Implement / Fight
19.333333333333332,6.4,Implement / Fight
19.333333333333332,6.6000000000000005,Implement / Fight
19.333333333333332,6.800000000000001,Implement / Fight
19.333333333333332,7.0,Implement / Fight
19.333333333333332,7.2,Implement / Fight
19.333333333333332,7.4,Implement / Fight
19.333333333333332,7.6000000000000005,Implement / Fight
19.333333333333332,7.800000000000001,Implement / Fight
19.333333333333332,8.0,Implement / Fight
19.333333333333332,8.200000000000001,Implement / Fight
19.333333333333332,8.4,Implement / Fight
19.333333333333332,8.6,Implement / Fight
19.333333333333332,8.8,Implement / Fight
19.333333333333332,9.0,Implement / Fight
19.333333333333332,9.200000000000001,Implement / Fight
19.333333333333332,9.4,Implement / Fight
19.333333333333332,9.600000000000001,Implement / Fight
19.333333333333332,9.8,Implement / Fight
19.333333333333332,10.0,Implement / Fight
19.333333333333332,10.200000000000001,Implement / Fight
19.333333333333332,10.4,Implement / Fight
19.333333333333332,10.600000000000001,Implement / Fight
19.333333333333332,10.8,Implement / Fight
19.333333333333332,11.0,Implement / Fight
19.333333333333332,11.200000000000001,Implement / Fight
19.333333333333332,11.4,Implement / Fight
19.333333333333332,11.600000000000001,Implement / Fight
19.333333333333332,11.8,Implement / Fight
19.333333333333332,12.0,Implement / Fight
19.333333333333332,12.200000000000001,Implement / Fight
19.333333333333332,12.4,Implement / Fight
19.333333333333332,12.600000000000001,Implement / Fight
19.333333333333332,12.8,Implement / Fight
19.333333333333332,13.0,Implement / Fight
19.333333333333332,13.200000000000001,Implement / Fight
19.333333333333332,13.4,Implement / Fight
19.333333333333332,13.600000000000001,Implement / Fight
19.333333333333332,13.8,Implement / Fight
19.333333333333332,14.0,Implement / Fight
19.333333333333332,14.200000000000001,Implement / Fight
19.333333333333332,14.4,Implement / Fight
19.333333333333332,14.600000000000001,Implement / Fight
19.333333333333332,14.8,Implement / Fight
19.333333333333332,15.0,Implement / Fight
19.333333333333332,15.200000000000001,Implement / Fight
19.333333333333332,15.4,Implement / Fight
19.333333333333332,15.600000000000001,Implement / Fight
19.333333333333332,15.8,Implement / Fight
19.333333333333332,16.0,Implement / Fight
19.333333333333332,16.2,Implement / Fight
19.333333333333332,16.400000000000002,Implement / Fight
19.333333333333332,16.6,Implement / Fight
19.333333333333332,16.8,Implement / Fight
19.333333333333332,17.0,Implement / Fight
19.333333333333332,17.2,Implement / Fight
19.333333333333332,17.400000000000002,Implement / Fight
19.333333333333332,17.6,Implement / Fight
19.333333333333332,17.8,Implement / Fight
19.333333333333332,18.0,Implement / Fight
19.333333333333332,18.2,Implement / Fight
19.333333333333332,18.400000000000002,Implement / Fight
19.333333333333332,18.6,Implement / Fight
19.333333333333332,18.8,Implement / Fight
19.333333333333332,19.0,Implement / Fight
19.333333333333332,19.200000000000003,Implement / Fight
19.333333333333332,19.400000000000002,Implement / Fight
19.333333333333332,19.6,Implement / Fight
19.333333333333332,19.8,Implement / Fight
19.666666666666664,0.0,Implement / Fight
19.666666666666664,0.2,Implement / Fight
19.666666666666664,0.4,Implement / Fight
19.666666666666664,0.6000000000000001,Implement / Fight
19.666666666666664,0.8,Implement / Fight
19.666666666666664,1.0,Implement / Fight
19.666666666666664,1.2000000000000002,Implement / Fight
19.666666666666664,1.4000000000000001,Implement / Fight
19.666666666666664,1.6,Implement / Fight
19.666666666666664,1.8,Implement / Fight
19.666666666666664,2.0,Implement / Fight
19.666666666666664,2.2,Implement / Fight
19.666666666666664,2.4000000000000004,Implement / Fight
19.666666666666664,2.6,Implement / Fight
19.666666666666664,2.8000000000000003,Implement / Fight
19.666666666666664,3.0,Implement / Fight
19.666666666666664,3.2,Implement / Fight
19.666666666666664,3.4000000000000004,Implement / Fight
19.666666666666664,3.6,Implement / Fight
19.666666666666664,3.8000000000000003,Implement / Fight
19.666666666666664,4.0,Implement / Fight
19.666666666666664,4.2,Implement / Fight
19.666666666666664,4.4,Implement / Fight
19.666666666666664,4.6000000000000005,Implement / Fight
19.666666666666664,4.800000000000001,Implement / Fight
19.666666666666664,5.0,Implement / Fight
19.666666666666664,5.2,Implement / Fight
19.666666666666664,5.4,Implement / Fight
19.666666666666664,5.6000000000000005,Implement / Fight
19.666666666666664,5.800000000000001,Implement / Fight
19.666666666666664,6.0,Implement / Fight
19.666666666666664,6.2,Implement / Fight
19.666666666666664,6.4,Implement / Fight
19.666666666666664,6.6000000000000005,Implement / Fight
19.666666666666664,6.800000000000001,Implement / Fight
19.666666666666664,7.0,Implement / Fight
19.666666666666664,7.2,Implement / Fight
19.666666666666664,7.4,Implement / Fight
19.666666666666664,7.6000000000000005,Implement / Fight
19.666666666666664,7.800000000000001,Implement / Fight
19.666666666666664,8.0,Implement / Fight
19.666666666666664,8.200000000000001,Implement / Fight
19.666666666666664,8.4,Implement / Fight
19.666666666666664,8.6,Implement / Fight
19.666666666666664,8.8,Implement / Fight
19.666666666666664,9.0,Implement / Fight
19.666666666666664,9.200000000000001,Implement / Fight
19.666666666666664,9.4,Implement / Fight
19.666666666666664,9.600000000000001,Implement / Fight
19.666666666666664,9.8,Implement / Fight
19.666666666666664,10.0,Implement / Fight
19.666666666666664,10.200000000000001,Implement / Fight
19.666666666666664,10.4,Implement / Fight
19.666666666666664,10.600000000000001,Implement / Fight
19.666666666666664,10.8,Implement / Fight
19.666666666666664,11.0,Implement / Fight
19.666666666666664,11.200000000000001,Implement / Fight
19.666666666666664,11.4,Implement / Fight
19.666666666666664,11.600000000000001,Implement / Fight
19.666666666666664,11.8,Implement / Fight
19.666666666666664,12.0,Implement / Fight
19.666666666666664,12.200000000000001,Implement / Fight
19.666666666666664,12.4,Implement / Fight
19.666666666666664,12.600000000000001,Implement / Fight
19.666666666666664,12.8,Implement / Fight
19.666666666666664,13.0,Implement / Fight
19.666666666666664,13.200000000000001,Implement / Fight
19.666666666666664,13.4,Implement / Fight
19.666666666666664,13.600000000000001,Implement / Fight
19.666666666666664,13.8,Implement / Fight
19.666666666666664,14.0,Implement / Fight
19.666666666666664,14.200000000000001,Implement / Fight
19.666666666666664,14.4,Implement / Fight
19.666666666666664,14.600000000000001,Implement / Fight
19.666666666666664,14.8,Implement / Fight
19.666666666666664,15.0,Implement / Fight
19.666666666666664,15.200000000000001,Implement / Fight
19.666666666666664,15.4,Implement / Fight
19.666666666666664,15.600000000000001,Implement / Fight
19.666666666666664,15.8,Implement / Fight
19.666666666666664,16.0,Implement / Fight
19.666666666666664,16.2,Implement / Fight
19.666666666666664,16.400000000000002,Implement / Fight
19.666666666666664,16.6,Implement / Fight
19.666666666666664,16.8,Implement / Fight
19.666666666666664,17.0,Implement / Fight
19.666666666666664,17.2,Implement / Fight
19.666666666666664,17.400000000000002,Implement / Fight
19.666666666666664,17.6,Implement / Fight
19.666666666666664,17.8,Implement / Fight
19.666666666666664,18.0,Implement / Fight
19.666666666666664,18.2,Implement / Fight
19.666666666666664,18.400000000000002,Implement / Fight
19.666666666666664,18.6,Implement / Fight
19.666666666666664,18.8,Implement / Fight
19.666666666666664,19.0,Implement / Fight
19.666666666666664,19.200000000000003,Implement / Fight
19.666666666666664,19.400000000000002,Implement / Fight
19.666666666666664,19.6,Implement / Fight
19.666666666666664,19.8,Implement / Fight
20.0,0.0,Implement / Fight
20.0,0.2,Implement / Fight
20.0,0.4,Implement / Fight
20.0,0.6000000000000001,Implement / Fight
20.0,0.8,Implement / Fight
20.0,1.0,Implement / Fight
20.0,1.2000000000000002,Implement / Fight
20.0,1.4000000000000001,Implement / Fight
20.0,1.6,Implement / Fight
20.0,1.8,Implement / Fight
20.0,2.0,Implement / Fight
20.0,2.2,Implement / Fight
20.0,2.4000000000000004,Implement / Fight
20.0,2.6,Implement / Fight
20.0,2.8000000000000003,Implement / Fight
20.0,3.0,Implement / Fight
20.0,3.2,Implement / Fight
20.0,3.4000000000000004,Implement / Fight
20.0,3.6,Implement / Fight
20.0,3.8000000000000003,Implement / Fight
20.0,4.0,Implement / Fight
20.0,4.2,Implement / Fight
20.0,4.4,Implement / Fight
20.0,4.6000000000000005,Implement / Fight
20.0,4.800000000000001,Implement / Fight
20.0,5.0,Implement / Fight
20.0,5.2,Implement / Fight
20.0,5.4,Implement / Fight
20.0,5.6000000000000005,Implement / Fight
20.0,5.800000000000001,Implement / Fight
20.0,6.0,Implement / Fight
20.0,6.2,Implement / Fight
20.0,6.4,Implement / Fight
20.0,6.6000000000000005,Implement / Fight
20.0,6.800000000000001,Implement / Fight
20.0,7.0,Implement / Fight
20.0,7.2,Implement / Fight
20.0,7.4,Implement / Fight
20.0,7.6000000000000005,Implement / Fight
20.0,7.800000000000001,Implement / Fight
20.0,8.0,Implement / Fight
20.0,8.200000000000001,Implement / Fight
20.0,8.4,Implement / Fight
20.0,8.6,Implement / Fight
20.0,8.8,Implement / Fight
20.0,9.0,Implement / Fight
20.0,9.200000000000001,Implement / Fight
20.0,9.4,Implement / Fight
20.0,9.600000000000001,Implement / Fight
20.0,9.8,Implement / Fight
20.0,10.0,Implement / Fight
20.0,10.200000000000001,Implement / Fight
20.0,10.4,Implement / Fight
20.0,10.600000000000001,Implement / Fight
20.0,10.8,Implement / Fight
20.0,11.0,Implement / Fight
20.0,11.200000000000001,Implement / Fight
20.0,11.4,Implement / Fight
20.0,11.600000000000001,Implement / Fight
20.0,11.8,Implement / Fight
20.0,12.0,Implement / Fight
20.0,12.200000000000001,Implement / Fight
20.0,12.4,Implement / Fight
20.0,12.600000000000001,Implement / Fight
20.0,12.8,Implement / Fight
20.0,13.0,Implement / Fight
20.0,13.200000000000001,Implement / Fight
20.0,13.4,Implement / Fight
20.0,13.600000000000001,Implement / Fight
20.0,13.8,Implement / Fight
20.0,14.0,Implement / Fight
20.0,14.200000000000001,Implement / Fight
20.0,14.4,Implement / Fight
20.0,14.600000000000001,Implement / Fight
20.0,14.8,Implement / Fight
20.0,15.0,Implement / Fight
20.0,15.200000000000001,Implement / Fight
20.0,15.4,Implement / Fight
20.0,15.600000000000001,Implement / Fight
20.0,15.8,Implement / Fight
20.0,16.0,Implement / Fight
20.0,16.2,Implement / Fight
20.0,16.400000000000002,Implement / Fight
20.0,16.6,Implement / Fight
20.0,16.8,Implement / Fight
20.0,17.0,Implement / Fight
20.0,17.2,Implement / Fight
20.0,17.400000000000002,Implement / Fight
20.0,17.6,Implement / Fight
20.0,17.8,Implement / Fight
20.0,18.0,Implement / Fight
20.0,18.2,Implement / Fight
20.0,18.400000000000002,Implement / Fight
20.0,18.6,Implement / Fight
20.0,18.8,Implement / Fight
20.0,19.0,Implement / Fight
20.0,19.200000000000003,Implement / Fight
20.0,19.400000000000002,Implement / Fight
20.0,19.6,Implement / Fight
20.0,19.8,Implement / Fight
20.333333333333332,0.0,Implement / Fight
20.333333333333332,0.2,Implement / Fight
20.333333333333332,0.4,Implement / Fight
20.333333333333332,0.6000000000000001,Implement / Fight
20.333333333333332,0.8,Implement / Fight
20.333333333333332,1.0,Implement / Fight
20.333333333333332,1.2000000000000002,Implement / Fight
20.333333333333332,1.4000000000000001,Implement / Fight
20.333333333333332,1.6,Implement / Fight
20.333333333333332,1.8,Implement / Fight
20.333333333333332,2.0,Implement / Fight
20.333333333333332,2.2,Implement / Fight
20.333333333333332,2.4000000000000004,Implement / Fight
20.333333333333332,2.6,Implement / Fight
20.333333333333332,2.8000000000000003,Implement / Fight
20.333333333333332,3.0,Implement / Fight
20.333333333333332,3.2,Implement / Fight
20.333333333333332,3.4000000000000004,Implement / Fight
20.333333333333332,3.6,Implement / Fight
20.333333333333332,3.8000000000000003,Implement / Fight
20.333333333333332,4.0,Implement / Fight
20.333333333333332,4.2,Implement / Fight
20.333333333333332,4.4,Implement / Fight
20.333333333333332,4.6000000000000005,Implement / Fight
20.333333333333332,4.800000000000001,Implement / Fight
20.333333333333332,5.0,Implement / Fight
20.333333333333332,5.2,Implement / Fight
20.333333333333332,5.4,Implement / Fight
20.333333333333332,5.6000000000000005,Implement / Fight
20.333333333333332,5.800000000000001,Implement / Fight
20.333333333333332,6.0,Implement / Fight
20.333333333333332,6.2,Implement / Fight
20.333333333333332,6.4,Implement / Fight
20.333333333333332,6.6000000000000005,Implement / Fight
20.333333333333332,6.800000000000001,Implement / Fight
20.333333333333332,7.0,Implement / Fight
20.333333333333332,7.2,Implement / Fight
20.333333333333332,7.4,Implement / Fight
20.333333333333332,7.6000000000000005,Implement / Fight
20.333333333333332,7.800000000000001,Implement / Fight
20.333333333333332,8.0,Implement / Fight
20.333333333333332,8.200000000000001,Implement / Fight
20.333333333333332,8.4,Implement / Fight
20.333333333333332,8.6,Implement / Fight
20.333333333333332,8.8,Implement / Fight
20.333333333333332,9.0,Implement / Fight
20.333333333333332,9.200000000000001,Implement / Fight
20.333333333333332,9.4,Implement / Fight
20.333333333333332,9.600000000000001,Implement / Fight
20.333333333333332,9.8,Implement / Fight
20.333333333333332,10.0,Implement / Fight
20.333333333333332,10.200000000000001,Implement / Fight
20.333333333333332,10.4,Implement / Fight
20.333333333333332,10.600000000000001,Implement / Fight
20.333333333333332,10.8,Implement / Fight
20.333333333333332,11.0,Implement / Fight
20.333333333333332,11.200000000000001,Implement / Fight
20.333333333333332,11.4,Implement / Fight
20.333333333333332,11.600000000000001,Implement / Fight
20.333333333333332,11.8,Implement / Fight
20.333333333333332,12.0,Implement / Fight
20.333333333333332,12.200000000000001,Implement / Fight
20.333333333333332,12.4,Implement / Fight
20.333333333333332,12.600000000000001,Implement / Fight
20.333333333333332,12.8,Implement / Fight
20.333333333333332,13.0,Implement / Fight
20.333333333333332,13.200000000000001,Implement / Fight
20.333333333333332,13.4,Implement / Fight
20.333333333333332,13.600000000000001,Implement / Fight
20.333333333333332,13.8,Implement / Fight
20.333333333333332,14.0,Implement / Fight
20.333333333333332,14.200000000000001,Implement / Fight
20.333333333333332,14.4,Implement / Fight
20.333333333333332,14.600000000000001,Implement / Fight
20.333333333333332,14.8,Implement / Fight
20.333333333333332,15.0,Implement / Fight
20.333333333333332,15.200000000000001,Implement / Fight
20.333333333333332,15.4,Implement / Fight
20.333333333333332,15.600000000000001,Implement / Fight
20.333333333333332,15.8,Implement / Fight
20.333333333333332,16.0,Implement / Fight
20.333333333333332,16.2,Implement / Fight
20.333333333333332,16.400000000000002,Implement / Fight
20.333333333333332,16.6,Implement / Fight
20.333333333333332,16.8,Implement / Fight
20.333333333333332,17.0,Implement / Fight
20.333333333333332,17.2,Implement / Fight
20.333333333333332,17.400000000000002,Implement / Fight
20.333333333333332,17.6,Implement / Fight
20.333333333333332,17.8,Implement / Fight
20.333333333333332,18.0,Implement / Fight
20.333333333333332,18.2,Implement / Fight
20.333333333333332,18.400000000000002,Implement / Fight
20.333333333333332,18.6,Implement / Fight
20.333333333333332,18.8,Implement / Fight
20.333333333333332,19.0,Implement / Fight
20.333333333333332,19.200000000000003,Implement / Fight
20.333333333333332,19.400000000000002,Implement / Fight
20.333333333333332,19.6,Implement / Fight
20.333333333333332,19.8,Implement / Fight
20.666666666666664,0.0,Implement / Fight
20.666666666666664,0.2,Implement / Fight
20.666666666666664,0.4,Implement / Fight
20.666666666666664,0.6000000000000001,Implement / Fight
20.666666666666664,0.8,Implement / Fight
20.666666666666664,1.0,Implement / Fight
20.666666666666664,1.2000000000000002,Implement / Fight
20.666666666666664,1.4000000000000001,Implement / Fight
20.666666666666664,1.6,Implement / Fight
20.666666666666664,1.8,Implement / Fight
20.666666666666664,2.0,Implement / Fight
20.666666666666664,2.2,Implement / Fight
20.666666666666664,2.4000000000000004,Implement / Fight
20.666666666666664,2.6,Implement / Fight
20.666666666666664,2.8000000000000003,Implement / Fight
20.666666666666664,3.0,Implement / Fight
20.666666666666664,3.2,Implement / Fight
20.666666666666664,3.4000000000000004,Implement / Fight
20.666666666666664,3.6,Implement / Fight
20.666666666666664,3.8000000000000003,Implement / Fight
20.666666666666664,4.0,Implement / Fight
20.666666666666664,4.2,Implement / Fight
20.666666666666664,4.4,Implement / Fight
20.666666666666664,4.6000000000000005,Implement / Fight
20.666666666666664,4.800000000000001,Implement / Fight
20.666666666666664,5.0,Implement / Fight
20.666666666666664,5.2,Implement / Fight
20.666666666666664,5.4,Implement / Fight
20.666666666666664,5.6000000000000005,Implement / Fight
20.666666666666664,5.800000000000001,Implement / Fight
20.666666666666664,6.0,Implement / Fight
20.666666666666664,6.2,Implement / Fight
20.666666666666664,6.4,Implement / Fight
20.666666666666664,6.6000000000000005,Implement / Fight
20.666666666666664,6.800000000000001,Implement / Fight
20.666666666666664,7.0,Implement / Fight
20.666666666666664,7.2,Implement / Fight
20.666666666666664,7.4,Implement / Fight
20.666666666666664,7.6000000000000005,Implement / Fight
20.666666666666664,7.800000000000001,Implement / Fight
20.666666666666664,8.0,Implement / Fight
20.666666666666664,8.200000000000001,Implement / Fight
20.666666666666664,8.4,Implement / Fight
20.666666666666664,8.6,Implement / Fight
20.666666666666664,8.8,Implement / Fight
20.666666666666664,9.0,Implement / Fight
20.666666666666664,9.200000000000001,Implement / Fight
20.666666666666664,9.4,Implement / Fight
20.666666666666664,9.600000000000001,Implement / Fight
20.666666666666664,9.8,Implement / Fight
20.666666666666664,10.0,Implement / Fight
20.666666666666664,10.200000000000001,Implement / Fight
20.666666666666664,10.4,Implement / Fight
20.666666666666664,10.600000000000001,Implement / Fight
20.666666666666664,10.8,Implement / Fight
20.666666666666664,11.0,Implement / Fight
20.666666666666664,11.200000000000001,Implement / Fight
20.666666666666664,11.4,Implement / Fight
20.666666666666664,11.600000000000001,Implement / Fight
20.666666666666664,11.8,Implement / Fight
20.666666666666664,12.0,Implement / Fight
20.666666666666664,12.200000000000001,Implement / Fight
20.666666666666664,12.4,Implement / Fight
20.666666666666664,12.600000000000001,Implement / Fight
20.666666666666664,12.8,Implement / Fight
20.666666666666664,13.0,Implement / Fight
20.666666666666664,13.200000000000001,Implement / Fight
20.666666666666664,13.4,Implement / Fight
20.666666666666664,13.600000000000001,Implement / Fight
20.666666666666664,13.8,Implement / Fight
20.666666666666664,14.0,Implement / Fight
20.666666666666664,14.200000000000001,Implement / Fight
20.666666666666664,14.4,Implement / Fight
20.666666666666664,14.600000000000001,Implement / Fight
20.666666666666664,14.8,Implement / Fight
20.666666666666664,15.0,Implement / Fight
20.666666666666664,15.200000000000001,Implement / Fight
20.666666666666664,15.4,Implement / Fight
20.666666666666664,15.600000000000001,Implement / Fight
20.666666666666664,15.8,Implement / Fight
20.666666666666664,16.0,Implement / Fight
20.666666666666664,16.2,Implement / Fight
20.666666666666664,16.400000000000002,Implement / Fight
20.666666666666664,16.6,Implement / Fight
20.666666666666664,16.8,Implement / Fight
20.666666666666664,17.0,Implement / Fight
20.666666666666664,17.2,Implement / Fight
20.666666666666664,17.400000000000002,Implement / Fight
20.666666666666664,17.6,Implement / Fight
20.666666666666664,17.8,Implement / Fight
20.666666666666664,18.0,Implement / Fight
20.666666666666664,18.2,Implement / Fight
20.666666666666664,18.400000000000002,Implement / Fight
20.666666666666664,18.6,Implement / Fight
20.666666666666664,18.8,Implement / Fight
20.666666666666664,19.0,Implement / Fight
20.666666666666664,19.200000000000003,Implement / Fight
20.666666666666664,19.400000000000002,Implement / Fight
20.666666666666664,19.6,Implement / Fight
20.666666666666664,19.8,Implement / Fight
21.0,0.0,Implement / Fight
21.0,0.2,Implement / Fight
21.0,0.4,Implement / Fight
21.0,0.6000000000000001,Implement / Fight
21.0,0.8,Implement / Fight
21.0,1.0,Implement / Fight
21.0,1.2000000000000002,Implement / Fight
21.0,1.4000000000000001,Implement / Fight
21.0,1.6,Implement / Fight
21.0,1.8,Implement / Fight
21.0,2.0,Implement / Fight
21.0,2.2,Implement / Fight
21.0,2.4000000000000004,Implement / Fight
21.0,2.6,Implement / Fight
21.0,2.8000000000000003,Implement / Fight
21.0,3.0,Implement / Fight
21.0,3.2,Implement / Fight
21.0,3.4000000000000004,Implement / Fight
21.0,3.6,Implement / Fight
21.0,3.8000000000000003,Implement / Fight
21.0,4.0,Implement / Fight
21.0,4.2,Implement / Fight
21.0,4.4,Implement / Fight
21.0,4.6000000000000005,Implement / Fight
21.0,4.800000000000001,Implement / Fight
21.0,5.0,Implement / Fight
21.0,5.2,Implement / Fight
21.0,5.4,Implement / Fight
21.0,5.6000000000000005,Implement / Fight
21.0,5.800000000000001,Implement / Fight
21.0,6.0,Implement / Fight
21.0,6.2,Implement / Fight
21.0,6.4,Implement / Fight
21.0,6.6000000000000005,Implement / Fight
21.0,6.800000000000001,Implement / Fight
21.0,7.0,Implement / Fight
21.0,7.2,Implement / Fight
21.0,7.4,Implement / Fight
21.0,7.6000000000000005,Implement / Fight
21.0,7.800000000000001,Implement / Fight
21.0,8.0,Implement / Fight
21.0,8.200000000000001,Implement / Fight
21.0,8.4,Implement / Fight
21.0,8.6,Implement / Fight
21.0,8.8,Implement / Fight
21.0,9.0,Implement / Fight
21.0,9.200000000000001,Implement / Fight
21.0,9.4,Implement / Fight
21.0,9.600000000000001,Implement / Fight
21.0,9.8,Implement / Fight
21.0,10.0,Implement / Fight
21.0,10.200000000000001,Implement / Fight
21.0,10.4,Implement / Fight
21.0,10.600000000000001,Implement / Fight
21.0,10.8,Implement / Fight
21.0,11.0,Implement / Fight
21.0,11.200000000000001,Implement / Fight
21.0,11.4,Implement / Fight
21.0,11.600000000000001,Implement / Fight
21.0,11.8,Implement / Fight
21.0,12.0,Implement / Fight
21.0,12.200000000000001,Implement / Fight
21.0,12.4,Implement / Fight
21.0,12.600000000000001,Implement / Fight
21.0,12.8,Implement / Fight
21.0,13.0,Implement / Fight
21.0,13.200000000000001,Implement / Fight
21.0,13.4,Implement / Fight
21.0,13.600000000000001,Implement / Fight
21.0,13.8,Implement / Fight
21.0,14.0,Implement / Fight
21.0,14.200000000000001,Implement / Fight
21.0,14.4,Implement / Fight
21.0,14.600000000000001,Implement / Fight
21.0,14.8,Implement / Fight
21.0,15.0,Implement / Fight
21.0,15.200000000000001,Implement / Fight
21.0,15.4,Implement / Fight
21.0,15.600000000000001,Implement / Fight
21.0,15.8,Implement / Fight
21.0,16.0,Implement / Fight
21.0,16.2,Implement / Fight
21.0,16.400000000000002,Implement / Fight
21.0,16.6,Implement / Fight
21.0,16.8,Implement / Fight
21.0,17.0,Implement / Fight
21.0,17.2,Implement / Fight
21.0,17.400000000000002,Implement / Fight
21.0,17.6,Implement / Fight
21.0,17.8,Implement / Fight
21.0,18.0,Implement / Fight
21.0,18.2,Implement / Fight
21.0,18.400000000000002,Implement / Fight
21.0,18.6,Implement / Fight
21.0,18.8,Implement / Fight
21.0,19.0,Implement / Fight
21.0,19.200000000000003,Implement / Fight
21.0,19.400000000000002,Implement / Fight
21.0,19.6,Implement / Fight
21.0,19.8,Implement / Fight
21.333333333333332,0.0,Implement / Fight
21.333333333333332,0.2,Implement / Fight
21.333333333333332,0.4,Implement / Fight
21.333333333333332,0.6000000000000001,Implement / Fight
21.333333333333332,0.8,Implement / Fight
21.333333333333332,1.0,Implement / Fight
21.333333333333332,1.2000000000000002,Implement / Fight
21.333333333333332,1.4000000000000001,Implement / Fight
21.333333333333332,1.6,Implement / Fight
21.333333333333332,1.8,Implement / Fight
21.333333333333332,2.0,Implement / Fight
21.333333333333332,2.2,Implement / Fight
21.333333333333332,2.4000000000000004,Implement / Fight
21.333333333333332,2.6,Implement / Fight
21.333333333333332,2.8000000000000003,Implement / Fight
21.333333333333332,3.0,Implement / Fight
21.333333333333332,3.2,Implement / Fight
21.333333333333332,3.4000000000000004,Implement / Fight
21.333333333333332,3.6,Implement / Fight
21.333333333333332,3.8000000000000003,Implement / Fight
21.333333333333332,4.0,Implement / Fight
21.333333333333332,4.2,Implement / Fight
21.333333333333332,4.4,Implement / Fight
21.333333333333332,4.6000000000000005,Implement / Fight
21.333333333333332,4.800000000000001,Implement / Fight
21.333333333333332,5.0,Implement / Fight
21.333333333333332,5.2,Implement / Fight
21.333333333333332,5.4,Implement / Fight
21.333333333333332,5.6000000000000005,Implement / Fight
21.333333333333332,5.800000000000001,Implement / Fight
21.333333333333332,6.0,Implement / Fight
21.333333333333332,6.2,Implement / Fight
21.333333333333332,6.4,Implement / Fight
21.333333333333332,6.6000000000000005,Implement / Fight
21.333333333333332,6.800000000000001,Implement / Fight
21.333333333333332,7.0,Implement / Fight
21.333333333333332,7.2,Implement / Fight
21.333333333333332,7.4,Implement / Fight
21.333333333333332,7.6000000000000005,Implement / Fight
21.333333333333332,7.800000000000001,Implement / Fight
21.333333333333332,8.0,Implement / Fight
21.333333333333332,8.200000000000001,Implement / Fight
21.333333333333332,8.4,Implement / Fight
21.333333333333332,8.6,Implement / Fight
21.333333333333332,8.8,Implement / Fight
21.333333333333332,9.0,Implement / Fight
21.333333333333332,9.200000000000001,Implement / Fight
21.333333333333332,9.4,Implement / Fight
21.333333333333332,9.600000000000001,Implement / Fight
21.333333333333332,9.8,Implement / Fight
21.333333333333332,10.0,Implement / Fight
21.333333333333332,10.200000000000001,Implement / Fight
21.333333333333332,10.4,Implement / Fight
21.333333333333332,10.600000000000001,Implement / Fight
21.333333333333332,10.8,Implement / Fight
21.333333333333332,11.0,Implement / Fight
21.333333333333332,11.200000000000001,Implement / Fight
21.333333333333332,11.4,Implement / Fight
21.333333333333332,11.600000000000001,Implement / Fight
21.333333333333332,11.8,Implement / Fight
21.333333333333332,12.0,Implement / Fight
21.333333333333332,12.200000000000001,Implement / Fight
21.333333333333332,12.4,Implement / Fight
21.333333333333332,12.600000000000001,Implement / Fight
21.333333333333332,12.8,Implement / Fight
21.333333333333332,13.0,Implement / Fight
21.333333333333332,13.200000000000001,Implement / Fight
21.333333333333332,13.4,Implement / Fight
21.333333333333332,13.600000000000001,Implement / Fight
21.333333333333332,13.8,Implement / Fight
21.333333333333332,14.0,Implement / Fight
21.333333333333332,14.200000000000001,Implement / Fight
21.333333333333332,14.4,Implement / Fight
21.333333333333332,14.600000000000001,Implement / Fight
21.333333333333332,14.8,Implement / Fight
21.333333333333332,15.0,Implement / Fight
21.333333333333332,15.200000000000001,Implement / Fight
21.333333333333332,15.4,Implement / Fight
21.333333333333332,15.600000000000001,Implement / Fight
21.333333333333332,15.8,Implement / Fight
21.333333333333332,16.0,Implement / Fight
21.333333333333332,16.2,Implement / Fight
21.333333333333332,16.400000000000002,Implement / Fight
21.333333333333332,16.6,Implement / Fight
21.333333333333332,16.8,Implement / Fight
21.333333333333332,17.0,Implement / Fight
21.333333333333332,17.2,Implement / Fight
21.333333333333332,17.400000000000002,Implement / Fight
21.333333333333332,17.6,Implement / Fight
21.333333333333332,17.8,Implement / Fight
21.333333333333332,18.0,Implement / Fight
21.333333333333332,18.2,Implement / Fight
21.333333333333332,18.400000000000002,Implement / Fight
21.333333333333332,18.6,Implement / Fight
21.333333333333332,18.8,Implement / Fight
21.333333333333332,19.0,Implement / Fight
21.333333333333332,19.200000000000003,Implement / Fight
21.333333333333332,19.400000000000002,Implement / Fight
21.333333333333332,19.6,Implement / Fight
21.333333333333332,19.8,Implement / Fight
21.666666666666664,0.0,Implement / Fight
21.666666666666664,0.2,Implement / Fight
21.666666666666664,0.4,Implement / Fight
21.666666666666664,0.6000000000000001,Implement / Fight
21.666666666666664,0.8,Implement / Fight
21.666666666666664,1.0,Implement / Fight
21.666666666666664,1.2000000000000002,Implement / Fight
21.666666666666664,1.4000000000000001,Implement / Fight
21.666666666666664,1.6,Implement / Fight
21.666666666666664,1.8,Implement / Fight
21.666666666666664,2.0,Implement / Fight
21.666666666666664,2.2,Implement / Fight
21.666666666666664,2.4000000000000004,Implement / Fight
21.666666666666664,2.6,Implement / Fight
21.666666666666664,2.8000000000000003,Implement / Fight
21.666666666666664,3.0,Implement / Fight
21.666666666666664,3.2,Implement / Fight
21.666666666666664,3.4000000000000004,Implement / Fight
21.666666666666664,3.6,Implement / Fight
21.666666666666664,3.8000000000000003,Implement / Fight
21.666666666666664,4.0,Implement / Fight
21.666666666666664,4.2,Implement / Fight
21.666666666666664,4.4,Implement / Fight
21.666666666666664,4.6000000000000005,Implement / Fight
21.666666666666664,4.800000000000001,Implement / Fight
21.666666666666664,5.0,Implement / Fight
21.666666666666664,5.2,Implement / Fight
21.666666666666664,5.4,Implement / Fight
21.666666666666664,5.6000000000000005,Implement / Fight
21.666666666666664,5.800000000000001,Implement / Fight
21.666666666666664,6.0,Implement / Fight
21.666666666666664,6.2,Implement / Fight
21.666666666666664,6.4,Implement / Fight
21.666666666666664,6.6000000000000005,Implement / Fight
21.666666666666664,6.800000000000001,Implement / Fight
21.666666666666664,7.0,Implement / Fight
21.666666666666664,7.2,Implement / Fight
21.666666666666664,7.4,Implement / Fight
21.666666666666664,7.6000000000000005,Implement / Fight
21.666666666666664,7.800000000000001,Implement / Fight
21.666666666666664,8.0,Implement / Fight
21.666666666666664,8.200000000000001,Implement / Fight
21.666666666666664,8.4,Implement / Fight
21.666666666666664,8.6,Implement / Fight
21.666666666666664,8.8,Implement / Fight
21.666666666666664,9.0,Implement / Fight
21.666666666666664,9.200000000000001,Implement / Fight
21.666666666666664,9.4,Implement / Fight
21.666666666666664,9.600000000000001,Implement / Fight
21.666666666666664,9.8,Implement / Fight
21.666666666666664,10.0,Implement / Fight
21.666666666666664,10.200000000000001,Implement / Fight
21.666666666666664,10.4,Implement / Fight
21.666666666666664,10.600000000000001,Implement / Fight
21.666666666666664,10.8,Implement / Fight
21.666666666666664,11.0,Implement / Fight
21.666666666666664,11.200000000000001,Implement / Fight
21.666666666666664,11.4,Implement / Fight
21.666666666666664,11.600000000000001,Implement / Fight
21.666666666666664,11.8,Implement / Fight
21.666666666666664,12.0,Implement / Fight
21.666666666666664,12.200000000000001,Implement / Fight
21.666666666666664,12.4,Implement / Fight
21.666666666666664,12.600000000000001,Implement / Fight
21.666666666666664,12.8,Implement / Fight
21.666666666666664,13.0,Implement / Fight
21.666666666666664,13.200000000000001,Implement / Fight
21.666666666666664,13.4,Implement / Fight
21.666666666666664,13.600000000000001,Implement / Fight
21.666666666666664,13.8,Implement / Fight
21.666666666666664,14.0,Implement / Fight
21.666666666666664,14.200000000000001,Implement / Fight
21.666666666666664,14.4,Implement / Fight
21.666666666666664,14.600000000000001,Implement / Fight
21.666666666666664,14.8,Implement / Fight
21.666666666666664,15.0,Implement / Fight
21.666666666666664,15.200000000000001,Implement / Fight
21.666666666666664,15.4,Implement / Fight
21.666666666666664,15.600000000000001,Implement / Fight
21.666666666666664,15.8,Implement / Fight
21.666666666666664,16.0,Implement / Fight
21.666666666666664,16.2,Implement / Fight
21.666666666666664,16.400000000000002,Implement / Fight
21.666666666666664,16.6,Implement / Fight
21.666666666666664,16.8,Implement / Fight
21.666666666666664,17.0,Implement / Fight
21.666666666666664,17.2,Implement / Fight
21.666666666666664,17.400000000000002,Implement / Fight
21.666666666666664,17.6,Implement / Fight
21.666666666666664,17.8,Implement / Fight
21.666666666666664,18.0,Implement / Fight
21.666666666666664,18.2,Implement / Fight
21.666666666666664,18.400000000000002,Implement / Fight
21.666666666666664,18.6,Implement / Fight
21.666666666666664,18.8,Implement / Fight
21.666666666666664,19.0,Implement / Fight
21.666666666666664,19.200000000000003,Implement / Fight
21.666666666666664,19.400000000000002,Implement / Fight
21.666666666666664,19.6,Implement / Fight
21.666666666666664,19.8,Implement / Fight
22.0,0.0,Implement / Fight
22.0,0.2,Implement / Fight
22.0,0.4,Implement / Fight
22.0,0.6000000000000001,Implement / Fight
22.0,0.8,Implement / Fight
22.0,1.0,Implement / Fight
22.0,1.2000000000000002,Implement / Fight
22.0,1.4000000000000001,Implement / Fight
22.0,1.6,Implement / Fight
22.0,1.8,Implement / Fight
22.0,2.0,Implement / Fight
22.0,2.2,Implement / Fight
22.0,2.4000000000000004,Implement / Fight
22.0,2.6,Implement / Fight
22.0,2.8000000000000003,Implement / Fight
22.0,3.0,Implement / Fight
22.0,3.2,Implement / Fight
22.0,3.4000000000000004,Implement / Fight
22.0,3.6,Implement / Fight
22.0,3.8000000000000003,Implement / Fight
22.0,4.0,Implement / Fight
22.0,4.2,Implement / Fight
22.0,4.4,Implement / Fight
22.0,4.6000000000000005,Implement / Fight
22.0,4.800000000000001,Implement / Fight
22.0,5.0,Implement / Fight
22.0,5.2,Implement / Fight
22.0,5.4,Implement / Fight
22.0,5.6000000000000005,Implement / Fight
22.0,5.800000000000001,Implement / Fight
22.0,6.0,Implement / Fight
22.0,6.2,Implement / Fight
22.0,6.4,Implement / Fight
22.0,6.6000000000000005,Implement / Fight
22.0,6.800000000000001,Implement / Fight
22.0,7.0,Implement / Fight
22.0,7.2,Implement / Fight
22.0,7.4,Implement / Fight
22.0,7.6000000000000005,Implement / Fight
22.0,7.800000000000001,Implement / Fight
22.0,8.0,Implement / Fight
22.0,8.200000000000001,Implement / Fight
22.0,8.4,Implement / Fight
22.0,8.6,Implement / Fight
22.0,8.8,Implement / Fight
22.0,9.0,Implement / Fight
22.0,9.200000000000001,Implement / Fight
22.0,9.4,Implement / Fight
22.0,9.600000000000001,Implement / Fight
22.0,9.8,Implement / Fight
22.0,10.0,Implement / Fight
22.0,10.200000000000001,Implement / Fight
22.0,10.4,Implement / Fight
22.0,10.600000000000001,Implement / Fight
22.0,10.8,Implement / Fight
22.0,11.0,Implement / Fight
22.0,11.200000000000001,Implement / Fight
22.0,11.4,Implement / Fight
22.0,11.600000000000001,Implement / Fight
22.0,11.8,Implement / Fight
22.0,12.0,Implement / Fight
22.0,12.200000000000001,Implement / Fight
22.0,12.4,Implement / Fight
22.0,12.600000000000001,Implement / Fight
22.0,12.8,Implement / Fight
22.0,13.0,Implement / Fight
22.0,13.200000000000001,Implement / Fight
22.0,13.4,Implement / Fight
22.0,13.600000000000001,Implement / Fight
22.0,13.8,Implement / Fight
22.0,14.0,Implement / Fight
22.0,14.200000000000001,Implement / Fight
22.0,14.4,Implement / Fight
22.0,14.600000000000001,Implement / Fight
22.0,14.8,Implement / Fight
22.0,15.0,Implement / Fight
22.0,15.200000000000001,Implement / Fight
22.0,15.4,Implement / Fight
22.0,15.600000000000001,Implement / Fight
22.0,15.8,Implement / Fight
22.0,16.0,Implement / Fight
22.0,16.2,Implement / Fight
22.0,16.400000000000002,Implement / Fight
22.0,16.6,Implement / Fight
22.0,16.8,Implement / Fight
22.0,17.0,Implement / Fight
22.0,17.2,Implement / Fight
22.0,17.400000000000002,Implement / Fight
22.0,17.6,Implement / Fight
22.0,17.8,Implement / Fight
22.0,18.0,Implement / Fight
22.0,18.2,Implement / Fight
22.0,18.400000000000002,Implement / Fight
22.0,18.6,Implement / Fight
22.0,18.8,Implement / Fight
22.0,19.0,Implement / Fight
22.0,19.200000000000003,Implement / Fight
22.0,19.400000000000002,Implement / Fight
22.0,19.6,Implement / Fight
22.0,19.8,Implement / Fight
22.333333333333332,0.0,Implement / Fight
22.333333333333332,0.2,Implement / Fight
22.333333333333332,0.4,Implement / Fight
22.333333333333332,0.6000000000000001,Implement / Fight
22.333333333333332,0.8,Implement / Fight
22.333333333333332,1.0,Implement / Fight
22.333333333333332,1.2000000000000002,Implement / Fight
22.333333333333332,1.4000000000000001,Implement / Fight
22.333333333333332,1.6,Implement / Fight
22.333333333333332,1.8,Implement / Fight
22.333333333333332,2.0,Implement / Fight
22.333333333333332,2.2,Implement / Fight
22.333333333333332,2.4000000000000004,Implement / Fight
22.333333333333332,2.6,Implement / Fight
22.333333333333332,2.8000000000000003,Implement / Fight
22.333333333333332,3.0,Implement / Fight
22.333333333333332,3.2,Implement / Fight
22.333333333333332,3.4000000000000004,Implement / Fight
22.333333333333332,3.6,Implement / Fight
22.333333333333332,3.8000000000000003,Implement / Fight
22.333333333333332,4.0,Implement / Fight
22.333333333333332,4.2,Implement / Fight
22.333333333333332,4.4,Implement / Fight
22.333333333333332,4.6000000000000005,Implement / Fight
22.333333333333332,4.800000000000001,Implement / Fight
22.333333333333332,5.0,Implement / Fight
22.333333333333332,5.2,Implement / Fight
22.333333333333332,5.4,Implement / Fight
22.333333333333332,5.6000000000000005,Implement / Fight
22.333333333333332,5.800000000000001,Implement / Fight
22.333333333333332,6.0,Implement / Fight
22.333333333333332,6.2,Implement / Fight
22.333333333333332,6.4,Implement / Fight
22.333333333333332,6.6000000000000005,Implement / Fight
22.333333333333332,6.800000000000001,Implement / Fight
22.333333333333332,7.0,Implement / Fight
22.333333333333332,7.2,Implement / Fight
22.333333333333332,7.4,Implement / Fight
22.333333333333332,7.6000000000000005,Implement / Fight
22.333333333333332,7.800000000000001,Implement / Fight
22.333333333333332,8.0,Implement / Fight
22.333333333333332,8.200000000000001,Implement / Fight
22.333333333333332,8.4,Implement / Fight
22.333333333333332,8.6,Implement / Fight
22.333333333333332,8.8,Implement / Fight
22.333333333333332,9.0,Implement / Fight
22.333333333333332,9.200000000000001,Implement / Fight
22.333333333333332,9.4,Implement / Fight
22.333333333333332,9.600000000000001,Implement / Fight
22.333333333333332,9.8,Implement / Fight
22.333333333333332,10.0,Implement / Fight
22.333333333333332,10.200000000000001,Implement / Fight
22.333333333333332,10.4,Implement / Fight
22.333333333333332,10.600000000000001,Implement / Fight
22.333333333333332,10.8,Implement / Fight
22.333333333333332,11.0,Implement / Fight
22.333333333333332,11.200000000000001,Implement / Fight
22.333333333333332,11.4,Implement / Fight
22.333333333333332,11.600000000000001,Implement / Fight
22.333333333333332,11.8,Implement / Fight
22.333333333333332,12.0,Implement / Fight
22.333333333333332,12.200000000000001,Implement / Fight
22.333333333333332,12.4,Implement / Fight
22.333333333333332,12.600000000000001,Implement / Fight
22.333333333333332,12.8,Implement / Fight
22.333333333333332,13.0,Implement / Fight
22.333333333333332,13.200000000000001,Implement / Fight
22.333333333333332,13.4,Implement / Fight
22.333333333333332,13.600000000000001,Implement / Fight
22.333333333333332,13.8,Implement / Fight
22.333333333333332,14.0,Implement / Fight
22.333333333333332,14.200000000000001,Implement / Fight
22.333333333333332,14.4,Implement / Fight
22.333333333333332,14.600000000000001,Implement / Fight
22.333333333333332,14.8,Implement / Fight
22.333333333333332,15.0,Implement / Fight
22.333333333333332,15.200000000000001,Implement / Fight
22.333333333333332,15.4,Implement / Fight
22.333333333333332,15.600000000000001,Implement / Fight
22.333333333333332,15.8,Implement / Fight
22.333333333333332,16.0,Implement / Fight
22.333333333333332,16.2,Implement / Fight
22.333333333333332,16.400000000000002,Implement / Fight
22.333333333333332,16.6,Implement / Fight
22.333333333333332,16.8,Implement / Fight
22.333333333333332,17.0,Implement / Fight
22.333333333333332,17.2,Implement / Fight
22.333333333333332,17.400000000000002,Implement / Fight
22.333333333333332,17.6,Implement / Fight
22.333333333333332,17.8,Implement / Fight
22.333333333333332,18.0,Implement / Fight
22.333333333333332,18.2,Implement / Fight
22.333333333333332,18.400000000000002,Implement / Fight
22.333333333333332,18.6,Implement / Fight
22.333333333333332,18.8,Implement / Fight
22.333333333333332,19.0,Implement / Fight
22.333333333333332,19.200000000000003,Implement / Fight
22.333333333333332,19.400000000000002,Implement / Fight
22.333333333333332,19.6,Implement / Fight
22.333333333333332,19.8,Implement / Fight
22.666666666666664,0.0,Implement / Fight
22.666666666666664,0.2,Implement / Fight
22.666666666666664,0.4,Implement / Fight
22.666666666666664,0.6000000000000001,Implement / Fight
22.666666666666664,0.8,Implement / Fight
22.666666666666664,1.0,Implement / Fight
22.666666666666664,1.2000000000000002,Implement / Fight
22.666666666666664,1.4000000000000001,Implement / Fight
22.666666666666664,1.6,Implement / Fight
22.666666666666664,1.8,Implement / Fight
22.666666666666664,2.0,Implement / Fight
22.666666666666664,2.2,Implement / Fight
22.666666666666664,2.4000000000000004,Implement / Fight
22.666666666666664,2.6,Implement / Fight
22.666666666666664,2.8000000000000003,Implement / Fight
22.666666666666664,3.0,Implement / Fight
22.666666666666664,3.2,Implement / Fight
22.666666666666664,3.4000000000000004,Implement / Fight
22.666666666666664,3.6,Implement / Fight
22.666666666666664,3.8000000000000003,Implement / Fight
22.666666666666664,4.0,Implement / Fight
22.666666666666664,4.2,Implement / Fight
22.666666666666664,4.4,Implement / Fight
22.666666666666664,4.6000000000000005,Implement / Fight
22.666666666666664,4.800000000000001,Implement / Fight
22.666666666666664,5.0,Implement / Fight
22.666666666666664,5.2,Implement / Fight
22.666666666666664,5.4,Implement / Fight
22.666666666666664,5.6000000000000005,Implement / Fight
22.666666666666664,5.800000000000001,Implement / Fight
22.666666666666664,6.0,Implement / Fight
22.666666666666664,6.2,Implement / Fight
22.666666666666664,6.4,Implement / Fight
22.666666666666664,6.6000000000000005,Implement / Fight
22.666666666666664,6.800000000000001,Implement / Fight
22.666666666666664,7.0,Implement / Fight
22.666666666666664,7.2,Implement / Fight
22.666666666666664,7.4,Implement / Fight
22.666666666666664,7.6000000000000005,Implement / Fight
22.666666666666664,7.800000000000001,Implement / Fight
22.666666666666664,8.0,Implement / Fight
22.666666666666664,8.200000000000001,Implement / Fight
22.666666666666664,8.4,Implement / Fight
22.666666666666664,8.6,Implement / Fight
22.666666666666664,8.8,Implement / Fight
22.666666666666664,9.0,Implement / Fight
22.666666666666664,9.200000000000001,Implement / Fight
22.666666666666664,9.4,Implement / Fight
22.666666666666664,9.600000000000001,Implement / Fight
22.666666666666664,9.8,Implement / Fight
22.666666666666664,10.0,Implement / Fight
22.666666666666664,10.200000000000001,Implement / Fight
22.666666666666664,10.4,Implement / Fight
22.666666666666664,10.600000000000001,Implement / Fight
22.666666666666664,10.8,Implement / Fight
22.666666666666664,11.0,Implement / Fight
22.666666666666664,11.200000000000001,Implement / Fight
22.666666666666664,11.4,Implement / Fight
22.666666666666664,11.600000000000001,Implement / Fight
22.666666666666664,11.8,Implement / Fight
22.666666666666664,12.0,Implement / Fight
22.666666666666664,12.200000000000001,Implement / Fight
22.666666666666664,12.4,Implement / Fight
22.666666666666664,12.600000000000001,Implement / Fight
22.666666666666664,12.8,Implement / Fight
22.666666666666664,13.0,Implement / Fight
22.666666666666664,13.200000000000001,Implement / Fight
22.666666666666664,13.4,Implement / Fight
22.666666666666664,13.600000000000001,Implement / Fight
22.666666666666664,13.8,Implement / Fight
22.666666666666664,14.0,Implement / Fight
22.666666666666664,14.200000000000001,Implement / Fight
22.666666666666664,14.4,Implement / Fight
22.666666666666664,14.600000000000001,Implement / Fight
22.666666666666664,14.8,Implement / Fight
22.666666666666664,15.0,Implement / Fight
22.666666666666664,15.200000000000001,Implement / Fight
22.666666666666664,15.4,Implement / Fight
22.666666666666664,15.600000000000001,Implement / Fight
22.666666666666664,15.8,Implement / Fight
22.666666666666664,16.0,Implement / Fight
22.666666666666664,16.2,Implement / Fight
22.666666666666664,16.400000000000002,Implement / Fight
22.666666666666664,16.6,Implement / Fight
22.666666666666664,16.8,Implement / Fight
22.666666666666664,17.0,Implement / Fight
22.666666666666664,17.2,Implement / Fight
22.666666666666664,17.400000000000002,Implement / Fight
22.666666666666664,17.6,Implement / Fight
22.666666666666664,17.8,Implement / Fight
22.666666666666664,18.0,Implement / Fight
22.666666666666664,18.2,Implement / Fight
22.666666666666664,18.400000000000002,Implement / Fight
22.666666666666664,18.6,Implement / Fight
22.666666666666664,18.8,Implement / Fight
22.666666666666664,19.0,Implement / Fight
22.666666666666664,19.200000000000003,Implement / Fight
22.666666666666664,19.400000000000002,Implement / Fight
22.666666666666664,19.6,Implement / Fight
22.666666666666664,19.8,Implement / Fight
23.0,0.0,Implement / Fight
23.0,0.2,Implement / Fight
23.0,0.4,Implement / Fight
23.0,0.6000000000000001,Implement / Fight
23.0,0.8,Implement / Fight
23.0,1.0,Implement / Fight
23.0,1.2000000000000002,Implement / Fight
23.0,1.4000000000000001,Implement / Fight
23.0,1.6,Implement / Fight
23.0,1.8,Implement / Fight
23.0,2.0,Implement / Fight
23.0,2.2,Implement / Fight
23.0,2.4000000000000004,Implement / Fight
23.0,2.6,Implement / Fight
23.0,2.8000000000000003,Implement / Fight
23.0,3.0,Implement / Fight
23.0,3.2,Implement / Fight
23.0,3.4000000000000004,Implement / Fight
23.0,3.6,Implement / Fight
23.0,3.8000000000000003,Implement / Fight
23.0,4.0,Implement / Fight
23.0,4.2,Implement / Fight
23.0,4.4,Implement / Fight
23.0,4.6000000000000005,Implement / Fight
23.0,4.800000000000001,Implement / Fight
23.0,5.0,Implement / Fight
23.0,5.2,Implement / Fight
23.0,5.4,Implement / Fight
23.0,5.6000000000000005,Implement / Fight
23.0,5.800000000000001,Implement / Fight
23.0,6.0,Implement / Fight
23.0,6.2,Implement / Fight
23.0,6.4,Implement / Fight
23.0,6.6000000000000005,Implement / Fight
23.0,6.800000000000001,Implement / Fight
23.0,7.0,Implement / Fight
23.0,7.2,Implement / Fight
23.0,7.4,Implement / Fight
23.0,7.6000000000000005,Implement / Fight
23.0,7.800000000000001,Implement / Fight
23.0,8.0,Implement / Fight
23.0,8.200000000000001,Implement / Fight
23.0,8.4,Implement / Fight
23.0,8.6,Implement / Fight
23.0,8.8,Implement / Fight
23.0,9.0,Implement / Fight
23.0,9.200000000000001,Implement / Fight
23.0,9.4,Implement / Fight
23.0,9.600000000000001,Implement / Fight
23.0,9.8,Implement / Fight
23.0,10.0,Implement / Fight
23.0,10.200000000000001,Implement / Fight
23.0,10.4,Implement / Fight
23.0,10.600000000000001,Implement / Fight
23.0,10.8,Implement / Fight
23.0,11.0,Implement / Fight
23.0,11.200000000000001,Implement / Fight
23.0,11.4,Implement / Fight
23.0,11.600000000000001,Implement / Fight
23.0,11.8,Implement / Fight
23.0,12.0,Implement / Fight
23.0,12.200000000000001,Implement / Fight
23.0,12.4,Implement / Fight
23.0,12.600000000000001,Implement / Fight
23.0,12.8,Implement / Fight
23.0,13.0,Implement / Fight
23.0,13.200000000000001,Implement / Fight
23.0,13.4,Implement / Fight
23.0,13.600000000000001,Implement / Fight
23.0,13.8,Implement / Fight
23.0,14.0,Implement / Fight
23.0,14.200000000000001,Implement / Fight
23.0,14.4,Implement / Fight
23.0,14.600000000000001,Implement / Fight
23.0,14.8,Implement / Fight
23.0,15.0,Implement / Fight
23.0,15.200000000000001,Implement / Fight
23.0,15.4,Implement / Fight
23.0,15.600000000000001,Implement / Fight
23.0,15.8,Implement / Fight
23.0,16.0,Implement / Fight
23.0,16.2,Implement / Fight
23.0,16.400000000000002,Implement / Fight
23.0,16.6,Implement / Fight
23.0,16.8,Implement / Fight
23.0,17.0,Implement / Fight
23.0,17.2,Implement / Fight
23.0,17.400000000000002,Implement / Fight
23.0,17.6,Implement / Fight
23.0,17.8,Implement / Fight
23.0,18.0,Implement / Fight
23.0,18.2,Implement / Fight
23.0,18.400000000000002,Implement / Fight
23.0,18.6,Implement / Fight
23.0,18.8,Implement / Fight
23.0,19.0,Implement / Fight
23.0,19.200000000000003,Implement / Fight
23.0,19.400000000000002,Implement / Fight
23.0,19.6,Implement / Fight
23.0,19.8,Implement / Fight
23.333333333333332,0.0,Implement / Fight
23.333333333333332,0.2,Implement / Fight
23.333333333333332,0.4,Implement / Fight
23.333333333333332,0.6000000000000001,Implement / Fight
23.333333333333332,0.8,Implement / Fight
23.333333333333332,1.0,Implement / Fight
23.333333333333332,1.2000000000000002,Implement / Fight
23.333333333333332,1.4000000000000001,Implement / Fight
23.333333333333332,1.6,Implement / Fight
23.333333333333332,1.8,Implement / Fight
23.333333333333332,2.0,Implement / Fight
23.333333333333332,2.2,Implement / Fight
23.333333333333332,2.4000000000000004,Implement / Fight
23.333333333333332,2.6,Implement / Fight
23.333333333333332,2.8000000000000003,Implement / Fight
23.333333333333332,3.0,Implement / Fight
23.333333333333332,3.2,Implement / Fight
23.333333333333332,3.4000000000000004,Implement / Fight
23.333333333333332,3.6,Implement / Fight
23.333333333333332,3.8000000000000003,Implement / Fight
23.333333333333332,4.0,Implement / Fight
23.333333333333332,4.2,Implement / Fight
23.333333333333332,4.4,Implement / Fight
23.333333333333332,4.6000000000000005,Implement / Fight
23.333333333333332,4.800000000000001,Implement / Fight
23.333333333333332,5.0,Implement / Fight
23.333333333333332,5.2,Implement / Fight
23.333333333333332,5.4,Implement / Fight
23.333333333333332,5.6000000000000005,Implement / Fight
23.333333333333332,5.800000000000001,Implement / Fight
23.333333333333332,6.0,Implement / Fight
23.333333333333332,6.2,Implement / Fight
23.333333333333332,6.4,Implement / Fight
23.333333333333332,6.6000000000000005,Implement / Fight
23.333333333333332,6.800000000000001,Implement / Fight
23.333333333333332,7.0,Implement / Fight
23.333333333333332,7.2,Implement / Fight
23.333333333333332,7.4,Implement / Fight
23.333333333333332,7.6000000000000005,Implement / Fight
23.333333333333332,7.800000000000001,Implement / Fight
23.333333333333332,8.0,Implement / Fight
23.333333333333332,8.200000000000001,Implement / Fight
23.333333333333332,8.4,Implement / Fight
23.333333333333332,8.6,Implement / Fight
23.333333333333332,8.8,Implement / Fight
23.333333333333332,9.0,Implement / Fight
23.333333333333332,9.200000000000001,Implement / Fight
23.333333333333332,9.4,Implement / Fight
23.333333333333332,9.600000000000001,Implement / Fight
23.333333333333332,9.8,Implement / Fight
23.333333333333332,10.0,Implement / Fight
23.333333333333332,10.200000000000001,Implement / Fight
23.333333333333332,10.4,Implement / Fight
23.333333333333332,10.600000000000001,Implement / Fight
23.333333333333332,10.8,Implement / Fight
23.333333333333332,11.0,Implement / Fight
23.333333333333332,11.200000000000001,Implement / Fight
23.333333333333332,11.4,Implement / Fight
23.333333333333332,11.600000000000001,Implement / Fight
23.333333333333332,11.8,Implement / Fight
23.333333333333332,12.0,Implement / Fight
23.333333333333332,12.200000000000001,Implement / Fight
23.333333333333332,12.4,Implement / Fight
23.333333333333332,12.600000000000001,Implement / Fight
23.333333333333332,12.8,Implement / Fight
23.333333333333332,13.0,Implement / Fight
23.333333333333332,13.200000000000001,Implement / Fight
23.333333333333332,13.4,Implement / Fight
23.333333333333332,13.600000000000001,Implement / Fight
23.333333333333332,13.8,Implement / Fight
23.333333333333332,14.0,Implement / Fight
23.333333333333332,14.200000000000001,Implement / Fight
23.333333333333332,14.4,Implement / Fight
23.333333333333332,14.600000000000001,Implement / Fight
23.333333333333332,14.8,Implement / Fight
23.333333333333332,15.0,Implement / Fight
23.333333333333332,15.200000000000001,Implement / Fight
23.333333333333332,15.4,Implement / Fight
23.333333333333332,15.600000000000001,Implement / Fight
23.333333333333332,15.8,Implement / Fight
23.333333333333332,16.0,Implement / Fight
23.333333333333332,16.2,Implement / Fight
23.333333333333332,16.400000000000002,Implement / Fight
23.333333333333332,16.6,Implement / Fight
23.333333333333332,16.8,Implement / Fight
23.333333333333332,17.0,Implement / Fight
23.333333333333332,17.2,Implement / Fight
23.333333333333332,17.400000000000002,Implement / Fight
23.333333333333332,17.6,Implement / Fight
23.333333333333332,17.8,Implement / Fight
23.333333333333332,18.0,Implement / Fight
23.333333333333332,18.2,Implement / Fight
23.333333333333332,18.400000000000002,Implement / Fight
23.333333333333332,18.6,Implement / Fight
23.333333333333332,18.8,Implement / Fight
23.333333333333332,19.0,Implement / Fight
23.333333333333332,19.200000000000003,Implement / Fight
23.333333333333332,19.400000000000002,Implement / Fight
23.333333333333332,19.6,Implement / Fight
23.333333333333332,19.8,Implement / Fight
23.666666666666664,0.0,Implement / Fight
23.666666666666664,0.2,Implement / Fight
23.666666666666664,0.4,Implement / Fight
23.666666666666664,0.6000000000000001,Implement / Fight
23.666666666666664,0.8,Implement / Fight
23.666666666666664,1.0,Implement / Fight
23.666666666666664,1.2000000000000002,Implement / Fight
23.666666666666664,1.4000000000000001,Implement / Fight
23.666666666666664,1.6,Implement / Fight
23.666666666666664,1.8,Implement / Fight
23.666666666666664,2.0,Implement / Fight
23.666666666666664,2.2,Implement / Fight
23.666666666666664,2.4000000000000004,Implement / Fight
23.666666666666664,2.6,Implement / Fight
23.666666666666664,2.8000000000000003,Implement / Fight
23.666666666666664,3.0,Implement / Fight
23.666666666666664,3.2,Implement / Fight
23.666666666666664,3.4000000000000004,Implement / Fight
23.666666666666664,3.6,Implement / Fight
23.666666666666664,3.8000000000000003,Implement / Fight
23.666666666666664,4.0,Implement / Fight
23.666666666666664,4.2,Implement / Fight
23.666666666666664,4.4,Implement / Fight
23.666666666666664,4.6000000000000005,Implement / Fight
23.666666666666664,4.800000000000001,Implement / Fight
23.666666666666664,5.0,Implement / Fight
23.666666666666664,5.2,Implement / Fight
23.666666666666664,5.4,Implement / Fight
23.666666666666664,5.6000000000000005,Implement / Fight
23.666666666666664,5.800000000000001,Implement / Fight
23.666666666666664,6.0,Implement / Fight
23.666666666666664,6.2,Implement / Fight
23.666666666666664,6.4,Implement / Fight
23.666666666666664,6.6000000000000005,Implement / Fight
23.666666666666664,6.800000000000001,Implement / Fight
23.666666666666664,7.0,Implement / Fight
23.666666666666664,7.2,Implement / Fight
23.666666666666664,7.4,Implement / Fight
23.666666666666664,7.6000000000000005,Implement / Fight
23.666666666666664,7.800000000000001,Implement / Fight
23.666666666666664,8.0,Implement / Fight
23.666666666666664,8.200000000000001,Implement / Fight
23.666666666666664,8.4,Implement / Fight
23.666666666666664,8.6,Implement / Fight
23.666666666666664,8.8,Implement / Fight
23.666666666666664,9.0,Implement / Fight
23.666666666666664,9.200000000000001,Implement / Fight
23.666666666666664,9.4,Implement / Fight
23.666666666666664,9.600000000000001,Implement / Fight
23.666666666666664,9.8,Implement / Fight
23.666666666666664,10.0,Implement / Fight
23.666666666666664,10.200000000000001,Implement / Fight
23.666666666666664,10.4,Implement / Fight
23.666666666666664,10.600000000000001,Implement / Fight
23.666666666666664,10.8,Implement / Fight
23.666666666666664,11.0,Implement / Fight
23.666666666666664,11.200000000000001,Implement / Fight
23.666666666666664,11.4,Implement / Fight
23.666666666666664,11.600000000000001,Implement / Fight
23.666666666666664,11.8,Implement / Fight
23.666666666666664,12.0,Implement / Fight
23.666666666666664,12.200000000000001,Implement / Fight
23.666666666666664,12.4,Implement / Fight
23.666666666666664,12.600000000000001,Implement / Fight
23.666666666666664,12.8,Implement / Fight
23.666666666666664,13.0,Implement / Fight
23.666666666666664,13.200000000000001,Implement / Fight
23.666666666666664,13.4,Implement / Fight
23.666666666666664,13.600000000000001,Implement / Fight
23.666666666666664,13.8,Implement / Fight
23.666666666666664,14.0,Implement / Fight
23.666666666666664,14.200000000000001,Implement / Fight
23.666666666666664,14.4,Implement / Fight
23.666666666666664,14.600000000000001,Implement / Fight
23.666666666666664,14.8,Implement / Fight
23.666666666666664,15.0,Implement / Fight
23.666666666666664,15.200000000000001,Implement / Fight
23.666666666666664,15.4,Implement / Fight
23.666666666666664,15.600000000000001,Implement / Fight
23.666666666666664,15.8,Implement / Fight
23.666666666666664,16.0,Implement / Fight
23.666666666666664,16.2,Implement / Fight
23.666666666666664,16.400000000000002,Implement / Fight
23.666666666666664,16.6,Implement / Fight
23.666666666666664,16.8,Implement / Fight
23.666666666666664,17.0,Implement / Fight
23.666666666666664,17.2,Implement / Fight
23.666666666666664,17.400000000000002,Implement / Fight
23.666666666666664,17.6,Implement / Fight
23.666666666666664,17.8,Implement / Fight
23.666666666666664,18.0,Implement / Fight
23.666666666666664,18.2,Implement / Fight
23.666666666666664,18.400000000000002,Implement / Fight
23.666666666666664,18.6,Implement / Fight
23.666666666666664,18.8,Implement / Fight
23.666666666666664,19.0,Implement / Fight
23.666666666666664,19.200000000000003,Implement / Fight
23.666666666666664,19.400000000000002,Implement / Fight
23.666666666666664,19.6,Implement / Fight
23.666666666666664,19.8,Implement / Fight
24.0,0.0,Implement / Fight
24.0,0.2,Implement / Fight
24.0,0.4,Implement / Fight
24.0,0.6000000000000001,Implement / Fight
24.0,0.8,Implement / Fight
24.0,1.0,Implement / Fight
24.0,1.2000000000000002,Implement / Fight
24.0,1.4000000000000001,Implement / Fight
24.0,1.6,Implement / Fight
24.0,1.8,Implement / Fight
24.0,2.0,Implement / Fight
24.0,2.2,Implement / Fight
24.0,2.4000000000000004,Implement / Fight
24.0,2.6,Implement / Fight
24.0,2.8000000000000003,Implement / Fight
24.0,3.0,Implement / Fight
24.0,3.2,Implement / Fight
24.0,3.4000000000000004,Implement / Fight
24.0,3.6,Implement / Fight
24.0,3.8000000000000003,Implement / Fight
24.0,4.0,Implement / Fight
24.0,4.2,Implement / Fight
24.0,4.4,Implement / Fight
24.0,4.6000000000000005,Implement / Fight
24.0,4.800000000000001,Implement / Fight
24.0,5.0,Implement / Fight
24.0,5.2,Implement / Fight
24.0,5.4,Implement / Fight
24.0,5.6000000000000005,Implement / Fight
24.0,5.800000000000001,Implement / Fight
24.0,6.0,Implement / Fight
24.0,6.2,Implement / Fight
24.0,6.4,Implement / Fight
24.0,6.6000000000000005,Implement / Fight
24.0,6.800000000000001,Implement / Fight
24.0,7.0,Implement / Fight
24.0,7.2,Implement / Fight
24.0,7.4,Implement / Fight
24.0,7.6000000000000005,Implement / Fight
24.0,7.800000000000001,Implement / Fight
24.0,8.0,Implement / Fight
24.0,8.200000000000001,Implement / Fight
24.0,8.4,Implement / Fight
24.0,8.6,Implement / Fight
24.0,8.8,Implement / Fight
24.0,9.0,Implement / Fight
24.0,9.200000000000001,Implement / Fight
24.0,9.4,Implement / Fight
24.0,9.600000000000001,Implement / Fight
24.0,9.8,Implement / Fight
24.0,10.0,Implement / Fight
24.0,10.200000000000001,Implement / Fight
24.0,10.4,Implement / Fight
24.0,10.600000000000001,Implement / Fight
24.0,10.8,Implement / Fight
24.0,11.0,Implement / Fight
24.0,11.200000000000001,Implement / Fight
24.0,11.4,Implement / Fight
24.0,11.600000000000001,Implement / Fight
24.0,11.8,Implement / Fight
24.0,12.0,Implement / Fight
24.0,12.200000000000001,Implement / Fight
24.0,12.4,Implement / Fight
24.0,12.600000000000001,Implement / Fight
24.0,12.8,Implement / Fight
24.0,13.0,Implement / Fight
24.0,13.200000000000001,Implement / Fight
24.0,13.4,Implement / Fight
24.0,13.600000000000001,Implement / Fight
24.0,13.8,Implement / Fight
24.0,14.0,Implement / Fight
24.0,14.200000000000001,Implement / Fight
24.0,14.4,Implement / Fight
24.0,14.600000000000001,Implement / Fight
24.0,14.8,Implement / Fight
24.0,15.0,Implement / Fight
24.0,15.200000000000001,Implement / Fight
24.0,15.4,Implement / Fight
24.0,15.600000000000001,Implement / Fight
24.0,15.8,Implement / Fight
24.0,16.0,Implement / Fight
24.0,16.2,Implement / Fight
24.0,16.400000000000002,Implement / Fight
24.0,16.6,Implement / Fight
24.0,16.8,Implement / Fight
24.0,17.0,Implement / Fight
24.0,17.2,Implement / Fight
24.0,17.400000000000002,Implement / Fight
24.0,17.6,Implement / Fight
24.0,17.8,Implement / Fight
24.0,18.0,Implement / Fight
24.0,18.2,Implement / Fight
24.0,18.400000000000002,Implement / Fight
24.0,18.6,Implement / Fight
24.0,18.8,Implement / Fight
24.0,19.0,Implement / Fight
24.0,19.200000000000003,Implement / Fight
24.0,19.400000000000002,Implement / Fight
24.0,19.6,Implement / Fight
24.0,19.8,Implement / Fight
24.333333333333332,0.0,Implement / Fight
24.333333333333332,0.2,Implement / Fight
24.333333333333332,0.4,Implement / Fight
24.333333333333332,0.6000000000000001,Implement / Fight
24.333333333333332,0.8,Implement / Fight
24.333333333333332,1.0,Implement / Fight
24.333333333333332,1.2000000000000002,Implement / Fight
24.333333333333332,1.4000000000000001,Implement / Fight
24.333333333333332,1.6,Implement / Fight
24.333333333333332,1.8,Implement / Fight
24.333333333333332,2.0,Implement / Fight
24.333333333333332,2.2,Implement / Fight
24.333333333333332,2.4000000000000004,Implement / Fight
24.333333333333332,2.6,Implement / Fight
24.333333333333332,2.8000000000000003,Implement / Fight
24.333333333333332,3.0,Implement / Fight
24.333333333333332,3.2,Implement / Fight
24.333333333333332,3.4000000000000004,Implement / Fight
24.333333333333332,3.6,Implement / Fight
24.333333333333332,3.8000000000000003,Implement / Fight
24.333333333333332,4.0,Implement / Fight
24.333333333333332,4.2,Implement / Fight
24.333333333333332,4.4,Implement / Fight
24.333333333333332,4.6000000000000005,Implement / Fight
24.333333333333332,4.800000000000001,Implement / Fight
24.333333333333332,5.0,Implement / Fight
24.333333333333332,5.2,Implement / Fight
24.333333333333332,5.4,Implement / Fight
24.333333333333332,5.6000000000000005,Implement / Fight
24.333333333333332,5.800000000000001,Implement / Fight
24.333333333333332,6.0,Implement / Fight
24.333333333333332,6.2,Implement / Fight
24.333333333333332,6.4,Implement / Fight
24.333333333333332,6.6000000000000005,Implement / Fight
24.333333333333332,6.800000000000001,Implement / Fight
24.333333333333332,7.0,Implement / Fight
24.333333333333332,7.2,Implement / Fight
24.333333333333332,7.4,Implement / Fight
24.333333333333332,7.6000000000000005,Implement / Fight
24.333333333333332,7.800000000000001,Implement / Fight
24.333333333333332,8.0,Implement / Fight
24.333333333333332,8.200000000000001,Implement / Fight
24.333333333333332,8.4,Implement / Fight
24.333333333333332,8.6,Implement / Fight
24.333333333333332,8.8,Implement / Fight
24.333333333333332,9.0,Implement / Fight
24.333333333333332,9.200000000000001,Implement / Fight
24.333333333333332,9.4,Implement / Fight
24.333333333333332,9.600000000000001,Implement / Fight
24.333333333333332,9.8,Implement / Fight
24.333333333333332,10.0,Implement / Fight
24.333333333333332,10.200000000000001,Implement / Fight
24.333333333333332,10.4,Implement / Fight
24.333333333333332,10.600000000000001,Implement / Fight
24.333333333333332,10.8,Implement / Fight
24.333333333333332,11.0,Implement / Fight
24.333333333333332,11.200000000000001,Implement / Fight
24.333333333333332,11.4,Implement / Fight
24.333333333333332,11.600000000000001,Implement / Fight
24.333333333333332,11.8,Implement / Fight
24.333333333333332,12.0,Implement / Fight
24.333333333333332,12.200000000000001,Implement / Fight
24.333333333333332,12.4,Implement / Fight
24.333333333333332,12.600000000000001,Implement / Fight
24.333333333333332,12.8,Implement / Fight
24.333333333333332,13.0,Implement / Fight
24.333333333333332,13.200000000000001,Implement / Fight
24.333333333333332,13.4,Implement / Fight
24.333333333333332,13.600000000000001,Implement / Fight
24.333333333333332,13.8,Implement / Fight
24.333333333333332,14.0,Implement / Fight
24.333333333333332,14.200000000000001,Implement / Fight
24.333333333333332,14.4,Implement / Fight
24.333333333333332,14.600000000000001,Implement / Fight
24.333333333333332,14.8,Implement / Fight
24.333333333333332,15.0,Implement / Fight
24.333333333333332,15.200000000000001,Implement / Fight
24.333333333333332,15.4,Implement / Fight
24.333333333333332,15.600000000000001,Implement / Fight
24.333333333333332,15.8,Implement / Fight
24.333333333333332,16.0,Implement / Fight
24.333333333333332,16.2,Implement / Fight
24.333333333333332,16.400000000000002,Implement / Fight
24.333333333333332,16.6,Implement / Fight
24.333333333333332,16.8,Implement / Fight
24.333333333333332,17.0,Implement / Fight
24.333333333333332,17.2,Implement / Fight
24.333333333333332,17.400000000000002,Implement / Fight
24.333333333333332,17.6,Implement / Fight
24.333333333333332,17.8,Implement / Fight
24.333333333333332,18.0,Implement / Fight
24.333333333333332,18.2,Implement / Fight
24.333333333333332,18.400000000000002,Implement / Fight
24.333333333333332,18.6,Implement / Fight
24.333333333333332,18.8,Implement / Fight
24.333333333333332,19.0,Implement / Fight
24.333333333333332,19.200000000000003,Implement / Fight
24.333333333333332,19.400000000000002,Implement / Fight
24.333333333333332,19.6,Implement / Fight
24.333333333333332,19.8,Implement / Fight
24.666666666666664,0.0,Implement / Fight
24.666666666666664,0.2,Implement / Fight
24.666666666666664,0.4,Implement / Fight
24.666666666666664,0.6000000000000001,Implement / Fight
24.666666666666664,0.8,Implement / Fight
24.666666666666664,1.0,Implement / Fight
24.666666666666664,1.2000000000000002,Implement / Fight
24.666666666666664,1.4000000000000001,Implement / Fight
24.666666666666664,1.6,Implement / Fight
24.666666666666664,1.8,Implement / Fight
24.666666666666664,2.0,Implement / Fight
24.666666666666664,2.2,Implement / Fight
24.666666666666664,2.4000000000000004,Implement / Fight
24.666666666666664,2.6,Implement / Fight
24.666666666666664,2.8000000000000003,Implement / Fight
24.666666666666664,3.0,Implement / Fight
24.666666666666664,3.2,Implement / Fight
24.666666666666664,3.4000000000000004,Implement / Fight
24.666666666666664,3.6,Implement / Fight
24.666666666666664,3.8000000000000003,Implement / Fight
24.666666666666664,4.0,Implement / Fight
24.666666666666664,4.2,Implement / Fight
24.666666666666664,4.4,Implement / Fight
24.666666666666664,4.6000000000000005,Implement / Fight
24.666666666666664,4.800000000000001,Implement / Fight
24.666666666666664,5.0,Implement / Fight
24.666666666666664,5.2,Implement / Fight
24.666666666666664,5.4,Implement / Fight
24.666666666666664,5.6000000000000005,Implement / Fight
24.666666666666664,5.800000000000001,Implement / Fight
24.666666666666664,6.0,Implement / Fight
24.666666666666664,6.2,Implement / Fight
24.666666666666664,6.4,Implement / Fight
24.666666666666664,6.6000000000000005,Implement / Fight
24.666666666666664,6.800000000000001,Implement / Fight
24.666666666666664,7.0,Implement / Fight
24.666666666666664,7.2,Implement / Fight
24.666666666666664,7.4,Implement / Fight
24.666666666666664,7.6000000000000005,Implement / Fight
24.666666666666664,7.800000000000001,Implement / Fight
24.666666666666664,8.0,Implement / Fight
24.666666666666664,8.200000000000001,Implement / Fight
24.666666666666664,8.4,Implement / Fight
24.666666666666664,8.6,Implement / Fight
24.666666666666664,8.8,Implement / Fight
24.666666666666664,9.0,Implement / Fight
24.666666666666664,9.200000000000001,Implement / Fight
24.666666666666664,9.4,Implement / Fight
24.666666666666664,9.600000000000001,Implement / Fight
24.666666666666664,9.8,Implement / Fight
24.666666666666664,10.0,Implement / Fight
24.666666666666664,10.200000000000001,Implement / Fight
24.666666666666664,10.4,Implement / Fight
24.666666666666664,10.600000000000001,Implement / Fight
24.666666666666664,10.8,Implement / Fight
24.666666666666664,11.0,Implement / Fight
24.666666666666664,11.200000000000001,Implement / Fight
24.666666666666664,11.4,Implement / Fight
24.666666666666664,11.600000000000001,Implement / Fight
24.666666666666664,11.8,Implement / Fight
24.666666666666664,12.0,Implement / Fight
24.666666666666664,12.200000000000001,Implement / Fight
24.666666666666664,12.4,Implement / Fight
24.666666666666664,12.600000000000001,Implement / Fight
24.666666666666664,12.8,Implement / Fight
24.666666666666664,13.0,Implement / Fight
24.666666666666664,13.200000000000001,Implement / Fight
24.666666666666664,13.4,Implement / Fight
24.666666666666664,13.600000000000001,Implement / Fight
24.666666666666664,13.8,Implement / Fight
24.666666666666664,14.0,Implement / Fight
24.666666666666664,14.200000000000001,Implement / Fight
24.666666666666664,14.4,Implement / Fight
24.666666666666664,14.600000000000001,Implement / Fight
24.666666666666664,14.8,Implement / Fight
24.666666666666664,15.0,Implement / Fight
24.666666666666664,15.200000000000001,Implement / Fight
24.666666666666664,15.4,Implement / Fight
24.666666666666664,15.600000000000001,Implement / Fight
24.666666666666664,15.8,Implement / Fight
24.666666666666664,16.0,Implement / Fight
24.666666666666664,16.2,Implement / Fight
24.666666666666664,16.400000000000002,Implement / Fight
24.666666666666664,16.6,Implement / Fight
24.666666666666664,16.8,Implement / Fight
24.666666666666664,17.0,Implement / Fight
24.666666666666664,17.2,Implement / Fight
24.666666666666664,17.400000000000002,Implement / Fight
24.666666666666664,17.6,Implement / Fight
24.666666666666664,17.8,Implement / Fight
24.666666666666664,18.0,Implement / Fight
24.666666666666664,18.2,Implement / Fight
24.666666666666664,18.400000000000002,Implement / Fight
24.666666666666664,18.6,Implement / Fight
24.666666666666664,18.8,Implement / Fight
24.666666666666664,19.0,Implement / Fight
24.666666666666664,19.200000000000003,Implement / Fight
24.666666666666664,19.400000000000002,Implement / Fight
24.666666666666664,19.6,Implement / Fight
24.666666666666664,19.8,Implement / Fight
25.0,0.0,Implement / Fight
25.0,0.2,Implement / Fight
25.0,0.4,Implement / Fight
25.0,0.6000000000000001,Implement / Fight
25.0,0.8,Implement / Fight
25.0,1.0,Implement / Fight
25.0,1.2000000000000002,Implement / Fight
25.0,1.4000000000000001,Implement / Fight
25.0,1.6,Implement / Fight
25.0,1.8,Implement / Fight
25.0,2.0,Implement / Fight
25.0,2.2,Implement / Fight
25.0,2.4000000000000004,Implement / Fight
25.0,2.6,Implement / Fight
25.0,2.8000000000000003,Implement / Fight
25.0,3.0,Implement / Fight
25.0,3.2,Implement / Fight
25.0,3.4000000000000004,Implement / Fight
25.0,3.6,Implement / Fight
25.0,3.8000000000000003,Implement / Fight
25.0,4.0,Implement / Fight
25.0,4.2,Implement / Fight
25.0,4.4,Implement / Fight
25.0,4.6000000000000005,Implement / Fight
25.0,4.800000000000001,Implement / Fight
25.0,5.0,Implement / Fight
25.0,5.2,Implement / Fight
25.0,5.4,Implement / Fight
25.0,5.6000000000000005,Implement / Fight
25.0,5.800000000000001,Implement / Fight
25.0,6.0,Implement / Fight
25.0,6.2,Implement / Fight
25.0,6.4,Implement / Fight
25.0,6.6000000000000005,Implement / Fight
25.0,6.800000000000001,Implement / Fight
25.0,7.0,Implement / Fight
25.0,7.2,Implement / Fight
25.0,7.4,Implement / Fight
25.0,7.6000000000000005,Implement / Fight
25.0,7.800000000000001,Implement / Fight
25.0,8.0,Implement / Fight
25.0,8.200000000000001,Implement / Fight
25.0,8.4,Implement / Fight
25.0,8.6,Implement / Fight
25.0,8.8,Implement / Fight
25.0,9.0,Implement / Fight
25.0,9.200000000000001,Implement / Fight
25.0,9.4,Implement / Fight
25.0,9.600000000000001,Implement / Fight
25.0,9.8,Implement / Fight
25.0,10.0,Implement / Fight
25.0,10.200000000000001,Implement / Fight
25.0,10.4,Implement / Fight
25.0,10.600000000000001,Implement / Fight
25.0,10.8,Implement / Fight
25.0,11.0,Implement / Fight
25.0,11.200000000000001,Implement / Fight
25.0,11.4,Implement / Fight
25.0,11.600000000000001,Implement / Fight
25.0,11.8,Implement / Fight
25.0,12.0,Implement / Fight
25.0,12.200000000000001,Implement / Fight
25.0,12.4,Implement / Fight
25.0,12.600000000000001,Implement / Fight
25.0,12.8,Implement / Fight
25.0,13.0,Implement / Fight
25.0,13.200000000000001,Implement / Fight
25.0,13.4,Implement / Fight
25.0,13.600000000000001,Implement / Fight
25.0,13.8,Implement / Fight
25.0,14.0,Implement / Fight
25.0,14.200000000000001,Implement / Fight
25.0,14.4,Implement / Fight
25.0,14.600000000000001,Implement / Fight
25.0,14.8,Implement / Fight
25.0,15.0,Implement / Fight
25.0,15.200000000000001,Implement / Fight
25.0,15.4,Implement / Fight
25.0,15.600000000000001,Implement / Fight
25.0,15.8,Implement / Fight
25.0,16.0,Implement / Fight
25.0,16.2,Implement / Fight
25.0,16.400000000000002,Implement / Fight
25.0,16.6,Implement / Fight
25.0,16.8,Implement / Fight
25.0,17.0,Implement / Fight
25.0,17.2,Implement / Fight
25.0,17.400000000000002,Implement / Fight
25.0,17.6,Implement / Fight
25.0,17.8,Implement / Fight
25.0,18.0,Implement / Fight
25.0,18.2,Implement / Fight
25.0,18.400000000000002,Implement / Fight
25.0,18.6,Implement / Fight
25.0,18.8,Implement / Fight
25.0,19.0,Implement / Fight
25.0,19.200000000000003,Implement / Fight
25.0,19.400000000000002,Implement / Fight
25.0,19.6,Implement / Fight
25.0,19.8,Implement / Fight
25.333333333333332,0.0,Implement / Fight
25.333333333333332,0.2,Implement / Fight
25.333333333333332,0.4,Implement / Fight
25.333333333333332,0.6000000000000001,Implement / Fight
25.333333333333332,0.8,Implement / Fight
25.333333333333332,1.0,Implement / Fight
25.333333333333332,1.2000000000000002,Implement / Fight
25.333333333333332,1.4000000000000001,Implement / Fight
25.333333333333332,1.6,Implement / Fight
25.333333333333332,1.8,Implement / Fight
25.333333333333332,2.0,Implement / Fight
25.333333333333332,2.2,Implement / Fight
25.333333333333332,2.4000000000000004,Implement / Fight
25.333333333333332,2.6,Implement / Fight
25.333333333333332,2.8000000000000003,Implement / Fight
25.333333333333332,3.0,Implement / Fight
25.333333333333332,3.2,Implement / Fight
25.333333333333332,3.4000000000000004,Implement / Fight
25.333333333333332,3.6,Implement / Fight
25.333333333333332,3.8000000000000003,Implement / Fight
25.333333333333332,4.0,Implement / Fight
25.333333333333332,4.2,Implement / Fight
25.333333333333332,4.4,Implement / Fight
25.333333333333332,4.6000000000000005,Implement / Fight
25.333333333333332,4.800000000000001,Implement / Fight
25.333333333333332,5.0,Implement / Fight
25.333333333333332,5.2,Implement / Fight
25.333333333333332,5.4,Implement / Fight
25.333333333333332,5.6000000000000005,Implement / Fight
25.333333333333332,5.800000000000001,Implement / Fight
25.333333333333332,6.0,Implement / Fight
25.333333333333332,6.2,Implement / Fight
25.333333333333332,6.4,Implement / Fight
25.333333333333332,6.6000000000000005,Implement / Fight
25.333333333333332,6.800000000000001,Implement / Fight
25.333333333333332,7.0,Implement / Fight
25.333333333333332,7.2,Implement / Fight
25.333333333333332,7.4,Implement / Fight
25.333333333333332,7.6000000000000005,Implement / Fight
25.333333333333332,7.800000000000001,Implement / Fight
25.333333333333332,8.0,Implement / Fight
25.333333333333332,8.200000000000001,Implement / Fight
25.333333333333332,8.4,Implement / Fight
25.333333333333332,8.6,Implement / Fight
25.333333333333332,8.8,Implement / Fight
25.333333333333332,9.0,Implement / Fight
25.333333333333332,9.200000000000001,Implement / Fight
25.333333333333332,9.4,Implement / Fight
25.333333333333332,9.600000000000001,Implement / Fight
25.333333333333332,9.8,Implement / Fight
25.333333333333332,10.0,Implement / Fight
25.333333333333332,10.200000000000001,Implement / Fight
25.333333333333332,10.4,Implement / Fight
25.333333333333332,10.600000000000001,Implement / Fight
25.333333333333332,10.8,Implement / Fight
25.333333333333332,11.0,Implement / Fight
25.333333333333332,11.200000000000001,Implement / Fight
25.333333333333332,11.4,Implement / Fight
25.333333333333332,11.600000000000001,Implement / Fight
25.333333333333332,11.8,Implement / Fight
25.333333333333332,12.0,Implement / Fight
25.333333333333332,12.200000000000001,Implement / Fight
25.333333333333332,12.4,Implement / Fight
25.333333333333332,12.600000000000001,Implement / Fight
25.333333333333332,12.8,Implement / Fight
25.333333333333332,13.0,Implement / Fight
25.333333333333332,13.200000000000001,Implement / Fight
25.333333333333332,13.4,Implement / Fight
25.333333333333332,13.600000000000001,Implement / Fight
25.333333333333332,13.8,Implement / Fight
25.333333333333332,14.0,Implement / Fight
25.333333333333332,14.200000000000001,Implement / Fight
25.333333333333332,14.4,Implement / Fight
25.333333333333332,14.600000000000001,Implement / Fight
25.333333333333332,14.8,Implement / Fight
25.333333333333332,15.0,Implement / Fight
25.333333333333332,15.200000000000001,Implement / Fight
25.333333333333332,15.4,Implement / Fight
25.333333333333332,15.600000000000001,Implement / Fight
25.333333333333332,15.8,Implement / Fight
25.333333333333332,16.0,Implement / Fight
25.333333333333332,16.2,Implement / Fight
25.333333333333332,16.400000000000002,Implement / Fight
25.333333333333332,16.6,Implement / Fight
25.333333333333332,16.8,Implement / Fight
25.333333333333332,17.0,Implement / Fight
25.333333333333332,17.2,Implement / Fight
25.333333333333332,17.400000000000002,Implement / Fight
25.333333333333332,17.6,Implement / Fight
25.333333333333332,17.8,Implement / Fight
25.333333333333332,18.0,Implement / Fight
25.333333333333332,18.2,Implement / Fight
25.333333333333332,18.400000000000002,Implement / Fight
25.333333333333332,18.6,Implement / Fight
25.333333333333332,18.8,Implement / Fight
25.333333333333332,19.0,Implement / Fight
25.333333333333332,19.200000000000003,Implement / Fight
25.333333333333332,19.400000000000002,Implement / Fight
25.333333333333332,19.6,Implement / Fight
25.333333333333332,19.8,Implement / Fight
25.666666666666664,0.0,Implement / Fight
25.666666666666664,0.2,Implement / Fight
25.666666666666664,0.4,Implement / Fight
25.666666666666664,0.6000000000000001,Implement / Fight
25.666666666666664,0.8,Implement / Fight
25.666666666666664,1.0,Implement / Fight
25.666666666666664,1.2000000000000002,Implement / Fight
25.666666666666664,1.4000000000000001,Implement / Fight
25.666666666666664,1.6,Implement / Fight
25.666666666666664,1.8,Implement / Fight
25.666666666666664,2.0,Implement / Fight
25.666666666666664,2.2,Implement / Fight
25.666666666666664,2.4000000000000004,Implement / Fight
25.666666666666664,2.6,Implement / Fight
25.666666666666664,2.8000000000000003,Implement / Fight
25.666666666666664,3.0,Implement / Fight
25.666666666666664,3.2,Implement / Fight
25.666666666666664,3.4000000000000004,Implement / Fight
25.666666666666664,3.6,Implement / Fight
25.666666666666664,3.8000000000000003,Implement / Fight
25.666666666666664,4.0,Implement / Fight
25.666666666666664,4.2,Implement / Fight
25.666666666666664,4.4,Implement / Fight
25.666666666666664,4.6000000000000005,Implement / Fight
25.666666666666664,4.800000000000001,Implement / Fight
25.666666666666664,5.0,Implement / Fight
25.666666666666664,5.2,Implement / Fight
25.666666666666664,5.4,Implement / Fight
25.666666666666664,5.6000000000000005,Implement / Fight
25.666666666666664,5.800000000000001,Implement / Fight
25.666666666666664,6.0,Implement / Fight
25.666666666666664,6.2,Implement / Fight
25.666666666666664,6.4,Implement / Fight
25.666666666666664,6.6000000000000005,Implement / Fight
25.666666666666664,6.800000000000001,Implement / Fight
25.666666666666664,7.0,Implement / Fight
25.666666666666664,7.2,Implement / Fight
25.666666666666664,7.4,Implement / Fight
25.666666666666664,7.6000000000000005,Implement / Fight
25.666666666666664,7.800000000000001,Implement / Fight
25.666666666666664,8.0,Implement / Fight
25.666666666666664,8.200000000000001,Implement / Fight
25.666666666666664,8.4,Implement / Fight
25.666666666666664,8.6,Implement / Fight
25.666666666666664,8.8,Implement / Fight
25.666666666666664,9.0,Implement / Fight
25.666666666666664,9.200000000000001,Implement / Fight
25.666666666666664,9.4,Implement / Fight
25.666666666666664,9.600000000000001,Implement / Fight
25.666666666666664,9.8,Implement / Fight
25.666666666666664,10.0,Implement / Fight
25.666666666666664,10.200000000000001,Implement / Fight
25.666666666666664,10.4,Implement / Fight
25.666666666666664,10.600000000000001,Implement / Fight
25.666666666666664,10.8,Implement / Fight
25.666666666666664,11.0,Implement / Fight
25.666666666666664,11.200000000000001,Implement / Fight
25.666666666666664,11.4,Implement / Fight
25.666666666666664,11.600000000000001,Implement / Fight
25.666666666666664,11.8,Implement / Fight
25.666666666666664,12.0,Implement / Fight
25.666666666666664,12.200000000000001,Implement / Fight
25.666666666666664,12.4,Implement / Fight
25.666666666666664,12.600000000000001,Implement / Fight
25.666666666666664,12.8,Implement / Fight
25.666666666666664,13.0,Implement / Fight
25.666666666666664,13.200000000000001,Implement / Fight
25.666666666666664,13.4,Implement / Fight
25.666666666666664,13.600000000000001,Implement / Fight
25.666666666666664,13.8,Implement / Fight
25.666666666666664,14.0,Implement / Fight
25.666666666666664,14.200000000000001,Implement / Fight
25.666666666666664,14.4,Implement / Fight
25.666666666666664,14.600000000000001,Implement / Fight
25.666666666666664,14.8,Implement / Fight
25.666666666666664,15.0,Implement / Fight
25.666666666666664,15.200000000000001,Implement / Fight
25.666666666666664,15.4,Implement / Fight
25.666666666666664,15.600000000000001,Implement / Fight
25.666666666666664,15.8,Implement / Fight
25.666666666666664,16.0,Implement / Fight
25.666666666666664,16.2,Implement / Fight
25.666666666666664,16.400000000000002,Implement / Fight
25.666666666666664,16.6,Implement / Fight
25.666666666666664,16.8,Implement / Fight
25.666666666666664,17.0,Implement / Fight
25.666666666666664,17.2,Implement / Fight
25.666666666666664,17.400000000000002,Implement / Fight
25.666666666666664,17.6,Implement / Fight
25.666666666666664,17.8,Implement / Fight
25.666666666666664,18.0,Implement / Fight
25.666666666666664,18.2,Implement / Fight
25.666666666666664,18.400000000000002,Implement / Fight
25.666666666666664,18.6,Implement / Fight
25.666666666666664,18.8,Implement / Fight
25.666666666666664,19.0,Implement / Fight
25.666666666666664,19.200000000000003,Implement / Fight
25.666666666666664,19.400000000000002,Implement / Fight
25.666666666666664,19.6,Implement / Fight
25.666666666666664,19.8,Implement / Fight
26.0,0.0,Implement / Fight
26.0,0.2,Implement / Fight
26.0,0.4,Implement / Fight
26.0,0.6000000000000001,Implement / Fight
26.0,0.8,Implement / Fight
26.0,1.0,Implement / Fight
26.0,1.2000000000000002,Implement / Fight
26.0,1.4000000000000001,Implement / Fight
26.0,1.6,Implement / Fight
26.0,1.8,Implement / Fight
26.0,2.0,Implement / Fight
26.0,2.2,Implement / Fight
26.0,2.4000000000000004,Implement / Fight
26.0,2.6,Implement / Fight
26.0,2.8000000000000003,Implement / Fight
26.0,3.0,Implement / Fight
26.0,3.2,Implement / Fight
26.0,3.4000000000000004,Implement / Fight
26.0,3.6,Implement / Fight
26.0,3.8000000000000003,Implement / Fight
26.0,4.0,Implement / Fight
26.0,4.2,Implement / Fight
26.0,4.4,Implement / Fight
26.0,4.6000000000000005,Implement / Fight
26.0,4.800000000000001,Implement / Fight
26.0,5.0,Implement / Fight
26.0,5.2,Implement / Fight
26.0,5.4,Implement / Fight
26.0,5.6000000000000005,Implement / Fight
26.0,5.800000000000001,Implement / Fight
26.0,6.0,Implement / Fight
26.0,6.2,Implement / Fight
26.0,6.4,Implement / Fight
26.0,6.6000000000000005,Implement / Fight
26.0,6.800000000000001,Implement / Fight
26.0,7.0,Implement / Fight
26.0,7.2,Implement / Fight
26.0,7.4,Implement / Fight
26.0,7.6000000000000005,Implement / Fight
26.0,7.800000000000001,Implement / Fight
26.0,8.0,Implement / Fight
26.0,8.200000000000001,Implement / Fight
26.0,8.4,Implement / Fight
26.0,8.6,Implement / Fight
26.0,8.8,Implement / Fight
26.0,9.0,Implement / Fight
26.0,9.200000000000001,Implement / Fight
26.0,9.4,Implement / Fight
26.0,9.600000000000001,Implement / Fight
26.0,9.8,Implement / Fight
26.0,10.0,Implement / Fight
26.0,10.200000000000001,Implement / Fight
26.0,10.4,Implement / Fight
26.0,10.600000000000001,Implement / Fight
26.0,10.8,Implement / Fight
26.0,11.0,Implement / Fight
26.0,11.200000000000001,Implement / Fight
26.0,11.4,Implement / Fight
26.0,11.600000000000001,Implement / Fight
26.0,11.8,Implement / Fight
26.0,12.0,Implement / Fight
26.0,12.200000000000001,Implement / Fight
26.0,12.4,Implement / Fight
26.0,12.600000000000001,Implement / Fight
26.0,12.8,Implement / Fight
26.0,13.0,Implement / Fight
26.0,13.200000000000001,Implement / Fight
26.0,13.4,Implement / Fight
26.0,13.600000000000001,Implement / Fight
26.0,13.8,Implement / Fight
26.0,14.0,Implement / Fight
26.0,14.200000000000001,Implement / Fight
26.0,14.4,Implement / Fight
26.0,14.600000000000001,Implement / Fight
26.0,14.8,Implement / Fight
26.0,15.0,Implement / Fight
26.0,15.200000000000001,Implement / Fight
26.0,15.4,Implement / Fight
26.0,15.600000000000001,Implement / Fight
26.0,15.8,Implement / Fight
26.0,16.0,Implement / Fight
26.0,16.2,Implement / Fight
26.0,16.400000000000002,Implement / Fight
26.0,16.6,Implement / Fight
26.0,16.8,Implement / Fight
26.0,17.0,Implement / Fight
26.0,17.2,Implement / Fight
26.0,17.400000000000002,Implement / Fight
26.0,17.6,Implement / Fight
26.0,17.8,Implement / Fight
26.0,18.0,Implement / Fight
26.0,18.2,Implement / Fight
26.0,18.400000000000002,Implement / Fight
26.0,18.6,Implement / Fight
26.0,18.8,Implement / Fight
26.0,19.0,Implement / Fight
26.0,19.200000000000003,Implement / Fight
26.0,19.400000000000002,Implement / Fight
26.0,19.6,Implement / Fight
26.0,19.8,Implement / Fight
26.333333333333332,0.0,Implement / Fight
26.333333333333332,0.2,Implement / Fight
26.333333333333332,0.4,Implement / Fight
26.333333333333332,0.6000000000000001,Implement / Fight
26.333333333333332,0.8,Implement / Fight
26.333333333333332,1.0,Implement / Fight
26.333333333333332,1.2000000000000002,Implement / Fight
26.333333333333332,1.4000000000000001,Implement / Fight
26.333333333333332,1.6,Implement / Fight
26.333333333333332,1.8,Implement / Fight
26.333333333333332,2.0,Implement / Fight
26.333333333333332,2.2,Implement / Fight
26.333333333333332,2.4000000000000004,Implement / Fight
26.333333333333332,2.6,Implement / Fight
26.333333333333332,2.8000000000000003,Implement / Fight
26.333333333333332,3.0,Implement / Fight
26.333333333333332,3.2,Implement / Fight
26.333333333333332,3.4000000000000004,Implement / Fight
26.333333333333332,3.6,Implement / Fight
26.333333333333332,3.8000000000000003,Implement / Fight
26.333333333333332,4.0,Implement / Fight
26.333333333333332,4.2,Implement / Fight
26.333333333333332,4.4,Implement / Fight
26.333333333333332,4.6000000000000005,Implement / Fight
26.333333333333332,4.800000000000001,Implement / Fight
26.333333333333332,5.0,Implement / Fight
26.333333333333332,5.2,Implement / Fight
26.333333333333332,5.4,Implement / Fight
26.333333333333332,5.6000000000000005,Implement / Fight
26.333333333333332,5.800000000000001,Implement / Fight
26.333333333333332,6.0,Implement / Fight
26.333333333333332,6.2,Implement / Fight
26.333333333333332,6.4,Implement / Fight
26.333333333333332,6.6000000000000005,Implement / Fight
26.333333333333332,6.800000000000001,Implement / Fight
26.333333333333332,7.0,Implement / Fight
26.333333333333332,7.2,Implement / Fight
26.333333333333332,7.4,Implement / Fight
26.333333333333332,7.6000000000000005,Implement / Fight
26.333333333333332,7.800000000000001,Implement / Fight
26.333333333333332,8.0,Implement / Fight
26.333333333333332,8.200000000000001,Implement / Fight
26.333333333333332,8.4,Implement / Fight
26.333333333333332,8.6,Implement / Fight
26.333333333333332,8.8,Implement / Fight
26.333333333333332,9.0,Implement / Fight
26.333333333333332,9.200000000000001,Implement / Fight
26.333333333333332,9.4,Implement / Fight
26.333333333333332,9.600000000000001,Implement / Fight
26.333333333333332,9.8,Implement / Fight
26.333333333333332,10.0,Implement / Fight
26.333333333333332,10.200000000000001,Implement / Fight
26.333333333333332,10.4,Implement / Fight
26.333333333333332,10.600000000000001,Implement / Fight
26.333333333333332,10.8,Implement / Fight
26.333333333333332,11.0,Implement / Fight
26.333333333333332,11.200000000000001,Implement / Fight
26.333333333333332,11.4,Implement / Fight
26.333333333333332,11.600000000000001,Implement / Fight
26.333333333333332,11.8,Implement / Fight
26.333333333333332,12.0,Implement / Fight
26.333333333333332,12.200000000000001,Implement / Fight
26.333333333333332,12.4,Implement / Fight
26.333333333333332,12.600000000000001,Implement / Fight
26.333333333333332,12.8,Implement / Fight
26.333333333333332,13.0,Implement / Fight
26.333333333333332,13.200000000000001,Implement / Fight
26.333333333333332,13.4,Implement / Fight
26.333333333333332,13.600000000000001,Implement / Fight
26.333333333333332,13.8,Implement / Fight
26.333333333333332,14.0,Implement / Fight
26.333333333333332,14.200000000000001,Implement / Fight
26.333333333333332,14.4,Implement / Fight
26.333333333333332,14.600000000000001,Implement / Fight
26.333333333333332,14.8,Implement / Fight
26.333333333333332,15.0,Implement / Fight
26.333333333333332,15.200000000000001,Implement / Fight
26.333333333333332,15.4,Implement / Fight
26.333333333333332,15.600000000000001,Implement / Fight
26.333333333333332,15.8,Implement / Fight
26.333333333333332,16.0,Implement / Fight
26.333333333333332,16.2,Implement / Fight
26.333333333333332,16.400000000000002,Implement / Fight
26.333333333333332,16.6,Implement / Fight
26.333333333333332,16.8,Implement / Fight
26.333333333333332,17.0,Implement / Fight
26.333333333333332,17.2,Implement / Fight
26.333333333333332,17.400000000000002,Implement / Fight
26.333333333333332,17.6,Implement / Fight
26.333333333333332,17.8,Implement / Fight
26.333333333333332,18.0,Implement / Fight
26.333333333333332,18.2,Implement / Fight
26.333333333333332,18.400000000000002,Implement / Fight
26.333333333333332,18.6,Implement / Fight
26.333333333333332,18.8,Implement / Fight
26.333333333333332,19.0,Implement / Fight
26.333333333333332,19.200000000000003,Implement / Fight
26.333333333333332,19.400000000000002,Implement / Fight
26.333333333333332,19.6,Implement / Fight
26.333333333333332,19.8,Implement / Fight
26.666666666666664,0.0,Implement / Fight
26.666666666666664,0.2,Implement / Fight
26.666666666666664,0.4,Implement / Fight
26.666666666666664,0.6000000000000001,Implement / Fight
26.666666666666664,0.8,Implement / Fight
26.666666666666664,1.0,Implement / Fight
26.666666666666664,1.2000000000000002,Implement / Fight
26.666666666666664,1.4000000000000001,Implement / Fight
26.666666666666664,1.6,Implement / Fight
26.666666666666664,1.8,Implement / Fight
26.666666666666664,2.0,Implement / Fight
26.666666666666664,2.2,Implement / Fight
26.666666666666664,2.4000000000000004,Implement / Fight
26.666666666666664,2.6,Implement / Fight
26.666666666666664,2.8000000000000003,Implement / Fight
26.666666666666664,3.0,Implement / Fight
26.666666666666664,3.2,Implement / Fight
26.666666666666664,3.4000000000000004,Implement / Fight
26.666666666666664,3.6,Implement / Fight
26.666666666666664,3.8000000000000003,Implement / Fight
26.666666666666664,4.0,Implement / Fight
26.666666666666664,4.2,Implement / Fight
26.666666666666664,4.4,Implement / Fight
26.666666666666664,4.6000000000000005,Implement / Fight
26.666666666666664,4.800000000000001,Implement / Fight
26.666666666666664,5.0,Implement / Fight
26.666666666666664,5.2,Implement / Fight
26.666666666666664,5.4,Implement / Fight
26.666666666666664,5.6000000000000005,Implement / Fight
26.666666666666664,5.800000000000001,Implement / Fight
26.666666666666664,6.0,Implement / Fight
26.666666666666664,6.2,Implement / Fight
26.666666666666664,6.4,Implement / Fight
26.666666666666664,6.6000000000000005,Implement / Fight
26.666666666666664,6.800000000000001,Implement / Fight
26.666666666666664,7.0,Implement / Fight
26.666666666666664,7.2,Implement / Fight
26.666666666666664,7.4,Implement / Fight
26.666666666666664,7.6000000000000005,Implement / Fight
26.666666666666664,7.800000000000001,Implement / Fight
26.666666666666664,8.0,Implement / Fight
26.666666666666664,8.200000000000001,Implement / Fight
26.666666666666664,8.4,Implement / Fight
26.666666666666664,8.6,Implement / Fight
26.666666666666664,8.8,Implement / Fight
26.666666666666664,9.0,Implement / Fight
26.666666666666664,9.200000000000001,Implement / Fight
26.666666666666664,9.4,Implement / Fight
26.666666666666664,9.600000000000001,Implement / Fight
26.666666666666664,9.8,Implement / Fight
26.666666666666664,10.0,Implement / Fight
26.666666666666664,10.200000000000001,Implement / Fight
26.666666666666664,10.4,Implement / Fight
26.666666666666664,10.600000000000001,Implement / Fight
26.666666666666664,10.8,Implement / Fight
26.666666666666664,11.0,Implement / Fight
26.666666666666664,11.200000000000001,Implement / Fight
26.666666666666664,11.4,Implement / Fight
26.666666666666664,11.600000000000001,Implement / Fight
26.666666666666664,11.8,Implement / Fight
26.666666666666664,12.0,Implement / Fight
26.666666666666664,12.200000000000001,Implement / Fight
26.666666666666664,12.4,Implement / Fight
26.666666666666664,12.600000000000001,Implement / Fight
26.666666666666664,12.8,Implement / Fight
26.666666666666664,13.0,Implement / Fight
26.666666666666664,13.200000000000001,Implement / Fight
26.666666666666664,13.4,Implement / Fight
26.666666666666664,13.600000000000001,Implement / Fight
26.666666666666664,13.8,Implement / Fight
26.666666666666664,14.0,Implement / Fight
26.666666666666664,14.200000000000001,Implement / Fight
26.666666666666664,14.4,Implement / Fight
26.666666666666664,14.600000000000001,Implement / Fight
26.666666666666664,14.8,Implement / Fight
26.666666666666664,15.0,Implement / Fight
26.666666666666664,15.200000000000001,Implement / Fight
26.666666666666664,15.4,Implement / Fight
26.666666666666664,15.600000000000001,Implement / Fight
26.666666666666664,15.8,Implement / Fight
26.666666666666664,16.0,Implement / Fight
26.666666666666664,16.2,Implement / Fight
26.666666666666664,16.400000000000002,Implement / Fight
26.666666666666664,16.6,Implement / Fight
26.666666666666664,16.8,Implement / Fight
26.666666666666664,17.0,Implement / Fight
26.666666666666664,17.2,Implement / Fight
26.666666666666664,17.400000000000002,Implement / Fight
26.666666666666664,17.6,Implement / Fight
26.666666666666664,17.8,Implement / Fight
26.666666666666664,18.0,Implement / Fight
26.666666666666664,18.2,Implement / Fight
26.666666666666664,18.400000000000002,Implement / Fight
26.666666666666664,18.6,Implement / Fight
26.666666666666664,18.8,Implement / Fight
26.666666666666664,19.0,Implement / Fight
26.666666666666664,19.200000000000003,Implement / Fight
26.666666666666664,19.400000000000002,Implement / Fight
26.666666666666664,19.6,Implement / Fight
26.666666666666664,19.8,Implement / Fight
27.0,0.0,Implement / Fight
27.0,0.2,Implement / Fight
27.0,0.4,Implement / Fight
27.0,0.6000000000000001,Implement / Fight
27.0,0.8,Implement / Fight
27.0,1.0,Implement / Fight
27.0,1.2000000000000002,Implement / Fight
27.0,1.4000000000000001,Implement / Fight
27.0,1.6,Implement / Fight
27.0,1.8,Implement / Fight
27.0,2.0,Implement / Fight
27.0,2.2,Implement / Fight
27.0,2.4000000000000004,Implement / Fight
27.0,2.6,Implement / Fight
27.0,2.8000000000000003,Implement / Fight
27.0,3.0,Implement / Fight
27.0,3.2,Implement / Fight
27.0,3.4000000000000004,Implement / Fight
27.0,3.6,Implement / Fight
27.0,3.8000000000000003,Implement / Fight
27.0,4.0,Implement / Fight
27.0,4.2,Implement / Fight
27.0,4.4,Implement / Fight
27.0,4.6000000000000005,Implement / Fight
27.0,4.800000000000001,Implement / Fight
27.0,5.0,Implement / Fight
27.0,5.2,Implement / Fight
27.0,5.4,Implement / Fight
27.0,5.6000000000000005,Implement / Fight
27.0,5.800000000000001,Implement / Fight
27.0,6.0,Implement / Fight
27.0,6.2,Implement / Fight
27.0,6.4,Implement / Fight
27.0,6.6000000000000005,Implement / Fight
27.0,6.800000000000001,Implement / Fight
27.0,7.0,Implement / Fight
27.0,7.2,Implement / Fight
27.0,7.4,Implement / Fight
27.0,7.6000000000000005,Implement / Fight
27.0,7.800000000000001,Implement / Fight
27.0,8.0,Implement / Fight
27.0,8.200000000000001,Implement / Fight
27.0,8.4,Implement / Fight
27.0,8.6,Implement / Fight
27.0,8.8,Implement / Fight
27.0,9.0,Implement / Fight
27.0,9.200000000000001,Implement / Fight
27.0,9.4,Implement / Fight
27.0,9.600000000000001,Implement / Fight
27.0,9.8,Implement / Fight
27.0,10.0,Implement / Fight
27.0,10.200000000000001,Implement / Fight
27.0,10.4,Implement / Fight
27.0,10.600000000000001,Implement / Fight
27.0,10.8,Implement / Fight
27.0,11.0,Implement / Fight
27.0,11.200000000000001,Implement / Fight
27.0,11.4,Implement / Fight
27.0,11.600000000000001,Implement / Fight
27.0,11.8,Implement / Fight
27.0,12.0,Implement / Fight
27.0,12.200000000000001,Implement / Fight
27.0,12.4,Implement / Fight
27.0,12.600000000000001,Implement / Fight
27.0,12.8,Implement / Fight
27.0,13.0,Implement / Fight
27.0,13.200000000000001,Implement / Fight
27.0,13.4,Implement / Fight
27.0,13.600000000000001,Implement / Fight
27.0,13.8,Implement / Fight
27.0,14.0,Implement / Fight
27.0,14.200000000000001,Implement / Fight
27.0,14.4,Implement / Fight
27.0,14.600000000000001,Implement / Fight
27.0,14.8,Implement / Fight
27.0,15.0,Implement / Fight
27.0,15.200000000000001,Implement / Fight
27.0,15.4,Implement / Fight
27.0,15.600000000000001,Implement / Fight
27.0,15.8,Implement / Fight
27.0,16.0,Implement / Fight
27.0,16.2,Implement / Fight
27.0,16.400000000000002,Implement / Fight
27.0,16.6,Implement / Fight
27.0,16.8,Implement / Fight
27.0,17.0,Implement / Fight
27.0,17.2,Implement / Fight
27.0,17.400000000000002,Implement / Fight
27.0,17.6,Implement / Fight
27.0,17.8,Implement / Fight
27.0,18.0,Implement / Fight
27.0,18.2,Implement / Fight
27.0,18.400000000000002,Implement / Fight
27.0,18.6,Implement / Fight
27.0,18.8,Implement / Fight
27.0,19.0,Implement / Fight
27.0,19.200000000000003,Implement / Fight
27.0,19.400000000000002,Implement / Fight
27.0,19.6,Implement / Fight
27.0,19.8,Implement / Fight
27.333333333333332,0.0,Implement / Fight
27.333333333333332,0.2,Implement / Fight
27.333333333333332,0.4,Implement / Fight
27.333333333333332,0.6000000000000001,Implement / Fight
27.333333333333332,0.8,Implement / Fight
27.333333333333332,1.0,Implement / Fight
27.333333333333332,1.2000000000000002,Implement / Fight
27.333333333333332,1.4000000000000001,Implement / Fight
27.333333333333332,1.6,Implement / Fight
27.333333333333332,1.8,Implement / Fight
27.333333333333332,2.0,Implement / Fight
27.333333333333332,2.2,Implement / Fight
27.333333333333332,2.4000000000000004,Implement / Fight
27.333333333333332,2.6,Implement / Fight
27.333333333333332,2.8000000000000003,Implement / Fight
27.333333333333332,3.0,Implement / Fight
27.333333333333332,3.2,Implement / Fight
27.333333333333332,3.4000000000000004,Implement / Fight
27.333333333333332,3.6,Implement / Fight
27.333333333333332,3.8000000000000003,Implement / Fight
27.333333333333332,4.0,Implement / Fight
27.333333333333332,4.2,Implement / Fight
27.333333333333332,4.4,Implement / Fight
27.333333333333332,4.6000000000000005,Implement / Fight
27.333333333333332,4.800000000000001,Implement / Fight
27.333333333333332,5.0,Implement / Fight
27.333333333333332,5.2,Implement / Fight
27.333333333333332,5.4,Implement / Fight
27.333333333333332,5.6000000000000005,Implement / Fight
27.333333333333332,5.800000000000001,Implement / Fight
27.333333333333332,6.0,Implement / Fight
27.333333333333332,6.2,Implement / Fight
27.333333333333332,6.4,Implement / Fight
27.333333333333332,6.6000000000000005,Implement / Fight
27.333333333333332,6.800000000000001,Implement / Fight
27.333333333333332,7.0,Implement / Fight
27.333333333333332,7.2,Implement / Fight
27.333333333333332,7.4,Implement / Fight
27.333333333333332,7.6000000000000005,Implement / Fight
27.333333333333332,7.800000000000001,Implement / Fight
27.333333333333332,8.0,Implement / Fight
27.333333333333332,8.200000000000001,Implement / Fight
27.333333333333332,8.4,Implement / Fight
27.333333333333332,8.6,Implement / Fight
27.333333333333332,8.8,Implement / Fight
27.333333333333332,9.0,Implement / Fight
27.333333333333332,9.200000000000001,Implement / Fight
27.333333333333332,9.4,Implement / Fight
27.333333333333332,9.600000000000001,Implement / Fight
27.333333333333332,9.8,Implement / Fight
27.333333333333332,10.0,Implement / Fight
27.333333333333332,10.200000000000001,Implement / Fight
27.333333333333332,10.4,Implement / Fight
27.333333333333332,10.600000000000001,Implement / Fight
27.333333333333332,10.8,Implement / Fight
27.333333333333332,11.0,Implement / Fight
27.333333333333332,11.200000000000001,Implement / Fight
27.333333333333332,11.4,Implement / Fight
27.333333333333332,11.600000000000001,Implement / Fight
27.333333333333332,11.8,Implement / Fight
27.333333333333332,12.0,Implement / Fight
27.333333333333332,12.200000000000001,Implement / Fight
27.333333333333332,12.4,Implement / Fight
27.333333333333332,12.600000000000001,Implement / Fight
27.333333333333332,12.8,Implement / Fight
27.333333333333332,13.0,Implement / Fight
27.333333333333332,13.200000000000001,Implement / Fight
27.333333333333332,13.4,Implement / Fight
27.333333333333332,13.600000000000001,Implement / Fight
27.333333333333332,13.8,Implement / Fight
27.333333333333332,14.0,Implement / Fight
27.333333333333332,14.200000000000001,Implement / Fight
27.333333333333332,14.4,Implement / Fight
27.333333333333332,14.600000000000001,Implement / Fight
27.333333333333332,14.8,Implement / Fight
27.333333333333332,15.0,Implement / Fight
27.333333333333332,15.200000000000001,Implement / Fight
27.333333333333332,15.4,Implement / Fight
27.333333333333332,15.600000000000001,Implement / Fight
27.333333333333332,15.8,Implement / Fight
27.333333333333332,16.0,Implement / Fight
27.333333333333332,16.2,Implement / Fight
27.333333333333332,16.400000000000002,Implement / Fight
27.333333333333332,16.6,Implement / Fight
27.333333333333332,16.8,Implement / Fight
27.333333333333332,17.0,Implement / Fight
27.333333333333332,17.2,Implement / Fight
27.333333333333332,17.400000000000002,Implement / Fight
27.333333333333332,17.6,Implement / Fight
27.333333333333332,17.8,Implement / Fight
27.333333333333332,18.0,Implement / Fight
27.333333333333332,18.2,Implement / Fight
27.333333333333332,18.400000000000002,Implement / Fight
27.333333333333332,18.6,Implement / Fight
27.333333333333332,18.8,Implement / Fight
27.333333333333332,19.0,Implement / Fight
27.333333333333332,19.200000000000003,Implement / Fight
27.333333333333332,19.400000000000002,Implement / Fight
27.333333333333332,19.6,Implement / Fight
27.333333333333332,19.8,Implement / Fight
27.666666666666664,0.0,Implement / Fight
27.666666666666664,0.2,Implement / Fight
27.666666666666664,0.4,Implement / Fight
27.666666666666664,0.6000000000000001,Implement / Fight
27.666666666666664,0.8,Implement / Fight
27.666666666666664,1.0,Implement / Fight
27.666666666666664,1.2000000000000002,Implement / Fight
27.666666666666664,1.4000000000000001,Implement / Fight
27.666666666666664,1.6,Implement / Fight
27.666666666666664,1.8,Implement / Fight
27.666666666666664,2.0,Implement / Fight
27.666666666666664,2.2,Implement / Fight
27.666666666666664,2.4000000000000004,Implement / Fight
27.666666666666664,2.6,Implement / Fight
27.666666666666664,2.8000000000000003,Implement / Fight
27.666666666666664,3.0,Implement / Fight
27.666666666666664,3.2,Implement / Fight
27.666666666666664,3.4000000000000004,Implement / Fight
27.666666666666664,3.6,Implement / Fight
27.666666666666664,3.8000000000000003,Implement / Fight
27.666666666666664,4.0,Implement / Fight
27.666666666666664,4.2,Implement / Fight
27.666666666666664,4.4,Implement / Fight
27.666666666666664,4.6000000000000005,Implement / Fight
27.666666666666664,4.800000000000001,Implement / Fight
27.666666666666664,5.0,Implement / Fight
27.666666666666664,5.2,Implement / Fight
27.666666666666664,5.4,Implement / Fight
27.666666666666664,5.6000000000000005,Implement / Fight
27.666666666666664,5.800000000000001,Implement / Fight
27.666666666666664,6.0,Implement / Fight
27.666666666666664,6.2,Implement / Fight
27.666666666666664,6.4,Implement / Fight
27.666666666666664,6.6000000000000005,Implement / Fight
27.666666666666664,6.800000000000001,Implement / Fight
27.666666666666664,7.0,Implement / Fight
27.666666666666664,7.2,Implement / Fight
27.666666666666664,7.4,Implement / Fight
27.666666666666664,7.6000000000000005,Implement / Fight
27.666666666666664,7.800000000000001,Implement / Fight
27.666666666666664,8.0,Implement / Fight
27.666666666666664,8.200000000000001,Implement / Fight
27.666666666666664,8.4,Implement / Fight
27.666666666666664,8.6,Implement / Fight
27.666666666666664,8.8,Implement / Fight
27.666666666666664,9.0,Implement / Fight
27.666666666666664,9.200000000000001,Implement / Fight
27.666666666666664,9.4,Implement / Fight
27.666666666666664,9.600000000000001,Implement / Fight
27.666666666666664,9.8,Implement / Fight
27.666666666666664,10.0,Implement / Fight
27.666666666666664,10.200000000000001,Implement / Fight
27.666666666666664,10.4,Implement / Fight
27.666666666666664,10.600000000000001,Implement / Fight
27.666666666666664,10.8,Implement / Fight
27.666666666666664,11.0,Implement / Fight
27.666666666666664,11.200000000000001,Implement / Fight
27.666666666666664,11.4,Implement / Fight
27.666666666666664,11.600000000000001,Implement / Fight
27.666666666666664,11.8,Implement / Fight
27.666666666666664,12.0,Implement / Fight
27.666666666666664,12.200000000000001,Implement / Fight
27.666666666666664,12.4,Implement / Fight
27.666666666666664,12.600000000000001,Implement / Fight
27.666666666666664,12.8,Implement / Fight
27.666666666666664,13.0,Implement / Fight
27.666666666666664,13.200000000000001,Implement / Fight
27.666666666666664,13.4,Implement / Fight
27.666666666666664,13.600000000000001,Implement / Fight
27.666666666666664,13.8,Implement / Fight
27.666666666666664,14.0,Implement / Fight
27.666666666666664,14.200000000000001,Implement / Fight
27.666666666666664,14.4,Implement / Fight
27.666666666666664,14.600000000000001,Implement / Fight
27.666666666666664,14.8,Implement / Fight
27.666666666666664,15.0,Implement / Fight
27.666666666666664,15.200000000000001,Implement / Fight
27.666666666666664,15.4,Implement / Fight
27.666666666666664,15.600000000000001,Implement / Fight
27.666666666666664,15.8,Implement / Fight
27.666666666666664,16.0,Implement / Fight
27.666666666666664,16.2,Implement / Fight
27.666666666666664,16.400000000000002,Implement / Fight
27.666666666666664,16.6,Implement / Fight
27.666666666666664,16.8,Implement / Fight
27.666666666666664,17.0,Implement / Fight
27.666666666666664,17.2,Implement / Fight
27.666666666666664,17.400000000000002,Implement / Fight
27.666666666666664,17.6,Implement / Fight
27.666666666666664,17.8,Implement / Fight
27.666666666666664,18.0,Implement / Fight
27.666666666666664,18.2,Implement / Fight
27.666666666666664,18.400000000000002,Implement / Fight
27.666666666666664,18.6,Implement / Fight
27.666666666666664,18.8,Implement / Fight
27.666666666666664,19.0,Implement / Fight
27.666666666666664,19.200000000000003,Implement / Fight
27.666666666666664,19.400000000000002,Implement / Fight
27.666666666666664,19.6,Implement / Fight
27.666666666666664,19.8,Implement / Fight
28.0,0.0,Implement / Fight
28.0,0.2,Implement / Fight
28.0,0.4,Implement / Fight
28.0,0.6000000000000001,Implement / Fight
28.0,0.8,Implement / Fight
28.0,1.0,Implement / Fight
28.0,1.2000000000000002,Implement / Fight
28.0,1.4000000000000001,Implement / Fight
28.0,1.6,Implement / Fight
28.0,1.8,Implement / Fight
28.0,2.0,Implement / Fight
28.0,2.2,Implement / Fight
28.0,2.4000000000000004,Implement / Fight
28.0,2.6,Implement / Fight
28.0,2.8000000000000003,Implement / Fight
28.0,3.0,Implement / Fight
28.0,3.2,Implement / Fight
28.0,3.4000000000000004,Implement / Fight
28.0,3.6,Implement / Fight
28.0,3.8000000000000003,Implement / Fight
28.0,4.0,Implement / Fight
28.0,4.2,Implement / Fight
28.0,4.4,Implement / Fight
28.0,4.6000000000000005,Implement / Fight
28.0,4.800000000000001,Implement / Fight
28.0,5.0,Implement / Fight
28.0,5.2,Implement / Fight
28.0,5.4,Implement / Fight
28.0,5.6000000000000005,Implement / Fight
28.0,5.800000000000001,Implement / Fight
28.0,6.0,Implement / Fight
28.0,6.2,Implement / Fight
28.0,6.4,Implement / Fight
28.0,6.6000000000000005,Implement / Fight
28.0,6.800000000000001,Implement / Fight
28.0,7.0,Implement / Fight
28.0,7.2,Implement / Fight
28.0,7.4,Implement / Fight
28.0,7.6000000000000005,Implement / Fight
28.0,7.800000000000001,Implement / Fight
28.0,8.0,Implement / Fight
28.0,8.200000000000001,Implement / Fight
28.0,8.4,Implement / Fight
28.0,8.6,Implement / Fight
28.0,8.8,Implement / Fight
28.0,9.0,Implement / Fight
28.0,9.200000000000001,Implement / Fight
28.0,9.4,Implement / Fight
28.0,9.600000000000001,Implement / Fight
28.0,9.8,Implement / Fight
28.0,10.0,Implement / Fight
28.0,10.200000000000001,Implement / Fight
28.0,10.4,Implement / Fight
28.0,10.600000000000001,Implement / Fight
28.0,10.8,Implement / Fight
28.0,11.0,Implement / Fight
28.0,11.200000000000001,Implement / Fight
28.0,11.4,Implement / Fight
28.0,11.600000000000001,Implement / Fight
28.0,11.8,Implement / Fight
28.0,12.0,Implement / Fight
28.0,12.200000000000001,Implement / Fight
28.0,12.4,Implement / Fight
28.0,12.600000000000001,Implement / Fight
28.0,12.8,Implement / Fight
28.0,13.0,Implement / Fight
28.0,13.200000000000001,Implement / Fight
28.0,13.4,Implement / Fight
28.0,13.600000000000001,Implement / Fight
28.0,13.8,Implement / Fight
28.0,14.0,Implement / Fight
28.0,14.200000000000001,Implement / Fight
28.0,14.4,Implement / Fight
28.0,14.600000000000001,Implement / Fight
28.0,14.8,Implement / Fight
28.0,15.0,Implement / Fight
28.0,15.200000000000001,Implement / Fight
28.0,15.4,Implement / Fight
28.0,15.600000000000001,Implement / Fight
28.0,15.8,Implement / Fight
28.0,16.0,Implement / Fight
28.0,16.2,Implement / Fight
28.0,16.400000000000002,Implement / Fight
28.0,16.6,Implement / Fight
28.0,16.8,Implement / Fight
28.0,17.0,Implement / Fight
28.0,17.2,Implement / Fight
28.0,17.400000000000002,Implement / Fight
28.0,17.6,Implement / Fight
28.0,17.8,Implement / Fight
28.0,18.0,Implement / Fight
28.0,18.2,Implement / Fight
28.0,18.400000000000002,Implement / Fight
28.0,18.6,Implement / Fight
28.0,18.8,Implement / Fight
28.0,19.0,Implement / Fight
28.0,19.200000000000003,Implement / Fight
28.0,19.400000000000002,Implement / Fight
28.0,19.6,Implement / Fight
28.0,19.8,Implement / Fight
28.333333333333332,0.0,Implement / Fight
28.333333333333332,0.2,Implement / Fight
28.333333333333332,0.4,Implement / Fight
28.333333333333332,0.6000000000000001,Implement / Fight
28.333333333333332,0.8,Implement / Fight
28.333333333333332,1.0,Implement / Fight
28.333333333333332,1.2000000000000002,Implement / Fight
28.333333333333332,1.4000000000000001,Implement / Fight
28.333333333333332,1.6,Implement / Fight
28.333333333333332,1.8,Implement / Fight
28.333333333333332,2.0,Implement / Fight
28.333333333333332,2.2,Implement / Fight
28.333333333333332,2.4000000000000004,Implement / Fight
28.333333333333332,2.6,Implement / Fight
28.333333333333332,2.8000000000000003,Implement / Fight
28.333333333333332,3.0,Implement / Fight
28.333333333333332,3.2,Implement / Fight
28.333333333333332,3.4000000000000004,Implement / Fight
28.333333333333332,3.6,Implement / Fight
28.333333333333332,3.8000000000000003,Implement / Fight
28.333333333333332,4.0,Implement / Fight
28.333333333333332,4.2,Implement / Fight
28.333333333333332,4.4,Implement / Fight
28.333333333333332,4.6000000000000005,Implement / Fight
28.333333333333332,4.800000000000001,Implement / Fight
28.333333333333332,5.0,Implement / Fight
28.333333333333332,5.2,Implement / Fight
28.333333333333332,5.4,Implement / Fight
28.333333333333332,5.6000000000000005,Implement / Fight
28.333333333333332,5.800000000000001,Implement / Fight
28.333333333333332,6.0,Implement / Fight
28.333333333333332,6.2,Implement / Fight
28.333333333333332,6.4,Implement / Fight
28.333333333333332,6.6000000000000005,Implement / Fight
28.333333333333332,6.800000000000001,Implement / Fight
28.333333333333332,7.0,Implement / Fight
28.333333333333332,7.2,Implement / Fight
28.333333333333332,7.4,Implement / Fight
28.333333333333332,7.6000000000000005,Implement / Fight
28.333333333333332,7.800000000000001,Implement / Fight
28.333333333333332,8.0,Implement / Fight
28.333333333333332,8.200000000000001,Implement / Fight
28.333333333333332,8.4,Implement / Fight
28.333333333333332,8.6,Implement / Fight
28.333333333333332,8.8,Implement / Fight
28.333333333333332,9.0,Implement / Fight
28.333333333333332,9.200000000000001,Implement / Fight
28.333333333333332,9.4,Implement / Fight
28.333333333333332,9.600000000000001,Implement / Fight
28.333333333333332,9.8,Implement / Fight
28.333333333333332,10.0,Implement / Fight
28.333333333333332,10.200000000000001,Implement / Fight
28.333333333333332,10.4,Implement / Fight
28.333333333333332,10.600000000000001,Implement / Fight
28.333333333333332,10.8,Implement / Fight
28.333333333333332,11.0,Implement / Fight
28.333333333333332,11.200000000000001,Implement / Fight
28.333333333333332,11.4,Implement / Fight
28.333333333333332,11.600000000000001,Implement / Fight
28.333333333333332,11.8,Implement / Fight
28.333333333333332,12.0,Implement / Fight
28.333333333333332,12.200000000000001,Implement / Fight
28.333333333333332,12.4,Implement / Fight
28.333333333333332,12.600000000000001,Implement / Fight
28.333333333333332,12.8,Implement / Fight
28.333333333333332,13.0,Implement / Fight
28.333333333333332,13.200000000000001,Implement / Fight
28.333333333333332,13.4,Implement / Fight
28.333333333333332,13.600000000000001,Implement / Fight
28.333333333333332,13.8,Implement / Fight
28.333333333333332,14.0,Implement / Fight
28.333333333333332,14.200000000000001,Implement / Fight
28.333333333333332,14.4,Implement / Fight
28.333333333333332,14.600000000000001,Implement / Fight
28.333333333333332,14.8,Implement / Fight
28.333333333333332,15.0,Implement / Fight
28.333333333333332,15.200000000000001,Implement / Fight
28.333333333333332,15.4,Implement / Fight
28.333333333333332,15.600000000000001,Implement / Fight
28.333333333333332,15.8,Implement / Fight
28.333333333333332,16.0,Implement / Fight
28.333333333333332,16.2,Implement / Fight
28.333333333333332,16.400000000000002,Implement / Fight
28.333333333333332,16.6,Implement / Fight
28.333333333333332,16.8,Implement / Fight
28.333333333333332,17.0,Implement / Fight
28.333333333333332,17.2,Implement / Fight
28.333333333333332,17.400000000000002,Implement / Fight
28.333333333333332,17.6,Implement / Fight
28.333333333333332,17.8,Implement / Fight
28.333333333333332,18.0,Implement / Fight
28.333333333333332,18.2,Implement / Fight
28.333333333333332,18.400000000000002,Implement / Fight
28.333333333333332,18.6,Implement / Fight
28.333333333333332,18.8,Implement / Fight
28.333333333333332,19.0,Implement / Fight
28.333333333333332,19.200000000000003,Implement / Fight
28.333333333333332,19.400000000000002,Implement / Fight
28.333333333333332,19.6,Implement / Fight
28.333333333333332,19.8,Implement / Fight
28.666666666666664,0.0,Implement / Fight
28.666666666666664,0.2,Implement / Fight
28.666666666666664,0.4,Implement / Fight
28.666666666666664,0.6000000000000001,Implement / Fight
28.666666666666664,0.8,Implement / Fight
28.666666666666664,1.0,Implement / Fight
28.666666666666664,1.2000000000000002,Implement / Fight
28.666666666666664,1.4000000000000001,Implement / Fight
28.666666666666664,1.6,Implement / Fight
28.666666666666664,1.8,Implement / Fight
28.666666666666664,2.0,Implement / Fight
28.666666666666664,2.2,Implement / Fight
28.666666666666664,2.4000000000000004,Implement / Fight
28.666666666666664,2.6,Implement / Fight
28.666666666666664,2.8000000000000003,Implement / Fight
28.666666666666664,3.0,Implement / Fight
28.666666666666664,3.2,Implement / Fight
28.666666666666664,3.4000000000000004,Implement / Fight
28.666666666666664,3.6,Implement / Fight
28.666666666666664,3.8000000000000003,Implement / Fight
28.666666666666664,4.0,Implement / Fight
28.666666666666664,4.2,Implement / Fight
28.666666666666664,4.4,Implement / Fight
28.666666666666664,4.6000000000000005,Implement / Fight
28.666666666666664,4.800000000000001,Implement / Fight
28.666666666666664,5.0,Implement / Fight
28.666666666666664,5.2,Implement / Fight
28.666666666666664,5.4,Implement / Fight
28.666666666666664,5.6000000000000005,Implement / Fight
28.666666666666664,5.800000000000001,Implement / Fight
28.666666666666664,6.0,Implement / Fight
28.666666666666664,6.2,Implement / Fight
28.666666666666664,6.4,Implement / Fight
28.666666666666664,6.6000000000000005,Implement / Fight
28.666666666666664,6.800000000000001,Implement / Fight
28.666666666666664,7.0,Implement / Fight
28.666666666666664,7.2,Implement / Fight
28.666666666666664,7.4,Implement / Fight
28.666666666666664,7.6000000000000005,Implement / Fight
28.666666666666664,7.800000000000001,Implement / Fight
28.666666666666664,8.0,Implement / Fight
28.666666666666664,8.200000000000001,Implement / Fight
28.666666666666664,8.4,Implement / Fight
28.666666666666664,8.6,Implement / Fight
28.666666666666664,8.8,Implement / Fight
28.666666666666664,9.0,Implement / Fight
28.666666666666664,9.200000000000001,Implement / Fight
28.666666666666664,9.4,Implement / Fight
28.666666666666664,9.600000000000001,Implement / Fight
28.666666666666664,9.8,Implement / Fight
28.666666666666664,10.0,Implement / Fight
28.666666666666664,10.200000000000001,Implement / Fight
28.666666666666664,10.4,Implement / Fight
28.666666666666664,10.600000000000001,Implement / Fight
28.666666666666664,10.8,Implement / Fight
28.666666666666664,11.0,Implement / Fight
28.666666666666664,11.200000000000001,Implement / Fight
28.666666666666664,11.4,Implement / Fight
28.666666666666664,11.600000000000001,Implement / Fight
28.666666666666664,11.8,Implement / Fight
28.666666666666664,12.0,Implement / Fight
28.666666666666664,12.200000000000001,Implement / Fight
28.666666666666664,12.4,Implement / Fight
28.666666666666664,12.600000000000001,Implement / Fight
28.666666666666664,12.8,Implement / Fight
28.666666666666664,13.0,Implement / Fight
28.666666666666664,13.200000000000001,Implement / Fight
28.666666666666664,13.4,Implement / Fight
28.666666666666664,13.600000000000001,Implement / Fight
28.666666666666664,13.8,Implement / Fight
28.666666666666664,14.0,Implement / Fight
28.666666666666664,14.200000000000001,Implement / Fight
28.666666666666664,14.4,Implement / Fight
28.666666666666664,14.600000000000001,Implement / Fight
28.666666666666664,14.8,Implement / Fight
28.666666666666664,15.0,Implement / Fight
28.666666666666664,15.200000000000001,Implement / Fight
28.666666666666664,15.4,Implement / Fight
28.666666666666664,15.600000000000001,Implement / Fight
28.666666666666664,15.8,Implement / Fight
28.666666666666664,16.0,Implement / Fight
28.666666666666664,16.2,Implement / Fight
28.666666666666664,16.400000000000002,Implement / Fight
28.666666666666664,16.6,Implement / Fight
28.666666666666664,16.8,Implement / Fight
28.666666666666664,17.0,Implement / Fight
28.666666666666664,17.2,Implement / Fight
28.666666666666664,17.400000000000002,Implement / Fight
28.666666666666664,17.6,Implement / Fight
28.666666666666664,17.8,Implement / Fight
28.666666666666664,18.0,Implement / Fight
28.666666666666664,18.2,Implement / Fight
28.666666666666664,18.400000000000002,Implement / Fight
28.666666666666664,18.6,Implement / Fight
28.666666666666664,18.8,Implement / Fight
28.666666666666664,19.0,Implement / Fight
28.666666666666664,19.200000000000003,Implement / Fight
28.666666666666664,19.400000000000002,Implement / Fight
28.666666666666664,19.6,Implement / Fight
28.666666666666664,19.8,Implement / Fight
29.0,0.0,Implement / Fight
29.0,0.2,Implement / Fight
29.0,0.4,Implement / Fight
29.0,0.6000000000000001,Implement / Fight
29.0,0.8,Implement / Fight
29.0,1.0,Implement / Fight
29.0,1.2000000000000002,Implement / Fight
29.0,1.4000000000000001,Implement / Fight
29.0,1.6,Implement / Fight
29.0,1.8,Implement / Fight
29.0,2.0,Implement / Fight
29.0,2.2,Implement / Fight
29.0,2.4000000000000004,Implement / Fight
29.0,2.6,Implement / Fight
29.0,2.8000000000000003,Implement / Fight
29.0,3.0,Implement / Fight
29.0,3.2,Implement / Fight
29.0,3.4000000000000004,Implement / Fight
29.0,3.6,Implement / Fight
29.0,3.8000000000000003,Implement / Fight
29.0,4.0,Implement / Fight
29.0,4.2,Implement / Fight
29.0,4.4,Implement / Fight
29.0,4.6000000000000005,Implement / Fight
29.0,4.800000000000001,Implement / Fight
29.0,5.0,Implement / Fight
29.0,5.2,Implement / Fight
29.0,5.4,Implement / Fight
29.0,5.6000000000000005,Implement / Fight
29.0,5.800000000000001,Implement / Fight
29.0,6.0,Implement / Fight
29.0,6.2,Implement / Fight
29.0,6.4,Implement / Fight
29.0,6.6000000000000005,Implement / Fight
29.0,6.800000000000001,Implement / Fight
29.0,7.0,Implement / Fight
29.0,7.2,Implement / Fight
29.0,7.4,Implement / Fight
29.0,7.6000000000000005,Implement / Fight
29.0,7.800000000000001,Implement / Fight
29.0,8.0,Implement / Fight
29.0,8.200000000000001,Implement / Fight
29.0,8.4,Implement / Fight
29.0,8.6,Implement / Fight
29.0,8.8,Implement / Fight
29.0,9.0,Implement / Fight
29.0,9.200000000000001,Implement / Fight
29.0,9.4,Implement / Fight
29.0,9.600000000000001,Implement / Fight
29.0,9.8,Implement / Fight
29.0,10.0,Implement / Fight
29.0,10.200000000000001,Implement / Fight
29.0,10.4,Implement / Fight
29.0,10.600000000000001,Implement / Fight
29.0,10.8,Implement / Fight
29.0,11.0,Implement / Fight
29.0,11.200000000000001,Implement / Fight
29.0,11.4,Implement / Fight
29.0,11.600000000000001,Implement / Fight
29.0,11.8,Implement / Fight
29.0,12.0,Implement / Fight
29.0,12.200000000000001,Implement / Fight
29.0,12.4,Implement / Fight
29.0,12.600000000000001,Implement / Fight
29.0,12.8,Implement / Fight
29.0,13.0,Implement / Fight
29.0,13.200000000000001,Implement / Fight
29.0,13.4,Implement / Fight
29.0,13.600000000000001,Implement / Fight
29.0,13.8,Implement / Fight
29.0,14.0,Implement / Fight
29.0,14.200000000000001,Implement / Fight
29.0,14.4,Implement / Fight
29.0,14.600000000000001,Implement / Fight
29.0,14.8,Implement / Fight
29.0,15.0,Implement / Fight
29.0,15.200000000000001,Implement / Fight
29.0,15.4,Implement / Fight
29.0,15.600000000000001,Implement / Fight
29.0,15.8,Implement / Fight
29.0,16.0,Implement / Fight
29.0,16.2,Implement / Fight
29.0,16.400000000000002,Implement / Fight
29.0,16.6,Implement / Fight
29.0,16.8,Implement / Fight
29.0,17.0,Implement / Fight
29.0,17.2,Implement / Fight
29.0,17.400000000000002,Implement / Fight
29.0,17.6,Implement / Fight
29.0,17.8,Implement / Fight
29.0,18.0,Implement / Fight
29.0,18.2,Implement / Fight
29.0,18.400000000000002,Implement / Fight
29.0,18.6,Implement / Fight
29.0,18.8,Implement / Fight
29.0,19.0,Implement / Fight
29.0,19.200000000000003,Implement / Fight
29.0,19.400000000000002,Implement / Fight
29.0,19.6,Implement / Fight
29.0,19.8,Implement / Fight
29.333333333333332,0.0,Implement / Fight
29.333333333333332,0.2,Implement / Fight
29.333333333333332,0.4,Implement / Fight
29.333333333333332,0.6000000000000001,Implement / Fight
29.333333333333332,0.8,Implement / Fight
29.333333333333332,1.0,Implement / Fight
29.333333333333332,1.2000000000000002,Implement / Fight
29.333333333333332,1.4000000000000001,Implement / Fight
29.333333333333332,1.6,Implement / Fight
29.333333333333332,1.8,Implement / Fight
29.333333333333332,2.0,Implement / Fight
29.333333333333332,2.2,Implement / Fight
29.333333333333332,2.4000000000000004,Implement / Fight
29.333333333333332,2.6,Implement / Fight
29.333333333333332,2.8000000000000003,Implement / Fight
29.333333333333332,3.0,Implement / Fight
29.333333333333332,3.2,Implement / Fight
29.333333333333332,3.4000000000000004,Implement / Fight
29.333333333333332,3.6,Implement / Fight
29.333333333333332,3.8000000000000003,Implement / Fight
29.333333333333332,4.0,Implement / Fight
29.333333333333332,4.2,Implement / Fight
29.333333333333332,4.4,Implement / Fight
29.333333333333332,4.6000000000000005,Implement / Fight
29.333333333333332,4.800000000000001,Implement / Fight
29.333333333333332,5.0,Implement / Fight
29.333333333333332,5.2,Implement / Fight
29.333333333333332,5.4,Implement / Fight
29.333333333333332,5.6000000000000005,Implement / Fight
29.333333333333332,5.800000000000001,Implement / Fight
29.333333333333332,6.0,Implement / Fight
29.333333333333332,6.2,Implement / Fight
29.333333333333332,6.4,Implement / Fight
29.333333333333332,6.6000000000000005,Implement / Fight
29.333333333333332,6.800000000000001,Implement / Fight
29.333333333333332,7.0,Implement / Fight
29.333333333333332,7.2,Implement / Fight
29.333333333333332,7.4,Implement / Fight
29.333333333333332,7.6000000000000005,Implement / Fight
29.333333333333332,7.800000000000001,Implement / Fight
29.333333333333332,8.0,Implement / Fight
29.333333333333332,8.200000000000001,Implement / Fight
29.333333333333332,8.4,Implement / Fight
29.333333333333332,8.6,Implement / Fight
29.333333333333332,8.8,Implement / Fight
29.333333333333332,9.0,Implement / Fight
29.333333333333332,9.200000000000001,Implement / Fight
29.333333333333332,9.4,Implement / Fight
29.333333333333332,9.600000000000001,Implement / Fight
29.333333333333332,9.8,Implement / Fight
29.333333333333332,10.0,Implement / Fight
29.333333333333332,10.200000000000001,Implement / Fight
29.333333333333332,10.4,Implement / Fight
29.333333333333332,10.600000000000001,Implement / Fight
29.333333333333332,10.8,Implement / Fight
29.333333333333332,11.0,Implement / Fight
29.333333333333332,11.200000000000001,Implement / Fight
29.333333333333332,11.4,Implement / Fight
29.333333333333332,11.600000000000001,Implement / Fight
29.333333333333332,11.8,Implement / Fight
29.333333333333332,12.0,Implement / Fight
29.333333333333332,12.200000000000001,Implement / Fight
29.333333333333332,12.4,Implement / Fight
29.333333333333332,12.600000000000001,Implement / Fight
29.333333333333332,12.8,Implement / Fight
29.333333333333332,13.0,Implement / Fight
29.333333333333332,13.200000000000001,Implement / Fight
29.333333333333332,13.4,Implement / Fight
29.333333333333332,13.600000000000001,Implement / Fight
29.333333333333332,13.8,Implement / Fight
29.333333333333332,14.0,Implement / Fight
29.333333333333332,14.200000000000001,Implement / Fight
29.333333333333332,14.4,Implement / Fight
29.333333333333332,14.600000000000001,Implement / Fight
29.333333333333332,14.8,Implement / Fight
29.333333333333332,15.0,Implement / Fight
29.333333333333332,15.200000000000001,Implement / Fight
29.333333333333332,15.4,Implement / Fight
29.333333333333332,15.600000000000001,Implement / Fight
29.333333333333332,15.8,Implement / Fight
29.333333333333332,16.0,Implement / Fight
29.333333333333332,16.2,Implement / Fight
29.333333333333332,16.400000000000002,Implement / Fight
29.333333333333332,16.6,Implement / Fight
29.333333333333332,16.8,Implement / Fight
29.333333333333332,17.0,Implement / Fight
29.333333333333332,17.2,Implement / Fight
29.333333333333332,17.400000000000002,Implement / Fight
29.333333333333332,17.6,Implement / Fight
29.333333333333332,17.8,Implement / Fight
29.333333333333332,18.0,Implement / Fight
29.333333333333332,18.2,Implement / Fight
29.333333333333332,18.400000000000002,Implement / Fight
29.333333333333332,18.6,Implement / Fight
29.333333333333332,18.8,Implement / Fight
29.333333333333332,19.0,Implement / Fight
29.333333333333332,19.200000000000003,Implement / Fight
29.333333333333332,19.400000000000002,Implement / Fight
29.333333333333332,19.6,Implement / Fight
29.333333333333332,19.8,Implement / Fight
29.666666666666664,0.0,Implement / Fight
29.666666666666664,0.2,Implement / Fight
29.666666666666664,0.4,Implement / Fight
29.666666666666664,0.6000000000000001,Implement / Fight
29.666666666666664,0.8,Implement / Fight
29.666666666666664,1.0,Implement / Fight
29.666666666666664,1.2000000000000002,Implement / Fight
29.666666666666664,1.4000000000000001,Implement / Fight
29.666666666666664,1.6,Implement / Fight
29.666666666666664,1.8,Implement / Fight
29.666666666666664,2.0,Implement / Fight
29.666666666666664,2.2,Implement / Fight
29.666666666666664,2.4000000000000004,Implement / Fight
29.666666666666664,2.6,Implement / Fight
29.666666666666664,2.8000000000000003,Implement / Fight
29.666666666666664,3.0,Implement / Fight
29.666666666666664,3.2,Implement / Fight
29.666666666666664,3.4000000000000004,Implement / Fight
29.666666666666664,3.6,Implement / Fight
29.666666666666664,3.8000000000000003,Implement / Fight
29.666666666666664,4.0,Implement / Fight
29.666666666666664,4.2,Implement / Fight
29.666666666666664,4.4,Implement / Fight
29.666666666666664,4.6000000000000005,Implement / Fight
29.666666666666664,4.800000000000001,Implement / Fight
29.666666666666664,5.0,Implement / Fight
29.666666666666664,5.2,Implement / Fight
29.666666666666664,5.4,Implement / Fight
29.666666666666664,5.6000000000000005,Implement / Fight
29.666666666666664,5.800000000000001,Implement / Fight
29.666666666666664,6.0,Implement / Fight
29.666666666666664,6.2,Implement / Fight
29.666666666666664,6.4,Implement / Fight
29.666666666666664,6.6000000000000005,Implement / Fight
29.666666666666664,6.800000000000001,Implement / Fight
29.666666666666664,7.0,Implement / Fight
29.666666666666664,7.2,Implement / Fight
29.666666666666664,7.4,Implement / Fight
29.666666666666664,7.6000000000000005,Implement / Fight
29.666666666666664,7.800000000000001,Implement / Fight
29.666666666666664,8.0,Implement / Fight
29.666666666666664,8.200000000000001,Implement / Fight
29.666666666666664,8.4,Implement / Fight
29.666666666666664,8.6,Implement / Fight
29.666666666666664,8.8,Implement / Fight
29.666666666666664,9.0,Implement / Fight
29.666666666666664,9.200000000000001,Implement / Fight
29.666666666666664,9.4,Implement / Fight
29.666666666666664,9.600000000000001,Implement / Fight
29.666666666666664,9.8,Implement / Fight
29.666666666666664,10.0,Implement / Fight
29.666666666666664,10.200000000000001,Implement / Fight
29.666666666666664,10.4,Implement / Fight
29.666666666666664,10.600000000000001,Implement / Fight
29.666666666666664,10.8,Implement / Fight
29.666666666666664,11.0,Implement / Fight
29.666666666666664,11.200000000000001,Implement / Fight
29.666666666666664,11.4,Implement / Fight
29.666666666666664,11.600000000000001,Implement / Fight
29.666666666666664,11.8,Implement / Fight
29.666666666666664,12.0,Implement / Fight
29.666666666666664,12.200000000000001,Implement / Fight
29.666666666666664,12.4,Implement / Fight
29.666666666666664,12.600000000000001,Implement / Fight
29.666666666666664,12.8,Implement / Fight
29.666666666666664,13.0,Implement / Fight
29.666666666666664,13.200000000000001,Implement / Fight
29.666666666666664,13.4,Implement / Fight
29.666666666666664,13.600000000000001,Implement / Fight
29.666666666666664,13.8,Implement / Fight
29.666666666666664,14.0,Implement / Fight
29.666666666666664,14.200000000000001,Implement / Fight
29.666666666666664,14.4,Implement / Fight
29.666666666666664,14.600000000000001,Implement / Fight
29.666666666666664,14.8,Implement / Fight
29.666666666666664,15.0,Implement / Fight
29.666666666666664,15.200000000000001,Implement / Fight
29.666666666666664,15.4,Implement / Fight
29.666666666666664,15.600000000000001,Implement / Fight
29.666666666666664,15.8,Implement / Fight
29.666666666666664,16.0,Implement / Fight
29.666666666666664,16.2,Implement / Fight
29.666666666666664,16.400000000000002,Implement / Fight
29.666666666666664,16.6,Implement / Fight
29.666666666666664,16.8,Implement / Fight
29.666666666666664,17.0,Implement / Fight
29.666666666666664,17.2,Implement / Fight
29.666666666666664,17.400000000000002,Implement / Fight
29.666666666666664,17.6,Implement / Fight
29.666666666666664,17.8,Implement / Fight
29.666666666666664,18.0,Implement / Fight
29.666666666666664,18.2,Implement / Fight
29.666666666666664,18.400000000000002,Implement / Fight
29.666666666666664,18.6,Implement / Fight
29.666666666666664,18.8,Implement / Fight
29.666666666666664,19.0,Implement / Fight
29.666666666666664,19.200000000000003,Implement / Fight
29.666666666666664,19.400000000000002,Implement / Fight
29.666666666666664,19.6,Implement / Fight
29.666666666666664,19.8,Implement / Fight
30.0,0.0,Implement / Fight
30.0,0.2,Implement / Fight
30.0,0.4,Implement / Fight
30.0,0.6000000000000001,Implement / Fight
30.0,0.8,Implement / Fight
30.0,1.0,Implement / Fight
30.0,1.2000000000000002,Implement / Fight
30.0,1.4000000000000001,Implement / Fight
30.0,1.6,Implement / Fight
30.0,1.8,Implement / Fight
30.0,2.0,Implement / Fight
30.0,2.2,Implement / Fight
30.0,2.4000000000000004,Implement / Fight
30.0,2.6,Implement / Fight
30.0,2.8000000000000003,Implement / Fight
30.0,3.0,Implement / Fight
30.0,3.2,Implement / Fight
30.0,3.4000000000000004,Implement / Fight
30.0,3.6,Implement / Fight
30.0,3.8000000000000003,Implement / Fight
30.0,4.0,Implement / Fight
30.0,4.2,Implement / Fight
30.0,4.4,Implement / Fight
30.0,4.6000000000000005,Implement / Fight
30.0,4.800000000000001,Implement / Fight
30.0,5.0,Implement / Fight
30.0,5.2,Implement / Fight
30.0,5.4,Implement / Fight
30.0,5.6000000000000005,Implement / Fight
30.0,5.800000000000001,Implement / Fight
30.0,6.0,Implement / Fight
30.0,6.2,Implement / Fight
30.0,6.4,Implement / Fight
30.0,6.6000000000000005,Implement / Fight
30.0,6.800000000000001,Implement / Fight
30.0,7.0,Implement / Fight
30.0,7.2,Implement / Fight
30.0,7.4,Implement / Fight
30.0,7.6000000000000005,Implement / Fight
30.0,7.800000000000001,Implement / Fight
30.0,8.0,Implement / Fight
30.0,8.200000000000001,Implement / Fight
30.0,8.4,Implement / Fight
30.0,8.6,Implement / Fight
30.0,8.8,Implement / Fight
30.0,9.0,Implement / Fight
30.0,9.200000000000001,Implement / Fight
30.0,9.4,Implement / Fight
30.0,9.600000000000001,Implement / Fight
30.0,9.8,Implement / Fight
30.0,10.0,Implement / Fight
30.0,10.200000000000001,Implement / Fight
30.0,10.4,Implement / Fight
30.0,10.600000000000001,Implement / Fight
30.0,10.8,Implement / Fight
30.0,11.0,Implement / Fight
30.0,11.200000000000001,Implement / Fight
30.0,11.4,Implement / Fight
30.0,11.600000000000001,Implement / Fight
30.0,11.8,Implement / Fight
30.0,12.0,Implement / Fight
30.0,12.200000000000001,Implement / Fight
30.0,12.4,Implement / Fight
30.0,12.600000000000001,Implement / Fight
30.0,12.8,Implement / Fight
30.0,13.0,Implement / Fight
30.0,13.200000000000001,Implement / Fight
30.0,13.4,Implement / Fight
30.0,13.600000000000001,Implement / Fight
30.0,13.8,Implement / Fight
30.0,14.0,Implement / Fight
30.0,14.200000000000001,Implement / Fight
30.0,14.4,Implement / Fight
30.0,14.600000000000001,Implement / Fight
30.0,14.8,Implement / Fight
30.0,15.0,Implement / Fight
30.0,15.200000000000001,Implement / Fight
30.0,15.4,Implement / Fight
30.0,15.600000000000001,Implement / Fight
30.0,15.8,Implement / Fight
30.0,16.0,Implement / Fight
30.0,16.2,Implement / Fight
30.0,16.400000000000002,Implement / Fight
30.0,16.6,Implement / Fight
30.0,16.8,Implement / Fight
30.0,17.0,Implement / Fight
30.0,17.2,Implement / Fight
30.0,17.400000000000002,Implement / Fight
30.0,17.6,Implement / Fight
30.0,17.8,Implement / Fight
30.0,18.0,Implement / Fight
30.0,18.2,Implement / Fight
30.0,18.400000000000002,Implement / Fight
30.0,18.6,Implement / Fight
30.0,18.8,Implement / Fight
30.0,19.0,Implement / Fight
30.0,19.200000000000003,Implement / Fight
30.0,19.400000000000002,Implement / Fight
30.0,19.6,Implement / Fight
30.0,19.8,Implement / Fight
30.333333333333332,0.0,Implement / Fight
30.333333333333332,0.2,Implement / Fight
30.333333333333332,0.4,Implement / Fight
30.333333333333332,0.6000000000000001,Implement / Fight
30.333333333333332,0.8,Implement / Fight
30.333333333333332,1.0,Implement / Fight
30.333333333333332,1.2000000000000002,Implement / Fight
30.333333333333332,1.4000000000000001,Implement / Fight
30.333333333333332,1.6,Implement / Fight
30.333333333333332,1.8,Implement / Fight
30.333333333333332,2.0,Implement / Fight
30.333333333333332,2.2,Implement / Fight
30.333333333333332,2.4000000000000004,Implement / Fight
30.333333333333332,2.6,Implement / Fight
30.333333333333332,2.8000000000000003,Implement / Fight
30.333333333333332,3.0,Implement / Fight
30.333333333333332,3.2,Implement / Fight
30.333333333333332,3.4000000000000004,Implement / Fight
30.333333333333332,3.6,Implement / Fight
30.333333333333332,3.8000000000000003,Implement / Fight
30.333333333333332,4.0,Implement / Fight
30.333333333333332,4.2,Implement / Fight
30.333333333333332,4.4,Implement / Fight
30.333333333333332,4.6000000000000005,Implement / Fight
30.333333333333332,4.800000000000001,Implement / Fight
30.333333333333332,5.0,Implement / Fight
30.333333333333332,5.2,Implement / Fight
30.333333333333332,5.4,Implement / Fight
30.333333333333332,5.6000000000000005,Implement / Fight
30.333333333333332,5.800000000000001,Implement / Fight
30.333333333333332,6.0,Implement / Fight
30.333333333333332,6.2,Implement / Fight
30.333333333333332,6.4,Implement / Fight
30.333333333333332,6.6000000000000005,Implement / Fight
30.333333333333332,6.800000000000001,Implement / Fight
30.333333333333332,7.0,Implement / Fight
30.333333333333332,7.2,Implement / Fight
30.333333333333332,7.4,Implement / Fight
30.333333333333332,7.6000000000000005,Implement / Fight
30.333333333333332,7.800000000000001,Implement / Fight
30.333333333333332,8.0,Implement / Fight
30.333333333333332,8.200000000000001,Implement / Fight
30.333333333333332,8.4,Implement / Fight
30.333333333333332,8.6,Implement / Fight
30.333333333333332,8.8,Implement / Fight
30.333333333333332,9.0,Implement / Fight
30.333333333333332,9.200000000000001,Implement / Fight
30.333333333333332,9.4,Implement / Fight
30.333333333333332,9.600000000000001,Implement / Fight
30.333333333333332,9.8,Implement / Fight
30.333333333333332,10.0,Implement / Fight
30.333333333333332,10.200000000000001,Implement / Fight
30.333333333333332,10.4,Implement / Fight
30.333333333333332,10.600000000000001,Implement / Fight
30.333333333333332,10.8,Implement / Fight
30.333333333333332,11.0,Implement / Fight
30.333333333333332,11.200000000000001,Implement / Fight
30.333333333333332,11.4,Implement / Fight
30.333333333333332,11.600000000000001,Implement / Fight
30.333333333333332,11.8,Implement / Fight
30.333333333333332,12.0,Implement / Fight
30.333333333333332,12.200000000000001,Implement / Fight
30.333333333333332,12.4,Implement / Fight
30.333333333333332,12.600000000000001,Implement / Fight
30.333333333333332,12.8,Implement / Fight
30.333333333333332,13.0,Implement / Fight
30.333333333333332,13.200000000000001,Implement / Fight
30.333333333333332,13.4,Implement / Fight
30.333333333333332,13.600000000000001,Implement / Fight
30.333333333333332,13.8,Implement / Fight
30.333333333333332,14.0,Implement / Fight
30.333333333333332,14.200000000000001,Implement / Fight
30.333333333333332,14.4,Implement / Fight
30.333333333333332,14.600000000000001,Implement / Fight
30.333333333333332,14.8,Implement / Fight
30.333333333333332,15.0,Implement / Fight
30.333333333333332,15.200000000000001,Implement / Fight
30.333333333333332,15.4,Implement / Fight
30.333333333333332,15.600000000000001,Implement / Fight
30.333333333333332,15.8,Implement / Fight
30.333333333333332,16.0,Implement / Fight
30.333333333333332,16.2,Implement / Fight
30.333333333333332,16.400000000000002,Implement / Fight
30.333333333333332,16.6,Implement / Fight
30.333333333333332,16.8,Implement / Fight
30.333333333333332,17.0,Implement / Fight
30.333333333333332,17.2,Implement / Fight
30.333333333333332,17.400000000000002,Implement / Fight
30.333333333333332,17.6,Implement / Fight
30.333333333333332,17.8,Implement / Fight
30.333333333333332,18.0,Implement / Fight
30.333333333333332,18.2,Implement / Fight
30.333333333333332,18.400000000000002,Implement / Fight
30.333333333333332,18.6,Implement / Fight
30.333333333333332,18.8,Implement / Fight
30.333333333333332,19.0,Implement / Fight
30.333333333333332,19.200000000000003,Implement / Fight
30.333333333333332,19.400000000000002,Implement / Fight
30.333333333333332,19.6,Implement / Fight
30.333333333333332,19.8,Implement / Fight
30.666666666666664,0.0,Implement / Fight
30.666666666666664,0.2,Implement / Fight
30.666666666666664,0.4,Implement / Fight
30.666666666666664,0.6000000000000001,Implement / Fight
30.666666666666664,0.8,Implement / Fight
30.666666666666664,1.0,Implement / Fight
30.666666666666664,1.2000000000000002,Implement / Fight
30.666666666666664,1.4000000000000001,Implement / Fight
30.666666666666664,1.6,Implement / Fight
30.666666666666664,1.8,Implement / Fight
30.666666666666664,2.0,Implement / Fight
30.666666666666664,2.2,Implement / Fight
30.666666666666664,2.4000000000000004,Implement / Fight
30.666666666666664,2.6,Implement / Fight
30.666666666666664,2.8000000000000003,Implement / Fight
30.666666666666664,3.0,Implement / Fight
30.666666666666664,3.2,Implement / Fight
30.666666666666664,3.4000000000000004,Implement / Fight
30.666666666666664,3.6,Implement / Fight
30.666666666666664,3.8000000000000003,Implement / Fight
30.666666666666664,4.0,Implement / Fight
30.666666666666664,4.2,Implement / Fight
30.666666666666664,4.4,Implement / Fight
30.666666666666664,4.6000000000000005,Implement / Fight
30.666666666666664,4.800000000000001,Implement / Fight
30.666666666666664,5.0,Implement / Fight
30.666666666666664,5.2,Implement / Fight
30.666666666666664,5.4,Implement / Fight
30.666666666666664,5.6000000000000005,Implement / Fight
30.666666666666664,5.800000000000001,Implement / Fight
30.666666666666664,6.0,Implement / Fight
30.666666666666664,6.2,Implement / Fight
30.666666666666664,6.4,Implement / Fight
30.666666666666664,6.6000000000000005,Implement / Fight
30.666666666666664,6.800000000000001,Implement / Fight
30.666666666666664,7.0,Implement / Fight
30.666666666666664,7.2,Implement / Fight
30.666666666666664,7.4,Implement / Fight
30.666666666666664,7.6000000000000005,Implement / Fight
30.666666666666664,7.800000000000001,Implement / Fight
30.666666666666664,8.0,Implement / Fight
30.666666666666664,8.200000000000001,Implement / Fight
30.666666666666664,8.4,Implement / Fight
30.666666666666664,8.6,Implement / Fight
30.666666666666664,8.8,Implement / Fight
30.666666666666664,9.0,Implement / Fight
30.666666666666664,9.200000000000001,Implement / Fight
30.666666666666664,9.4,Implement / Fight
30.666666666666664,9.600000000000001,Implement / Fight
30.666666666666664,9.8,Implement / Fight
30.666666666666664,10.0,Implement / Fight
30.666666666666664,10.200000000000001,Implement / Fight
30.666666666666664,10.4,Implement / Fight
30.666666666666664,10.600000000000001,Implement / Fight
30.666666666666664,10.8,Implement / Fight
30.666666666666664,11.0,Implement / Fight
30.666666666666664,11.200000000000001,Implement / Fight
30.666666666666664,11.4,Implement / Fight
30.666666666666664,11.600000000000001,Implement / Fight
30.666666666666664,11.8,Implement / Fight
30.666666666666664,12.0,Implement / Fight
30.666666666666664,12.200000000000001,Implement / Fight
30.666666666666664,12.4,Implement / Fight
30.666666666666664,12.600000000000001,Implement / Fight
30.666666666666664,12.8,Implement / Fight
30.666666666666664,13.0,Implement / Fight
30.666666666666664,13.200000000000001,Implement / Fight
30.666666666666664,13.4,Implement / Fight
30.666666666666664,13.600000000000001,Implement / Fight
30.666666666666664,13.8,Implement / Fight
30.666666666666664,14.0,Implement / Fight
30.666666666666664,14.200000000000001,Implement / Fight
30.666666666666664,14.4,Implement / Fight
30.666666666666664,14.600000000000001,Implement / Fight
30.666666666666664,14.8,Implement / Fight
30.666666666666664,15.0,Implement / Fight
30.666666666666664,15.200000000000001,Implement / Fight
30.666666666666664,15.4,Implement / Fight
30.666666666666664,15.600000000000001,Implement / Fight
30.666666666666664,15.8,Implement / Fight
30.666666666666664,16.0,Implement / Fight
30.666666666666664,16.2,Implement / Fight
30.666666666666664,16.400000000000002,Implement / Fight
30.666666666666664,16.6,Implement / Fight
30.666666666666664,16.8,Implement / Fight
30.666666666666664,17.0,Implement / Fight
30.666666666666664,17.2,Implement / Fight
30.666666666666664,17.400000000000002,Implement / Fight
30.666666666666664,17.6,Implement / Fight
30.666666666666664,17.8,Implement / Fight
30.666666666666664,18.0,Implement / Fight
30.666666666666664,18.2,Implement / Fight
30.666666666666664,18.400000000000002,Implement / Fight
30.666666666666664,18.6,Implement / Fight
30.666666666666664,18.8,Implement / Fight
30.666666666666664,19.0,Implement / Fight
30.666666666666664,19.200000000000003,Implement / Fight
30.666666666666664,19.400000000000002,Implement / Fight
30.666666666666664,19.6,Implement / Fight
30.666666666666664,19.8,Implement / Fight
31.0,0.0,Implement / Fight
31.0,0.2,Implement / Fight
31.0,0.4,Implement / Fight
31.0,0.6000000000000001,Implement / Fight
31.0,0.8,Implement / Fight
31.0,1.0,Implement / Fight
31.0,1.2000000000000002,Implement / Fight
31.0,1.4000000000000001,Implement / Fight
31.0,1.6,Implement / Fight
31.0,1.8,Implement / Fight
31.0,2.0,Implement / Fight
31.0,2.2,Implement / Fight
31.0,2.4000000000000004,Implement / Fight
31.0,2.6,Implement / Fight
31.0,2.8000000000000003,Implement / Fight
31.0,3.0,Implement / Fight
31.0,3.2,Implement / Fight
31.0,3.4000000000000004,Implement / Fight
31.0,3.6,Implement / Fight
31.0,3.8000000000000003,Implement / Fight
31.0,4.0,Implement / Fight
31.0,4.2,Implement / Fight
31.0,4.4,Implement / Fight
31.0,4.6000000000000005,Implement / Fight
31.0,4.800000000000001,Implement / Fight
31.0,5.0,Implement / Fight
31.0,5.2,Implement / Fight
31.0,5.4,Implement / Fight
31.0,5.6000000000000005,Implement / Fight
31.0,5.800000000000001,Implement / Fight
31.0,6.0,Implement / Fight
31.0,6.2,Implement / Fight
31.0,6.4,Implement / Fight
31.0,6.6000000000000005,Implement / Fight
31.0,6.800000000000001,Implement / Fight
31.0,7.0,Implement / Fight
31.0,7.2,Implement / Fight
31.0,7.4,Implement / Fight
31.0,7.6000000000000005,Implement / Fight
31.0,7.800000000000001,Implement / Fight
31.0,8.0,Implement / Fight
31.0,8.200000000000001,Implement / Fight
31.0,8.4,Implement / Fight
31.0,8.6,Implement / Fight
31.0,8.8,Implement / Fight
31.0,9.0,Implement / Fight
31.0,9.200000000000001,Implement / Fight
31.0,9.4,Implement / Fight
31.0,9.600000000000001,Implement / Fight
31.0,9.8,Implement / Fight
31.0,10.0,Implement / Fight
31.0,10.200000000000001,Implement / Fight
31.0,10.4,Implement / Fight
31.0,10.600000000000001,Implement / Fight
31.0,10.8,Implement / Fight
31.0,11.0,Implement / Fight
31.0,11.200000000000001,Implement / Fight
31.0,11.4,Implement / Fight
31.0,11.600000000000001,Implement / Fight
31.0,11.8,Implement / Fight
31.0,12.0,Implement / Fight
31.0,12.200000000000001,Implement / Fight
31.0,12.4,Implement / Fight
31.0,12.600000000000001,Implement / Fight
31.0,12.8,Implement / Fight
31.0,13.0,Implement / Fight
31.0,13.200000000000001,Implement / Fight
31.0,13.4,Implement / Fight
31.0,13.600000000000001,Implement / Fight
31.0,13.8,Implement / Fight
31.0,14.0,Implement / Fight
31.0,14.200000000000001,Implement / Fight
31.0,14.4,Implement / Fight
31.0,14.600000000000001,Implement / Fight
31.0,14.8,Implement / Fight
31.0,15.0,Implement / Fight
31.0,15.200000000000001,Implement / Fight
31.0,15.4,Implement / Fight
31.0,15.600000000000001,Implement / Fight
31.0,15.8,Implement / Fight
31.0,16.0,Implement / Fight
31.0,16.2,Implement / Fight
31.0,16.400000000000002,Implement / Fight
31.0,16.6,Implement / Fight
31.0,16.8,Implement / Fight
31.0,17.0,Implement / Fight
31.0,17.2,Implement / Fight
31.0,17.400000000000002,Implement / Fight
31.0,17.6,Implement / Fight
31.0,17.8,Implement / Fight
31.0,18.0,Implement / Fight
31.0,18.2,Implement / Fight
31.0,18.400000000000002,Implement / Fight
31.0,18.6,Implement / Fight
31.0,18.8,Implement / Fight
31.0,19.0,Implement / Fight
31.0,19.200000000000003,Implement / Fight
31.0,19.400000000000002,Implement / Fight
31.0,19.6,Implement / Fight
31.0,19.8,Implement / Fight
31.333333333333332,0.0,Implement / Fight
31.333333333333332,0.2,Implement / Fight
31.333333333333332,0.4,Implement / Fight
31.333333333333332,0.6000000000000001,Implement / Fight
31.333333333333332,0.8,Implement / Fight
31.333333333333332,1.0,Implement / Fight
31.333333333333332,1.2000000000000002,Implement / Fight
31.333333333333332,1.4000000000000001,Implement / Fight
31.333333333333332,1.6,Implement / Fight
31.333333333333332,1.8,Implement / Fight
31.333333333333332,2.0,Implement / Fight
31.333333333333332,2.2,Implement / Fight
31.333333333333332,2.4000000000000004,Implement / Fight
31.333333333333332,2.6,Implement / Fight
31.333333333333332,2.8000000000000003,Implement / Fight
31.333333333333332,3.0,Implement / Fight
31.333333333333332,3.2,Implement / Fight
31.333333333333332,3.4000000000000004,Implement / Fight
31.333333333333332,3.6,Implement / Fight
31.333333333333332,3.8000000000000003,Implement / Fight
31.333333333333332,4.0,Implement / Fight
31.333333333333332,4.2,Implement / Fight
31.333333333333332,4.4,Implement / Fight
31.333333333333332,4.6000000000000005,Implement / Fight
31.333333333333332,4.800000000000001,Implement / Fight
31.333333333333332,5.0,Implement / Fight
31.333333333333332,5.2,Implement / Fight
31.333333333333332,5.4,Implement / Fight
31.333333333333332,5.6000000000000005,Implement / Fight
31.333333333333332,5.800000000000001,Implement / Fight
31.333333333333332,6.0,Implement / Fight
31.333333333333332,6.2,Implement / Fight
31.333333333333332,6.4,Implement / Fight
31.333333333333332,6.6000000000000005,Implement / Fight
31.333333333333332,6.800000000000001,Implement / Fight
31.333333333333332,7.0,Implement / Fight
31.333333333333332,7.2,Implement / Fight
31.333333333333332,7.4,Implement / Fight
31.333333333333332,7.6000000000000005,Implement / Fight
31.333333333333332,7.800000000000001,Implement / Fight
31.333333333333332,8.0,Implement / Fight
31.333333333333332,8.200000000000001,Implement / Fight
31.333333333333332,8.4,Implement / Fight
31.333333333333332,8.6,Implement / Fight
31.333333333333332,8.8,Implement / Fight
31.333333333333332,9.0,Implement / Fight
31.333333333333332,9.200000000000001,Implement / Fight
31.333333333333332,9.4,Implement / Fight
31.333333333333332,9.600000000000001,Implement / Fight
31.333333333333332,9.8,Implement / Fight
31.333333333333332,10.0,Implement / Fight
31.333333333333332,10.200000000000001,Implement / Fight
31.333333333333332,10.4,Implement / Fight
31.333333333333332,10.600000000000001,Implement / Fight
31.333333333333332,10.8,Implement / Fight
31.333333333333332,11.0,Implement / Fight
31.333333333333332,11.200000000000001,Implement / Fight
31.333333333333332,11.4,Implement / Fight
31.333333333333332,11.600000000000001,Implement / Fight
31.333333333333332,11.8,Implement / Fight
31.333333333333332,12.0,Implement / Fight
31.333333333333332,12.200000000000001,Implement / Fight
31.333333333333332,12.4,Implement / Fight
31.333333333333332,12.600000000000001,Implement / Fight
31.333333333333332,12.8,Implement / Fight
31.333333333333332,13.0,Implement / Fight
31.333333333333332,13.200000000000001,Implement / Fight
31.333333333333332,13.4,Implement / Fight
31.333333333333332,13.600000000000001,Implement / Fight
31.333333333333332,13.8,Implement / Fight
31.333333333333332,14.0,Implement / Fight
31.333333333333332,14.200000000000001,Implement / Fight
31.333333333333332,14.4,Implement / Fight
31.333333333333332,14.600000000000001,Implement / Fight
31.333333333333332,14.8,Implement / Fight
31.333333333333332,15.0,Implement / Fight
31.333333333333332,15.200000000000001,Implement / Fight
31.333333333333332,15.4,Implement / Fight
31.333333333333332,15.600000000000001,Implement / Fight
31.333333333333332,15.8,Implement / Fight
31.333333333333332,16.0,Implement / Fight
31.333333333333332,16.2,Implement / Fight
31.333333333333332,16.400000000000002,Implement / Fight
31.333333333333332,16.6,Implement / Fight
31.333333333333332,16.8,Implement / Fight
31.333333333333332,17.0,Implement / Fight
31.333333333333332,17.2,Implement / Fight
31.333333333333332,17.400000000000002,Implement / Fight
31.333333333333332,17.6,Implement / Fight
31.333333333333332,17.8,Implement / Fight
31.333333333333332,18.0,Implement / Fight
31.333333333333332,18.2,Implement / Fight
31.333333333333332,18.400000000000002,Implement / Fight
31.333333333333332,18.6,Implement / Fight
31.333333333333332,18.8,Implement / Fight
31.333333333333332,19.0,Implement / Fight
31.333333333333332,19.200000000000003,Implement / Fight
31.333333333333332,19.400000000000002,Implement / Fight
31.333333333333332,19.6,Implement / Fight
31.333333333333332,19.8,Implement / Fight
31.666666666666664,0.0,Implement / Fight
31.666666666666664,0.2,Implement / Fight
31.666666666666664,0.4,Implement / Fight
31.666666666666664,0.6000000000000001,Implement / Fight
31.666666666666664,0.8,Implement / Fight
31.666666666666664,1.0,Implement / Fight
31.666666666666664,1.2000000000000002,Implement / Fight
31.666666666666664,1.4000000000000001,Implement / Fight
31.666666666666664,1.6,Implement / Fight
31.666666666666664,1.8,Implement / Fight
31.666666666666664,2.0,Implement / Fight
31.666666666666664,2.2,Implement / Fight
31.666666666666664,2.4000000000000004,Implement / Fight
31.666666666666664,2.6,Implement / Fight
31.666666666666664,2.8000000000000003,Implement / Fight
31.666666666666664,3.0,Implement / Fight
31.666666666666664,3.2,Implement / Fight
31.666666666666664,3.4000000000000004,Implement / Fight
31.666666666666664,3.6,Implement / Fight
31.666666666666664,3.8000000000000003,Implement / Fight
31.666666666666664,4.0,Implement / Fight
31.666666666666664,4.2,Implement / Fight
31.666666666666664,4.4,Implement / Fight
31.666666666666664,4.6000000000000005,Implement / Fight
31.666666666666664,4.800000000000001,Implement / Fight
31.666666666666664,5.0,Implement / Fight
31.666666666666664,5.2,Implement / Fight
31.666666666666664,5.4,Implement / Fight
31.666666666666664,5.6000000000000005,Implement / Fight
31.666666666666664,5.800000000000001,Implement / Fight
31.666666666666664,6.0,Implement / Fight
31.666666666666664,6.2,Implement / Fight
31.666666666666664,6.4,Implement / Fight
31.666666666666664,6.6000000000000005,Implement / Fight
31.666666666666664,6.800000000000001,Implement / Fight
31.666666666666664,7.0,Implement / Fight
31.666666666666664,7.2,Implement / Fight
31.666666666666664,7.4,Implement / Fight
31.666666666666664,7.6000000000000005,Implement / Fight
31.666666666666664,7.800000000000001,Implement / Fight
31.666666666666664,8.0,Implement / Fight
31.666666666666664,8.200000000000001,Implement / Fight
31.666666666666664,8.4,Implement / Fight
31.666666666666664,8.6,Implement / Fight
31.666666666666664,8.8,Implement / Fight
31.666666666666664,9.0,Implement / Fight
31.666666666666664,9.200000000000001,Implement / Fight
31.666666666666664,9.4,Implement / Fight
31.666666666666664,9.600000000000001,Implement / Fight
31.666666666666664,9.8,Implement / Fight
31.666666666666664,10.0,Implement / Fight
31.666666666666664,10.200000000000001,Implement / Fight
31.666666666666664,10.4,Implement / Fight
31.666666666666664,10.600000000000001,Implement / Fight
31.666666666666664,10.8,Implement / Fight
31.666666666666664,11.0,Implement / Fight
31.666666666666664,11.200000000000001,Implement / Fight
31.666666666666664,11.4,Implement / Fight
31.666666666666664,11.600000000000001,Implement / Fight
31.666666666666664,11.8,Implement / Fight
31.666666666666664,12.0,Implement / Fight
31.666666666666664,12.200000000000001,Implement / Fight
31.666666666666664,12.4,Implement / Fight
31.666666666666664,12.600000000000001,Implement / Fight
31.666666666666664,12.8,Implement / Fight
31.666666666666664,13.0,Implement / Fight
31.666666666666664,13.200000000000001,Implement / Fight
31.666666666666664,13.4,Implement / Fight
31.666666666666664,13.600000000000001,Implement / Fight
31.666666666666664,13.8,Implement / Fight
31.666666666666664,14.0,Implement / Fight
31.666666666666664,14.200000000000001,Implement / Fight
31.666666666666664,14.4,Implement / Fight
31.666666666666664,14.600000000000001,Implement / Fight
31.666666666666664,14.8,Implement / Fight
31.666666666666664,15.0,Implement / Fight
31.666666666666664,15.200000000000001,Implement / Fight
31.666666666666664,15.4,Implement / Fight
31.666666666666664,15.600000000000001,Implement / Fight
31.666666666666664,15.8,Implement / Fight
31.666666666666664,16.0,Implement / Fight
31.666666666666664,16.2,Implement / Fight
31.666666666666664,16.400000000000002,Implement / Fight
31.666666666666664,16.6,Implement / Fight
31.666666666666664,16.8,Implement / Fight
31.666666666666664,17.0,Implement / Fight
31.666666666666664,17.2,Implement / Fight
31.666666666666664,17.400000000000002,Implement / Fight
31.666666666666664,17.6,Implement / Fight
31.666666666666664,17.8,Implement / Fight
31.666666666666664,18.0,Implement / Fight
31.666666666666664,18.2,Implement / Fight
31.666666666666664,18.400000000000002,Implement / Fight
31.666666666666664,18.6,Implement / Fight
31.666666666666664,18.8,Implement / Fight
31.666666666666664,19.0,Implement / Fight
31.666666666666664,19.200000000000003,Implement / Fight
31.666666666666664,19.400000000000002,Implement / Fight
31.666666666666664,19.6,Implement / Fight
31.666666666666664,19.8,Implement / Fight
32.0,0.0,Implement / Fight
32.0,0.2,Implement / Fight
32.0,0.4,Implement / Fight
32.0,0.6000000000000001,Implement / Fight
32.0,0.8,Implement / Fight
32.0,1.0,Implement / Fight
32.0,1.2000000000000002,Implement / Fight
32.0,1.4000000000000001,Implement / Fight
32.0,1.6,Implement / Fight
32.0,1.8,Implement / Fight
32.0,2.0,Implement / Fight
32.0,2.2,Implement / Fight
32.0,2.4000000000000004,Implement / Fight
32.0,2.6,Implement / Fight
32.0,2.8000000000000003,Implement / Fight
32.0,3.0,Implement / Fight
32.0,3.2,Implement / Fight
32.0,3.4000000000000004,Implement / Fight
32.0,3.6,Implement / Fight
32.0,3.8000000000000003,Implement / Fight
32.0,4.0,Implement / Fight
32.0,4.2,Implement / Fight
32.0,4.4,Implement / Fight
32.0,4.6000000000000005,Implement / Fight
32.0,4.800000000000001,Implement / Fight
32.0,5.0,Implement / Fight
32.0,5.2,Implement / Fight
32.0,5.4,Implement / Fight
32.0,5.6000000000000005,Implement / Fight
32.0,5.800000000000001,Implement / Fight
32.0,6.0,Implement / Fight
32.0,6.2,Implement / Fight
32.0,6.4,Implement / Fight
32.0,6.6000000000000005,Implement / Fight
32.0,6.800000000000001,Implement / Fight
32.0,7.0,Implement / Fight
32.0,7.2,Implement / Fight
32.0,7.4,Implement / Fight
32.0,7.6000000000000005,Implement / Fight
32.0,7.800000000000001,Implement / Fight
32.0,8.0,Implement / Fight
32.0,8.200000000000001,Implement / Fight
32.0,8.4,Implement / Fight
32.0,8.6,Implement / Fight
32.0,8.8,Implement / Fight
32.0,9.0,Implement / Fight
32.0,9.200000000000001,Implement / Fight
32.0,9.4,Implement / Fight
32.0,9.600000000000001,Implement / Fight
32.0,9.8,Implement / Fight
32.0,10.0,Implement / Fight
32.0,10.200000000000001,Implement / Fight
32.0,10.4,Implement / Fight
32.0,10.600000000000001,Implement / Fight
32.0,10.8,Implement / Fight
32.0,11.0,Implement / Fight
32.0,11.200000000000001,Implement / Fight
32.0,11.4,Implement / Fight
32.0,11.600000000000001,Implement / Fight
32.0,11.8,Implement / Fight
32.0,12.0,Implement / Fight
32.0,12.200000000000001,Implement / Fight
32.0,12.4,Implement / Fight
32.0,12.600000000000001,Implement / Fight
32.0,12.8,Implement / Fight
32.0,13.0,Implement / Fight
32.0,13.200000000000001,Implement / Fight
32.0,13.4,Implement / Fight
32.0,13.600000000000001,Implement / Fight
32.0,13.8,Implement / Fight
32.0,14.0,Implement / Fight
32.0,14.200000000000001,Implement / Fight
32.0,14.4,Implement / Fight
32.0,14.600000000000001,Implement / Fight
32.0,14.8,Implement / Fight
32.0,15.0,Implement / Fight
32.0,15.200000000000001,Implement / Fight
32.0,15.4,Implement / Fight
32.0,15.600000000000001,Implement / Fight
32.0,15.8,Implement / Fight
32.0,16.0,Implement / Fight
32.0,16.2,Implement / Fight
32.0,16.400000000000002,Implement / Fight
32.0,16.6,Implement / Fight
32.0,16.8,Implement / Fight
32.0,17.0,Implement / Fight
32.0,17.2,Implement / Fight
32.0,17.400000000000002,Implement / Fight
32.0,17.6,Implement / Fight
32.0,17.8,Implement / Fight
32.0,18.0,Implement / Fight
32.0,18.2,Implement / Fight
32.0,18.400000000000002,Implement / Fight
32.0,18.6,Implement / Fight
32.0,18.8,Implement / Fight
32.0,19.0,Implement / Fight
32.0,19.200000000000003,Implement / Fight
32.0,19.400000000000002,Implement / Fight
32.0,19.6,Implement / Fight
32.0,19.8,Implement / Fight
32.33333333333333,0.0,Implement / Fight
32.33333333333333,0.2,Implement / Fight
32.33333333333333,0.4,Implement / Fight
32.33333333333333,0.6000000000000001,Implement / Fight
32.33333333333333,0.8,Implement / Fight
32.33333333333333,1.0,Implement / Fight
32.33333333333333,1.2000000000000002,Implement / Fight
32.33333333333333,1.4000000000000001,Implement / Fight
32.33333333333333,1.6,Implement / Fight
32.33333333333333,1.8,Implement / Fight
32.33333333333333,2.0,Implement / Fight
32.33333333333333,2.2,Implement / Fight
32.33333333333333,2.4000000000000004,Implement / Fight
32.33333333333333,2.6,Implement / Fight
32.33333333333333,2.8000000000000003,Implement / Fight
32.33333333333333,3.0,Implement / Fight
32.33333333333333,3.2,Implement / Fight
32.33333333333333,3.4000000000000004,Implement / Fight
32.33333333333333,3.6,Implement / Fight
32.33333333333333,3.8000000000000003,Implement / Fight
32.33333333333333,4.0,Implement / Fight
32.33333333333333,4.2,Implement / Fight
32.33333333333333,4.4,Implement / Fight
32.33333333333333,4.6000000000000005,Implement / Fight
32.33333333333333,4.800000000000001,Implement / Fight
32.33333333333333,5.0,Implement / Fight
32.33333333333333,5.2,Implement / Fight
32.33333333333333,5.4,Implement / Fight
32.33333333333333,5.6000000000000005,Implement / Fight
32.33333333333333,5.800000000000001,Implement / Fight
32.33333333333333,6.0,Implement / Fight
32.33333333333333,6.2,Implement / Fight
32.33333333333333,6.4,Implement / Fight
32.33333333333333,6.6000000000000005,Implement / Fight
32.33333333333333,6.800000000000001,Implement / Fight
32.33333333333333,7.0,Implement / Fight
32.33333333333333,7.2,Implement / Fight
32.33333333333333,7.4,Implement / Fight
32.33333333333333,7.6000000000000005,Implement / Fight
32.33333333333333,7.800000000000001,Implement / Fight
32.33333333333333,8.0,Implement / Fight
32.33333333333333,8.200000000000001,Implement / Fight
32.33333333333333,8.4,Implement / Fight
32.33333333333333,8.6,Implement / Fight
32.33333333333333,8.8,Implement / Fight
32.33333333333333,9.0,Implement / Fight
32.33333333333333,9.200000000000001,Implement / Fight
32.33333333333333,9.4,Implement / Fight
32.33333333333333,9.600000000000001,Implement / Fight
32.33333333333333,9.8,Implement / Fight
32.33333333333333,10.0,Implement / Fight
32.33333333333333,10.200000000000001,Implement / Fight
32.33333333333333,10.4,Implement / Fight
32.33333333333333,10.600000000000001,Implement / Fight
32.33333333333333,10.8,Implement / Fight
32.33333333333333,11.0,Implement / Fight
32.33333333333333,11.200000000000001,Implement / Fight
32.33333333333333,11.4,Implement / Fight
32.33333333333333,11.600000000000001,Implement / Fight
32.33333333333333,11.8,Implement / Fight
32.33333333333333,12.0,Implement / Fight
32.33333333333333,12.200000000000001,Implement / Fight
32.33333333333333,12.4,Implement / Fight
32.33333333333333,12.600000000000001,Implement / Fight
32.33333333333333,12.8,Implement / Fight
32.33333333333333,13.0,Implement / Fight
32.33333333333333,13.200000000000001,Implement / Fight
32.33333333333333,13.4,Implement / Fight
32.33333333333333,13.600000000000001,Implement / Fight
32.33333333333333,13.8,Implement / Fight
32.33333333333333,14.0,Implement / Fight
32.33333333333333,14.200000000000001,Implement / Fight
32.33333333333333,14.4,Implement / Fight
32.33333333333333,14.600000000000001,Implement / Fight
32.33333333333333,14.8,Implement / Fight
32.33333333333333,15.0,Implement / Fight
32.33333333333333,15.200000000000001,Implement / Fight
32.33333333333333,15.4,Implement / Fight
32.33333333333333,15.600000000000001,Implement / Fight
32.33333333333333,15.8,Implement / Fight
32.33333333333333,16.0,Implement / Fight
32.33333333333333,16.2,Implement / Fight
32.33333333333333,16.400000000000002,Implement / Fight
32.33333333333333,16.6,Implement / Fight
32.33333333333333,16.8,Implement / Fight
32.33333333333333,17.0,Implement / Fight
32.33333333333333,17.2,Implement / Fight
32.33333333333333,17.400000000000002,Implement / Fight
32.33333333333333,17.6,Implement / Fight
32.33333333333333,17.8,Implement / Fight
32.33333333333333,18.0,Implement / Fight
32.33333333333333,18.2,Implement / Fight
32.33333333333333,18.400000000000002,Implement / Fight
32.33333333333333,18.6,Implement / Fight
32.33333333333333,18.8,Implement / Fight
32.33333333333333,19.0,Implement / Fight
32.33333333333333,19.200000000000003,Implement / Fight
32.33333333333333,19.400000000000002,Implement / Fight
32.33333333333333,19.6,Implement / Fight
32.33333333333333,19.8,Implement / Fight
32.666666666666664,0.0,Implement / Fight
32.666666666666664,0.2,Implement / Fight
32.666666666666664,0.4,Implement / Fight
32.666666666666664,0.6000000000000001,Implement / Fight
32.666666666666664,0.8,Implement / Fight
32.666666666666664,1.0,Implement / Fight
32.666666666666664,1.2000000000000002,Implement / Fight
32.666666666666664,1.4000000000000001,Implement / Fight
32.666666666666664,1.6,Implement / Fight
32.666666666666664,1.8,Implement / Fight
32.666666666666664,2.0,Implement / Fight
32.666666666666664,2.2,Implement / Fight
32.666666666666664,2.4000000000000004,Implement / Fight
32.666666666666664,2.6,Implement / Fight
32.666666666666664,2.8000000000000003,Implement / Fight
32.666666666666664,3.0,Implement / Fight
32.666666666666664,3.2,Implement / Fight
32.666666666666664,3.4000000000000004,Implement / Fight
32.666666666666664,3.6,Implement / Fight
32.666666666666664,3.8000000000000003,Implement / Fight
32.666666666666664,4.0,Implement / Fight
32.666666666666664,4.2,Implement / Fight
32.666666666666664,4.4,Implement / Fight
32.666666666666664,4.6000000000000005,Implement / Fight
32.666666666666664,4.800000000000001,Implement / Fight
32.666666666666664,5.0,Implement / Fight
32.666666666666664,5.2,Implement / Fight
32.666666666666664,5.4,Implement / Fight
32.666666666666664,5.6000000000000005,Implement / Fight
32.666666666666664,5.800000000000001,Implement / Fight
32.666666666666664,6.0,Implement / Fight
32.666666666666664,6.2,Implement / Fight
32.666666666666664,6.4,Implement / Fight
32.666666666666664,6.6000000000000005,Implement / Fight
32.666666666666664,6.800000000000001,Implement / Fight
32.666666666666664,7.0,Implement / Fight
32.666666666666664,7.2,Implement / Fight
32.666666666666664,7.4,Implement / Fight
32.666666666666664,7.6000000000000005,Implement / Fight
32.666666666666664,7.800000000000001,Implement / Fight
32.666666666666664,8.0,Implement / Fight
32.666666666666664,8.200000000000001,Implement / Fight
32.666666666666664,8.4,Implement / Fight
32.666666666666664,8.6,Implement / Fight
32.666666666666664,8.8,Implement / Fight
32.666666666666664,9.0,Implement / Fight
32.666666666666664,9.200000000000001,Implement / Fight
32.666666666666664,9.4,Implement / Fight
32.666666666666664,9.600000000000001,Implement / Fight
32.666666666666664,9.8,Implement / Fight
32.666666666666664,10.0,Implement / Fight
32.666666666666664,10.200000000000001,Implement / Fight
32.666666666666664,10.4,Implement / Fight
32.666666666666664,10.600000000000001,Implement / Fight
32.666666666666664,10.8,Implement / Fight
32.666666666666664,11.0,Implement / Fight
32.666666666666664,11.200000000000001,Implement / Fight
32.666666666666664,11.4,Implement / Fight
32.666666666666664,11.600000000000001,Implement / Fight
32.666666666666664,11.8,Implement / Fight
32.666666666666664,12.0,Implement / Fight
32.666666666666664,12.200000000000001,Implement / Fight
32.666666666666664,12.4,Implement / Fight
32.666666666666664,12.600000000000001,Implement / Fight
32.666666666666664,12.8,Implement / Fight
32.666666666666664,13.0,Implement / Fight
32.666666666666664,13.200000000000001,Implement / Fight
32.666666666666664,13.4,Implement / Fight
32.666666666666664,13.600000000000001,Implement / Fight
32.666666666666664,13.8,Implement / Fight
32.666666666666664,14.0,Implement / Fight
32.666666666666664,14.200000000000001,Implement / Fight
32.666666666666664,14.4,Implement / Fight
32.666666666666664,14.600000000000001,Implement / Fight
32.666666666666664,14.8,Implement / Fight
32.666666666666664,15.0,Implement / Fight
32.666666666666664,15.200000000000001,Implement / Fight
32.666666666666664,15.4,Implement / Fight
32.666666666666664,15.600000000000001,Implement / Fight
32.666666666666664,15.8,Implement / Fight
32.666666666666664,16.0,Implement / Fight
32.666666666666664,16.2,Implement / Fight
32.666666666666664,16.400000000000002,Implement / Fight
32.666666666666664,16.6,Implement / Fight
32.666666666666664,16.8,Implement / Fight
32.666666666666664,17.0,Implement / Fight
32.666666666666664,17.2,Implement / Fight
32.666666666666664,17.400000000000002,Implement / Fight
32.666666666666664,17.6,Implement / Fight
32.666666666666664,17.8,Implement / Fight
32.666666666666664,18.0,Implement / Fight
32.666666666666664,18.2,Implement / Fight
32.666666666666664,18.400000000000002,Implement / Fight
32.666666666666664,18.6,Implement / Fight
32.666666666666664,18.8,Implement / Fight
32.666666666666664,19.0,Implement / Fight
32.666666666666664,19.200000000000003,Implement / Fight
32.666666666666664,19.400000000000002,Implement / Fight
32.666666666666664,19.6,Implement / Fight
32.666666666666664,19.8,Implement / Fight
33.0,0.0,Implement / Fight
33.0,0.2,Implement / Fight
33.0,0.4,Implement / Fight
33.0,0.6000000000000001,Implement / Fight
33.0,0.8,Implement / Fight
33.0,1.0,Implement / Fight
33.0,1.2000000000000002,Implement / Fight
33.0,1.4000000000000001,Implement / Fight
33.0,1.6,Implement / Fight
33.0,1.8,Implement / Fight
33.0,2.0,Implement / Fight
33.0,2.2,Implement / Fight
33.0,2.4000000000000004,Implement / Fight
33.0,2.6,Implement / Fight
33.0,2.8000000000000003,Implement / Fight
33.0,3.0,Implement / Fight
33.0,3.2,Implement / Fight
33.0,3.4000000000000004,Implement / Fight
33.0,3.6,Implement / Fight
33.0,3.8000000000000003,Implement / Fight
33.0,4.0,Implement / Fight
33.0,4.2,Implement / Fight
33.0,4.4,Implement / Fight
33.0,4.6000000000000005,Implement / Fight
33.0,4.800000000000001,Implement / Fight
33.0,5.0,Implement / Fight
33.0,5.2,Implement / Fight
33.0,5.4,Implement / Fight
33.0,5.6000000000000005,Implement / Fight
33.0,5.800000000000001,Implement / Fight
33.0,6.0,Implement / Fight
33.0,6.2,Implement / Fight
33.0,6.4,Implement / Fight
33.0,6.6000000000000005,Implement / Fight
33.0,6.800000000000001,Implement / Fight
33.0,7.0,Implement / Fight
33.0,7.2,Implement / Fight
33.0,7.4,Implement / Fight
33.0,7.6000000000000005,Implement / Fight
33.0,7.800000000000001,Implement / Fight
33.0,8.0,Implement / Fight
33.0,8.200000000000001,Implement / Fight
33.0,8.4,Implement / Fight
33.0,8.6,Implement / Fight
33.0,8.8,Implement / Fight
33.0,9.0,Implement / Fight
33.0,9.200000000000001,Implement / Fight
33.0,9.4,Implement / Fight
33.0,9.600000000000001,Implement / Fight
33.0,9.8,Implement / Fight
33.0,10.0,Implement / Fight
33.0,10.200000000000001,Implement / Fight
33.0,10.4,Implement / Fight
33.0,10.600000000000001,Implement / Fight
33.0,10.8,Implement / Fight
33.0,11.0,Implement / Fight
33.0,11.200000000000001,Implement / Fight
33.0,11.4,Implement / Fight
33.0,11.600000000000001,Implement / Fight
33.0,11.8,Implement / Fight
33.0,12.0,Implement / Fight
33.0,12.200000000000001,Implement / Fight
33.0,12.4,Implement / Fight
33.0,12.600000000000001,Implement / Fight
33.0,12.8,Implement / Fight
33.0,13.0,Implement / Fight
33.0,13.200000000000001,Implement / Fight
33.0,13.4,Implement / Fight
33.0,13.600000000000001,Implement / Fight
33.0,13.8,Implement / Fight
33.0,14.0,Implement / Fight
33.0,14.200000000000001,Implement / Fight
33.0,14.4,Implement / Fight
33.0,14.600000000000001,Implement / Fight
33.0,14.8,Implement / Fight
33.0,15.0,Implement / Fight
33.0,15.200000000000001,Implement / Fight
33.0,15.4,Implement / Fight
33.0,15.600000000000001,Implement / Fight
33.0,15.8,Implement / Fight
33.0,16.0,Implement / Fight
33.0,16.2,Implement / Fight
33.0,16.400000000000002,Implement / Fight
33.0,16.6,Implement / Fight
33.0,16.8,Implement / Fight
33.0,17.0,Implement / Fight
33.0,17.2,Implement / Fight
33.0,17.400000000000002,Implement / Fight
33.0,17.6,Implement / Fight
33.0,17.8,Implement / Fight
33.0,18.0,Implement / Fight
33.0,18.2,Implement / Fight
33.0,18.400000000000002,Implement / Fight
33.0,18.6,Implement / Fight
33.0,18.8,Implement / Fight
33.0,19.0,Implement / Fight
33.0,19.200000000000003,Implement / Fight
33.0,19.400000000000002,Implement / Fight
33.0,19.6,Implement / Fight
33.0,19.8,Implement / Fight
