G,P,equilibrium
0.0,0.0,Absence of Pure Equilibrium
0.0,0.010101010101010102,Absence of Pure Equilibrium
0.0,0.020202020202020204,Absence of Pure Equilibrium
0.0,0.030303030303030304,Implement / Fight
0.0,0.04040404040404041,Implement / Fight
0.0,0.05050505050505051,Implement / Fight
0.0,0.06060606060606061,Implement / Fight
0.0,0.07070707070707072,Implement / Fight
0.0,0.08080808080808081,Implement / Fight
0.0,0.09090909090909091,Implement / Fight
0.0,0.10101010101010102,Implement / Fight
0.0,0.11111111111111112,Implement / Fight
0.0,0.12121212121212122,Implement / Fight
0.0,0.13131313131313133,Implement / Fight
0.0,0.14141414141414144,Implement / Fight
0.0,0.15151515151515152,Implement / Fight
0.0,0.16161616161616163,Implement / Fight
0.0,0.17171717171717174,Implement / Fight
0.0,0.18181818181818182,Implement / Fight
0.0,0.19191919191919193,Implement / Fight
0.0,0.20202020202020204,Implement / Fight
0.0,0.21212121212121213,Implement / Fight
0.0,0.22222222222222224,Implement / Fight
0.0,0.23232323232323235,Implement / Fight
0.0,0.24242424242424243,Implement / Fight
0.0,0.25252525252525254,Implement / Fight
0.0,0.26262626262626265,Implement / Fight
0.0,0.27272727272727276,Implement / Fight
0.0,0.2828282828282829,Implement / Fight
0.0,0.29292929292929293,Implement / Fight
0.0,0.30303030303030304,Implement / Fight
0.0,0.31313131313131315,Implement / Fight
0.0,0.32323232323232326,Implement / Accept
0.0,0.33333333333333337,Implement / Accept
0.0,0.3434343434343435,Implement / Accept
0.0,0.3535353535353536,Implement / Accept
0.0,0.36363636363636365,Implement / Accept
0.0,0.37373737373737376,Implement / Accept
0.0,0.38383838383838387,Implement / Accept
0.0,0.393939393939394,Implement / Accept
0.0,0.4040404040404041,Implement / Accept
0.0,0.4141414141414142,Implement / Accept
0.0,0.42424242424242425,Implement / Accept
0.0,0.43434343434343436,Implement / Accept
0.0,0.4444444444444445,Implement / Accept
0.0,0.4545454545454546,Implement / Accept
0.0,0.4646464646464647,Implement / Accept
0.0,0.4747474747474748,Implement / Accept
0.0,0.48484848484848486,Implement / Accept
0.0,0.494949494949495,Implement / Accept
0.0,0.5050505050505051,Implement / Accept
0.0,0.5151515151515152,Implement / Accept
0.0,0.5252525252525253,Implement / Accept
0.0,0.5353535353535354,Implement / Accept
0.0,0.5454545454545455,Implement / Accept
0.0,0.5555555555555556,Implement / Accept
0.0,0.5656565656565657,Implement / Accept
0.0,0.5757575757575758,Implement / Accept
0.0,0.5858585858585859,Implement / Accept
0.0,0.595959595959596,Implement / Accept
0.0,0.6060606060606061,Implement / Accept
0.0,0.6161616161616162,Implement / Accept
0.0,0.6262626262626263,Implement / Accept
0.0,0.6363636363636365,Implement / Accept
0.0,0.6464646464646465,Implement / Accept
0.0,0.6565656565656566,Implement / Accept
0.0,0.6666666666666667,Implement / Accept
0.0,0.6767676767676768,Implement / Accept
0.0,0.686868686868687,Implement / Accept
0.0,0.696969696969697,Implement / Accept
0.0,0.7070707070707072,Implement / Accept
0.0,0.7171717171717172,Implement / Accept
0.0,0.7272727272727273,Implement / Accept
0.0,0.7373737373737375,Implement / Accept
0.0,0.7474747474747475,Implement / Accept
0.0,0.7575757575757577,Implement / Accept
0.0,0.7676767676767677,Implement / Accept
0.0,0.7777777777777778,Implement / Accept
0.0,0.787878787878788,Implement / Accept
0.0,0.797979797979798,Implement / Accept
0.0,0.8080808080808082,Implement / Accept
0.0,0.8181818181818182,Implement / Accept
0.0,0.8282828282828284,Implement / Accept
0.0,0.8383838383838385,Implement / Accept
0.0,0.8484848484848485,Implement / Accept
0.0,0.8585858585858587,Implement / Accept
0.0,0.8686868686868687,Implement / Accept
0.0,0.8787878787878789,Implement / Accept
0.0,0.888888888888889,Implement / Accept
0.0,0.8989898989898991,Implement / Accept
0.0,0.9090909090909092,Implement / Accept
0.0,0.9191919191919192,Implement / Accept
0.0,0.9292929292929294,Implement / Accept
0.0,0.9393939393939394,Implement / Accept
0.0,0.9494949494949496,Implement / Accept
0.0,0.9595959595959597,Implement / Accept
0.0,0.9696969696969697,Implement / Accept
0.0,0.9797979797979799,Implement / Accept
0.0,0.98989898989899,Implement / Accept
0.0,1.0,Implement / Accept
0.06666666666666667,0.0,Absence of Pure Equilibrium
0.06666666666666667,0.010101010101010102,Absence of Pure Equilibrium
0.06666666666666667,0.020202020202020204,Absence of Pure Equilibrium
0.06666666666666667,0.030303030303030304,Implement / Fight
0.06666666666666667,0.04040404040404041,Implement / Fight
0.06666666666666667,0.05050505050505051,Implement / Fight
0.06666666666666667,0.06060606060606061,Implement / Fight
0.06666666666666667,0.07070707070707072,Implement / Fight
0.06666666666666667,0.08080808080808081,Implement / Fight
0.06666666666666667,0.09090909090909091,Implement / Fight
0.06666666666666667,0.10101010101010102,Implement / Fight
0.06666666666666667,0.11111111111111112,Implement / Fight
0.06666666666666667,0.12121212121212122,Implement / Fight
0.06666666666666667,0.13131313131313133,Implement / Fight
0.06666666666666667,0.14141414141414144,Implement / Fight
0.06666666666666667,0.15151515151515152,Implement / Fight
0.06666666666666667,0.16161616161616163,Implement / Fight
0.06666666666666667,0.17171717171717174,Implement / Fight
0.06666666666666667,0.18181818181818182,Implement / Fight
0.06666666666666667,0.19191919191919193,Implement / Fight
0.06666666666666667,0.20202020202020204,Implement / Fight
0.06666666666666667,0.21212121212121213,Implement / Fight
0.06666666666666667,0.22222222222222224,Implement / Fight
0.06666666666666667,0.23232323232323235,Implement / Fight
0.06666666666666667,0.24242424242424243,Implement / Fight
0.06666666666666667,0.25252525252525254,Implement / Fight
0.06666666666666667,0.26262626262626265,Implement / Fight
0.06666666666666667,0.27272727272727276,Implement / Fight
0.06666666666666667,0.2828282828282829,Implement / Fight
0.06666666666666667,0.29292929292929293,Implement / Fight
0.06666666666666667,0.30303030303030304,Implement / Fight
0.06666666666666667,0.31313131313131315,Implement / Fight
0.06666666666666667,0.32323232323232326,Implement / Accept
0.06666666666666667,0.33333333333333337,Implement / Accept
0.06666666666666667,0.3434343434343435,Implement / Accept
0.06666666666666667,0.3535353535353536,Implement / Accept
0.06666666666666667,0.36363636363636365,Implement / Accept
0.06666666666666667,0.37373737373737376,Implement / Accept
0.06666666666666667,0.38383838383838387,Implement / Accept
0.06666666666666667,0.393939393939394,Implement / Accept
0.06666666666666667,0.4040404040404041,Implement / Accept
0.06666666666666667,0.4141414141414142,Implement / Accept
0.06666666666666667,0.42424242424242425,Implement / Accept
0.06666666666666667,0.43434343434343436,Implement / Accept
0.06666666666666667,0.4444444444444445,Implement / Accept
0.06666666666666667,0.4545454545454546,Implement / Accept
0.06666666666666667,0.4646464646464647,Implement / Accept
0.06666666666666667,0.4747474747474748,Implement / Accept
0.06666666666666667,0.48484848484848486,Implement / Accept
0.06666666666666667,0.494949494949495,Implement / Accept
0.06666666666666667,0.5050505050505051,Implement / Accept
0.06666666666666667,0.5151515151515152,Implement / Accept
0.06666666666666667,0.5252525252525253,Implement / Accept
0.06666666666666667,0.5353535353535354,Implement / Accept
0.06666666666666667,0.5454545454545455,Implement / Accept
0.06666666666666667,0.5555555555555556,Implement / Accept
0.06666666666666667,0.5656565656565657,Implement / Accept
0.06666666666666667,0.5757575757575758,Implement / Accept
0.06666666666666667,0.5858585858585859,Implement / Accept
0.06666666666666667,0.595959595959596,Implement / Accept
0.06666666666666667,0.6060606060606061,Implement / Accept
0.06666666666666667,0.6161616161616162,Implement / Accept
0.06666666666666667,0.6262626262626263,Implement / Accept
0.06666666666666667,0.6363636363636365,Implement / Accept
0.06666666666666667,0.6464646464646465,Implement / Accept
0.06666666666666667,0.6565656565656566,Implement / Accept
0.06666666666666667,0.6666666666666667,Implement / Accept
0.06666666666666667,0.6767676767676768,Implement / Accept
0.06666666666666667,0.686868686868687,Implement / Accept
0.06666666666666667,0.696969696969697,Implement / Accept
0.06666666666666667,0.7070707070707072,Implement / Accept
0.06666666666666667,0.7171717171717172,Implement / Accept
0.06666666666666667,0.7272727272727273,Implement / Accept
0.06666666666666667,0.7373737373737375,Implement / Accept
0.06666666666666667,0.7474747474747475,Implement / Accept
0.06666666666666667,0.7575757575757577,Implement / Accept
0.06666666666666667,0.7676767676767677,Implement / Accept
0.06666666666666667,0.7777777777777778,Implement / Accept
0.06666666666666667,0.787878787878788,Implement / Accept
0.06666666666666667,0.797979797979798,Implement / Accept
0.06666666666666667,0.8080808080808082,Implement / Accept
0.06666666666666667,0.8181818181818182,Implement / Accept
0.06666666666666667,0.8282828282828284,Implement / Accept
0.06666666666666667,0.8383838383838385,Implement / Accept
0.06666666666666667,0.8484848484848485,Implement / Accept
0.06666666666666667,0.8585858585858587,Implement / Accept
0.06666666666666667,0.8686868686868687,Implement / Accept
0.06666666666666667,0.8787878787878789,Implement / Accept
0.06666666666666667,0.888888888888889,Implement / Accept
0.06666666666666667,0.8989898989898991,Implement / Accept
0.06666666666666667,0.9090909090909092,Implement / Accept
0.06666666666666667,0.9191919191919192,Implement / Accept
0.06666666666666667,0.9292929292929294,Implement / Accept
0.06666666666666667,0.9393939393939394,Implement / Accept
0.06666666666666667,0.9494949494949496,Implement / Accept
0.06666666666666667,0.9595959595959597,Implement / Accept
0.06666666666666667,0.9696969696969697,Implement / Accept
0.06666666666666667,0.9797979797979799,Implement / Accept
0.06666666666666667,0.98989898989899,Implement / Accept
0.06666666666666667,1.0,Implement / Accept
0.13333333333333333,0.0,Absence of Pure Equilibrium
0.13333333333333333,0.010101010101010102,Absence of Pure Equilibrium
0.13333333333333333,0.020202020202020204,Absence of Pure Equilibrium
0.13333333333333333,0.030303030303030304,Implement / Fight
0.13333333333333333,0.04040404040404041,Implement / Fight
0.13333333333333333,0.05050505050505051,Implement / Fight
0.13333333333333333,0.06060606060606061,Implement / Fight
0.13333333333333333,0.07070707070707072,Implement / Fight
0.13333333333333333,0.08080808080808081,Implement / Fight
0.13333333333333333,0.09090909090909091,Implement / Fight
0.13333333333333333,0.10101010101010102,Implement / Fight
0.13333333333333333,0.11111111111111112,Implement / Fight
0.13333333333333333,0.12121212121212122,Implement / Fight
0.13333333333333333,0.13131313131313133,Implement / Fight
0.13333333333333333,0.14141414141414144,Implement / Fight
0.13333333333333333,0.15151515151515152,Implement / Fight
0.13333333333333333,0.16161616161616163,Implement / Fight
0.13333333333333333,0.17171717171717174,Implement / Fight
0.13333333333333333,0.18181818181818182,Implement / Fight
0.13333333333333333,0.19191919191919193,Implement / Fight
0.13333333333333333,0.20202020202020204,Implement / Fight
0.13333333333333333,0.21212121212121213,Implement / Fight
0.13333333333333333,0.22222222222222224,Implement / Fight
0.13333333333333333,0.23232323232323235,Implement / Fight
0.13333333333333333,0.24242424242424243,Implement / Fight
0.13333333333333333,0.25252525252525254,Implement / Fight
0.13333333333333333,0.26262626262626265,Implement / Fight
0.13333333333333333,0.27272727272727276,Implement / Fight
0.13333333333333333,0.2828282828282829,Implement / Fight
0.13333333333333333,0.29292929292929293,Implement / Fight
0.13333333333333333,0.30303030303030304,Implement / Fight
0.13333333333333333,0.31313131313131315,Implement / Fight
0.13333333333333333,0.32323232323232326,Implement / Fight
0.13333333333333333,0.33333333333333337,Implement / Accept
0.13333333333333333,0.3434343434343435,Implement / Accept
0.13333333333333333,0.3535353535353536,Implement / Accept
0.13333333333333333,0.36363636363636365,Implement / Accept
0.13333333333333333,0.37373737373737376,Implement / Accept
0.13333333333333333,0.38383838383838387,Implement / Accept
0.13333333333333333,0.393939393939394,Implement / Accept
0.13333333333333333,0.4040404040404041,Implement / Accept
0.13333333333333333,0.4141414141414142,Implement / Accept
0.13333333333333333,0.42424242424242425,Implement / Accept
0.13333333333333333,0.43434343434343436,Implement / Accept
0.13333333333333333,0.4444444444444445,Implement / Accept
0.13333333333333333,0.4545454545454546,Implement / Accept
0.13333333333333333,0.4646464646464647,Implement / Accept
0.13333333333333333,0.4747474747474748,Implement / Accept
0.13333333333333333,0.48484848484848486,Implement / Accept
0.13333333333333333,0.494949494949495,Implement / Accept
0.13333333333333333,0.5050505050505051,Implement / Accept
0.13333333333333333,0.5151515151515152,Implement / Accept
0.13333333333333333,0.5252525252525253,Implement / Accept
0.13333333333333333,0.5353535353535354,Implement / Accept
0.13333333333333333,0.5454545454545455,Implement / Accept
0.13333333333333333,0.5555555555555556,Implement / Accept
0.13333333333333333,0.5656565656565657,Implement / Accept
0.13333333333333333,0.5757575757575758,Implement / Accept
0.13333333333333333,0.5858585858585859,Implement / Accept
0.13333333333333333,0.595959595959596,Implement / Accept
0.13333333333333333,0.6060606060606061,Implement / Accept
0.13333333333333333,0.6161616161616162,Implement / Accept
0.13333333333333333,0.6262626262626263,Implement / Accept
0.13333333333333333,0.6363636363636365,Implement / Accept
0.13333333333333333,0.6464646464646465,Implement / Accept
0.13333333333333333,0.6565656565656566,Implement / Accept
0.13333333333333333,0.6666666666666667,Implement / Accept
0.13333333333333333,0.6767676767676768,Implement / Accept
0.13333333333333333,0.686868686868687,Implement / Accept
0.13333333333333333,0.696969696969697,Implement / Accept
0.13333333333333333,0.7070707070707072,Implement / Accept
0.13333333333333333,0.7171717171717172,Implement / Accept
0.13333333333333333,0.7272727272727273,Implement / Accept
0.13333333333333333,0.7373737373737375,Implement / Accept
0.13333333333333333,0.7474747474747475,Implement / Accept
0.13333333333333333,0.7575757575757577,Implement / Accept
0.13333333333333333,0.7676767676767677,Implement / Accept
0.13333333333333333,0.7777777777777778,Implement / Accept
0.13333333333333333,0.787878787878788,Implement / Accept
0.13333333333333333,0.797979797979798,Implement / Accept
0.13333333333333333,0.8080808080808082,Implement / Accept
0.13333333333333333,0.8181818181818182,Implement / Accept
0.13333333333333333,0.8282828282828284,Implement / Accept
0.13333333333333333,0.8383838383838385,Implement / Accept
0.13333333333333333,0.8484848484848485,Implement / Accept
0.13333333333333333,0.8585858585858587,Implement / Accept
0.13333333333333333,0.8686868686868687,Implement / Accept
0.13333333333333333,0.8787878787878789,Implement / Accept
0.13333333333333333,0.888888888888889,Implement / Accept
0.13333333333333333,0.8989898989898991,Implement / Accept
0.13333333333333333,0.9090909090909092,Implement / Accept
0.13333333333333333,0.9191919191919192,Implement / Accept
0.13333333333333333,0.9292929292929294,Implement / Accept
0.13333333333333333,0.9393939393939394,Implement / Accept
0.13333333333333333,0.9494949494949496,Implement / Accept
0.13333333333333333,0.9595959595959597,Implement / Accept
0.13333333333333333,0.9696969696969697,Implement / Accept
0.13333333333333333,0.9797979797979799,Implement / Accept
0.13333333333333333,0.98989898989899,Implement / Accept
0.13333333333333333,1.0,Implement / Accept
0.2,0.0,Absence of Pure Equilibrium
0.2,0.010101010101010102,Absence of Pure Equilibrium
0.2,0.020202020202020204,Absence of Pure Equilibrium
0.2,0.030303030303030304,Implement / Fight
0.2,0.04040404040404041,Implement / Fight
0.2,0.05050505050505051,Implement / Fight
0.2,0.06060606060606061,Implement / Fight
0.2,0.07070707070707072,Implement / Fight
0.2,0.08080808080808081,Implement / Fight
0.2,0.09090909090909091,Implement / Fight
0.2,0.10101010101010102,Implement / Fight
0.2,0.11111111111111112,Implement / Fight
0.2,0.12121212121212122,Implement / Fight
0.2,0.13131313131313133,Implement / Fight
0.2,0.14141414141414144,Implement / Fight
0.2,0.15151515151515152,Implement / Fight
0.2,0.16161616161616163,Implement / Fight
0.2,0.17171717171717174,Implement / Fight
0.2,0.18181818181818182,Implement / Fight
0.2,0.19191919191919193,Implement / Fight
0.2,0.20202020202020204,Implement / Fight
0.2,0.21212121212121213,Implement / Fight
0.2,0.22222222222222224,Implement / Fight
0.2,0.23232323232323235,Implement / Fight
0.2,0.24242424242424243,Implement / Fight
0.2,0.25252525252525254,Implement / Fight
0.2,0.26262626262626265,Implement / Fight
0.2,0.27272727272727276,Implement / Fight
0.2,0.2828282828282829,Implement / Fight
0.2,0.29292929292929293,Implement / Fight
0.2,0.30303030303030304,Implement / Fight
0.2,0.31313131313131315,Implement / Fight
0.2,0.32323232323232326,Implement / Fight
0.2,0.33333333333333337,Implement / Accept
0.2,0.3434343434343435,Implement / Accept
0.2,0.3535353535353536,Implement / Accept
0.2,0.36363636363636365,Implement / Accept
0.2,0.37373737373737376,Implement / Accept
0.2,0.38383838383838387,Implement / Accept
0.2,0.393939393939394,Implement / Accept
0.2,0.4040404040404041,Implement / Accept
0.2,0.4141414141414142,Implement / Accept
0.2,0.42424242424242425,Implement / Accept
0.2,0.43434343434343436,Implement / Accept
0.2,0.4444444444444445,Implement / Accept
0.2,0.4545454545454546,Implement / Accept
0.2,0.4646464646464647,Implement / Accept
0.2,0.4747474747474748,Implement / Accept
0.2,0.48484848484848486,Implement / Accept
0.2,0.494949494949495,Implement / Accept
0.2,0.5050505050505051,Implement / Accept
0.2,0.5151515151515152,Implement / Accept
0.2,0.5252525252525253,Implement / Accept
0.2,0.5353535353535354,Implement / Accept
0.2,0.5454545454545455,Implement / Accept
0.2,0.5555555555555556,Implement / Accept
0.2,0.5656565656565657,Implement / Accept
0.2,0.5757575757575758,Implement / Accept
0.2,0.5858585858585859,Implement / Accept
0.2,0.595959595959596,Implement / Accept
0.2,0.6060606060606061,Implement / Accept
0.2,0.6161616161616162,Implement / Accept
0.2,0.6262626262626263,Implement / Accept
0.2,0.6363636363636365,Implement / Accept
0.2,0.6464646464646465,Implement / Accept
0.2,0.6565656565656566,Implement / Accept
0.2,0.6666666666666667,Implement / Accept
0.2,0.6767676767676768,Implement / Accept
0.2,0.686868686868687,Implement / Accept
0.2,0.696969696969697,Implement / Accept
0.2,0.7070707070707072,Implement / Accept
0.2,0.7171717171717172,Implement / Accept
0.2,0.7272727272727273,Implement / Accept
0.2,0.7373737373737375,Implement / Accept
0.2,0.7474747474747475,Implement / Accept
0.2,0.7575757575757577,Implement / Accept
0.2,0.7676767676767677,Implement / Accept
0.2,0.7777777777777778,Implement / Accept
0.2,0.787878787878788,Implement / Accept
0.2,0.797979797979798,Implement / Accept
0.2,0.8080808080808082,Implement / Accept
0.2,0.8181818181818182,Implement / Accept
0.2,0.8282828282828284,Implement / Accept
0.2,0.8383838383838385,Implement / Accept
0.2,0.8484848484848485,Implement / Accept
0.2,0.8585858585858587,Implement / Accept
0.2,0.8686868686868687,Implement / Accept
0.2,0.8787878787878789,Implement / Accept
0.2,0.888888888888889,Implement / Accept
0.2,0.8989898989898991,Implement / Accept
0.2,0.9090909090909092,Implement / Accept
0.2,0.9191919191919192,Implement / Accept
0.2,0.9292929292929294,Implement / Accept
0.2,0.9393939393939394,Implement / Accept
0.2,0.9494949494949496,Implement / Accept
0.2,0.9595959595959597,Implement / Accept
0.2,0.9696969696969697,Implement / Accept
0.2,0.9797979797979799,Implement / Accept
0.2,0.98989898989899,Implement / Accept
0.2,1.0,Implement / Accept
0.26666666666666666,0.0,Absence of Pure Equilibrium
0.26666666666666666,0.010101010101010102,Absence of Pure Equilibrium
0.26666666666666666,0.020202020202020204,Absence of Pure Equilibrium
0.26666666666666666,0.030303030303030304,Implement / Fight
0.26666666666666666,0.04040404040404041,Implement / Fight
0.26666666666666666,0.05050505050505051,Implement / Fight
0.26666666666666666,0.06060606060606061,Implement / Fight
0.26666666666666666,0.07070707070707072,Implement / Fight
0.26666666666666666,0.08080808080808081,Implement / Fight
0.26666666666666666,0.09090909090909091,Implement / Fight
0.26666666666666666,0.10101010101010102,Implement / Fight
0.26666666666666666,0.11111111111111112,Implement / Fight
0.26666666666666666,0.12121212121212122,Implement / Fight
0.26666666666666666,0.13131313131313133,Implement / Fight
0.26666666666666666,0.14141414141414144,Implement / Fight
0.26666666666666666,0.15151515151515152,Implement / Fight
0.26666666666666666,0.16161616161616163,Implement / Fight
0.26666666666666666,0.17171717171717174,Implement / Fight
0.26666666666666666,0.18181818181818182,Implement / Fight
0.26666666666666666,0.19191919191919193,Implement / Fight
0.26666666666666666,0.20202020202020204,Implement / Fight
0.26666666666666666,0.21212121212121213,Implement / Fight
0.26666666666666666,0.22222222222222224,Implement / Fight
0.26666666666666666,0.23232323232323235,Implement / Fight
0.26666666666666666,0.24242424242424243,Implement / Fight
0.26666666666666666,0.25252525252525254,Implement / Fight
0.26666666666666666,0.26262626262626265,Implement / Fight
0.26666666666666666,0.27272727272727276,Implement / Fight
0.26666666666666666,0.2828282828282829,Implement / Fight
0.26666666666666666,0.29292929292929293,Implement / Fight
0.26666666666666666,0.30303030303030304,Implement / Fight
0.26666666666666666,0.31313131313131315,Implement / Fight
0.26666666666666666,0.32323232323232326,Implement / Fight
0.26666666666666666,0.33333333333333337,Implement / Fight
0.26666666666666666,0.3434343434343435,Implement / Accept
0.26666666666666666,0.3535353535353536,Implement / Accept
0.26666666666666666,0.36363636363636365,Implement / Accept
0.26666666666666666,0.37373737373737376,Implement / Accept
0.26666666666666666,0.38383838383838387,Implement / Accept
0.26666666666666666,0.393939393939394,Implement / Accept
0.26666666666666666,0.4040404040404041,Implement / Accept
0.26666666666666666,0.4141414141414142,Implement / Accept
0.26666666666666666,0.42424242424242425,Implement / Accept
0.26666666666666666,0.43434343434343436,Implement / Accept
0.26666666666666666,0.4444444444444445,Implement / Accept
0.26666666666666666,0.4545454545454546,Implement / Accept
0.26666666666666666,0.4646464646464647,Implement / Accept
0.26666666666666666,0.4747474747474748,Implement / Accept
0.26666666666666666,0.48484848484848486,Implement / Accept
0.26666666666666666,0.494949494949495,Implement / Accept
0.26666666666666666,0.5050505050505051,Implement / Accept
0.26666666666666666,0.5151515151515152,Implement / Accept
0.26666666666666666,0.5252525252525253,Implement / Accept
0.26666666666666666,0.5353535353535354,Implement / Accept
0.26666666666666666,0.5454545454545455,Implement / Accept
0.26666666666666666,0.5555555555555556,Implement / Accept
0.26666666666666666,0.5656565656565657,Implement / Accept
0.26666666666666666,0.5757575757575758,Implement / Accept
0.26666666666666666,0.5858585858585859,Implement / Accept
0.26666666666666666,0.595959595959596,Implement / Accept
0.26666666666666666,0.6060606060606061,Implement / Accept
0.26666666666666666,0.6161616161616162,Implement / Accept
0.26666666666666666,0.6262626262626263,Implement / Accept
0.26666666666666666,0.6363636363636365,Implement / Accept
0.26666666666666666,0.6464646464646465,Implement / Accept
0.26666666666666666,0.6565656565656566,Implement / Accept
0.26666666666666666,0.6666666666666667,Implement / Accept
0.26666666666666666,0.6767676767676768,Implement / Accept
0.26666666666666666,0.686868686868687,Implement / Accept
0.26666666666666666,0.696969696969697,Implement / Accept
0.26666666666666666,0.7070707070707072,Implement / Accept
0.26666666666666666,0.7171717171717172,Implement / Accept
0.26666666666666666,0.7272727272727273,Implement / Accept
0.26666666666666666,0.7373737373737375,Implement / Accept
0.26666666666666666,0.7474747474747475,Implement / Accept
0.26666666666666666,0.7575757575757577,Implement / Accept
0.26666666666666666,0.7676767676767677,Implement / Accept
0.26666666666666666,0.7777777777777778,Implement / Accept
0.26666666666666666,0.787878787878788,Implement / Accept
0.26666666666666666,0.797979797979798,Implement / Accept
0.26666666666666666,0.8080808080808082,Implement / Accept
0.26666666666666666,0.8181818181818182,Implement / Accept
0.26666666666666666,0.8282828282828284,Implement / Accept
0.26666666666666666,0.8383838383838385,Implement / Accept
0.26666666666666666,0.8484848484848485,Implement / Accept
0.26666666666666666,0.8585858585858587,Implement / Accept
0.26666666666666666,0.8686868686868687,Implement / Accept
0.26666666666666666,0.8787878787878789,Implement / Accept
0.26666666666666666,0.888888888888889,Implement / Accept
0.26666666666666666,0.8989898989898991,Implement / Accept
0.26666666666666666,0.9090909090909092,Implement / Accept
0.26666666666666666,0.9191919191919192,Implement / Accept
0.26666666666666666,0.9292929292929294,Implement / Accept
0.26666666666666666,0.9393939393939394,Implement / Accept
0.26666666666666666,0.9494949494949496,Implement / Accept
0.26666666666666666,0.9595959595959597,Implement / Accept
0.26666666666666666,0.9696969696969697,Implement / Accept
0.26666666666666666,0.9797979797979799,Implement / Accept
0.26666666666666666,0.98989898989899,Implement / Accept
0.26666666666666666,1.0,Implement / Accept
0.3333333333333333,0.0,Absence of Pure Equilibrium
0.3333333333333333,0.010101010101010102,Absence of Pure Equilibrium
0.3333333333333333,0.020202020202020204,Absence of Pure Equilibrium
0.3333333333333333,0.030303030303030304,Implement / Fight
0.3333333333333333,0.04040404040404041,Implement / Fight
0.3333333333333333,0.05050505050505051,Implement / Fight
0.3333333333333333,0.06060606060606061,Implement / Fight
0.3333333333333333,0.07070707070707072,Implement / Fight
0.3333333333333333,0.08080808080808081,Implement / Fight
0.3333333333333333,0.09090909090909091,Implement / Fight
0.3333333333333333,0.10101010101010102,Implement / Fight
0.3333333333333333,0.11111111111111112,Implement / Fight
0.3333333333333333,0.12121212121212122,Implement / Fight
0.3333333333333333,0.13131313131313133,Implement / Fight
0.3333333333333333,0.14141414141414144,Implement / Fight
0.3333333333333333,0.15151515151515152,Implement / Fight
0.3333333333333333,0.16161616161616163,Implement / Fight
0.3333333333333333,0.17171717171717174,Implement / Fight
0.3333333333333333,0.18181818181818182,Implement / Fight
0.3333333333333333,0.19191919191919193,Implement / Fight
0.3333333333333333,0.20202020202020204,Implement / Fight
0.3333333333333333,0.21212121212121213,Implement / Fight
0.3333333333333333,0.22222222222222224,Implement / Fight
0.3333333333333333,0.23232323232323235,Implement / Fight
0.3333333333333333,0.24242424242424243,Implement / Fight
0.3333333333333333,0.25252525252525254,Implement / Fight
0.3333333333333333,0.26262626262626265,Implement / Fight
0.3333333333333333,0.27272727272727276,Implement / Fight
0.3333333333333333,0.2828282828282829,Implement / Fight
0.3333333333333333,0.29292929292929293,Implement / Fight
0.3333333333333333,0.30303030303030304,Implement / Fight
0.3333333333333333,0.31313131313131315,Implement / Fight
0.3333333333333333,0.32323232323232326,Implement / Fight
0.3333333333333333,0.33333333333333337,Implement / Fight
0.3333333333333333,0.3434343434343435,Implement / Fight
0.3333333333333333,0.3535353535353536,Implement / Accept
0.3333333333333333,0.36363636363636365,Implement / Accept
0.3333333333333333,0.37373737373737376,Implement / Accept
0.3333333333333333,0.38383838383838387,Implement / Accept
0.3333333333333333,0.393939393939394,Implement / Accept
0.3333333333333333,0.4040404040404041,Implement / Accept
0.3333333333333333,0.4141414141414142,Implement / Accept
0.3333333333333333,0.42424242424242425,Implement / Accept
0.3333333333333333,0.43434343434343436,Implement / Accept
0.3333333333333333,0.4444444444444445,Implement / Accept
0.3333333333333333,0.4545454545454546,Implement / Accept
0.3333333333333333,0.4646464646464647,Implement / Accept
0.3333333333333333,0.4747474747474748,Implement / Accept
0.3333333333333333,0.48484848484848486,Implement / Accept
0.3333333333333333,0.494949494949495,Implement / Accept
0.3333333333333333,0.5050505050505051,Implement / Accept
0.3333333333333333,0.5151515151515152,Implement / Accept
0.3333333333333333,0.5252525252525253,Implement / Accept
0.3333333333333333,0.5353535353535354,Implement / Accept
0.3333333333333333,0.5454545454545455,Implement / Accept
0.3333333333333333,0.5555555555555556,Implement / Accept
0.3333333333333333,0.5656565656565657,Implement / Accept
0.3333333333333333,0.5757575757575758,Implement / Accept
0.3333333333333333,0.5858585858585859,Implement / Accept
0.3333333333333333,0.595959595959596,Implement / Accept
0.3333333333333333,0.6060606060606061,Implement / Accept
0.3333333333333333,0.6161616161616162,Implement / Accept
0.3333333333333333,0.6262626262626263,Implement / Accept
0.3333333333333333,0.6363636363636365,Implement / Accept
0.3333333333333333,0.6464646464646465,Implement / Accept
0.3333333333333333,0.6565656565656566,Implement / Accept
0.3333333333333333,0.6666666666666667,Implement / Accept
0.3333333333333333,0.6767676767676768,Implement / Accept
0.3333333333333333,0.686868686868687,Implement / Accept
0.3333333333333333,0.696969696969697,Implement / Accept
0.3333333333333333,0.7070707070707072,Implement / Accept
0.3333333333333333,0.7171717171717172,Implement / Accept
0.3333333333333333,0.7272727272727273,Implement / Accept
0.3333333333333333,0.7373737373737375,Implement / Accept
0.3333333333333333,0.7474747474747475,Implement / Accept
0.3333333333333333,0.7575757575757577,Implement / Accept
0.3333333333333333,0.7676767676767677,Implement / Accept
0.3333333333333333,0.7777777777777778,Implement / Accept
0.3333333333333333,0.787878787878788,Implement / Accept
0.3333333333333333,0.797979797979798,Implement / Accept
0.3333333333333333,0.8080808080808082,Implement / Accept
0.3333333333333333,0.8181818181818182,Implement / Accept
0.3333333333333333,0.8282828282828284,Implement / Accept
0.3333333333333333,0.8383838383838385,Implement / Accept
0.3333333333333333,0.8484848484848485,Implement / Accept
0.3333333333333333,0.8585858585858587,Implement / Accept
0.3333333333333333,0.8686868686868687,Implement / Accept
0.3333333333333333,0.8787878787878789,Implement / Accept
0.3333333333333333,0.888888888888889,Implement / Accept
0.3333333333333333,0.8989898989898991,Implement / Accept
0.3333333333333333,0.9090909090909092,Implement / Accept
0.3333333333333333,0.9191919191919192,Implement / Accept
0.3333333333333333,0.9292929292929294,Implement / Accept
0.3333333333333333,0.9393939393939394,Implement / Accept
0.3333333333333333,0.9494949494949496,Implement / Accept
0.3333333333333333,0.9595959595959597,Implement / Accept
0.3333333333333333,0.9696969696969697,Implement / Accept
0.3333333333333333,0.9797979797979799,Implement / Accept
0.3333333333333333,0.98989898989899,Implement / Accept
0.3333333333333333,1.0,Implement / Accept
0.4,0.0,Absence of Pure Equilibrium
0.4,0.010101010101010102,Absence of Pure Equilibrium
0.4,0.020202020202020204,Absence of Pure Equilibrium
0.4,0.030303030303030304,Implement / Fight
0.4,0.04040404040404041,Implement / Fight
0.4,0.05050505050505051,Implement / Fight
0.4,0.06060606060606061,Implement / Fight
0.4,0.07070707070707072,Implement / Fight
0.4,0.08080808080808081,Implement / Fight
0.4,0.09090909090909091,Implement / Fight
0.4,0.10101010101010102,Implement / Fight
0.4,0.11111111111111112,Implement / Fight
0.4,0.12121212121212122,Implement / Fight
0.4,0.13131313131313133,Implement / Fight
0.4,0.14141414141414144,Implement / Fight
0.4,0.15151515151515152,Implement / Fight
0.4,0.16161616161616163,Implement / Fight
0.4,0.17171717171717174,Implement / Fight
0.4,0.18181818181818182,Implement / Fight
0.4,0.19191919191919193,Implement / Fight
0.4,0.20202020202020204,Implement / Fight
0.4,0.21212121212121213,Implement / Fight
0.4,0.22222222222222224,Implement / Fight
0.4,0.23232323232323235,Implement / Fight
0.4,0.24242424242424243,Implement / Fight
0.4,0.25252525252525254,Implement / Fight
0.4,0.26262626262626265,Implement / Fight
0.4,0.27272727272727276,Implement / Fight
0.4,0.2828282828282829,Implement / Fight
0.4,0.29292929292929293,Implement / Fight
0.4,0.30303030303030304,Implement / Fight
0.4,0.31313131313131315,Implement / Fight
0.4,0.32323232323232326,Implement / Fight
0.4,0.33333333333333337,Implement / Fight
0.4,0.3434343434343435,Implement / Fight
0.4,0.3535353535353536,Implement / Accept
0.4,0.36363636363636365,Implement / Accept
0.4,0.37373737373737376,Implement / Accept
0.4,0.38383838383838387,Implement / Accept
0.4,0.393939393939394,Implement / Accept
0.4,0.4040404040404041,Implement / Accept
0.4,0.4141414141414142,Implement / Accept
0.4,0.42424242424242425,Implement / Accept
0.4,0.43434343434343436,Implement / Accept
0.4,0.4444444444444445,Implement / Accept
0.4,0.4545454545454546,Implement / Accept
0.4,0.4646464646464647,Implement / Accept
0.4,0.4747474747474748,Implement / Accept
0.4,0.48484848484848486,Implement / Accept
0.4,0.494949494949495,Implement / Accept
0.4,0.5050505050505051,Implement / Accept
0.4,0.5151515151515152,Implement / Accept
0.4,0.5252525252525253,Implement / Accept
0.4,0.5353535353535354,Implement / Accept
0.4,0.5454545454545455,Implement / Accept
0.4,0.5555555555555556,Implement / Accept
0.4,0.5656565656565657,Implement / Accept
0.4,0.5757575757575758,Implement / Accept
0.4,0.5858585858585859,Implement / Accept
0.4,0.595959595959596,Implement / Accept
0.4,0.6060606060606061,Implement / Accept
0.4,0.6161616161616162,Implement / Accept
0.4,0.6262626262626263,Implement / Accept
0.4,0.6363636363636365,Implement / Accept
0.4,0.6464646464646465,Implement / Accept
0.4,0.6565656565656566,Implement / Accept
0.4,0.6666666666666667,Implement / Accept
0.4,0.6767676767676768,Implement / Accept
0.4,0.686868686868687,Implement / Accept
0.4,0.696969696969697,Implement / Accept
0.4,0.7070707070707072,Implement / Accept
0.4,0.7171717171717172,Implement / Accept
0.4,0.7272727272727273,Implement / Accept
0.4,0.7373737373737375,Implement / Accept
0.4,0.7474747474747475,Implement / Accept
0.4,0.7575757575757577,Implement / Accept
0.4,0.7676767676767677,Implement / Accept
0.4,0.7777777777777778,Implement / Accept
0.4,0.787878787878788,Implement / Accept
0.4,0.797979797979798,Implement / Accept
0.4,0.8080808080808082,Implement / Accept
0.4,0.8181818181818182,Implement / Accept
0.4,0.8282828282828284,Implement / Accept
0.4,0.8383838383838385,Implement / Accept
0.4,0.8484848484848485,Implement / Accept
0.4,0.8585858585858587,Implement / Accept
0.4,0.8686868686868687,Implement / Accept
0.4,0.8787878787878789,Implement / Accept
0.4,0.888888888888889,Implement / Accept
0.4,0.8989898989898991,Implement / Accept
0.4,0.9090909090909092,Implement / Accept
0.4,0.9191919191919192,Implement / Accept
0.4,0.9292929292929294,Implement / Accept
0.4,0.9393939393939394,Implement / Accept
0.4,0.9494949494949496,Implement / Accept
0.4,0.9595959595959597,Implement / Accept
0.4,0.9696969696969697,Implement / Accept
0.4,0.9797979797979799,Implement / Accept
0.4,0.98989898989899,Implement / Accept
0.4,1.0,Implement / Accept
0.4666666666666667,0.0,Absence of Pure Equilibrium
0.4666666666666667,0.010101010101010102,Absence of Pure Equilibrium
0.4666666666666667,0.020202020202020204,Absence of Pure Equilibrium
0.4666666666666667,0.030303030303030304,Implement / Fight
0.4666666666666667,0.04040404040404041,Implement / Fight
0.4666666666666667,0.05050505050505051,Implement / Fight
0.4666666666666667,0.06060606060606061,Implement / Fight
0.4666666666666667,0.07070707070707072,Implement / Fight
0.4666666666666667,0.08080808080808081,Implement / Fight
0.4666666666666667,0.09090909090909091,Implement / Fight
0.4666666666666667,0.10101010101010102,Implement / Fight
0.4666666666666667,0.11111111111111112,Implement / Fight
0.4666666666666667,0.12121212121212122,Implement / Fight
0.4666666666666667,0.13131313131313133,Implement / Fight
0.4666666666666667,0.14141414141414144,Implement / Fight
0.4666666666666667,0.15151515151515152,Implement / Fight
0.4666666666666667,0.16161616161616163,Implement / Fight
0.4666666666666667,0.17171717171717174,Implement / Fight
0.4666666666666667,0.18181818181818182,Implement / Fight
0.4666666666666667,0.19191919191919193,Implement / Fight
0.4666666666666667,0.20202020202020204,Implement / Fight
0.4666666666666667,0.21212121212121213,Implement / Fight
0.4666666666666667,0.22222222222222224,Implement / Fight
0.4666666666666667,0.23232323232323235,Implement / Fight
0.4666666666666667,0.24242424242424243,Implement / Fight
0.4666666666666667,0.25252525252525254,Implement / Fight
0.4666666666666667,0.26262626262626265,Implement / Fight
0.4666666666666667,0.27272727272727276,Implement / Fight
0.4666666666666667,0.2828282828282829,Implement / Fight
0.4666666666666667,0.29292929292929293,Implement / Fight
0.4666666666666667,0.30303030303030304,Implement / Fight
0.4666666666666667,0.31313131313131315,Implement / Fight
0.4666666666666667,0.32323232323232326,Implement / Fight
0.4666666666666667,0.33333333333333337,Implement / Fight
0.4666666666666667,0.3434343434343435,Implement / Fight
0.4666666666666667,0.3535353535353536,Implement / Fight
0.4666666666666667,0.36363636363636365,Implement / Accept
0.4666666666666667,0.37373737373737376,Implement / Accept
0.4666666666666667,0.38383838383838387,Implement / Accept
0.4666666666666667,0.393939393939394,Implement / Accept
0.4666666666666667,0.4040404040404041,Implement / Accept
0.4666666666666667,0.4141414141414142,Implement / Accept
0.4666666666666667,0.42424242424242425,Implement / Accept
0.4666666666666667,0.43434343434343436,Implement / Accept
0.4666666666666667,0.4444444444444445,Implement / Accept
0.4666666666666667,0.4545454545454546,Implement / Accept
0.4666666666666667,0.4646464646464647,Implement / Accept
0.4666666666666667,0.4747474747474748,Implement / Accept
0.4666666666666667,0.48484848484848486,Implement / Accept
0.4666666666666667,0.494949494949495,Implement / Accept
0.4666666666666667,0.5050505050505051,Implement / Accept
0.4666666666666667,0.5151515151515152,Implement / Accept
0.4666666666666667,0.5252525252525253,Implement / Accept
0.4666666666666667,0.5353535353535354,Implement / Accept
0.4666666666666667,0.5454545454545455,Implement / Accept
0.4666666666666667,0.5555555555555556,Implement / Accept
0.4666666666666667,0.5656565656565657,Implement / Accept
0.4666666666666667,0.5757575757575758,Implement / Accept
0.4666666666666667,0.5858585858585859,Implement / Accept
0.4666666666666667,0.595959595959596,Implement / Accept
0.4666666666666667,0.6060606060606061,Implement / Accept
0.4666666666666667,0.6161616161616162,Implement / Accept
0.4666666666666667,0.6262626262626263,Implement / Accept
0.4666666666666667,0.6363636363636365,Implement / Accept
0.4666666666666667,0.6464646464646465,Implement / Accept
0.4666666666666667,0.6565656565656566,Implement / Accept
0.4666666666666667,0.6666666666666667,Implement / Accept
0.4666666666666667,0.6767676767676768,Implement / Accept
0.4666666666666667,0.686868686868687,Implement / Accept
0.4666666666666667,0.696969696969697,Implement / Accept
0.4666666666666667,0.7070707070707072,Implement / Accept
0.4666666666666667,0.7171717171717172,Implement / Accept
0.4666666666666667,0.7272727272727273,Implement / Accept
0.4666666666666667,0.7373737373737375,Implement / Accept
0.4666666666666667,0.7474747474747475,Implement / Accept
0.4666666666666667,0.7575757575757577,Implement / Accept
0.4666666666666667,0.7676767676767677,Implement / Accept
0.4666666666666667,0.7777777777777778,Implement / Accept
0.4666666666666667,0.787878787878788,Implement / Accept
0.4666666666666667,0.797979797979798,Implement / Accept
0.4666666666666667,0.8080808080808082,Implement / Accept
0.4666666666666667,0.8181818181818182,Implement / Accept
0.4666666666666667,0.8282828282828284,Implement / Accept
0.4666666666666667,0.8383838383838385,Implement / Accept
0.4666666666666667,0.8484848484848485,Implement / Accept
0.4666666666666667,0.8585858585858587,Implement / Accept
0.4666666666666667,0.8686868686868687,Implement / Accept
0.4666666666666667,0.8787878787878789,Implement / Accept
0.4666666666666667,0.888888888888889,Implement / Accept
0.4666666666666667,0.8989898989898991,Implement / Accept
0.4666666666666667,0.9090909090909092,Implement / Accept
0.4666666666666667,0.9191919191919192,Implement / Accept
0.4666666666666667,0.9292929292929294,Implement / Accept
0.4666666666666667,0.9393939393939394,Implement / Accept
0.4666666666666667,0.9494949494949496,Implement / Accept
0.4666666666666667,0.9595959595959597,Implement / Accept
0.4666666666666667,0.9696969696969697,Implement / Accept
0.4666666666666667,0.9797979797979799,Implement / Accept
0.4666666666666667,0.98989898989899,Implement / Accept
0.4666666666666667,1.0,Implement / Accept
0.5333333333333333,0.0,Absence of Pure Equilibrium
0.5333333333333333,0.010101010101010102,Absence of Pure Equilibrium
0.5333333333333333,0.020202020202020204,Absence of Pure Equilibrium
0.5333333333333333,0.030303030303030304,Implement / Fight
0.5333333333333333,0.04040404040404041,Implement / Fight
0.5333333333333333,0.05050505050505051,Implement / Fight
0.5333333333333333,0.06060606060606061,Implement / Fight
0.5333333333333333,0.07070707070707072,Implement / Fight
0.5333333333333333,0.08080808080808081,Implement / Fight
0.5333333333333333,0.09090909090909091,Implement / Fight
0.5333333333333333,0.10101010101010102,Implement / Fight
0.5333333333333333,0.11111111111111112,Implement / Fight
0.5333333333333333,0.12121212121212122,Implement / Fight
0.5333333333333333,0.13131313131313133,Implement / Fight
0.5333333333333333,0.14141414141414144,Implement / Fight
0.5333333333333333,0.15151515151515152,Implement / Fight
0.5333333333333333,0.16161616161616163,Implement / Fight
0.5333333333333333,0.17171717171717174,Implement / Fight
0.5333333333333333,0.18181818181818182,Implement / Fight
0.5333333333333333,0.19191919191919193,Implement / Fight
0.5333333333333333,0.20202020202020204,Implement / Fight
0.5333333333333333,0.21212121212121213,Implement / Fight
0.5333333333333333,0.22222222222222224,Implement / Fight
0.5333333333333333,0.23232323232323235,Implement / Fight
0.5333333333333333,0.24242424242424243,Implement / Fight
0.5333333333333333,0.25252525252525254,Implement / Fight
0.5333333333333333,0.26262626262626265,Implement / Fight
0.5333333333333333,0.27272727272727276,Implement / Fight
0.5333333333333333,0.2828282828282829,Implement / Fight
0.5333333333333333,0.29292929292929293,Implement / Fight
0.5333333333333333,0.30303030303030304,Implement / Fight
0.5333333333333333,0.31313131313131315,Implement / Fight
0.5333333333333333,0.32323232323232326,Implement / Fight
0.5333333333333333,0.33333333333333337,Implement / Fight
0.5333333333333333,0.3434343434343435,Implement / Fight
0.5333333333333333,0.3535353535353536,Implement / Fight
0.5333333333333333,0.36363636363636365,Implement / Accept
0.5333333333333333,0.37373737373737376,Implement / Accept
0.5333333333333333,0.38383838383838387,Implement / Accept
0.5333333333333333,0.393939393939394,Implement / Accept
0.5333333333333333,0.4040404040404041,Implement / Accept
0.5333333333333333,0.4141414141414142,Implement / Accept
0.5333333333333333,0.42424242424242425,Implement / Accept
0.5333333333333333,0.43434343434343436,Implement / Accept
0.5333333333333333,0.4444444444444445,Implement / Accept
0.5333333333333333,0.4545454545454546,Implement / Accept
0.5333333333333333,0.4646464646464647,Implement / Accept
0.5333333333333333,0.4747474747474748,Implement / Accept
0.5333333333333333,0.48484848484848486,Implement / Accept
0.5333333333333333,0.494949494949495,Implement / Accept
0.5333333333333333,0.5050505050505051,Implement / Accept
0.5333333333333333,0.5151515151515152,Implement / Accept
0.5333333333333333,0.5252525252525253,Implement / Accept
0.5333333333333333,0.5353535353535354,Implement / Accept
0.5333333333333333,0.5454545454545455,Implement / Accept
0.5333333333333333,0.5555555555555556,Implement / Accept
0.5333333333333333,0.5656565656565657,Implement / Accept
0.5333333333333333,0.5757575757575758,Implement / Accept
0.5333333333333333,0.5858585858585859,Implement / Accept
0.5333333333333333,0.595959595959596,Implement / Accept
0.5333333333333333,0.6060606060606061,Implement / Accept
0.5333333333333333,0.6161616161616162,Implement / Accept
0.5333333333333333,0.6262626262626263,Implement / Accept
0.5333333333333333,0.6363636363636365,Implement / Accept
0.5333333333333333,0.6464646464646465,Implement / Accept
0.5333333333333333,0.6565656565656566,Implement / Accept
0.5333333333333333,0.6666666666666667,Implement / Accept
0.5333333333333333,0.6767676767676768,Implement / Accept
0.5333333333333333,0.686868686868687,Implement / Accept
0.5333333333333333,0.696969696969697,Implement / Accept
0.5333333333333333,0.7070707070707072,Implement / Accept
0.5333333333333333,0.7171717171717172,Implement / Accept
0.5333333333333333,0.7272727272727273,Implement / Accept
0.5333333333333333,0.7373737373737375,Implement / Accept
0.5333333333333333,0.7474747474747475,Implement / Accept
0.5333333333333333,0.7575757575757577,Implement / Accept
0.5333333333333333,0.7676767676767677,Implement / Accept
0.5333333333333333,0.7777777777777778,Implement / Accept
0.5333333333333333,0.787878787878788,Implement / Accept
0.5333333333333333,0.797979797979798,Implement / Accept
0.5333333333333333,0.8080808080808082,Implement / Accept
0.5333333333333333,0.8181818181818182,Implement / Accept
0.5333333333333333,0.8282828282828284,Implement / Accept
0.5333333333333333,0.8383838383838385,Implement / Accept
0.5333333333333333,0.8484848484848485,Implement / Accept
0.5333333333333333,0.8585858585858587,Implement / Accept
0.5333333333333333,0.8686868686868687,Implement / Accept
0.5333333333333333,0.8787878787878789,Implement / Accept
0.5333333333333333,0.888888888888889,Implement / Accept
0.5333333333333333,0.8989898989898991,Implement / Accept
0.5333333333333333,0.9090909090909092,Implement / Accept
0.5333333333333333,0.9191919191919192,Implement / Accept
0.5333333333333333,0.9292929292929294,Implement / Accept
0.5333333333333333,0.9393939393939394,Implement / Accept
0.5333333333333333,0.9494949494949496,Implement / Accept
0.5333333333333333,0.9595959595959597,Implement / Accept
0.5333333333333333,0.9696969696969697,Implement / Accept
0.5333333333333333,0.9797979797979799,Implement / Accept
0.5333333333333333,0.98989898989899,Implement / Accept
0.5333333333333333,1.0,Implement / Accept
0.6,0.0,Absence of Pure Equilibrium
0.6,0.010101010101010102,Absence of Pure Equilibrium
0.6,0.020202020202020204,Absence of Pure Equilibrium
0.6,0.030303030303030304,Implement / Fight
0.6,0.04040404040404041,Implement / Fight
0.6,0.05050505050505051,Implement / Fight
0.6,0.06060606060606061,Implement / Fight
0.6,0.07070707070707072,Implement / Fight
0.6,0.08080808080808081,Implement / Fight
0.6,0.09090909090909091,Implement / Fight
0.6,0.10101010101010102,Implement / Fight
0.6,0.11111111111111112,Implement / Fight
0.6,0.12121212121212122,Implement / Fight
0.6,0.13131313131313133,Implement / Fight
0.6,0.14141414141414144,Implement / Fight
0.6,0.15151515151515152,Implement / Fight
0.6,0.16161616161616163,Implement / Fight
0.6,0.17171717171717174,Implement / Fight
0.6,0.18181818181818182,Implement / Fight
0.6,0.19191919191919193,Implement / Fight
0.6,0.20202020202020204,Implement / Fight
0.6,0.21212121212121213,Implement / Fight
0.6,0.22222222222222224,Implement / Fight
0.6,0.23232323232323235,Implement / Fight
0.6,0.24242424242424243,Implement / Fight
0.6,0.25252525252525254,Implement / Fight
0.6,0.26262626262626265,Implement / Fight
0.6,0.27272727272727276,Implement / Fight
0.6,0.2828282828282829,Implement / Fight
0.6,0.29292929292929293,Implement / Fight
0.6,0.30303030303030304,Implement / Fight
0.6,0.31313131313131315,Implement / Fight
0.6,0.32323232323232326,Implement / Fight
0.6,0.33333333333333337,Implement / Fight
0.6,0.3434343434343435,Implement / Fight
0.6,0.3535353535353536,Implement / Fight
0.6,0.36363636363636365,Implement / Fight
0.6,0.37373737373737376,Implement / Accept
0.6,0.38383838383838387,Implement / Accept
0.6,0.393939393939394,Implement / Accept
0.6,0.4040404040404041,Implement / Accept
0.6,0.4141414141414142,Implement / Accept
0.6,0.42424242424242425,Implement / Accept
0.6,0.43434343434343436,Implement / Accept
0.6,0.4444444444444445,Implement / Accept
0.6,0.4545454545454546,Implement / Accept
0.6,0.4646464646464647,Implement / Accept
0.6,0.4747474747474748,Implement / Accept
0.6,0.48484848484848486,Implement / Accept
0.6,0.494949494949495,Implement / Accept
0.6,0.5050505050505051,Implement / Accept
0.6,0.5151515151515152,Implement / Accept
0.6,0.5252525252525253,Implement / Accept
0.6,0.5353535353535354,Implement / Accept
0.6,0.5454545454545455,Implement / Accept
0.6,0.5555555555555556,Implement / Accept
0.6,0.5656565656565657,Implement / Accept
0.6,0.5757575757575758,Implement / Accept
0.6,0.5858585858585859,Implement / Accept
0.6,0.595959595959596,Implement / Accept
0.6,0.6060606060606061,Implement / Accept
0.6,0.6161616161616162,Implement / Accept
0.6,0.6262626262626263,Implement / Accept
0.6,0.6363636363636365,Implement / Accept
0.6,0.6464646464646465,Implement / Accept
0.6,0.6565656565656566,Implement / Accept
0.6,0.6666666666666667,Implement / Accept
0.6,0.6767676767676768,Implement / Accept
0.6,0.686868686868687,Implement / Accept
0.6,0.696969696969697,Implement / Accept
0.6,0.7070707070707072,Implement / Accept
0.6,0.7171717171717172,Implement / Accept
0.6,0.7272727272727273,Implement / Accept
0.6,0.7373737373737375,Implement / Accept
0.6,0.7474747474747475,Implement / Accept
0.6,0.7575757575757577,Implement / Accept
0.6,0.7676767676767677,Implement / Accept
0.6,0.7777777777777778,Implement / Accept
0.6,0.787878787878788,Implement / Accept
0.6,0.797979797979798,Implement / Accept
0.6,0.8080808080808082,Implement / Accept
0.6,0.8181818181818182,Implement / Accept
0.6,0.8282828282828284,Implement / Accept
0.6,0.8383838383838385,Implement / Accept
0.6,0.8484848484848485,Implement / Accept
0.6,0.8585858585858587,Implement / Accept
0.6,0.8686868686868687,Implement / Accept
0.6,0.8787878787878789,Implement / Accept
0.6,0.888888888888889,Implement / Accept
0.6,0.8989898989898991,Implement / Accept
0.6,0.9090909090909092,Implement / Accept
0.6,0.9191919191919192,Implement / Accept
0.6,0.9292929292929294,Implement / Accept
0.6,0.9393939393939394,Implement / Accept
0.6,0.9494949494949496,Implement / Accept
0.6,0.9595959595959597,Implement / Accept
0.6,0.9696969696969697,Implement / Accept
0.6,0.9797979797979799,Implement / Accept
0.6,0.98989898989899,Implement / Accept
0.6,1.0,Implement / Accept
0.6666666666666666,0.0,Absence of Pure Equilibrium
0.6666666666666666,0.010101010101010102,Absence of Pure Equilibrium
0.6666666666666666,0.020202020202020204,Absence of Pure Equilibrium
0.6666666666666666,0.030303030303030304,Implement / Fight
0.6666666666666666,0.04040404040404041,Implement / Fight
0.6666666666666666,0.05050505050505051,Implement / Fight
0.6666666666666666,0.06060606060606061,Implement / Fight
0.6666666666666666,0.07070707070707072,Implement / Fight
0.6666666666666666,0.08080808080808081,Implement / Fight
0.6666666666666666,0.09090909090909091,Implement / Fight
0.6666666666666666,0.10101010101010102,Implement / Fight
0.6666666666666666,0.11111111111111112,Implement / Fight
0.6666666666666666,0.12121212121212122,Implement / Fight
0.6666666666666666,0.13131313131313133,Implement / Fight
0.6666666666666666,0.14141414141414144,Implement / Fight
0.6666666666666666,0.15151515151515152,Implement / Fight
0.6666666666666666,0.16161616161616163,Implement / Fight
0.6666666666666666,0.17171717171717174,Implement / Fight
0.6666666666666666,0.18181818181818182,Implement / Fight
0.6666666666666666,0.19191919191919193,Implement / Fight
0.6666666666666666,0.20202020202020204,Implement / Fight
0.6666666666666666,0.21212121212121213,Implement / Fight
0.6666666666666666,0.22222222222222224,Implement / Fight
0.6666666666666666,0.23232323232323235,Implement / Fight
0.6666666666666666,0.24242424242424243,Implement / Fight
0.6666666666666666,0.25252525252525254,Implement / Fight
0.6666666666666666,0.26262626262626265,Implement / Fight
0.6666666666666666,0.27272727272727276,Implement / Fight
0.6666666666666666,0.2828282828282829,Implement / Fight
0.6666666666666666,0.29292929292929293,Implement / Fight
0.6666666666666666,0.30303030303030304,Implement / Fight
0.6666666666666666,0.31313131313131315,Implement / Fight
0.6666666666666666,0.32323232323232326,Implement / Fight
0.6666666666666666,0.33333333333333337,Implement / Fight
0.6666666666666666,0.3434343434343435,Implement / Fight
0.6666666666666666,0.3535353535353536,Implement / Fight
0.6666666666666666,0.36363636363636365,Implement / Fight
0.6666666666666666,0.37373737373737376,Implement / Fight
0.6666666666666666,0.38383838383838387,Implement / Accept
0.6666666666666666,0.393939393939394,Implement / Accept
0.6666666666666666,0.4040404040404041,Implement / Accept
0.6666666666666666,0.4141414141414142,Implement / Accept
0.6666666666666666,0.42424242424242425,Implement / Accept
0.6666666666666666,0.43434343434343436,Implement / Accept
0.6666666666666666,0.4444444444444445,Implement / Accept
0.6666666666666666,0.4545454545454546,Implement / Accept
0.6666666666666666,0.4646464646464647,Implement / Accept
0.6666666666666666,0.4747474747474748,Implement / Accept
0.6666666666666666,0.48484848484848486,Implement / Accept
0.6666666666666666,0.494949494949495,Implement / Accept
0.6666666666666666,0.5050505050505051,Implement / Accept
0.6666666666666666,0.5151515151515152,Implement / Accept
0.6666666666666666,0.5252525252525253,Implement / Accept
0.6666666666666666,0.5353535353535354,Implement / Accept
0.6666666666666666,0.5454545454545455,Implement / Accept
0.6666666666666666,0.5555555555555556,Implement / Accept
0.6666666666666666,0.5656565656565657,Implement / Accept
0.6666666666666666,0.5757575757575758,Implement / Accept
0.6666666666666666,0.5858585858585859,Implement / Accept
0.6666666666666666,0.595959595959596,Implement / Accept
0.6666666666666666,0.6060606060606061,Implement / Accept
0.6666666666666666,0.6161616161616162,Implement / Accept
0.6666666666666666,0.6262626262626263,Implement / Accept
0.6666666666666666,0.6363636363636365,Implement / Accept
0.6666666666666666,0.6464646464646465,Implement / Accept
0.6666666666666666,0.6565656565656566,Implement / Accept
0.6666666666666666,0.6666666666666667,Implement / Accept
0.6666666666666666,0.6767676767676768,Implement / Accept
0.6666666666666666,0.686868686868687,Implement / Accept
0.6666666666666666,0.696969696969697,Implement / Accept
0.6666666666666666,0.7070707070707072,Implement / Accept
0.6666666666666666,0.7171717171717172,Implement / Accept
0.6666666666666666,0.7272727272727273,Implement / Accept
0.6666666666666666,0.7373737373737375,Implement / Accept
0.6666666666666666,0.7474747474747475,Implement / Accept
0.6666666666666666,0.7575757575757577,Implement / Accept
0.6666666666666666,0.7676767676767677,Implement / Accept
0.6666666666666666,0.7777777777777778,Implement / Accept
0.6666666666666666,0.787878787878788,Implement / Accept
0.6666666666666666,0.797979797979798,Implement / Accept
0.6666666666666666,0.8080808080808082,Implement / Accept
0.6666666666666666,0.8181818181818182,Implement / Accept
0.6666666666666666,0.8282828282828284,Implement / Accept
0.6666666666666666,0.8383838383838385,Implement / Accept
0.6666666666666666,0.8484848484848485,Implement / Accept
0.6666666666666666,0.8585858585858587,Implement / Accept
0.6666666666666666,0.8686868686868687,Implement / Accept
0.6666666666666666,0.8787878787878789,Implement / Accept
0.6666666666666666,0.888888888888889,Implement / Accept
0.6666666666666666,0.8989898989898991,Implement / Accept
0.6666666666666666,0.9090909090909092,Implement / Accept
0.6666666666666666,0.9191919191919192,Implement / Accept
0.6666666666666666,0.9292929292929294,Implement / Accept
0.6666666666666666,0.9393939393939394,Implement / Accept
0.6666666666666666,0.9494949494949496,Implement / Accept
0.6666666666666666,0.9595959595959597,Implement / Accept
0.6666666666666666,0.9696969696969697,Implement / Accept
0.6666666666666666,0.9797979797979799,Implement / Accept
0.6666666666666666,0.98989898989899,Implement / Accept
0.6666666666666666,1.0,Implement / Accept
0.7333333333333333,0.0,Absence of Pure Equilibrium
0.7333333333333333,0.010101010101010102,Absence of Pure Equilibrium
0.7333333333333333,0.020202020202020204,Absence of Pure Equilibrium
0.7333333333333333,0.030303030303030304,Implement / Fight
0.7333333333333333,0.04040404040404041,Implement / Fight
0.7333333333333333,0.05050505050505051,Implement / Fight
0.7333333333333333,0.06060606060606061,Implement / Fight
0.7333333333333333,0.07070707070707072,Implement / Fight
0.7333333333333333,0.08080808080808081,Implement / Fight
0.7333333333333333,0.09090909090909091,Implement / Fight
0.7333333333333333,0.10101010101010102,Implement / Fight
0.7333333333333333,0.11111111111111112,Implement / Fight
0.7333333333333333,0.12121212121212122,Implement / Fight
0.7333333333333333,0.13131313131313133,Implement / Fight
0.7333333333333333,0.14141414141414144,Implement / Fight
0.7333333333333333,0.15151515151515152,Implement / Fight
0.7333333333333333,0.16161616161616163,Implement / Fight
0.7333333333333333,0.17171717171717174,Implement / Fight
0.7333333333333333,0.18181818181818182,Implement / Fight
0.7333333333333333,0.19191919191919193,Implement / Fight
0.7333333333333333,0.20202020202020204,Implement / Fight
0.7333333333333333,0.21212121212121213,Implement / Fight
0.7333333333333333,0.22222222222222224,Implement / Fight
0.7333333333333333,0.23232323232323235,Implement / Fight
0.7333333333333333,0.24242424242424243,Implement / Fight
0.7333333333333333,0.25252525252525254,Implement / Fight
0.7333333333333333,0.26262626262626265,Implement / Fight
0.7333333333333333,0.27272727272727276,Implement / Fight
0.7333333333333333,0.2828282828282829,Implement / Fight
0.7333333333333333,0.29292929292929293,Implement / Fight
0.7333333333333333,0.30303030303030304,Implement / Fight
0.7333333333333333,0.31313131313131315,Implement / Fight
0.7333333333333333,0.32323232323232326,Implement / Fight
0.7333333333333333,0.33333333333333337,Implement / Fight
0.7333333333333333,0.3434343434343435,Implement / Fight
0.7333333333333333,0.3535353535353536,Implement / Fight
0.7333333333333333,0.36363636363636365,Implement / Fight
0.7333333333333333,0.37373737373737376,Implement / Fight
0.7333333333333333,0.38383838383838387,Implement / Accept
0.7333333333333333,0.393939393939394,Implement / Accept
0.7333333333333333,0.4040404040404041,Implement / Accept
0.7333333333333333,0.4141414141414142,Implement / Accept
0.7333333333333333,0.42424242424242425,Implement / Accept
0.7333333333333333,0.43434343434343436,Implement / Accept
0.7333333333333333,0.4444444444444445,Implement / Accept
0.7333333333333333,0.4545454545454546,Implement / Accept
0.7333333333333333,0.4646464646464647,Implement / Accept
0.7333333333333333,0.4747474747474748,Implement / Accept
0.7333333333333333,0.48484848484848486,Implement / Accept
0.7333333333333333,0.494949494949495,Implement / Accept
0.7333333333333333,0.5050505050505051,Implement / Accept
0.7333333333333333,0.5151515151515152,Implement / Accept
0.7333333333333333,0.5252525252525253,Implement / Accept
0.7333333333333333,0.5353535353535354,Implement / Accept
0.7333333333333333,0.5454545454545455,Implement / Accept
0.7333333333333333,0.5555555555555556,Implement / Accept
0.7333333333333333,0.5656565656565657,Implement / Accept
0.7333333333333333,0.5757575757575758,Implement / Accept
0.7333333333333333,0.5858585858585859,Implement / Accept
0.7333333333333333,0.595959595959596,Implement / Accept
0.7333333333333333,0.6060606060606061,Implement / Accept
0.7333333333333333,0.6161616161616162,Implement / Accept
0.7333333333333333,0.6262626262626263,Implement / Accept
0.7333333333333333,0.6363636363636365,Implement / Accept
0.7333333333333333,0.6464646464646465,Implement / Accept
0.7333333333333333,0.6565656565656566,Implement / Accept
0.7333333333333333,0.6666666666666667,Implement / Accept
0.7333333333333333,0.6767676767676768,Implement / Accept
0.7333333333333333,0.686868686868687,Implement / Accept
0.7333333333333333,0.696969696969697,Implement / Accept
0.7333333333333333,0.7070707070707072,Implement / Accept
0.7333333333333333,0.7171717171717172,Implement / Accept
0.7333333333333333,0.7272727272727273,Implement / Accept
0.7333333333333333,0.7373737373737375,Implement / Accept
0.7333333333333333,0.7474747474747475,Implement / Accept
0.7333333333333333,0.7575757575757577,Implement / Accept
0.7333333333333333,0.7676767676767677,Implement / Accept
0.7333333333333333,0.7777777777777778,Implement / Accept
0.7333333333333333,0.787878787878788,Implement / Accept
0.7333333333333333,0.797979797979798,Implement / Accept
0.7333333333333333,0.8080808080808082,Implement / Accept
0.7333333333333333,0.8181818181818182,Implement / Accept
0.7333333333333333,0.8282828282828284,Implement / Accept
0.7333333333333333,0.8383838383838385,Implement / Accept
0.7333333333333333,0.8484848484848485,Implement / Accept
0.7333333333333333,0.8585858585858587,Implement / Accept
0.7333333333333333,0.8686868686868687,Implement / Accept
0.7333333333333333,0.8787878787878789,Implement / Accept
0.7333333333333333,0.888888888888889,Implement / Accept
0.7333333333333333,0.8989898989898991,Implement / Accept
0.7333333333333333,0.9090909090909092,Implement / Accept
0.7333333333333333,0.9191919191919192,Implement / Accept
0.7333333333333333,0.9292929292929294,Implement / Accept
0.7333333333333333,0.9393939393939394,Implement / Accept
0.7333333333333333,0.9494949494949496,Implement / Accept
0.7333333333333333,0.9595959595959597,Implement / Accept
0.7333333333333333,0.9696969696969697,Implement / Accept
0.7333333333333333,0.9797979797979799,Implement / Accept
0.7333333333333333,0.98989898989899,Implement / Accept
0.7333333333333333,1.0,Implement / Accept
0.8,0.0,Absence of Pure Equilibrium
0.8,0.010101010101010102,Absence of Pure Equilibrium
0.8,0.020202020202020204,Absence of Pure Equilibrium
0.8,0.030303030303030304,Implement / Fight
0.8,0.04040404040404041,Implement / Fight
0.8,0.05050505050505051,Implement / Fight
0.8,0.06060606060606061,Implement / Fight
0.8,0.07070707070707072,Implement / Fight
0.8,0.08080808080808081,Implement / Fight
0.8,0.09090909090909091,Implement / Fight
0.8,0.10101010101010102,Implement / Fight
0.8,0.11111111111111112,Implement / Fight
0.8,0.12121212121212122,Implement / Fight
0.8,0.13131313131313133,Implement / Fight
0.8,0.14141414141414144,Implement / Fight
0.8,0.15151515151515152,Implement / Fight
0.8,0.16161616161616163,Implement / Fight
0.8,0.17171717171717174,Implement / Fight
0.8,0.18181818181818182,Implement / Fight
0.8,0.19191919191919193,Implement / Fight
0.8,0.20202020202020204,Implement / Fight
0.8,0.21212121212121213,Implement / Fight
0.8,0.22222222222222224,Implement / Fight
0.8,0.23232323232323235,Implement / Fight
0.8,0.24242424242424243,Implement / Fight
0.8,0.25252525252525254,Implement / Fight
0.8,0.26262626262626265,Implement / Fight
0.8,0.27272727272727276,Implement / Fight
0.8,0.2828282828282829,Implement / Fight
0.8,0.29292929292929293,Implement / Fight
0.8,0.30303030303030304,Implement / Fight
0.8,0.31313131313131315,Implement / Fight
0.8,0.32323232323232326,Implement / Fight
0.8,0.33333333333333337,Implement / Fight
0.8,0.3434343434343435,Implement / Fight
0.8,0.3535353535353536,Implement / Fight
0.8,0.36363636363636365,Implement / Fight
0.8,0.37373737373737376,Implement / Fight
0.8,0.38383838383838387,Implement / Fight
0.8,0.393939393939394,Implement / Accept
0.8,0.4040404040404041,Implement / Accept
0.8,0.4141414141414142,Implement / Accept
0.8,0.42424242424242425,Implement / Accept
0.8,0.43434343434343436,Implement / Accept
0.8,0.4444444444444445,Implement / Accept
0.8,0.4545454545454546,Implement / Accept
0.8,0.4646464646464647,Implement / Accept
0.8,0.4747474747474748,Implement / Accept
0.8,0.48484848484848486,Implement / Accept
0.8,0.494949494949495,Implement / Accept
0.8,0.5050505050505051,Implement / Accept
0.8,0.5151515151515152,Implement / Accept
0.8,0.5252525252525253,Implement / Accept
0.8,0.5353535353535354,Implement / Accept
0.8,0.5454545454545455,Implement / Accept
0.8,0.5555555555555556,Implement / Accept
0.8,0.5656565656565657,Implement / Accept
0.8,0.5757575757575758,Implement / Accept
0.8,0.5858585858585859,Implement / Accept
0.8,0.595959595959596,Implement / Accept
0.8,0.6060606060606061,Implement / Accept
0.8,0.6161616161616162,Implement / Accept
0.8,0.6262626262626263,Implement / Accept
0.8,0.6363636363636365,Implement / Accept
0.8,0.6464646464646465,Implement / Accept
0.8,0.6565656565656566,Implement / Accept
0.8,0.6666666666666667,Implement / Accept
0.8,0.6767676767676768,Implement / Accept
0.8,0.686868686868687,Implement / Accept
0.8,0.696969696969697,Implement / Accept
0.8,0.7070707070707072,Implement / Accept
0.8,0.7171717171717172,Implement / Accept
0.8,0.7272727272727273,Implement / Accept
0.8,0.7373737373737375,Implement / Accept
0.8,0.7474747474747475,Implement / Accept
0.8,0.7575757575757577,Implement / Accept
0.8,0.7676767676767677,Implement / Accept
0.8,0.7777777777777778,Implement / Accept
0.8,0.787878787878788,Implement / Accept
0.8,0.797979797979798,Implement / Accept
0.8,0.8080808080808082,Implement / Accept
0.8,0.8181818181818182,Implement / Accept
0.8,0.8282828282828284,Implement / Accept
0.8,0.8383838383838385,Implement / Accept
0.8,0.8484848484848485,Implement / Accept
0.8,0.8585858585858587,Implement / Accept
0.8,0.8686868686868687,Implement / Accept
0.8,0.8787878787878789,Implement / Accept
0.8,0.888888888888889,Implement / Accept
0.8,0.8989898989898991,Implement / Accept
0.8,0.9090909090909092,Implement / Accept
0.8,0.9191919191919192,Implement / Accept
0.8,0.9292929292929294,Implement / Accept
0.8,0.9393939393939394,Implement / Accept
0.8,0.9494949494949496,Implement / Accept
0.8,0.9595959595959597,Implement / Accept
0.8,0.9696969696969697,Implement / Accept
0.8,0.9797979797979799,Implement / Accept
0.8,0.98989898989899,Implement / Accept
0.8,1.0,Implement / Accept
0.8666666666666667,0.0,Absence of Pure Equilibrium
0.8666666666666667,0.010101010101010102,Absence of Pure Equilibrium
0.8666666666666667,0.020202020202020204,Absence of Pure Equilibrium
0.8666666666666667,0.030303030303030304,Implement / Fight
0.8666666666666667,0.04040404040404041,Implement / Fight
0.8666666666666667,0.05050505050505051,Implement / Fight
0.8666666666666667,0.06060606060606061,Implement / Fight
0.8666666666666667,0.07070707070707072,Implement / Fight
0.8666666666666667,0.08080808080808081,Implement / Fight
0.8666666666666667,0.09090909090909091,Implement / Fight
0.8666666666666667,0.10101010101010102,Implement / Fight
0.8666666666666667,0.11111111111111112,Implement / Fight
0.8666666666666667,0.12121212121212122,Implement / Fight
0.8666666666666667,0.13131313131313133,Implement / Fight
0.8666666666666667,0.14141414141414144,Implement / Fight
0.8666666666666667,0.15151515151515152,Implement / Fight
0.8666666666666667,0.16161616161616163,Implement / Fight
0.8666666666666667,0.17171717171717174,Implement / Fight
0.8666666666666667,0.18181818181818182,Implement / Fight
0.8666666666666667,0.19191919191919193,Implement / Fight
0.8666666666666667,0.20202020202020204,Implement / Fight
0.8666666666666667,0.21212121212121213,Implement / Fight
0.8666666666666667,0.22222222222222224,Implement / Fight
0.8666666666666667,0.23232323232323235,Implement / Fight
0.8666666666666667,0.24242424242424243,Implement / Fight
0.8666666666666667,0.25252525252525254,Implement / Fight
0.8666666666666667,0.26262626262626265,Implement / Fight
0.8666666666666667,0.27272727272727276,Implement / Fight
0.8666666666666667,0.2828282828282829,Implement / Fight
0.8666666666666667,0.29292929292929293,Implement / Fight
0.8666666666666667,0.30303030303030304,Implement / Fight
0.8666666666666667,0.31313131313131315,Implement / Fight
0.8666666666666667,0.32323232323232326,Implement / Fight
0.8666666666666667,0.33333333333333337,Implement / Fight
0.8666666666666667,0.3434343434343435,Implement / Fight
0.8666666666666667,0.3535353535353536,Implement / Fight
0.8666666666666667,0.36363636363636365,Implement / Fight
0.8666666666666667,0.37373737373737376,Implement / Fight
0.8666666666666667,0.38383838383838387,Implement / Fight
0.8666666666666667,0.393939393939394,Implement / Fight
0.8666666666666667,0.4040404040404041,Implement / Accept
0.8666666666666667,0.4141414141414142,Implement / Accept
0.8666666666666667,0.42424242424242425,Implement / Accept
0.8666666666666667,0.43434343434343436,Implement / Accept
0.8666666666666667,0.4444444444444445,Implement / Accept
0.8666666666666667,0.4545454545454546,Implement / Accept
0.8666666666666667,0.4646464646464647,Implement / Accept
0.8666666666666667,0.4747474747474748,Implement / Accept
0.8666666666666667,0.48484848484848486,Implement / Accept
0.8666666666666667,0.494949494949495,Implement / Accept
0.8666666666666667,0.5050505050505051,Implement / Accept
0.8666666666666667,0.5151515151515152,Implement / Accept
0.8666666666666667,0.5252525252525253,Implement / Accept
0.8666666666666667,0.5353535353535354,Implement / Accept
0.8666666666666667,0.5454545454545455,Implement / Accept
0.8666666666666667,0.5555555555555556,Implement / Accept
0.8666666666666667,0.5656565656565657,Implement / Accept
0.8666666666666667,0.5757575757575758,Implement / Accept
0.8666666666666667,0.5858585858585859,Implement / Accept
0.8666666666666667,0.595959595959596,Implement / Accept
0.8666666666666667,0.6060606060606061,Implement / Accept
0.8666666666666667,0.6161616161616162,Implement / Accept
0.8666666666666667,0.6262626262626263,Implement / Accept
0.8666666666666667,0.6363636363636365,Implement / Accept
0.8666666666666667,0.6464646464646465,Implement / Accept
0.8666666666666667,0.6565656565656566,Implement / Accept
0.8666666666666667,0.6666666666666667,Implement / Accept
0.8666666666666667,0.6767676767676768,Implement / Accept
0.8666666666666667,0.686868686868687,Implement / Accept
0.8666666666666667,0.696969696969697,Implement / Accept
0.8666666666666667,0.7070707070707072,Implement / Accept
0.8666666666666667,0.7171717171717172,Implement / Accept
0.8666666666666667,0.7272727272727273,Implement / Accept
0.8666666666666667,0.7373737373737375,Implement / Accept
0.8666666666666667,0.7474747474747475,Implement / Accept
0.8666666666666667,0.7575757575757577,Implement / Accept
0.8666666666666667,0.7676767676767677,Implement / Accept
0.8666666666666667,0.7777777777777778,Implement / Accept
0.8666666666666667,0.787878787878788,Implement / Accept
0.8666666666666667,0.797979797979798,Implement / Accept
0.8666666666666667,0.8080808080808082,Implement / Accept
0.8666666666666667,0.8181818181818182,Implement / Accept
0.8666666666666667,0.8282828282828284,Implement / Accept
0.8666666666666667,0.8383838383838385,Implement / Accept
0.8666666666666667,0.8484848484848485,Implement / Accept
0.8666666666666667,0.8585858585858587,Implement / Accept
0.8666666666666667,0.8686868686868687,Implement / Accept
0.8666666666666667,0.8787878787878789,Implement / Accept
0.8666666666666667,0.888888888888889,Implement / Accept
0.8666666666666667,0.8989898989898991,Implement / Accept
0.8666666666666667,0.9090909090909092,Implement / Accept
0.8666666666666667,0.9191919191919192,Implement / Accept
0.8666666666666667,0.9292929292929294,Implement / Accept
0.8666666666666667,0.9393939393939394,Implement / Accept
0.8666666666666667,0.9494949494949496,Implement / Accept
0.8666666666666667,0.9595959595959597,Implement / Accept
0.8666666666666667,0.9696969696969697,Implement / Accept
0.8666666666666667,0.9797979797979799,Implement / Accept
0.8666666666666667,0.98989898989899,Implement / Accept
0.8666666666666667,1.0,Implement / Accept
0.9333333333333333,0.0,Absence of Pure Equilibrium
0.9333333333333333,0.010101010101010102,Absence of Pure Equilibrium
0.9333333333333333,0.020202020202020204,Absence of Pure Equilibrium
0.9333333333333333,0.030303030303030304,Implement / Fight
0.9333333333333333,0.04040404040404041,Implement / Fight
0.9333333333333333,0.05050505050505051,Implement / Fight
0.9333333333333333,0.06060606060606061,Implement / Fight
0.9333333333333333,0.07070707070707072,Implement / Fight
0.9333333333333333,0.08080808080808081,Implement / Fight
0.9333333333333333,0.09090909090909091,Implement / Fight
0.9333333333333333,0.10101010101010102,Implement / Fight
0.9333333333333333,0.11111111111111112,Implement / Fight
0.9333333333333333,0.12121212121212122,Implement / Fight
0.9333333333333333,0.13131313131313133,Implement / Fight
0.9333333333333333,0.14141414141414144,Implement / Fight
0.9333333333333333,0.15151515151515152,Implement / Fight
0.9333333333333333,0.16161616161616163,Implement / Fight
0.9333333333333333,0.17171717171717174,Implement / Fight
0.9333333333333333,0.18181818181818182,Implement / Fight
0.9333333333333333,0.19191919191919193,Implement / Fight
0.9333333333333333,0.20202020202020204,Implement / Fight
0.9333333333333333,0.21212121212121213,Implement / Fight
0.9333333333333333,0.22222222222222224,Implement / Fight
0.9333333333333333,0.23232323232323235,Implement / Fight
0.9333333333333333,0.24242424242424243,Implement / Fight
0.9333333333333333,0.25252525252525254,Implement / Fight
0.9333333333333333,0.26262626262626265,Implement / Fight
0.9333333333333333,0.27272727272727276,Implement / Fight
0.9333333333333333,0.2828282828282829,Implement / Fight
0.9333333333333333,0.29292929292929293,Implement / Fight
0.9333333333333333,0.30303030303030304,Implement / Fight
0.9333333333333333,0.31313131313131315,Implement / Fight
0.9333333333333333,0.32323232323232326,Implement / Fight
0.9333333333333333,0.33333333333333337,Implement / Fight
0.9333333333333333,0.3434343434343435,Implement / Fight
0.9333333333333333,0.3535353535353536,Implement / Fight
0.9333333333333333,0.36363636363636365,Implement / Fight
0.9333333333333333,0.37373737373737376,Implement / Fight
0.9333333333333333,0.38383838383838387,Implement / Fight
0.9333333333333333,0.393939393939394,Implement / Fight
0.9333333333333333,0.4040404040404041,Implement / Accept
0.9333333333333333,0.4141414141414142,Implement / Accept
0.9333333333333333,0.42424242424242425,Implement / Accept
0.9333333333333333,0.43434343434343436,Implement / Accept
0.9333333333333333,0.4444444444444445,Implement / Accept
0.9333333333333333,0.4545454545454546,Implement / Accept
0.9333333333333333,0.4646464646464647,Implement / Accept
0.9333333333333333,0.4747474747474748,Implement / Accept
0.9333333333333333,0.48484848484848486,Implement / Accept
0.9333333333333333,0.494949494949495,Implement / Accept
0.9333333333333333,0.5050505050505051,Implement / Accept
0.9333333333333333,0.5151515151515152,Implement / Accept
0.9333333333333333,0.5252525252525253,Implement / Accept
0.9333333333333333,0.5353535353535354,Implement / Accept
0.9333333333333333,0.5454545454545455,Implement / Accept
0.9333333333333333,0.5555555555555556,Implement / Accept
0.9333333333333333,0.5656565656565657,Implement / Accept
0.9333333333333333,0.5757575757575758,Implement / Accept
0.9333333333333333,0.5858585858585859,Implement / Accept
0.9333333333333333,0.595959595959596,Implement / Accept
0.9333333333333333,0.6060606060606061,Implement / Accept
0.9333333333333333,0.6161616161616162,Implement / Accept
0.9333333333333333,0.6262626262626263,Implement / Accept
0.9333333333333333,0.6363636363636365,Implement / Accept
0.9333333333333333,0.6464646464646465,Implement / Accept
0.9333333333333333,0.6565656565656566,Implement / Accept
0.9333333333333333,0.6666666666666667,Implement / Accept
0.9333333333333333,0.6767676767676768,Implement / Accept
0.9333333333333333,0.686868686868687,Implement / Accept
0.9333333333333333,0.696969696969697,Implement / Accept
0.9333333333333333,0.7070707070707072,Implement / Accept
0.9333333333333333,0.7171717171717172,Implement / Accept
0.9333333333333333,0.7272727272727273,Implement / Accept
0.9333333333333333,0.7373737373737375,Implement / Accept
0.9333333333333333,0.7474747474747475,Implement / Accept
0.9333333333333333,0.7575757575757577,Implement / Accept
0.9333333333333333,0.7676767676767677,Implement / Accept
0.9333333333333333,0.7777777777777778,Implement / Accept
0.9333333333333333,0.787878787878788,Implement / Accept
0.9333333333333333,0.797979797979798,Implement / Accept
0.9333333333333333,0.8080808080808082,Implement / Accept
0.9333333333333333,0.8181818181818182,Implement / Accept
0.9333333333333333,0.8282828282828284,Implement / Accept
0.9333333333333333,0.8383838383838385,Implement / Accept
0.9333333333333333,0.8484848484848485,Implement / Accept
0.9333333333333333,0.8585858585858587,Implement / Accept
0.9333333333333333,0.8686868686868687,Implement / Accept
0.9333333333333333,0.8787878787878789,Implement / Accept
0.9333333333333333,0.888888888888889,Implement / Accept
0.9333333333333333,0.8989898989898991,Implement / Accept
0.9333333333333333,0.9090909090909092,Implement / Accept
0.9333333333333333,0.9191919191919192,Implement / Accept
0.9333333333333333,0.9292929292929294,Implement / Accept
0.9333333333333333,0.9393939393939394,Implement / Accept
0.9333333333333333,0.9494949494949496,Implement / Accept
0.9333333333333333,0.9595959595959597,Implement / Accept
0.9333333333333333,0.9696969696969697,Implement / Accept
0.9333333333333333,0.9797979797979799,Implement / Accept
0.9333333333333333,0.98989898989899,Implement / Accept
0.9333333333333333,1.0,Implement / Accept
1.0,0.0,Absence of Pure Equilibrium
1.0,0.010101010101010102,Absence of Pure Equilibrium
1.0,0.020202020202020204,Absence of Pure Equilibrium
1.0,0.030303030303030304,Implement / Fight
1.0,0.04040404040404041,Implement / Fight
1.0,0.05050505050505051,Implement / Fight
1.0,0.06060606060606061,Implement / Fight
1.0,0.07070707070707072,Implement / Fight
1.0,0.08080808080808081,Implement / Fight
1.0,0.09090909090909091,Implement / Fight
1.0,0.10101010101010102,Implement / Fight
1.0,0.11111111111111112,Implement / Fight
1.0,0.12121212121212122,Implement / Fight
1.0,0.13131313131313133,Implement / Fight
1.0,0.14141414141414144,Implement / Fight
1.0,0.15151515151515152,Implement / Fight
1.0,0.16161616161616163,Implement / Fight
1.0,0.17171717171717174,Implement / Fight
1.0,0.18181818181818182,Implement / Fight
1.0,0.19191919191919193,Implement / Fight
1.0,0.20202020202020204,Implement / Fight
1.0,0.21212121212121213,Implement / Fight
1.0,0.22222222222222224,Implement / Fight
1.0,0.23232323232323235,Implement / Fight
1.0,0.24242424242424243,Implement / Fight
1.0,0.25252525252525254,Implement / Fight
1.0,0.26262626262626265,Implement / Fight
1.0,0.27272727272727276,Implement / Fight
1.0,0.2828282828282829,Implement / Fight
1.0,0.29292929292929293,Implement / Fight
1.0,0.30303030303030304,Implement / Fight
1.0,0.31313131313131315,Implement / Fight
1.0,0.32323232323232326,Implement / Fight
1.0,0.33333333333333337,Implement / Fight
1.0,0.3434343434343435,Implement / Fight
1.0,0.3535353535353536,Implement / Fight
1.0,0.36363636363636365,Implement / Fight
1.0,0.37373737373737376,Implement / Fight
1.0,0.38383838383838387,Implement / Fight
1.0,0.393939393939394,Implement / Fight
1.0,0.4040404040404041,Implement / Fight
1.0,0.4141414141414142,Implement / Accept
1.0,0.42424242424242425,Implement / Accept
1.0,0.43434343434343436,Implement / Accept
1.0,0.4444444444444445,Implement / Accept
1.0,0.4545454545454546,Implement / Accept
1.0,0.4646464646464647,Implement / Accept
1.0,0.4747474747474748,Implement / Accept
1.0,0.48484848484848486,Implement / Accept
1.0,0.494949494949495,Implement / Accept
1.0,0.5050505050505051,Implement / Accept
1.0,0.5151515151515152,Implement / Accept
1.0,0.5252525252525253,Implement / Accept
1.0,0.5353535353535354,Implement / Accept
1.0,0.5454545454545455,Implement / Accept
1.0,0.5555555555555556,Implement / Accept
1.0,0.5656565656565657,Implement / Accept
1.0,0.5757575757575758,Implement / Accept
1.0,0.5858585858585859,Implement / Accept
1.0,0.595959595959596,Implement / Accept
1.0,0.6060606060606061,Implement / Accept
1.0,0.6161616161616162,Implement / Accept
1.0,0.6262626262626263,Implement / Accept
1.0,0.6363636363636365,Implement / Accept
1.0,0.6464646464646465,Implement / Accept
1.0,0.6565656565656566,Implement / Accept
1.0,0.6666666666666667,Implement / Accept
1.0,0.6767676767676768,Implement / Accept
1.0,0.686868686868687,Implement / Accept
1.0,0.696969696969697,Implement / Accept
1.0,0.7070707070707072,Implement / Accept
1.0,0.7171717171717172,Implement / Accept
1.0,0.7272727272727273,Implement / Accept
1.0,0.7373737373737375,Implement / Accept
1.0,0.7474747474747475,Implement / Accept
1.0,0.7575757575757577,Implement / Accept
1.0,0.7676767676767677,Implement / Accept
1.0,0.7777777777777778,Implement / Accept
1.0,0.787878787878788,Implement / Accept
1.0,0.797979797979798,Implement / Accept
1.0,0.8080808080808082,Implement / Accept
1.0,0.8181818181818182,Implement / Accept
1.0,0.8282828282828284,Implement / Accept
1.0,0.8383838383838385,Implement / Accept
1.0,0.8484848484848485,Implement / Accept
1.0,0.8585858585858587,Implement / Accept
1.0,0.8686868686868687,Implement / Accept
1.0,0.8787878787878789,Implement / Accept
1.0,0.888888888888889,Implement / Accept
1.0,0.8989898989898991,Implement / Accept
1.0,0.9090909090909092,Implement / Accept
1.0,0.9191919191919192,Implement / Accept
1.0,0.9292929292929294,Implement / Accept
1.0,0.9393939393939394,Implement / Accept
1.0,0.9494949494949496,Implement / Accept
1.0,0.9595959595959597,Implement / Accept
1.0,0.9696969696969697,Implement / Accept
1.0,0.9797979797979799,Implement / Accept
1.0,0.98989898989899,Implement / Accept
1.0,1.0,Implement / Accept
1.0666666666666667,0.0,Absence of Pure Equilibrium
1.0666666666666667,0.010101010101010102,Absence of Pure Equilibrium
1.0666666666666667,0.020202020202020204,Absence of Pure Equilibrium
1.0666666666666667,0.030303030303030304,Implement / Fight
1.0666666666666667,0.04040404040404041,Implement / Fight
1.0666666666666667,0.05050505050505051,Implement / Fight
1.0666666666666667,0.06060606060606061,Implement / Fight
1.0666666666666667,0.07070707070707072,Implement / Fight
1.0666666666666667,0.08080808080808081,Implement / Fight
1.0666666666666667,0.09090909090909091,Implement / Fight
1.0666666666666667,0.10101010101010102,Implement / Fight
1.0666666666666667,0.11111111111111112,Implement / Fight
1.0666666666666667,0.12121212121212122,Implement / Fight
1.0666666666666667,0.13131313131313133,Implement / Fight
1.0666666666666667,0.14141414141414144,Implement / Fight
1.0666666666666667,0.15151515151515152,Implement / Fight
1.0666666666666667,0.16161616161616163,Implement / Fight
1.0666666666666667,0.17171717171717174,Implement / Fight
1.0666666666666667,0.18181818181818182,Implement / Fight
1.0666666666666667,0.19191919191919193,Implement / Fight
1.0666666666666667,0.20202020202020204,Implement / Fight
1.0666666666666667,0.21212121212121213,Implement / Fight
1.0666666666666667,0.22222222222222224,Implement / Fight
1.0666666666666667,0.23232323232323235,Implement / Fight
1.0666666666666667,0.24242424242424243,Implement / Fight
1.0666666666666667,0.25252525252525254,Implement / Fight
1.0666666666666667,0.26262626262626265,Implement / Fight
1.0666666666666667,0.27272727272727276,Implement / Fight
1.0666666666666667,0.2828282828282829,Implement / Fight
1.0666666666666667,0.29292929292929293,Implement / Fight
1.0666666666666667,0.30303030303030304,Implement / Fight
1.0666666666666667,0.31313131313131315,Implement / Fight
1.0666666666666667,0.32323232323232326,Implement / Fight
1.0666666666666667,0.33333333333333337,Implement / Fight
1.0666666666666667,0.3434343434343435,Implement / Fight
1.0666666666666667,0.3535353535353536,Implement / Fight
1.0666666666666667,0.36363636363636365,Implement / Fight
1.0666666666666667,0.37373737373737376,Implement / Fight
1.0666666666666667,0.38383838383838387,Implement / Fight
1.0666666666666667,0.393939393939394,Implement / Fight
1.0666666666666667,0.4040404040404041,Implement / Fight
1.0666666666666667,0.4141414141414142,Implement / Fight
1.0666666666666667,0.42424242424242425,Implement / Accept
1.0666666666666667,0.43434343434343436,Implement / Accept
1.0666666666666667,0.4444444444444445,Implement / Accept
1.0666666666666667,0.4545454545454546,Implement / Accept
1.0666666666666667,0.4646464646464647,Implement / Accept
1.0666666666666667,0.4747474747474748,Implement / Accept
1.0666666666666667,0.48484848484848486,Implement / Accept
1.0666666666666667,0.494949494949495,Implement / Accept
1.0666666666666667,0.5050505050505051,Implement / Accept
1.0666666666666667,0.5151515151515152,Implement / Accept
1.0666666666666667,0.5252525252525253,Implement / Accept
1.0666666666666667,0.5353535353535354,Implement / Accept
1.0666666666666667,0.5454545454545455,Implement / Accept
1.0666666666666667,0.5555555555555556,Implement / Accept
1.0666666666666667,0.5656565656565657,Implement / Accept
1.0666666666666667,0.5757575757575758,Implement / Accept
1.0666666666666667,0.5858585858585859,Implement / Accept
1.0666666666666667,0.595959595959596,Implement / Accept
1.0666666666666667,0.6060606060606061,Implement / Accept
1.0666666666666667,0.6161616161616162,Implement / Accept
1.0666666666666667,0.6262626262626263,Implement / Accept
1.0666666666666667,0.6363636363636365,Implement / Accept
1.0666666666666667,0.6464646464646465,Implement / Accept
1.0666666666666667,0.6565656565656566,Implement / Accept
1.0666666666666667,0.6666666666666667,Implement / Accept
1.0666666666666667,0.6767676767676768,Implement / Accept
1.0666666666666667,0.686868686868687,Implement / Accept
1.0666666666666667,0.696969696969697,Implement / Accept
1.0666666666666667,0.7070707070707072,Implement / Accept
1.0666666666666667,0.7171717171717172,Implement / Accept
1.0666666666666667,0.7272727272727273,Implement / Accept
1.0666666666666667,0.7373737373737375,Implement / Accept
1.0666666666666667,0.7474747474747475,Implement / Accept
1.0666666666666667,0.7575757575757577,Implement / Accept
1.0666666666666667,0.7676767676767677,Implement / Accept
1.0666666666666667,0.7777777777777778,Implement / Accept
1.0666666666666667,0.787878787878788,Implement / Accept
1.0666666666666667,0.797979797979798,Implement / Accept
1.0666666666666667,0.8080808080808082,Implement / Accept
1.0666666666666667,0.8181818181818182,Implement / Accept
1.0666666666666667,0.8282828282828284,Implement / Accept
1.0666666666666667,0.8383838383838385,Implement / Accept
1.0666666666666667,0.8484848484848485,Implement / Accept
1.0666666666666667,0.8585858585858587,Implement / Accept
1.0666666666666667,0.8686868686868687,Implement / Accept
1.0666666666666667,0.8787878787878789,Implement / Accept
1.0666666666666667,0.888888888888889,Implement / Accept
1.0666666666666667,0.8989898989898991,Implement / Accept
1.0666666666666667,0.9090909090909092,Implement / Accept
1.0666666666666667,0.9191919191919192,Implement / Accept
1.0666666666666667,0.9292929292929294,Implement / Accept
1.0666666666666667,0.9393939393939394,Implement / Accept
1.0666666666666667,0.9494949494949496,Implement / Accept
1.0666666666666667,0.9595959595959597,Implement / Accept
1.0666666666666667,0.9696969696969697,Implement / Accept
1.0666666666666667,0.9797979797979799,Implement / Accept
1.0666666666666667,0.98989898989899,Implement / Accept
1.0666666666666667,1.0,Implement / Accept
1.1333333333333333,0.0,Absence of Pure Equilibrium
1.1333333333333333,0.010101010101010102,Absence of Pure Equilibrium
1.1333333333333333,0.020202020202020204,Absence of Pure Equilibrium
1.1333333333333333,0.030303030303030304,Implement / Fight
1.1333333333333333,0.04040404040404041,Implement / Fight
1.1333333333333333,0.05050505050505051,Implement / Fight
1.1333333333333333,0.06060606060606061,Implement / Fight
1.1333333333333333,0.07070707070707072,Implement / Fight
1.1333333333333333,0.08080808080808081,Implement / Fight
1.1333333333333333,0.09090909090909091,Implement / Fight
1.1333333333333333,0.10101010101010102,Implement / Fight
1.1333333333333333,0.11111111111111112,Implement / Fight
1.1333333333333333,0.12121212121212122,Implement / Fight
1.1333333333333333,0.13131313131313133,Implement / Fight
1.1333333333333333,0.14141414141414144,Implement / Fight
1.1333333333333333,0.15151515151515152,Implement / Fight
1.1333333333333333,0.16161616161616163,Implement / Fight
1.1333333333333333,0.17171717171717174,Implement / Fight
1.1333333333333333,0.18181818181818182,Implement / Fight
1.1333333333333333,0.19191919191919193,Implement / Fight
1.1333333333333333,0.20202020202020204,Implement / Fight
1.1333333333333333,0.21212121212121213,Implement / Fight
1.1333333333333333,0.22222222222222224,Implement / Fight
1.1333333333333333,0.23232323232323235,Implement / Fight
1.1333333333333333,0.24242424242424243,Implement / Fight
1.1333333333333333,0.25252525252525254,Implement / Fight
1.1333333333333333,0.26262626262626265,Implement / Fight
1.1333333333333333,0.27272727272727276,Implement / Fight
1.1333333333333333,0.2828282828282829,Implement / Fight
1.1333333333333333,0.29292929292929293,Implement / Fight
1.1333333333333333,0.30303030303030304,Implement / Fight
1.1333333333333333,0.31313131313131315,Implement / Fight
1.1333333333333333,0.32323232323232326,Implement / Fight
1.1333333333333333,0.33333333333333337,Implement / Fight
1.1333333333333333,0.3434343434343435,Implement / Fight
1.1333333333333333,0.3535353535353536,Implement / Fight
1.1333333333333333,0.36363636363636365,Implement / Fight
1.1333333333333333,0.37373737373737376,Implement / Fight
1.1333333333333333,0.38383838383838387,Implement / Fight
1.1333333333333333,0.393939393939394,Implement / Fight
1.1333333333333333,0.4040404040404041,Implement / Fight
1.1333333333333333,0.4141414141414142,Implement / Fight
1.1333333333333333,0.42424242424242425,Implement / Fight
1.1333333333333333,0.43434343434343436,Implement / Accept
1.1333333333333333,0.4444444444444445,Implement / Accept
1.1333333333333333,0.4545454545454546,Implement / Accept
1.1333333333333333,0.4646464646464647,Implement / Accept
1.1333333333333333,0.4747474747474748,Implement / Accept
1.1333333333333333,0.48484848484848486,Implement / Accept
1.1333333333333333,0.494949494949495,Implement / Accept
1.1333333333333333,0.5050505050505051,Implement / Accept
1.1333333333333333,0.5151515151515152,Implement / Accept
1.1333333333333333,0.5252525252525253,Implement / Accept
1.1333333333333333,0.5353535353535354,Implement / Accept
1.1333333333333333,0.5454545454545455,Implement / Accept
1.1333333333333333,0.5555555555555556,Implement / Accept
1.1333333333333333,0.5656565656565657,Implement / Accept
1.1333333333333333,0.5757575757575758,Implement / Accept
1.1333333333333333,0.5858585858585859,Implement / Accept
1.1333333333333333,0.595959595959596,Implement / Accept
1.1333333333333333,0.6060606060606061,Implement / Accept
1.1333333333333333,0.6161616161616162,Implement / Accept
1.1333333333333333,0.6262626262626263,Implement / Accept
1.1333333333333333,0.6363636363636365,Implement / Accept
1.1333333333333333,0.6464646464646465,Implement / Accept
1.1333333333333333,0.6565656565656566,Implement / Accept
1.1333333333333333,0.6666666666666667,Implement / Accept
1.1333333333333333,0.6767676767676768,Implement / Accept
1.1333333333333333,0.686868686868687,Implement / Accept
1.1333333333333333,0.696969696969697,Implement / Accept
1.1333333333333333,0.7070707070707072,Implement / Accept
1.1333333333333333,0.7171717171717172,Implement / Accept
1.1333333333333333,0.7272727272727273,Implement / Accept
1.1333333333333333,0.7373737373737375,Implement / Accept
1.1333333333333333,0.7474747474747475,Implement / Accept
1.1333333333333333,0.7575757575757577,Implement / Accept
1.1333333333333333,0.7676767676767677,Implement / Accept
1.1333333333333333,0.7777777777777778,Implement / Accept
1.1333333333333333,0.787878787878788,Implement / Accept
1.1333333333333333,0.797979797979798,Implement / Accept
1.1333333333333333,0.8080808080808082,Implement / Accept
1.1333333333333333,0.8181818181818182,Implement / Accept
1.1333333333333333,0.8282828282828284,Implement / Accept
1.1333333333333333,0.8383838383838385,Implement / Accept
1.1333333333333333,0.8484848484848485,Implement / Accept
1.1333333333333333,0.8585858585858587,Implement / Accept
1.1333333333333333,0.8686868686868687,Implement / Accept
1.1333333333333333,0.8787878787878789,Implement / Accept
1.1333333333333333,0.888888888888889,Implement / Accept
1.1333333333333333,0.8989898989898991,Implement / Accept
1.1333333333333333,0.9090909090909092,Implement / Accept
1.1333333333333333,0.9191919191919192,Implement / Accept
1.1333333333333333,0.9292929292929294,Implement / Accept
1.1333333333333333,0.9393939393939394,Implement / Accept
1.1333333333333333,0.9494949494949496,Implement / Accept
1.1333333333333333,0.9595959595959597,Implement / Accept
1.1333333333333333,0.9696969696969697,Implement / Accept
1.1333333333333333,0.9797979797979799,Implement / Accept
1.1333333333333333,0.98989898989899,Implement / Accept
1.1333333333333333,1.0,Implement / Accept
1.2,0.0,Absence of Pure Equilibrium
1.2,0.010101010101010102,Absence of Pure Equilibrium
1.2,0.020202020202020204,Absence of Pure Equilibrium
1.2,0.030303030303030304,Implement / Fight
1.2,0.04040404040404041,Implement / Fight
1.2,0.05050505050505051,Implement / Fight
1.2,0.06060606060606061,Implement / Fight
1.2,0.07070707070707072,Implement / Fight
1.2,0.08080808080808081,Implement / Fight
1.2,0.09090909090909091,Implement / Fight
1.2,0.10101010101010102,Implement / Fight
1.2,0.11111111111111112,Implement / Fight
1.2,0.12121212121212122,Implement / Fight
1.2,0.13131313131313133,Implement / Fight
1.2,0.14141414141414144,Implement / Fight
1.2,0.15151515151515152,Implement / Fight
1.2,0.16161616161616163,Implement / Fight
1.2,0.17171717171717174,Implement / Fight
1.2,0.18181818181818182,Implement / Fight
1.2,0.19191919191919193,Implement / Fight
1.2,0.20202020202020204,Implement / Fight
1.2,0.21212121212121213,Implement / Fight
1.2,0.22222222222222224,Implement / Fight
1.2,0.23232323232323235,Implement / Fight
1.2,0.24242424242424243,Implement / Fight
1.2,0.25252525252525254,Implement / Fight
1.2,0.26262626262626265,Implement / Fight
1.2,0.27272727272727276,Implement / Fight
1.2,0.2828282828282829,Implement / Fight
1.2,0.29292929292929293,Implement / Fight
1.2,0.30303030303030304,Implement / Fight
1.2,0.31313131313131315,Implement / Fight
1.2,0.32323232323232326,Implement / Fight
1.2,0.33333333333333337,Implement / Fight
1.2,0.3434343434343435,Implement / Fight
1.2,0.3535353535353536,Implement / Fight
1.2,0.36363636363636365,Implement / Fight
1.2,0.37373737373737376,Implement / Fight
1.2,0.38383838383838387,Implement / Fight
1.2,0.393939393939394,Implement / Fight
1.2,0.4040404040404041,Implement / Fight
1.2,0.4141414141414142,Implement / Fight
1.2,0.42424242424242425,Implement / Fight
1.2,0.43434343434343436,Implement / Fight
1.2,0.4444444444444445,Implement / Accept
1.2,0.4545454545454546,Implement / Accept
1.2,0.4646464646464647,Implement / Accept
1.2,0.4747474747474748,Implement / Accept
1.2,0.48484848484848486,Implement / Accept
1.2,0.494949494949495,Implement / Accept
1.2,0.5050505050505051,Implement / Accept
1.2,0.5151515151515152,Implement / Accept
1.2,0.5252525252525253,Implement / Accept
1.2,0.5353535353535354,Implement / Accept
1.2,0.5454545454545455,Implement / Accept
1.2,0.5555555555555556,Implement / Accept
1.2,0.5656565656565657,Implement / Accept
1.2,0.5757575757575758,Implement / Accept
1.2,0.5858585858585859,Implement / Accept
1.2,0.595959595959596,Implement / Accept
1.2,0.6060606060606061,Implement / Accept
1.2,0.6161616161616162,Implement / Accept
1.2,0.6262626262626263,Implement / Accept
1.2,0.6363636363636365,Implement / Accept
1.2,0.6464646464646465,Implement / Accept
1.2,0.6565656565656566,Implement / Accept
1.2,0.6666666666666667,Implement / Accept
1.2,0.6767676767676768,Implement / Accept
1.2,0.686868686868687,Implement / Accept
1.2,0.696969696969697,Implement / Accept
1.2,0.7070707070707072,Implement / Accept
1.2,0.7171717171717172,Implement / Accept
1.2,0.7272727272727273,Implement / Accept
1.2,0.7373737373737375,Implement / Accept
1.2,0.7474747474747475,Implement / Accept
1.2,0.7575757575757577,Implement / Accept
1.2,0.7676767676767677,Implement / Accept
1.2,0.7777777777777778,Implement / Accept
1.2,0.787878787878788,Implement / Accept
1.2,0.797979797979798,Implement / Accept
1.2,0.8080808080808082,Implement / Accept
1.2,0.8181818181818182,Implement / Accept
1.2,0.8282828282828284,Implement / Accept
1.2,0.8383838383838385,Implement / Accept
1.2,0.8484848484848485,Implement / Accept
1.2,0.8585858585858587,Implement / Accept
1.2,0.8686868686868687,Implement / Accept
1.2,0.8787878787878789,Implement / Accept
1.2,0.888888888888889,Implement / Accept
1.2,0.8989898989898991,Implement / Accept
1.2,0.9090909090909092,Implement / Accept
1.2,0.9191919191919192,Implement / Accept
1.2,0.9292929292929294,Implement / Accept
1.2,0.9393939393939394,Implement / Accept
1.2,0.9494949494949496,Implement / Accept
1.2,0.9595959595959597,Implement / Accept
1.2,0.9696969696969697,Implement / Accept
1.2,0.9797979797979799,Implement / Accept
1.2,0.98989898989899,Implement / Accept
1.2,1.0,Implement / Accept
1.2666666666666666,0.0,Absence of Pure Equilibrium
1.2666666666666666,0.010101010101010102,Absence of Pure Equilibrium
1.2666666666666666,0.020202020202020204,Absence of Pure Equilibrium
1.2666666666666666,0.030303030303030304,Implement / Fight
1.2666666666666666,0.04040404040404041,Implement / Fight
1.2666666666666666,0.05050505050505051,Implement / Fight
1.2666666666666666,0.06060606060606061,Implement / Fight
1.2666666666666666,0.07070707070707072,Implement / Fight
1.2666666666666666,0.08080808080808081,Implement / Fight
1.2666666666666666,0.09090909090909091,Implement / Fight
1.2666666666666666,0.10101010101010102,Implement / Fight
1.2666666666666666,0.11111111111111112,Implement / Fight
1.2666666666666666,0.12121212121212122,Implement / Fight
1.2666666666666666,0.13131313131313133,Implement / Fight
1.2666666666666666,0.14141414141414144,Implement / Fight
1.2666666666666666,0.15151515151515152,Implement / Fight
1.2666666666666666,0.16161616161616163,Implement / Fight
1.2666666666666666,0.17171717171717174,Implement / Fight
1.2666666666666666,0.18181818181818182,Implement / Fight
1.2666666666666666,0.19191919191919193,Implement / Fight
1.2666666666666666,0.20202020202020204,Implement / Fight
1.2666666666666666,0.21212121212121213,Implement / Fight
1.2666666666666666,0.22222222222222224,Implement / Fight
1.2666666666666666,0.23232323232323235,Implement / Fight
1.2666666666666666,0.24242424242424243,Implement / Fight
1.2666666666666666,0.25252525252525254,Implement / Fight
1.2666666666666666,0.26262626262626265,Implement / Fight
1.2666666666666666,0.27272727272727276,Implement / Fight
1.2666666666666666,0.2828282828282829,Implement / Fight
1.2666666666666666,0.29292929292929293,Implement / Fight
1.2666666666666666,0.30303030303030304,Implement / Fight
1.2666666666666666,0.31313131313131315,Implement / Fight
1.2666666666666666,0.32323232323232326,Implement / Fight
1.2666666666666666,0.33333333333333337,Implement / Fight
1.2666666666666666,0.3434343434343435,Implement / Fight
1.2666666666666666,0.3535353535353536,Implement / Fight
1.2666666666666666,0.36363636363636365,Implement / Fight
1.2666666666666666,0.37373737373737376,Implement / Fight
1.2666666666666666,0.38383838383838387,Implement / Fight
1.2666666666666666,0.393939393939394,Implement / Fight
1.2666666666666666,0.4040404040404041,Implement / Fight
1.2666666666666666,0.4141414141414142,Implement / Fight
1.2666666666666666,0.42424242424242425,Implement / Fight
1.2666666666666666,0.43434343434343436,Implement / Fight
1.2666666666666666,0.4444444444444445,Implement / Fight
1.2666666666666666,0.4545454545454546,Implement / Accept
1.2666666666666666,0.4646464646464647,Implement / Accept
1.2666666666666666,0.4747474747474748,Implement / Accept
1.2666666666666666,0.48484848484848486,Implement / Accept
1.2666666666666666,0.494949494949495,Implement / Accept
1.2666666666666666,0.5050505050505051,Implement / Accept
1.2666666666666666,0.5151515151515152,Implement / Accept
1.2666666666666666,0.5252525252525253,Implement / Accept
1.2666666666666666,0.5353535353535354,Implement / Accept
1.2666666666666666,0.5454545454545455,Implement / Accept
1.2666666666666666,0.5555555555555556,Implement / Accept
1.2666666666666666,0.5656565656565657,Implement / Accept
1.2666666666666666,0.5757575757575758,Implement / Accept
1.2666666666666666,0.5858585858585859,Implement / Accept
1.2666666666666666,0.595959595959596,Implement / Accept
1.2666666666666666,0.6060606060606061,Implement / Accept
1.2666666666666666,0.6161616161616162,Implement / Accept
1.2666666666666666,0.6262626262626263,Implement / Accept
1.2666666666666666,0.6363636363636365,Implement / Accept
1.2666666666666666,0.6464646464646465,Implement / Accept
1.2666666666666666,0.6565656565656566,Implement / Accept
1.2666666666666666,0.6666666666666667,Implement / Accept
1.2666666666666666,0.6767676767676768,Implement / Accept
1.2666666666666666,0.686868686868687,Implement / Accept
1.2666666666666666,0.696969696969697,Implement / Accept
1.2666666666666666,0.7070707070707072,Implement / Accept
1.2666666666666666,0.7171717171717172,Implement / Accept
1.2666666666666666,0.7272727272727273,Implement / Accept
1.2666666666666666,0.7373737373737375,Implement / Accept
1.2666666666666666,0.7474747474747475,Implement / Accept
1.2666666666666666,0.7575757575757577,Implement / Accept
1.2666666666666666,0.7676767676767677,Implement / Accept
1.2666666666666666,0.7777777777777778,Implement / Accept
1.2666666666666666,0.787878787878788,Implement / Accept
1.2666666666666666,0.797979797979798,Implement / Accept
1.2666666666666666,0.8080808080808082,Implement / Accept
1.2666666666666666,0.8181818181818182,Implement / Accept
1.2666666666666666,0.8282828282828284,Implement / Accept
1.2666666666666666,0.8383838383838385,Implement / Accept
1.2666666666666666,0.8484848484848485,Implement / Accept
1.2666666666666666,0.8585858585858587,Implement / Accept
1.2666666666666666,0.8686868686868687,Implement / Accept
1.2666666666666666,0.8787878787878789,Implement / Accept
1.2666666666666666,0.888888888888889,Implement / Accept
1.2666666666666666,0.8989898989898991,Implement / Accept
1.2666666666666666,0.9090909090909092,Implement / Accept
1.2666666666666666,0.9191919191919192,Implement / Accept
1.2666666666666666,0.9292929292929294,Implement / Accept
1.2666666666666666,0.9393939393939394,Implement / Accept
1.2666666666666666,0.9494949494949496,Implement / Accept
1.2666666666666666,0.9595959595959597,Implement / Accept
1.2666666666666666,0.9696969696969697,Implement / Accept
1.2666666666666666,0.9797979797979799,Implement / Accept
1.2666666666666666,0.98989898989899,Implement / Accept
1.2666666666666666,1.0,Implement / Accept
1.3333333333333333,0.0,Absence of Pure Equilibrium
1.3333333333333333,0.010101010101010102,Absence of Pure Equilibrium
1.3333333333333333,0.020202020202020204,Absence of Pure Equilibrium
1.3333333333333333,0.030303030303030304,Implement / Fight
1.3333333333333333,0.04040404040404041,Implement / Fight
1.3333333333333333,0.05050505050505051,Implement / Fight
1.3333333333333333,0.06060606060606061,Implement / Fight
1.3333333333333333,0.07070707070707072,Implement / Fight
1.3333333333333333,0.08080808080808081,Implement / Fight
1.3333333333333333,0.09090909090909091,Implement / Fight
1.3333333333333333,0.10101010101010102,Implement / Fight
1.3333333333333333,0.11111111111111112,Implement / Fight
1.3333333333333333,0.12121212121212122,Implement / Fight
1.3333333333333333,0.13131313131313133,Implement / Fight
1.3333333333333333,0.14141414141414144,Implement / Fight
1.3333333333333333,0.15151515151515152,Implement / Fight
1.3333333333333333,0.16161616161616163,Implement / Fight
1.3333333333333333,0.17171717171717174,Implement / Fight
1.3333333333333333,0.18181818181818182,Implement / Fight
1.3333333333333333,0.19191919191919193,Implement / Fight
1.3333333333333333,0.20202020202020204,Implement / Fight
1.3333333333333333,0.21212121212121213,Implement / Fight
1.3333333333333333,0.22222222222222224,Implement / Fight
1.3333333333333333,0.23232323232323235,Implement / Fight
1.3333333333333333,0.24242424242424243,Implement / Fight
1.3333333333333333,0.25252525252525254,Implement / Fight
1.3333333333333333,0.26262626262626265,Implement / Fight
1.3333333333333333,0.27272727272727276,Implement / Fight
1.3333333333333333,0.2828282828282829,Implement / Fight
1.3333333333333333,0.29292929292929293,Implement / Fight
1.3333333333333333,0.30303030303030304,Implement / Fight
1.3333333333333333,0.31313131313131315,Implement / Fight
1.3333333333333333,0.32323232323232326,Implement / Fight
1.3333333333333333,0.33333333333333337,Implement / Fight
1.3333333333333333,0.3434343434343435,Implement / Fight
1.3333333333333333,0.3535353535353536,Implement / Fight
1.3333333333333333,0.36363636363636365,Implement / Fight
1.3333333333333333,0.37373737373737376,Implement / Fight
1.3333333333333333,0.38383838383838387,Implement / Fight
1.3333333333333333,0.393939393939394,Implement / Fight
1.3333333333333333,0.4040404040404041,Implement / Fight
1.3333333333333333,0.4141414141414142,Implement / Fight
1.3333333333333333,0.42424242424242425,Implement / Fight
1.3333333333333333,0.43434343434343436,Implement / Fight
1.3333333333333333,0.4444444444444445,Implement / Fight
1.3333333333333333,0.4545454545454546,Implement / Fight
1.3333333333333333,0.4646464646464647,Implement / Accept
1.3333333333333333,0.4747474747474748,Implement / Accept
1.3333333333333333,0.48484848484848486,Implement / Accept
1.3333333333333333,0.494949494949495,Implement / Accept
1.3333333333333333,0.5050505050505051,Implement / Accept
1.3333333333333333,0.5151515151515152,Implement / Accept
1.3333333333333333,0.5252525252525253,Implement / Accept
1.3333333333333333,0.5353535353535354,Implement / Accept
1.3333333333333333,0.5454545454545455,Implement / Accept
1.3333333333333333,0.5555555555555556,Implement / Accept
1.3333333333333333,0.5656565656565657,Implement / Accept
1.3333333333333333,0.5757575757575758,Implement / Accept
1.3333333333333333,0.5858585858585859,Implement / Accept
1.3333333333333333,0.595959595959596,Implement / Accept
1.3333333333333333,0.6060606060606061,Implement / Accept
1.3333333333333333,0.6161616161616162,Implement / Accept
1.3333333333333333,0.6262626262626263,Implement / Accept
1.3333333333333333,0.6363636363636365,Implement / Accept
1.3333333333333333,0.6464646464646465,Implement / Accept
1.3333333333333333,0.6565656565656566,Implement / Accept
1.3333333333333333,0.6666666666666667,Implement / Accept
1.3333333333333333,0.6767676767676768,Implement / Accept
1.3333333333333333,0.686868686868687,Implement / Accept
1.3333333333333333,0.696969696969697,Implement / Accept
1.3333333333333333,0.7070707070707072,Implement / Accept
1.3333333333333333,0.7171717171717172,Implement / Accept
1.3333333333333333,0.7272727272727273,Implement / Accept
1.3333333333333333,0.7373737373737375,Implement / Accept
1.3333333333333333,0.7474747474747475,Implement / Accept
1.3333333333333333,0.7575757575757577,Implement / Accept
1.3333333333333333,0.7676767676767677,Implement / Accept
1.3333333333333333,0.7777777777777778,Implement / Accept
1.3333333333333333,0.787878787878788,Implement / Accept
1.3333333333333333,0.797979797979798,Implement / Accept
1.3333333333333333,0.8080808080808082,Implement / Accept
1.3333333333333333,0.8181818181818182,Implement / Accept
1.3333333333333333,0.8282828282828284,Implement / Accept
1.3333333333333333,0.8383838383838385,Implement / Accept
1.3333333333333333,0.8484848484848485,Implement / Accept
1.3333333333333333,0.8585858585858587,Implement / Accept
1.3333333333333333,0.8686868686868687,Implement / Accept
1.3333333333333333,0.8787878787878789,Implement / Accept
1.3333333333333333,0.888888888888889,Implement / Accept
1.3333333333333333,0.8989898989898991,Implement / Accept
1.3333333333333333,0.9090909090909092,Implement / Accept
1.3333333333333333,0.9191919191919192,Implement / Accept
1.3333333333333333,0.9292929292929294,Implement / Accept
1.3333333333333333,0.9393939393939394,Implement / Accept
1.3333333333333333,0.9494949494949496,Implement / Accept
1.3333333333333333,0.9595959595959597,Implement / Accept
1.3333333333333333,0.9696969696969697,Implement / Accept
1.3333333333333333,0.9797979797979799,Implement / Accept
1.3333333333333333,0.98989898989899,Implement / Accept
1.3333333333333333,1.0,Implement / Accept
1.4,0.0,Absence of Pure Equilibrium
1.4,0.010101010101010102,Absence of Pure Equilibrium
1.4,0.020202020202020204,Absence of Pure Equilibrium
1.4,0.030303030303030304,Implement / Fight
1.4,0.04040404040404041,Implement / Fight
1.4,0.05050505050505051,Implement / Fight
1.4,0.06060606060606061,Implement / Fight
1.4,0.07070707070707072,Implement / Fight
1.4,0.08080808080808081,Implement / Fight
1.4,0.09090909090909091,Implement / Fight
1.4,0.10101010101010102,Implement / Fight
1.4,0.11111111111111112,Implement / Fight
1.4,0.12121212121212122,Implement / Fight
1.4,0.13131313131313133,Implement / Fight
1.4,0.14141414141414144,Implement / Fight
1.4,0.15151515151515152,Implement / Fight
1.4,0.16161616161616163,Implement / Fight
1.4,0.17171717171717174,Implement / Fight
1.4,0.18181818181818182,Implement / Fight
1.4,0.19191919191919193,Implement / Fight
1.4,0.20202020202020204,Implement / Fight
1.4,0.21212121212121213,Implement / Fight
1.4,0.22222222222222224,Implement / Fight
1.4,0.23232323232323235,Implement / Fight
1.4,0.24242424242424243,Implement / Fight
1.4,0.25252525252525254,Implement / Fight
1.4,0.26262626262626265,Implement / Fight
1.4,0.27272727272727276,Implement / Fight
1.4,0.2828282828282829,Implement / Fight
1.4,0.29292929292929293,Implement / Fight
1.4,0.30303030303030304,Implement / Fight
1.4,0.31313131313131315,Implement / Fight
1.4,0.32323232323232326,Implement / Fight
1.4,0.33333333333333337,Implement / Fight
1.4,0.3434343434343435,Implement / Fight
1.4,0.3535353535353536,Implement / Fight
1.4,0.36363636363636365,Implement / Fight
1.4,0.37373737373737376,Implement / Fight
1.4,0.38383838383838387,Implement / Fight
1.4,0.393939393939394,Implement / Fight
1.4,0.4040404040404041,Implement / Fight
1.4,0.4141414141414142,Implement / Fight
1.4,0.42424242424242425,Implement / Fight
1.4,0.43434343434343436,Implement / Fight
1.4,0.4444444444444445,Implement / Fight
1.4,0.4545454545454546,Implement / Fight
1.4,0.4646464646464647,Implement / Fight
1.4,0.4747474747474748,Implement / Accept
1.4,0.48484848484848486,Implement / Accept
1.4,0.494949494949495,Implement / Accept
1.4,0.5050505050505051,Implement / Accept
1.4,0.5151515151515152,Implement / Accept
1.4,0.5252525252525253,Implement / Accept
1.4,0.5353535353535354,Implement / Accept
1.4,0.5454545454545455,Implement / Accept
1.4,0.5555555555555556,Implement / Accept
1.4,0.5656565656565657,Implement / Accept
1.4,0.5757575757575758,Implement / Accept
1.4,0.5858585858585859,Implement / Accept
1.4,0.595959595959596,Implement / Accept
1.4,0.6060606060606061,Implement / Accept
1.4,0.6161616161616162,Implement / Accept
1.4,0.6262626262626263,Implement / Accept
1.4,0.6363636363636365,Implement / Accept
1.4,0.6464646464646465,Implement / Accept
1.4,0.6565656565656566,Implement / Accept
1.4,0.6666666666666667,Implement / Accept
1.4,0.6767676767676768,Implement / Accept
1.4,0.686868686868687,Implement / Accept
1.4,0.696969696969697,Implement / Accept
1.4,0.7070707070707072,Implement / Accept
1.4,0.7171717171717172,Implement / Accept
1.4,0.7272727272727273,Implement / Accept
1.4,0.7373737373737375,Implement / Accept
1.4,0.7474747474747475,Implement / Accept
1.4,0.7575757575757577,Implement / Accept
1.4,0.7676767676767677,Implement / Accept
1.4,0.7777777777777778,Implement / Accept
1.4,0.787878787878788,Implement / Accept
1.4,0.797979797979798,Implement / Accept
1.4,0.8080808080808082,Implement / Accept
1.4,0.8181818181818182,Implement / Accept
1.4,0.8282828282828284,Implement / Accept
1.4,0.8383838383838385,Implement / Accept
1.4,0.8484848484848485,Implement / Accept
1.4,0.8585858585858587,Implement / Accept
1.4,0.8686868686868687,Implement / Accept
1.4,0.8787878787878789,Implement / Accept
1.4,0.888888888888889,Implement / Accept
1.4,0.8989898989898991,Implement / Accept
1.4,0.9090909090909092,Implement / Accept
1.4,0.9191919191919192,Implement / Accept
1.4,0.9292929292929294,Implement / Accept
1.4,0.9393939393939394,Implement / Accept
1.4,0.9494949494949496,Implement / Accept
1.4,0.9595959595959597,Implement / Accept
1.4,0.9696969696969697,Implement / Accept
1.4,0.9797979797979799,Implement / Accept
1.4,0.98989898989899,Implement / Accept
1.4,1.0,Implement / Accept
1.4666666666666666,0.0,Absence of Pure Equilibrium
1.4666666666666666,0.010101010101010102,Absence of Pure Equilibrium
1.4666666666666666,0.020202020202020204,Absence of Pure Equilibrium
1.4666666666666666,0.030303030303030304,Implement / Fight
1.4666666666666666,0.04040404040404041,Implement / Fight
1.4666666666666666,0.05050505050505051,Implement / Fight
1.4666666666666666,0.06060606060606061,Implement / Fight
1.4666666666666666,0.07070707070707072,Implement / Fight
1.4666666666666666,0.08080808080808081,Implement / Fight
1.4666666666666666,0.09090909090909091,Implement / Fight
1.4666666666666666,0.10101010101010102,Implement / Fight
1.4666666666666666,0.11111111111111112,Implement / Fight
1.4666666666666666,0.12121212121212122,Implement / Fight
1.4666666666666666,0.13131313131313133,Implement / Fight
1.4666666666666666,0.14141414141414144,Implement / Fight
1.4666666666666666,0.15151515151515152,Implement / Fight
1.4666666666666666,0.16161616161616163,Implement / Fight
1.4666666666666666,0.17171717171717174,Implement / Fight
1.4666666666666666,0.18181818181818182,Implement / Fight
1.4666666666666666,0.19191919191919193,Implement / Fight
1.4666666666666666,0.20202020202020204,Implement / Fight
1.4666666666666666,0.21212121212121213,Implement / Fight
1.4666666666666666,0.22222222222222224,Implement / Fight
1.4666666666666666,0.23232323232323235,Implement / Fight
1.4666666666666666,0.24242424242424243,Implement / Fight
1.4666666666666666,0.25252525252525254,Implement / Fight
1.4666666666666666,0.26262626262626265,Implement / Fight
1.4666666666666666,0.27272727272727276,Implement / Fight
1.4666666666666666,0.2828282828282829,Implement / Fight
1.4666666666666666,0.29292929292929293,Implement / Fight
1.4666666666666666,0.30303030303030304,Implement / Fight
1.4666666666666666,0.31313131313131315,Implement / Fight
1.4666666666666666,0.32323232323232326,Implement / Fight
1.4666666666666666,0.33333333333333337,Implement / Fight
1.4666666666666666,0.3434343434343435,Implement / Fight
1.4666666666666666,0.3535353535353536,Implement / Fight
1.4666666666666666,0.36363636363636365,Implement / Fight
1.4666666666666666,0.37373737373737376,Implement / Fight
1.4666666666666666,0.38383838383838387,Implement / Fight
1.4666666666666666,0.393939393939394,Implement / Fight
1.4666666666666666,0.4040404040404041,Implement / Fight
1.4666666666666666,0.4141414141414142,Implement / Fight
1.4666666666666666,0.42424242424242425,Implement / Fight
1.4666666666666666,0.43434343434343436,Implement / Fight
1.4666666666666666,0.4444444444444445,Implement / Fight
1.4666666666666666,0.4545454545454546,Implement / Fight
1.4666666666666666,0.4646464646464647,Implement / Fight
1.4666666666666666,0.4747474747474748,Implement / Fight
1.4666666666666666,0.48484848484848486,Implement / Accept
1.4666666666666666,0.494949494949495,Implement / Accept
1.4666666666666666,0.5050505050505051,Implement / Accept
1.4666666666666666,0.5151515151515152,Implement / Accept
1.4666666666666666,0.5252525252525253,Implement / Accept
1.4666666666666666,0.5353535353535354,Implement / Accept
1.4666666666666666,0.5454545454545455,Implement / Accept
1.4666666666666666,0.5555555555555556,Implement / Accept
1.4666666666666666,0.5656565656565657,Implement / Accept
1.4666666666666666,0.5757575757575758,Implement / Accept
1.4666666666666666,0.5858585858585859,Implement / Accept
1.4666666666666666,0.595959595959596,Implement / Accept
1.4666666666666666,0.6060606060606061,Implement / Accept
1.4666666666666666,0.6161616161616162,Implement / Accept
1.4666666666666666,0.6262626262626263,Implement / Accept
1.4666666666666666,0.6363636363636365,Implement / Accept
1.4666666666666666,0.6464646464646465,Implement / Accept
1.4666666666666666,0.6565656565656566,Implement / Accept
1.4666666666666666,0.6666666666666667,Implement / Accept
1.4666666666666666,0.6767676767676768,Implement / Accept
1.4666666666666666,0.686868686868687,Implement / Accept
1.4666666666666666,0.696969696969697,Implement / Accept
1.4666666666666666,0.7070707070707072,Implement / Accept
1.4666666666666666,0.7171717171717172,Implement / Accept
1.4666666666666666,0.7272727272727273,Implement / Accept
1.4666666666666666,0.7373737373737375,Implement / Accept
1.4666666666666666,0.7474747474747475,Implement / Accept
1.4666666666666666,0.7575757575757577,Implement / Accept
1.4666666666666666,0.7676767676767677,Implement / Accept
1.4666666666666666,0.7777777777777778,Implement / Accept
1.4666666666666666,0.787878787878788,Implement / Accept
1.4666666666666666,0.797979797979798,Implement / Accept
1.4666666666666666,0.8080808080808082,Implement / Accept
1.4666666666666666,0.8181818181818182,Implement / Accept
1.4666666666666666,0.8282828282828284,Implement / Accept
1.4666666666666666,0.8383838383838385,Implement / Accept
1.4666666666666666,0.8484848484848485,Implement / Accept
1.4666666666666666,0.8585858585858587,Implement / Accept
1.4666666666666666,0.8686868686868687,Implement / Accept
1.4666666666666666,0.8787878787878789,Implement / Accept
1.4666666666666666,0.888888888888889,Implement / Accept
1.4666666666666666,0.8989898989898991,Implement / Accept
1.4666666666666666,0.9090909090909092,Implement / Accept
1.4666666666666666,0.9191919191919192,Implement / Accept
1.4666666666666666,0.9292929292929294,Implement / Accept
1.4666666666666666,0.9393939393939394,Implement / Accept
1.4666666666666666,0.9494949494949496,Implement / Accept
1.4666666666666666,0.9595959595959597,Implement / Accept
1.4666666666666666,0.9696969696969697,Implement / Accept
1.4666666666666666,0.9797979797979799,Implement / Accept
1.4666666666666666,0.98989898989899,Implement / Accept
1.4666666666666666,1.0,Implement / Accept
1.5333333333333332,0.0,Absence of Pure Equilibrium
1.5333333333333332,0.010101010101010102,Absence of Pure Equilibrium
1.5333333333333332,0.020202020202020204,Absence of Pure Equilibrium
1.5333333333333332,0.030303030303030304,Implement / Fight
1.5333333333333332,0.04040404040404041,Implement / Fight
1.5333333333333332,0.05050505050505051,Implement / Fight
1.5333333333333332,0.06060606060606061,Implement / Fight
1.5333333333333332,0.07070707070707072,Implement / Fight
1.5333333333333332,0.08080808080808081,Implement / Fight
1.5333333333333332,0.09090909090909091,Implement / Fight
1.5333333333333332,0.10101010101010102,Implement / Fight
1.5333333333333332,0.11111111111111112,Implement / Fight
1.5333333333333332,0.12121212121212122,Implement / Fight
1.5333333333333332,0.13131313131313133,Implement / Fight
1.5333333333333332,0.14141414141414144,Implement / Fight
1.5333333333333332,0.15151515151515152,Implement / Fight
1.5333333333333332,0.16161616161616163,Implement / Fight
1.5333333333333332,0.17171717171717174,Implement / Fight
1.5333333333333332,0.18181818181818182,Implement / Fight
1.5333333333333332,0.19191919191919193,Implement / Fight
1.5333333333333332,0.20202020202020204,Implement / Fight
1.5333333333333332,0.21212121212121213,Implement / Fight
1.5333333333333332,0.22222222222222224,Implement / Fight
1.5333333333333332,0.23232323232323235,Implement / Fight
1.5333333333333332,0.24242424242424243,Implement / Fight
1.5333333333333332,0.25252525252525254,Implement / Fight
1.5333333333333332,0.26262626262626265,Implement / Fight
1.5333333333333332,0.27272727272727276,Implement / Fight
1.5333333333333332,0.2828282828282829,Implement / Fight
1.5333333333333332,0.29292929292929293,Implement / Fight
1.5333333333333332,0.30303030303030304,Implement / Fight
1.5333333333333332,0.31313131313131315,Implement / Fight
1.5333333333333332,0.32323232323232326,Implement / Fight
1.5333333333333332,0.33333333333333337,Implement / Fight
1.5333333333333332,0.3434343434343435,Implement / Fight
1.5333333333333332,0.3535353535353536,Implement / Fight
1.5333333333333332,0.36363636363636365,Implement / Fight
1.5333333333333332,0.37373737373737376,Implement / Fight
1.5333333333333332,0.38383838383838387,Implement / Fight
1.5333333333333332,0.393939393939394,Implement / Fight
1.5333333333333332,0.4040404040404041,Implement / Fight
1.5333333333333332,0.4141414141414142,Implement / Fight
1.5333333333333332,0.42424242424242425,Implement / Fight
1.5333333333333332,0.43434343434343436,Implement / Fight
1.5333333333333332,0.4444444444444445,Implement / Fight
1.5333333333333332,0.4545454545454546,Implement / Fight
1.5333333333333332,0.4646464646464647,Implement / Fight
1.5333333333333332,0.4747474747474748,Implement / Fight
1.5333333333333332,0.48484848484848486,Implement / Fight
1.5333333333333332,0.494949494949495,Implement / Accept
1.5333333333333332,0.5050505050505051,Implement / Accept
1.5333333333333332,0.5151515151515152,Implement / Accept
1.5333333333333332,0.5252525252525253,Implement / Accept
1.5333333333333332,0.5353535353535354,Implement / Accept
1.5333333333333332,0.5454545454545455,Implement / Accept
1.5333333333333332,0.5555555555555556,Implement / Accept
1.5333333333333332,0.5656565656565657,Implement / Accept
1.5333333333333332,0.5757575757575758,Implement / Accept
1.5333333333333332,0.5858585858585859,Implement / Accept
1.5333333333333332,0.595959595959596,Implement / Accept
1.5333333333333332,0.6060606060606061,Implement / Accept
1.5333333333333332,0.6161616161616162,Implement / Accept
1.5333333333333332,0.6262626262626263,Implement / Accept
1.5333333333333332,0.6363636363636365,Implement / Accept
1.5333333333333332,0.6464646464646465,Implement / Accept
1.5333333333333332,0.6565656565656566,Implement / Accept
1.5333333333333332,0.6666666666666667,Implement / Accept
1.5333333333333332,0.6767676767676768,Implement / Accept
1.5333333333333332,0.686868686868687,Implement / Accept
1.5333333333333332,0.696969696969697,Implement / Accept
1.5333333333333332,0.7070707070707072,Implement / Accept
1.5333333333333332,0.7171717171717172,Implement / Accept
1.5333333333333332,0.7272727272727273,Implement / Accept
1.5333333333333332,0.7373737373737375,Implement / Accept
1.5333333333333332,0.7474747474747475,Implement / Accept
1.5333333333333332,0.7575757575757577,Implement / Accept
1.5333333333333332,0.7676767676767677,Implement / Accept
1.5333333333333332,0.7777777777777778,Implement / Accept
1.5333333333333332,0.787878787878788,Implement / Accept
1.5333333333333332,0.797979797979798,Implement / Accept
1.5333333333333332,0.8080808080808082,Implement / Accept
1.5333333333333332,0.8181818181818182,Implement / Accept
1.5333333333333332,0.8282828282828284,Implement / Accept
1.5333333333333332,0.8383838383838385,Implement / Accept
1.5333333333333332,0.8484848484848485,Implement / Accept
1.5333333333333332,0.8585858585858587,Implement / Accept
1.5333333333333332,0.8686868686868687,Implement / Accept
1.5333333333333332,0.8787878787878789,Implement / Accept
1.5333333333333332,0.888888888888889,Implement / Accept
1.5333333333333332,0.8989898989898991,Implement / Accept
1.5333333333333332,0.9090909090909092,Implement / Accept
1.5333333333333332,0.9191919191919192,Implement / Accept
1.5333333333333332,0.9292929292929294,Implement / Accept
1.5333333333333332,0.9393939393939394,Implement / Accept
1.5333333333333332,0.9494949494949496,Implement / Accept
1.5333333333333332,0.9595959595959597,Implement / Accept
1.5333333333333332,0.9696969696969697,Implement / Accept
1.5333333333333332,0.9797979797979799,Implement / Accept
1.5333333333333332,0.98989898989899,Implement / Accept
1.5333333333333332,1.0,Implement / Accept
1.6,0.0,Absence of Pure Equilibrium
1.6,0.010101010101010102,Absence of Pure Equilibrium
1.6,0.020202020202020204,Absence of Pure Equilibrium
1.6,0.030303030303030304,Implement / Fight
1.6,0.04040404040404041,Implement / Fight
1.6,0.05050505050505051,Implement / Fight
1.6,0.06060606060606061,Implement / Fight
1.6,0.07070707070707072,Implement / Fight
1.6,0.08080808080808081,Implement / Fight
1.6,0.09090909090909091,Implement / Fight
1.6,0.10101010101010102,Implement / Fight
1.6,0.11111111111111112,Implement / Fight
1.6,0.12121212121212122,Implement / Fight
1.6,0.13131313131313133,Implement / Fight
1.6,0.14141414141414144,Implement / Fight
1.6,0.15151515151515152,Implement / Fight
1.6,0.16161616161616163,Implement / Fight
1.6,0.17171717171717174,Implement / Fight
1.6,0.18181818181818182,Implement / Fight
1.6,0.19191919191919193,Implement / Fight
1.6,0.20202020202020204,Implement / Fight
1.6,0.21212121212121213,Implement / Fight
1.6,0.22222222222222224,Implement / Fight
1.6,0.23232323232323235,Implement / Fight
1.6,0.24242424242424243,Implement / Fight
1.6,0.25252525252525254,Implement / Fight
1.6,0.26262626262626265,Implement / Fight
1.6,0.27272727272727276,Implement / Fight
1.6,0.2828282828282829,Implement / Fight
1.6,0.29292929292929293,Implement / Fight
1.6,0.30303030303030304,Implement / Fight
1.6,0.31313131313131315,Implement / Fight
1.6,0.32323232323232326,Implement / Fight
1.6,0.33333333333333337,Implement / Fight
1.6,0.3434343434343435,Implement / Fight
1.6,0.3535353535353536,Implement / Fight
1.6,0.36363636363636365,Implement / Fight
1.6,0.37373737373737376,Implement / Fight
1.6,0.38383838383838387,Implement / Fight
1.6,0.393939393939394,Implement / Fight
1.6,0.4040404040404041,Implement / Fight
1.6,0.4141414141414142,Implement / Fight
1.6,0.42424242424242425,Implement / Fight
1.6,0.43434343434343436,Implement / Fight
1.6,0.4444444444444445,Implement / Fight
1.6,0.4545454545454546,Implement / Fight
1.6,0.4646464646464647,Implement / Fight
1.6,0.4747474747474748,Implement / Fight
1.6,0.48484848484848486,Implement / Fight
1.6,0.494949494949495,Implement / Fight
1.6,0.5050505050505051,Implement / Accept
1.6,0.5151515151515152,Implement / Accept
1.6,0.5252525252525253,Implement / Accept
1.6,0.5353535353535354,Implement / Accept
1.6,0.5454545454545455,Implement / Accept
1.6,0.5555555555555556,Implement / Accept
1.6,0.5656565656565657,Implement / Accept
1.6,0.5757575757575758,Implement / Accept
1.6,0.5858585858585859,Implement / Accept
1.6,0.595959595959596,Implement / Accept
1.6,0.6060606060606061,Implement / Accept
1.6,0.6161616161616162,Implement / Accept
1.6,0.6262626262626263,Implement / Accept
1.6,0.6363636363636365,Implement / Accept
1.6,0.6464646464646465,Implement / Accept
1.6,0.6565656565656566,Implement / Accept
1.6,0.6666666666666667,Implement / Accept
1.6,0.6767676767676768,Implement / Accept
1.6,0.686868686868687,Implement / Accept
1.6,0.696969696969697,Implement / Accept
1.6,0.7070707070707072,Implement / Accept
1.6,0.7171717171717172,Implement / Accept
1.6,0.7272727272727273,Implement / Accept
1.6,0.7373737373737375,Implement / Accept
1.6,0.7474747474747475,Implement / Accept
1.6,0.7575757575757577,Implement / Accept
1.6,0.7676767676767677,Implement / Accept
1.6,0.7777777777777778,Implement / Accept
1.6,0.787878787878788,Implement / Accept
1.6,0.797979797979798,Implement / Accept
1.6,0.8080808080808082,Implement / Accept
1.6,0.8181818181818182,Implement / Accept
1.6,0.8282828282828284,Implement / Accept
1.6,0.8383838383838385,Implement / Accept
1.6,0.8484848484848485,Implement / Accept
1.6,0.8585858585858587,Implement / Accept
1.6,0.8686868686868687,Implement / Accept
1.6,0.8787878787878789,Implement / Accept
1.6,0.888888888888889,Implement / Accept
1.6,0.8989898989898991,Implement / Accept
1.6,0.9090909090909092,Implement / Accept
1.6,0.9191919191919192,Implement / Accept
1.6,0.9292929292929294,Implement / Accept
1.6,0.9393939393939394,Implement / Accept
1.6,0.9494949494949496,Implement / Accept
1.6,0.9595959595959597,Implement / Accept
1.6,0.9696969696969697,Implement / Accept
1.6,0.9797979797979799,Implement / Accept
1.6,0.98989898989899,Implement / Accept
1.6,1.0,Implement / Accept
1.6666666666666667,0.0,Absence of Pure Equilibrium
1.6666666666666667,0.010101010101010102,Absence of Pure Equilibrium
1.6666666666666667,0.020202020202020204,Absence of Pure Equilibrium
1.6666666666666667,0.030303030303030304,Implement / Fight
1.6666666666666667,0.04040404040404041,Implement / Fight
1.6666666666666667,0.05050505050505051,Implement / Fight
1.6666666666666667,0.06060606060606061,Implement / Fight
1.6666666666666667,0.07070707070707072,Implement / Fight
1.6666666666666667,0.08080808080808081,Implement / Fight
1.6666666666666667,0.09090909090909091,Implement / Fight
1.6666666666666667,0.10101010101010102,Implement / Fight
1.6666666666666667,0.11111111111111112,Implement / Fight
1.6666666666666667,0.12121212121212122,Implement / Fight
1.6666666666666667,0.13131313131313133,Implement / Fight
1.6666666666666667,0.14141414141414144,Implement / Fight
1.6666666666666667,0.15151515151515152,Implement / Fight
1.6666666666666667,0.16161616161616163,Implement / Fight
1.6666666666666667,0.17171717171717174,Implement / Fight
1.6666666666666667,0.18181818181818182,Implement / Fight
1.6666666666666667,0.19191919191919193,Implement / Fight
1.6666666666666667,0.20202020202020204,Implement / Fight
1.6666666666666667,0.21212121212121213,Implement / Fight
1.6666666666666667,0.22222222222222224,Implement / Fight
1.6666666666666667,0.23232323232323235,Implement / Fight
1.6666666666666667,0.24242424242424243,Implement / Fight
1.6666666666666667,0.25252525252525254,Implement / Fight
1.6666666666666667,0.26262626262626265,Implement / Fight
1.6666666666666667,0.27272727272727276,Implement / Fight
1.6666666666666667,0.2828282828282829,Implement / Fight
1.6666666666666667,0.29292929292929293,Implement / Fight
1.6666666666666667,0.30303030303030304,Implement / Fight
1.6666666666666667,0.31313131313131315,Implement / Fight
1.6666666666666667,0.32323232323232326,Implement / Fight
1.6666666666666667,0.33333333333333337,Implement / Fight
1.6666666666666667,0.3434343434343435,Implement / Fight
1.6666666666666667,0.3535353535353536,Implement / Fight
1.6666666666666667,0.36363636363636365,Implement / Fight
1.6666666666666667,0.37373737373737376,Implement / Fight
1.6666666666666667,0.38383838383838387,Implement / Fight
1.6666666666666667,0.393939393939394,Implement / Fight
1.6666666666666667,0.4040404040404041,Implement / Fight
1.6666666666666667,0.4141414141414142,Implement / Fight
1.6666666666666667,0.42424242424242425,Implement / Fight
1.6666666666666667,0.43434343434343436,Implement / Fight
1.6666666666666667,0.4444444444444445,Implement / Fight
1.6666666666666667,0.4545454545454546,Implement / Fight
1.6666666666666667,0.4646464646464647,Implement / Fight
1.6666666666666667,0.4747474747474748,Implement / Fight
1.6666666666666667,0.48484848484848486,Implement / Fight
1.6666666666666667,0.494949494949495,Implement / Fight
1.6666666666666667,0.5050505050505051,Implement / Fight
1.6666666666666667,0.5151515151515152,Implement / Accept
1.6666666666666667,0.5252525252525253,Implement / Accept
1.6666666666666667,0.5353535353535354,Implement / Accept
1.6666666666666667,0.5454545454545455,Implement / Accept
1.6666666666666667,0.5555555555555556,Implement / Accept
1.6666666666666667,0.5656565656565657,Implement / Accept
1.6666666666666667,0.5757575757575758,Implement / Accept
1.6666666666666667,0.5858585858585859,Implement / Accept
1.6666666666666667,0.595959595959596,Implement / Accept
1.6666666666666667,0.6060606060606061,Implement / Accept
1.6666666666666667,0.6161616161616162,Implement / Accept
1.6666666666666667,0.6262626262626263,Implement / Accept
1.6666666666666667,0.6363636363636365,Implement / Accept
1.6666666666666667,0.6464646464646465,Implement / Accept
1.6666666666666667,0.6565656565656566,Implement / Accept
1.6666666666666667,0.6666666666666667,Implement / Accept
1.6666666666666667,0.6767676767676768,Implement / Accept
1.6666666666666667,0.686868686868687,Implement / Accept
1.6666666666666667,0.696969696969697,Implement / Accept
1.6666666666666667,0.7070707070707072,Implement / Accept
1.6666666666666667,0.7171717171717172,Implement / Accept
1.6666666666666667,0.7272727272727273,Implement / Accept
1.6666666666666667,0.7373737373737375,Implement / Accept
1.6666666666666667,0.7474747474747475,Implement / Accept
1.6666666666666667,0.7575757575757577,Implement / Accept
1.6666666666666667,0.7676767676767677,Implement / Accept
1.6666666666666667,0.7777777777777778,Implement / Accept
1.6666666666666667,0.787878787878788,Implement / Accept
1.6666666666666667,0.797979797979798,Implement / Accept
1.6666666666666667,0.8080808080808082,Implement / Accept
1.6666666666666667,0.8181818181818182,Implement / Accept
1.6666666666666667,0.8282828282828284,Implement / Accept
1.6666666666666667,0.8383838383838385,Implement / Accept
1.6666666666666667,0.8484848484848485,Implement / Accept
1.6666666666666667,0.8585858585858587,Implement / Accept
1.6666666666666667,0.8686868686868687,Implement / Accept
1.6666666666666667,0.8787878787878789,Implement / Accept
1.6666666666666667,0.888888888888889,Implement / Accept
1.6666666666666667,0.8989898989898991,Implement / Accept
1.6666666666666667,0.9090909090909092,Implement / Accept
1.6666666666666667,0.9191919191919192,Implement / Accept
1.6666666666666667,0.9292929292929294,Implement / Accept
1.6666666666666667,0.9393939393939394,Implement / Accept
1.6666666666666667,0.9494949494949496,Implement / Accept
1.6666666666666667,0.9595959595959597,Implement / Accept
1.6666666666666667,0.9696969696969697,Implement / Accept
1.6666666666666667,0.9797979797979799,Implement / Accept
1.6666666666666667,0.98989898989899,Implement / Accept
1.6666666666666667,1.0,Implement / Accept
1.7333333333333334,0.0,Absence of Pure Equilibrium
1.7333333333333334,0.010101010101010102,Absence of Pure Equilibrium
1.7333333333333334,0.020202020202020204,Absence of Pure Equilibrium
1.7333333333333334,0.030303030303030304,Implement / Fight
1.7333333333333334,0.04040404040404041,Implement / Fight
1.7333333333333334,0.05050505050505051,Implement / Fight
1.7333333333333334,0.06060606060606061,Implement / Fight
1.7333333333333334,0.07070707070707072,Implement / Fight
1.7333333333333334,0.08080808080808081,Implement / Fight
1.7333333333333334,0.09090909090909091,Implement / Fight
1.7333333333333334,0.10101010101010102,Implement / Fight
1.7333333333333334,0.11111111111111112,Implement / Fight
1.7333333333333334,0.12121212121212122,Implement / Fight
1.7333333333333334,0.13131313131313133,Implement / Fight
1.7333333333333334,0.14141414141414144,Implement / Fight
1.7333333333333334,0.15151515151515152,Implement / Fight
1.7333333333333334,0.16161616161616163,Implement / Fight
1.7333333333333334,0.17171717171717174,Implement / Fight
1.7333333333333334,0.18181818181818182,Implement / Fight
1.7333333333333334,0.19191919191919193,Implement / Fight
1.7333333333333334,0.20202020202020204,Implement / Fight
1.7333333333333334,0.21212121212121213,Implement / Fight
1.7333333333333334,0.22222222222222224,Implement / Fight
1.7333333333333334,0.23232323232323235,Implement / Fight
1.7333333333333334,0.24242424242424243,Implement / Fight
1.7333333333333334,0.25252525252525254,Implement / Fight
1.7333333333333334,0.26262626262626265,Implement / Fight
1.7333333333333334,0.27272727272727276,Implement / Fight
1.7333333333333334,0.2828282828282829,Implement / Fight
1.7333333333333334,0.29292929292929293,Implement / Fight
1.7333333333333334,0.30303030303030304,Implement / Fight
1.7333333333333334,0.31313131313131315,Implement / Fight
1.7333333333333334,0.32323232323232326,Implement / Fight
1.7333333333333334,0.33333333333333337,Implement / Fight
1.7333333333333334,0.3434343434343435,Implement / Fight
1.7333333333333334,0.3535353535353536,Implement / Fight
1.7333333333333334,0.36363636363636365,Implement / Fight
1.7333333333333334,0.37373737373737376,Implement / Fight
1.7333333333333334,0.38383838383838387,Implement / Fight
1.7333333333333334,0.393939393939394,Implement / Fight
1.7333333333333334,0.4040404040404041,Implement / Fight
1.7333333333333334,0.4141414141414142,Implement / Fight
1.7333333333333334,0.42424242424242425,Implement / Fight
1.7333333333333334,0.43434343434343436,Implement / Fight
1.7333333333333334,0.4444444444444445,Implement / Fight
1.7333333333333334,0.4545454545454546,Implement / Fight
1.7333333333333334,0.4646464646464647,Implement / Fight
1.7333333333333334,0.4747474747474748,Implement / Fight
1.7333333333333334,0.48484848484848486,Implement / Fight
1.7333333333333334,0.494949494949495,Implement / Fight
1.7333333333333334,0.5050505050505051,Implement / Fight
1.7333333333333334,0.5151515151515152,Implement / Fight
1.7333333333333334,0.5252525252525253,Implement / Accept
1.7333333333333334,0.5353535353535354,Implement / Accept
1.7333333333333334,0.5454545454545455,Implement / Accept
1.7333333333333334,0.5555555555555556,Implement / Accept
1.7333333333333334,0.5656565656565657,Implement / Accept
1.7333333333333334,0.5757575757575758,Implement / Accept
1.7333333333333334,0.5858585858585859,Implement / Accept
1.7333333333333334,0.595959595959596,Implement / Accept
1.7333333333333334,0.6060606060606061,Implement / Accept
1.7333333333333334,0.6161616161616162,Implement / Accept
1.7333333333333334,0.6262626262626263,Implement / Accept
1.7333333333333334,0.6363636363636365,Implement / Accept
1.7333333333333334,0.6464646464646465,Implement / Accept
1.7333333333333334,0.6565656565656566,Implement / Accept
1.7333333333333334,0.6666666666666667,Implement / Accept
1.7333333333333334,0.6767676767676768,Implement / Accept
1.7333333333333334,0.686868686868687,Implement / Accept
1.7333333333333334,0.696969696969697,Implement / Accept
1.7333333333333334,0.7070707070707072,Implement / Accept
1.7333333333333334,0.7171717171717172,Implement / Accept
1.7333333333333334,0.7272727272727273,Implement / Accept
1.7333333333333334,0.7373737373737375,Implement / Accept
1.7333333333333334,0.7474747474747475,Implement / Accept
1.7333333333333334,0.7575757575757577,Implement / Accept
1.7333333333333334,0.7676767676767677,Implement / Accept
1.7333333333333334,0.7777777777777778,Implement / Accept
1.7333333333333334,0.787878787878788,Implement / Accept
1.7333333333333334,0.797979797979798,Implement / Accept
1.7333333333333334,0.8080808080808082,Implement / Accept
1.7333333333333334,0.8181818181818182,Implement / Accept
1.7333333333333334,0.8282828282828284,Implement / Accept
1.7333333333333334,0.8383838383838385,Implement / Accept
1.7333333333333334,0.8484848484848485,Implement / Accept
1.7333333333333334,0.8585858585858587,Implement / Accept
1.7333333333333334,0.8686868686868687,Implement / Accept
1.7333333333333334,0.8787878787878789,Implement / Accept
1.7333333333333334,0.888888888888889,Implement / Accept
1.7333333333333334,0.8989898989898991,Implement / Accept
1.7333333333333334,0.9090909090909092,Implement / Accept
1.7333333333333334,0.9191919191919192,Implement / Accept
1.7333333333333334,0.9292929292929294,Implement / Accept
1.7333333333333334,0.9393939393939394,Implement / Accept
1.7333333333333334,0.9494949494949496,Implement / Accept
1.7333333333333334,0.9595959595959597,Implement / Accept
1.7333333333333334,0.9696969696969697,Implement / Accept
1.7333333333333334,0.9797979797979799,Implement / Accept
1.7333333333333334,0.98989898989899,Implement / Accept
1.7333333333333334,1.0,Implement / Accept
1.8,0.0,Absence of Pure Equilibrium
1.8,0.010101010101010102,Absence of Pure Equilibrium
1.8,0.020202020202020204,Absence of Pure Equilibrium
1.8,0.030303030303030304,Implement / Fight
1.8,0.04040404040404041,Implement / Fight
1.8,0.05050505050505051,Implement / Fight
1.8,0.06060606060606061,Implement / Fight
1.8,0.07070707070707072,Implement / Fight
1.8,0.08080808080808081,Implement / Fight
1.8,0.09090909090909091,Implement / Fight
1.8,0.10101010101010102,Implement / Fight
1.8,0.11111111111111112,Implement / Fight
1.8,0.12121212121212122,Implement / Fight
1.8,0.13131313131313133,Implement / Fight
1.8,0.14141414141414144,Implement / Fight
1.8,0.15151515151515152,Implement / Fight
1.8,0.16161616161616163,Implement / Fight
1.8,0.17171717171717174,Implement / Fight
1.8,0.18181818181818182,Implement / Fight
1.8,0.19191919191919193,Implement / Fight
1.8,0.20202020202020204,Implement / Fight
1.8,0.21212121212121213,Implement / Fight
1.8,0.22222222222222224,Implement / Fight
1.8,0.23232323232323235,Implement / Fight
1.8,0.24242424242424243,Implement / Fight
1.8,0.25252525252525254,Implement / Fight
1.8,0.26262626262626265,Implement / Fight
1.8,0.27272727272727276,Implement / Fight
1.8,0.2828282828282829,Implement / Fight
1.8,0.29292929292929293,Implement / Fight
1.8,0.30303030303030304,Implement / Fight
1.8,0.31313131313131315,Implement / Fight
1.8,0.32323232323232326,Implement / Fight
1.8,0.33333333333333337,Implement / Fight
1.8,0.3434343434343435,Implement / Fight
1.8,0.3535353535353536,Implement / Fight
1.8,0.36363636363636365,Implement / Fight
1.8,0.37373737373737376,Implement / Fight
1.8,0.38383838383838387,Implement / Fight
1.8,0.393939393939394,Implement / Fight
1.8,0.4040404040404041,Implement / Fight
1.8,0.4141414141414142,Implement / Fight
1.8,0.42424242424242425,Implement / Fight
1.8,0.43434343434343436,Implement / Fight
1.8,0.4444444444444445,Implement / Fight
1.8,0.4545454545454546,Implement / Fight
1.8,0.4646464646464647,Implement / Fight
1.8,0.4747474747474748,Implement / Fight
1.8,0.48484848484848486,Implement / Fight
1.8,0.494949494949495,Implement / Fight
1.8,0.5050505050505051,Implement / Fight
1.8,0.5151515151515152,Implement / Fight
1.8,0.5252525252525253,Implement / Fight
1.8,0.5353535353535354,Implement / Fight
1.8,0.5454545454545455,Implement / Accept
1.8,0.5555555555555556,Implement / Accept
1.8,0.5656565656565657,Implement / Accept
1.8,0.5757575757575758,Implement / Accept
1.8,0.5858585858585859,Implement / Accept
1.8,0.595959595959596,Implement / Accept
1.8,0.6060606060606061,Implement / Accept
1.8,0.6161616161616162,Implement / Accept
1.8,0.6262626262626263,Implement / Accept
1.8,0.6363636363636365,Implement / Accept
1.8,0.6464646464646465,Implement / Accept
1.8,0.6565656565656566,Implement / Accept
1.8,0.6666666666666667,Implement / Accept
1.8,0.6767676767676768,Implement / Accept
1.8,0.686868686868687,Implement / Accept
1.8,0.696969696969697,Implement / Accept
1.8,0.7070707070707072,Implement / Accept
1.8,0.7171717171717172,Implement / Accept
1.8,0.7272727272727273,Implement / Accept
1.8,0.7373737373737375,Implement / Accept
1.8,0.7474747474747475,Implement / Accept
1.8,0.7575757575757577,Implement / Accept
1.8,0.7676767676767677,Implement / Accept
1.8,0.7777777777777778,Implement / Accept
1.8,0.787878787878788,Implement / Accept
1.8,0.797979797979798,Implement / Accept
1.8,0.8080808080808082,Implement / Accept
1.8,0.8181818181818182,Implement / Accept
1.8,0.8282828282828284,Implement / Accept
1.8,0.8383838383838385,Implement / Accept
1.8,0.8484848484848485,Implement / Accept
1.8,0.8585858585858587,Implement / Accept
1.8,0.8686868686868687,Implement / Accept
1.8,0.8787878787878789,Implement / Accept
1.8,0.888888888888889,Implement / Accept
1.8,0.8989898989898991,Implement / Accept
1.8,0.9090909090909092,Implement / Accept
1.8,0.9191919191919192,Implement / Accept
1.8,0.9292929292929294,Implement / Accept
1.8,0.9393939393939394,Implement / Accept
1.8,0.9494949494949496,Implement / Accept
1.8,0.9595959595959597,Implement / Accept
1.8,0.9696969696969697,Implement / Accept
1.8,0.9797979797979799,Implement / Accept
1.8,0.98989898989899,Implement / Accept
1.8,1.0,Implement / Accept
1.8666666666666667,0.0,Absence of Pure Equilibrium
1.8666666666666667,0.010101010101010102,Absence of Pure Equilibrium
1.8666666666666667,0.020202020202020204,Absence of Pure Equilibrium
1.8666666666666667,0.030303030303030304,Implement / Fight
1.8666666666666667,0.04040404040404041,Implement / Fight
1.8666666666666667,0.05050505050505051,Implement / Fight
1.8666666666666667,0.06060606060606061,Implement / Fight
1.8666666666666667,0.07070707070707072,Implement / Fight
1.8666666666666667,0.08080808080808081,Implement / Fight
1.8666666666666667,0.09090909090909091,Implement / Fight
1.8666666666666667,0.10101010101010102,Implement / Fight
1.8666666666666667,0.11111111111111112,Implement / Fight
1.8666666666666667,0.12121212121212122,Implement / Fight
1.8666666666666667,0.13131313131313133,Implement / Fight
1.8666666666666667,0.14141414141414144,Implement / Fight
1.8666666666666667,0.15151515151515152,Implement / Fight
1.8666666666666667,0.16161616161616163,Implement / Fight
1.8666666666666667,0.17171717171717174,Implement / Fight
1.8666666666666667,0.18181818181818182,Implement / Fight
1.8666666666666667,0.19191919191919193,Implement / Fight
1.8666666666666667,0.20202020202020204,Implement / Fight
1.8666666666666667,0.21212121212121213,Implement / Fight
1.8666666666666667,0.22222222222222224,Implement / Fight
1.8666666666666667,0.23232323232323235,Implement / Fight
1.8666666666666667,0.24242424242424243,Implement / Fight
1.8666666666666667,0.25252525252525254,Implement / Fight
1.8666666666666667,0.26262626262626265,Implement / Fight
1.8666666666666667,0.27272727272727276,Implement / Fight
1.8666666666666667,0.2828282828282829,Implement / Fight
1.8666666666666667,0.29292929292929293,Implement / Fight
1.8666666666666667,0.30303030303030304,Implement / Fight
1.8666666666666667,0.31313131313131315,Implement / Fight
1.8666666666666667,0.32323232323232326,Implement / Fight
1.8666666666666667,0.33333333333333337,Implement / Fight
1.8666666666666667,0.3434343434343435,Implement / Fight
1.8666666666666667,0.3535353535353536,Implement / Fight
1.8666666666666667,0.36363636363636365,Implement / Fight
1.8666666666666667,0.37373737373737376,Implement / Fight
1.8666666666666667,0.38383838383838387,Implement / Fight
1.8666666666666667,0.393939393939394,Implement / Fight
1.8666666666666667,0.4040404040404041,Implement / Fight
1.8666666666666667,0.4141414141414142,Implement / Fight
1.8666666666666667,0.42424242424242425,Implement / Fight
1.8666666666666667,0.43434343434343436,Implement / Fight
1.8666666666666667,0.4444444444444445,Implement / Fight
1.8666666666666667,0.4545454545454546,Implement / Fight
1.8666666666666667,0.4646464646464647,Implement / Fight
1.8666666666666667,0.4747474747474748,Implement / Fight
1.8666666666666667,0.48484848484848486,Implement / Fight
1.8666666666666667,0.494949494949495,Implement / Fight
1.8666666666666667,0.5050505050505051,Implement / Fight
1.8666666666666667,0.5151515151515152,Implement / Fight
1.8666666666666667,0.5252525252525253,Implement / Fight
1.8666666666666667,0.5353535353535354,Implement / Fight
1.8666666666666667,0.5454545454545455,Implement / Fight
1.8666666666666667,0.5555555555555556,Implement / Accept
1.8666666666666667,0.5656565656565657,Implement / Accept
1.8666666666666667,0.5757575757575758,Implement / Accept
1.8666666666666667,0.5858585858585859,Implement / Accept
1.8666666666666667,0.595959595959596,Implement / Accept
1.8666666666666667,0.6060606060606061,Implement / Accept
1.8666666666666667,0.6161616161616162,Implement / Accept
1.8666666666666667,0.6262626262626263,Implement / Accept
1.8666666666666667,0.6363636363636365,Implement / Accept
1.8666666666666667,0.6464646464646465,Implement / Accept
1.8666666666666667,0.6565656565656566,Implement / Accept
1.8666666666666667,0.6666666666666667,Implement / Accept
1.8666666666666667,0.6767676767676768,Implement / Accept
1.8666666666666667,0.686868686868687,Implement / Accept
1.8666666666666667,0.696969696969697,Implement / Accept
1.8666666666666667,0.7070707070707072,Implement / Accept
1.8666666666666667,0.7171717171717172,Implement / Accept
1.8666666666666667,0.7272727272727273,Implement / Accept
1.8666666666666667,0.7373737373737375,Implement / Accept
1.8666666666666667,0.7474747474747475,Implement / Accept
1.8666666666666667,0.7575757575757577,Implement / Accept
1.8666666666666667,0.7676767676767677,Implement / Accept
1.8666666666666667,0.7777777777777778,Implement / Accept
1.8666666666666667,0.787878787878788,Implement / Accept
1.8666666666666667,0.797979797979798,Implement / Accept
1.8666666666666667,0.8080808080808082,Implement / Accept
1.8666666666666667,0.8181818181818182,Implement / Accept
1.8666666666666667,0.8282828282828284,Implement / Accept
1.8666666666666667,0.8383838383838385,Implement / Accept
1.8666666666666667,0.8484848484848485,Implement / Accept
1.8666666666666667,0.8585858585858587,Implement / Accept
1.8666666666666667,0.8686868686868687,Implement / Accept
1.8666666666666667,0.8787878787878789,Implement / Accept
1.8666666666666667,0.888888888888889,Implement / Accept
1.8666666666666667,0.8989898989898991,Implement / Accept
1.8666666666666667,0.9090909090909092,Implement / Accept
1.8666666666666667,0.9191919191919192,Implement / Accept
1.8666666666666667,0.9292929292929294,Implement / Accept
1.8666666666666667,0.9393939393939394,Implement / Accept
1.8666666666666667,0.9494949494949496,Implement / Accept
1.8666666666666667,0.9595959595959597,Implement / Accept
1.8666666666666667,0.9696969696969697,Implement / Accept
1.8666666666666667,0.9797979797979799,Implement / Accept
1.8666666666666667,0.98989898989899,Implement / Accept
1.8666666666666667,1.0,Implement / Accept
1.9333333333333333,0.0,Absence of Pure Equilibrium
1.9333333333333333,0.010101010101010102,Absence of Pure Equilibrium
1.9333333333333333,0.020202020202020204,Absence of Pure Equilibrium
1.9333333333333333,0.030303030303030304,Implement / Fight
1.9333333333333333,0.04040404040404041,Implement / Fight
1.9333333333333333,0.05050505050505051,Implement / Fight
1.9333333333333333,0.06060606060606061,Implement / Fight
1.9333333333333333,0.07070707070707072,Implement / Fight
1.9333333333333333,0.08080808080808081,Implement / Fight
1.9333333333333333,0.09090909090909091,Implement / Fight
1.9333333333333333,0.10101010101010102,Implement / Fight
1.9333333333333333,0.11111111111111112,Implement / Fight
1.9333333333333333,0.12121212121212122,Implement / Fight
1.9333333333333333,0.13131313131313133,Implement / Fight
1.9333333333333333,0.14141414141414144,Implement / Fight
1.9333333333333333,0.15151515151515152,Implement / Fight
1.9333333333333333,0.16161616161616163,Implement / Fight
1.9333333333333333,0.17171717171717174,Implement / Fight
1.9333333333333333,0.18181818181818182,Implement / Fight
1.9333333333333333,0.19191919191919193,Implement / Fight
1.9333333333333333,0.20202020202020204,Implement / Fight
1.9333333333333333,0.21212121212121213,Implement / Fight
1.9333333333333333,0.22222222222222224,Implement / Fight
1.9333333333333333,0.23232323232323235,Implement / Fight
1.9333333333333333,0.24242424242424243,Implement / Fight
1.9333333333333333,0.25252525252525254,Implement / Fight
1.9333333333333333,0.26262626262626265,Implement / Fight
1.9333333333333333,0.27272727272727276,Implement / Fight
1.9333333333333333,0.2828282828282829,Implement / Fight
1.9333333333333333,0.29292929292929293,Implement / Fight
1.9333333333333333,0.30303030303030304,Implement / Fight
1.9333333333333333,0.31313131313131315,Implement / Fight
1.9333333333333333,0.32323232323232326,Implement / Fight
1.9333333333333333,0.33333333333333337,Implement / Fight
1.9333333333333333,0.3434343434343435,Implement / Fight
1.9333333333333333,0.3535353535353536,Implement / Fight
1.9333333333333333,0.36363636363636365,Implement / Fight
1.9333333333333333,0.37373737373737376,Implement / Fight
1.9333333333333333,0.38383838383838387,Implement / Fight
1.9333333333333333,0.393939393939394,Implement / Fight
1.9333333333333333,0.4040404040404041,Implement / Fight
1.9333333333333333,0.4141414141414142,Implement / Fight
1.9333333333333333,0.42424242424242425,Implement / Fight
1.9333333333333333,0.43434343434343436,Implement / Fight
1.9333333333333333,0.4444444444444445,Implement / Fight
1.9333333333333333,0.4545454545454546,Implement / Fight
1.9333333333333333,0.4646464646464647,Implement / Fight
1.9333333333333333,0.4747474747474748,Implement / Fight
1.9333333333333333,0.48484848484848486,Implement / Fight
1.9333333333333333,0.494949494949495,Implement / Fight
1.9333333333333333,0.5050505050505051,Implement / Fight
1.9333333333333333,0.5151515151515152,Implement / Fight
1.9333333333333333,0.5252525252525253,Implement / Fight
1.9333333333333333,0.5353535353535354,Implement / Fight
1.9333333333333333,0.5454545454545455,Implement / Fight
1.9333333333333333,0.5555555555555556,Implement / Fight
1.9333333333333333,0.5656565656565657,Implement / Fight
1.9333333333333333,0.5757575757575758,Implement / Accept
1.9333333333333333,0.5858585858585859,Implement / Accept
1.9333333333333333,0.595959595959596,Implement / Accept
1.9333333333333333,0.6060606060606061,Implement / Accept
1.9333333333333333,0.6161616161616162,Implement / Accept
1.9333333333333333,0.6262626262626263,Implement / Accept
1.9333333333333333,0.6363636363636365,Implement / Accept
1.9333333333333333,0.6464646464646465,Implement / Accept
1.9333333333333333,0.6565656565656566,Implement / Accept
1.9333333333333333,0.6666666666666667,Implement / Accept
1.9333333333333333,0.6767676767676768,Implement / Accept
1.9333333333333333,0.686868686868687,Implement / Accept
1.9333333333333333,0.696969696969697,Implement / Accept
1.9333333333333333,0.7070707070707072,Implement / Accept
1.9333333333333333,0.7171717171717172,Implement / Accept
1.9333333333333333,0.7272727272727273,Implement / Accept
1.9333333333333333,0.7373737373737375,Implement / Accept
1.9333333333333333,0.7474747474747475,Implement / Accept
1.9333333333333333,0.7575757575757577,Implement / Accept
1.9333333333333333,0.7676767676767677,Implement / Accept
1.9333333333333333,0.7777777777777778,Implement / Accept
1.9333333333333333,0.787878787878788,Implement / Accept
1.9333333333333333,0.797979797979798,Implement / Accept
1.9333333333333333,0.8080808080808082,Implement / Accept
1.9333333333333333,0.8181818181818182,Implement / Accept
1.9333333333333333,0.8282828282828284,Implement / Accept
1.9333333333333333,0.8383838383838385,Implement / Accept
1.9333333333333333,0.8484848484848485,Implement / Accept
1.9333333333333333,0.8585858585858587,Implement / Accept
1.9333333333333333,0.8686868686868687,Implement / Accept
1.9333333333333333,0.8787878787878789,Implement / Accept
1.9333333333333333,0.888888888888889,Implement / Accept
1.9333333333333333,0.8989898989898991,Implement / Accept
1.9333333333333333,0.9090909090909092,Implement / Accept
1.9333333333333333,0.9191919191919192,Implement / Accept
1.9333333333333333,0.9292929292929294,Implement / Accept
1.9333333333333333,0.9393939393939394,Implement / Accept
1.9333333333333333,0.9494949494949496,Implement / Accept
1.9333333333333333,0.9595959595959597,Implement / Accept
1.9333333333333333,0.9696969696969697,Implement / Accept
1.9333333333333333,0.9797979797979799,Implement / Accept
1.9333333333333333,0.98989898989899,Implement / Accept
1.9333333333333333,1.0,Implement / Accept
2.0,0.0,Absence of Pure Equilibrium
2.0,0.010101010101010102,Absence of Pure Equilibrium
2.0,0.020202020202020204,Absence of Pure Equilibrium
2.0,0.030303030303030304,Implement / Fight
2.0,0.04040404040404041,Implement / Fight
2.0,0.05050505050505051,Implement / Fight
2.0,0.06060606060606061,Implement / Fight
2.0,0.07070707070707072,Implement / Fight
2.0,0.08080808080808081,Implement / Fight
2.0,0.09090909090909091,Implement / Fight
2.0,0.10101010101010102,Implement / Fight
2.0,0.11111111111111112,Implement / Fight
2.0,0.12121212121212122,Implement / Fight
2.0,0.13131313131313133,Implement / Fight
2.0,0.14141414141414144,Implement / Fight
2.0,0.15151515151515152,Implement / Fight
2.0,0.16161616161616163,Implement / Fight
2.0,0.17171717171717174,Implement / Fight
2.0,0.18181818181818182,Implement / Fight
2.0,0.19191919191919193,Implement / Fight
2.0,0.20202020202020204,Implement / Fight
2.0,0.21212121212121213,Implement / Fight
2.0,0.22222222222222224,Implement / Fight
2.0,0.23232323232323235,Implement / Fight
2.0,0.24242424242424243,Implement / Fight
2.0,0.25252525252525254,Implement / Fight
2.0,0.26262626262626265,Implement / Fight
2.0,0.27272727272727276,Implement / Fight
2.0,0.2828282828282829,Implement / Fight
2.0,0.29292929292929293,Implement / Fight
2.0,0.30303030303030304,Implement / Fight
2.0,0.31313131313131315,Implement / Fight
2.0,0.32323232323232326,Implement / Fight
2.0,0.33333333333333337,Implement / Fight
2.0,0.3434343434343435,Implement / Fight
2.0,0.3535353535353536,Implement / Fight
2.0,0.36363636363636365,Implement / Fight
2.0,0.37373737373737376,Implement / Fight
2.0,0.38383838383838387,Implement / Fight
2.0,0.393939393939394,Implement / Fight
2.0,0.4040404040404041,Implement / Fight
2.0,0.4141414141414142,Implement / Fight
2.0,0.42424242424242425,Implement / Fight
2.0,0.43434343434343436,Implement / Fight
2.0,0.4444444444444445,Implement / Fight
2.0,0.4545454545454546,Implement / Fight
2.0,0.4646464646464647,Implement / Fight
2.0,0.4747474747474748,Implement / Fight
2.0,0.48484848484848486,Implement / Fight
2.0,0.494949494949495,Implement / Fight
2.0,0.5050505050505051,Implement / Fight
2.0,0.5151515151515152,Implement / Fight
2.0,0.5252525252525253,Implement / Fight
2.0,0.5353535353535354,Implement / Fight
2.0,0.5454545454545455,Implement / Fight
2.0,0.5555555555555556,Implement / Fight
2.0,0.5656565656565657,Implement / Fight
2.0,0.5757575757575758,Implement / Fight
2.0,0.5858585858585859,Implement / Accept
2.0,0.595959595959596,Implement / Accept
2.0,0.6060606060606061,Implement / Accept
2.0,0.6161616161616162,Implement / Accept
2.0,0.6262626262626263,Implement / Accept
2.0,0.6363636363636365,Implement / Accept
2.0,0.6464646464646465,Implement / Accept
2.0,0.6565656565656566,Implement / Accept
2.0,0.6666666666666667,Implement / Accept
2.0,0.6767676767676768,Implement / Accept
2.0,0.686868686868687,Implement / Accept
2.0,0.696969696969697,Implement / Accept
2.0,0.7070707070707072,Implement / Accept
2.0,0.7171717171717172,Implement / Accept
2.0,0.7272727272727273,Implement / Accept
2.0,0.7373737373737375,Implement / Accept
2.0,0.7474747474747475,Implement / Accept
2.0,0.7575757575757577,Implement / Accept
2.0,0.7676767676767677,Implement / Accept
2.0,0.7777777777777778,Implement / Accept
2.0,0.787878787878788,Implement / Accept
2.0,0.797979797979798,Implement / Accept
2.0,0.8080808080808082,Implement / Accept
2.0,0.8181818181818182,Implement / Accept
2.0,0.8282828282828284,Implement / Accept
2.0,0.8383838383838385,Implement / Accept
2.0,0.8484848484848485,Implement / Accept
2.0,0.8585858585858587,Implement / Accept
2.0,0.8686868686868687,Implement / Accept
2.0,0.8787878787878789,Implement / Accept
2.0,0.888888888888889,Implement / Accept
2.0,0.8989898989898991,Implement / Accept
2.0,0.9090909090909092,Implement / Accept
2.0,0.9191919191919192,Implement / Accept
2.0,0.9292929292929294,Implement / Accept
2.0,0.9393939393939394,Implement / Accept
2.0,0.9494949494949496,Implement / Accept
2.0,0.9595959595959597,Implement / Accept
2.0,0.9696969696969697,Implement / Accept
2.0,0.9797979797979799,Implement / Accept
2.0,0.98989898989899,Implement / Accept
2.0,1.0,Implement / Accept
2.0666666666666664,0.0,Absence of Pure Equilibrium
2.0666666666666664,0.010101010101010102,Absence of Pure Equilibrium
2.0666666666666664,0.020202020202020204,Absence of Pure Equilibrium
2.0666666666666664,0.030303030303030304,Implement / Fight
2.0666666666666664,0.04040404040404041,Implement / Fight
2.0666666666666664,0.05050505050505051,Implement / Fight
2.0666666666666664,0.06060606060606061,Implement / Fight
2.0666666666666664,0.07070707070707072,Implement / Fight
2.0666666666666664,0.08080808080808081,Implement / Fight
2.0666666666666664,0.09090909090909091,Implement / Fight
2.0666666666666664,0.10101010101010102,Implement / Fight
2.0666666666666664,0.11111111111111112,Implement / Fight
2.0666666666666664,0.12121212121212122,Implement / Fight
2.0666666666666664,0.13131313131313133,Implement / Fight
2.0666666666666664,0.14141414141414144,Implement / Fight
2.0666666666666664,0.15151515151515152,Implement / Fight
2.0666666666666664,0.16161616161616163,Implement / Fight
2.0666666666666664,0.17171717171717174,Implement / Fight
2.0666666666666664,0.18181818181818182,Implement / Fight
2.0666666666666664,0.19191919191919193,Implement / Fight
2.0666666666666664,0.20202020202020204,Implement / Fight
2.0666666666666664,0.21212121212121213,Implement / Fight
2.0666666666666664,0.22222222222222224,Implement / Fight
2.0666666666666664,0.23232323232323235,Implement / Fight
2.0666666666666664,0.24242424242424243,Implement / Fight
2.0666666666666664,0.25252525252525254,Implement / Fight
2.0666666666666664,0.26262626262626265,Implement / Fight
2.0666666666666664,0.27272727272727276,Implement / Fight
2.0666666666666664,0.2828282828282829,Implement / Fight
2.0666666666666664,0.29292929292929293,Implement / Fight
2.0666666666666664,0.30303030303030304,Implement / Fight
2.0666666666666664,0.31313131313131315,Implement / Fight
2.0666666666666664,0.32323232323232326,Implement / Fight
2.0666666666666664,0.33333333333333337,Implement / Fight
2.0666666666666664,0.3434343434343435,Implement / Fight
2.0666666666666664,0.3535353535353536,Implement / Fight
2.0666666666666664,0.36363636363636365,Implement / Fight
2.0666666666666664,0.37373737373737376,Implement / Fight
2.0666666666666664,0.38383838383838387,Implement / Fight
2.0666666666666664,0.393939393939394,Implement / Fight
2.0666666666666664,0.4040404040404041,Implement / Fight
2.0666666666666664,0.4141414141414142,Implement / Fight
2.0666666666666664,0.42424242424242425,Implement / Fight
2.0666666666666664,0.43434343434343436,Implement / Fight
2.0666666666666664,0.4444444444444445,Implement / Fight
2.0666666666666664,0.4545454545454546,Implement / Fight
2.0666666666666664,0.4646464646464647,Implement / Fight
2.0666666666666664,0.4747474747474748,Implement / Fight
2.0666666666666664,0.48484848484848486,Implement / Fight
2.0666666666666664,0.494949494949495,Implement / Fight
2.0666666666666664,0.5050505050505051,Implement / Fight
2.0666666666666664,0.5151515151515152,Implement / Fight
2.0666666666666664,0.5252525252525253,Implement / Fight
2.0666666666666664,0.5353535353535354,Implement / Fight
2.0666666666666664,0.5454545454545455,Implement / Fight
2.0666666666666664,0.5555555555555556,Implement / Fight
2.0666666666666664,0.5656565656565657,Implement / Fight
2.0666666666666664,0.5757575757575758,Implement / Fight
2.0666666666666664,0.5858585858585859,Implement / Fight
2.0666666666666664,0.595959595959596,Implement / Fight
2.0666666666666664,0.6060606060606061,Implement / Accept
2.0666666666666664,0.6161616161616162,Implement / Accept
2.0666666666666664,0.6262626262626263,Implement / Accept
2.0666666666666664,0.6363636363636365,Implement / Accept
2.0666666666666664,0.6464646464646465,Implement / Accept
2.0666666666666664,0.6565656565656566,Implement / Accept
2.0666666666666664,0.6666666666666667,Implement / Accept
2.0666666666666664,0.6767676767676768,Implement / Accept
2.0666666666666664,0.686868686868687,Implement / Accept
2.0666666666666664,0.696969696969697,Implement / Accept
2.0666666666666664,0.7070707070707072,Implement / Accept
2.0666666666666664,0.7171717171717172,Implement / Accept
2.0666666666666664,0.7272727272727273,Implement / Accept
2.0666666666666664,0.7373737373737375,Implement / Accept
2.0666666666666664,0.7474747474747475,Implement / Accept
2.0666666666666664,0.7575757575757577,Implement / Accept
2.0666666666666664,0.7676767676767677,Implement / Accept
2.0666666666666664,0.7777777777777778,Implement / Accept
2.0666666666666664,0.787878787878788,Implement / Accept
2.0666666666666664,0.797979797979798,Implement / Accept
2.0666666666666664,0.8080808080808082,Implement / Accept
2.0666666666666664,0.8181818181818182,Implement / Accept
2.0666666666666664,0.8282828282828284,Implement / Accept
2.0666666666666664,0.8383838383838385,Implement / Accept
2.0666666666666664,0.8484848484848485,Implement / Accept
2.0666666666666664,0.8585858585858587,Implement / Accept
2.0666666666666664,0.8686868686868687,Implement / Accept
2.0666666666666664,0.8787878787878789,Implement / Accept
2.0666666666666664,0.888888888888889,Implement / Accept
2.0666666666666664,0.8989898989898991,Implement / Accept
2.0666666666666664,0.9090909090909092,Implement / Accept
2.0666666666666664,0.9191919191919192,Implement / Accept
2.0666666666666664,0.9292929292929294,Implement / Accept
2.0666666666666664,0.9393939393939394,Implement / Accept
2.0666666666666664,0.9494949494949496,Implement / Accept
2.0666666666666664,0.9595959595959597,Implement / Accept
2.0666666666666664,0.9696969696969697,Implement / Accept
2.0666666666666664,0.9797979797979799,Implement / Accept
2.0666666666666664,0.98989898989899,Implement / Accept
2.0666666666666664,1.0,Implement / Accept
2.1333333333333333,0.0,Absence of Pure Equilibrium
2.1333333333333333,0.010101010101010102,Absence of Pure Equilibrium
2.1333333333333333,0.020202020202020204,Absence of Pure Equilibrium
2.1333333333333333,0.030303030303030304,Implement / Fight
2.1333333333333333,0.04040404040404041,Implement / Fight
2.1333333333333333,0.05050505050505051,Implement / Fight
2.1333333333333333,0.06060606060606061,Implement / Fight
2.1333333333333333,0.07070707070707072,Implement / Fight
2.1333333333333333,0.08080808080808081,Implement / Fight
2.1333333333333333,0.09090909090909091,Implement / Fight
2.1333333333333333,0.10101010101010102,Implement / Fight
2.1333333333333333,0.11111111111111112,Implement / Fight
2.1333333333333333,0.12121212121212122,Implement / Fight
2.1333333333333333,0.13131313131313133,Implement / Fight
2.1333333333333333,0.14141414141414144,Implement / Fight
2.1333333333333333,0.15151515151515152,Implement / Fight
2.1333333333333333,0.16161616161616163,Implement / Fight
2.1333333333333333,0.17171717171717174,Implement / Fight
2.1333333333333333,0.18181818181818182,Implement / Fight
2.1333333333333333,0.19191919191919193,Implement / Fight
2.1333333333333333,0.20202020202020204,Implement / Fight
2.1333333333333333,0.21212121212121213,Implement / Fight
2.1333333333333333,0.22222222222222224,Implement / Fight
2.1333333333333333,0.23232323232323235,Implement / Fight
2.1333333333333333,0.24242424242424243,Implement / Fight
2.1333333333333333,0.25252525252525254,Implement / Fight
2.1333333333333333,0.26262626262626265,Implement / Fight
2.1333333333333333,0.27272727272727276,Implement / Fight
2.1333333333333333,0.2828282828282829,Implement / Fight
2.1333333333333333,0.29292929292929293,Implement / Fight
2.1333333333333333,0.30303030303030304,Implement / Fight
2.1333333333333333,0.31313131313131315,Implement / Fight
2.1333333333333333,0.32323232323232326,Implement / Fight
2.1333333333333333,0.33333333333333337,Implement / Fight
2.1333333333333333,0.3434343434343435,Implement / Fight
2.1333333333333333,0.3535353535353536,Implement / Fight
2.1333333333333333,0.36363636363636365,Implement / Fight
2.1333333333333333,0.37373737373737376,Implement / Fight
2.1333333333333333,0.38383838383838387,Implement / Fight
2.1333333333333333,0.393939393939394,Implement / Fight
2.1333333333333333,0.4040404040404041,Implement / Fight
2.1333333333333333,0.4141414141414142,Implement / Fight
2.1333333333333333,0.42424242424242425,Implement / Fight
2.1333333333333333,0.43434343434343436,Implement / Fight
2.1333333333333333,0.4444444444444445,Implement / Fight
2.1333333333333333,0.4545454545454546,Implement / Fight
2.1333333333333333,0.4646464646464647,Implement / Fight
2.1333333333333333,0.4747474747474748,Implement / Fight
2.1333333333333333,0.48484848484848486,Implement / Fight
2.1333333333333333,0.494949494949495,Implement / Fight
2.1333333333333333,0.5050505050505051,Implement / Fight
2.1333333333333333,0.5151515151515152,Implement / Fight
2.1333333333333333,0.5252525252525253,Implement / Fight
2.1333333333333333,0.5353535353535354,Implement / Fight
2.1333333333333333,0.5454545454545455,Implement / Fight
2.1333333333333333,0.5555555555555556,Implement / Fight
2.1333333333333333,0.5656565656565657,Implement / Fight
2.1333333333333333,0.5757575757575758,Implement / Fight
2.1333333333333333,0.5858585858585859,Implement / Fight
2.1333333333333333,0.595959595959596,Implement / Fight
2.1333333333333333,0.6060606060606061,Implement / Fight
2.1333333333333333,0.6161616161616162,Implement / Fight
2.1333333333333333,0.6262626262626263,Implement / Accept
2.1333333333333333,0.6363636363636365,Implement / Accept
2.1333333333333333,0.6464646464646465,Implement / Accept
2.1333333333333333,0.6565656565656566,Implement / Accept
2.1333333333333333,0.6666666666666667,Implement / Accept
2.1333333333333333,0.6767676767676768,Implement / Accept
2.1333333333333333,0.686868686868687,Implement / Accept
2.1333333333333333,0.696969696969697,Implement / Accept
2.1333333333333333,0.7070707070707072,Implement / Accept
2.1333333333333333,0.7171717171717172,Implement / Accept
2.1333333333333333,0.7272727272727273,Implement / Accept
2.1333333333333333,0.7373737373737375,Implement / Accept
2.1333333333333333,0.7474747474747475,Implement / Accept
2.1333333333333333,0.7575757575757577,Implement / Accept
2.1333333333333333,0.7676767676767677,Implement / Accept
2.1333333333333333,0.7777777777777778,Implement / Accept
2.1333333333333333,0.787878787878788,Implement / Accept
2.1333333333333333,0.797979797979798,Implement / Accept
2.1333333333333333,0.8080808080808082,Implement / Accept
2.1333333333333333,0.8181818181818182,Implement / Accept
2.1333333333333333,0.8282828282828284,Implement / Accept
2.1333333333333333,0.8383838383838385,Implement / Accept
2.1333333333333333,0.8484848484848485,Implement / Accept
2.1333333333333333,0.8585858585858587,Implement / Accept
2.1333333333333333,0.8686868686868687,Implement / Accept
2.1333333333333333,0.8787878787878789,Implement / Accept
2.1333333333333333,0.888888888888889,Implement / Accept
2.1333333333333333,0.8989898989898991,Implement / Accept
2.1333333333333333,0.9090909090909092,Implement / Accept
2.1333333333333333,0.9191919191919192,Implement / Accept
2.1333333333333333,0.9292929292929294,Implement / Accept
2.1333333333333333,0.9393939393939394,Implement / Accept
2.1333333333333333,0.9494949494949496,Implement / Accept
2.1333333333333333,0.9595959595959597,Implement / Accept
2.1333333333333333,0.9696969696969697,Implement / Accept
2.1333333333333333,0.9797979797979799,Implement / Accept
2.1333333333333333,0.98989898989899,Implement / Accept
2.1333333333333333,1.0,Implement / Accept
2.2,0.0,Absence of Pure Equilibrium
2.2,0.010101010101010102,Absence of Pure Equilibrium
2.2,0.020202020202020204,Absence of Pure Equilibrium
2.2,0.030303030303030304,Implement / Fight
2.2,0.04040404040404041,Implement / Fight
2.2,0.05050505050505051,Implement / Fight
2.2,0.06060606060606061,Implement / Fight
2.2,0.07070707070707072,Implement / Fight
2.2,0.08080808080808081,Implement / Fight
2.2,0.09090909090909091,Implement / Fight
2.2,0.10101010101010102,Implement / Fight
2.2,0.11111111111111112,Implement / Fight
2.2,0.12121212121212122,Implement / Fight
2.2,0.13131313131313133,Implement / Fight
2.2,0.14141414141414144,Implement / Fight
2.2,0.15151515151515152,Implement / Fight
2.2,0.16161616161616163,Implement / Fight
2.2,0.17171717171717174,Implement / Fight
2.2,0.18181818181818182,Implement / Fight
2.2,0.19191919191919193,Implement / Fight
2.2,0.20202020202020204,Implement / Fight
2.2,0.21212121212121213,Implement / Fight
2.2,0.22222222222222224,Implement / Fight
2.2,0.23232323232323235,Implement / Fight
2.2,0.24242424242424243,Implement / Fight
2.2,0.25252525252525254,Implement / Fight
2.2,0.26262626262626265,Implement / Fight
2.2,0.27272727272727276,Implement / Fight
2.2,0.2828282828282829,Implement / Fight
2.2,0.29292929292929293,Implement / Fight
2.2,0.30303030303030304,Implement / Fight
2.2,0.31313131313131315,Implement / Fight
2.2,0.32323232323232326,Implement / Fight
2.2,0.33333333333333337,Implement / Fight
2.2,0.3434343434343435,Implement / Fight
2.2,0.3535353535353536,Implement / Fight
2.2,0.36363636363636365,Implement / Fight
2.2,0.37373737373737376,Implement / Fight
2.2,0.38383838383838387,Implement / Fight
2.2,0.393939393939394,Implement / Fight
2.2,0.4040404040404041,Implement / Fight
2.2,0.4141414141414142,Implement / Fight
2.2,0.42424242424242425,Implement / Fight
2.2,0.43434343434343436,Implement / Fight
2.2,0.4444444444444445,Implement / Fight
2.2,0.4545454545454546,Implement / Fight
2.2,0.4646464646464647,Implement / Fight
2.2,0.4747474747474748,Implement / Fight
2.2,0.48484848484848486,Implement / Fight
2.2,0.494949494949495,Implement / Fight
2.2,0.5050505050505051,Implement / Fight
2.2,0.5151515151515152,Implement / Fight
2.2,0.5252525252525253,Implement / Fight
2.2,0.5353535353535354,Implement / Fight
2.2,0.5454545454545455,Implement / Fight
2.2,0.5555555555555556,Implement / Fight
2.2,0.5656565656565657,Implement / Fight
2.2,0.5757575757575758,Implement / Fight
2.2,0.5858585858585859,Implement / Fight
2.2,0.595959595959596,Implement / Fight
2.2,0.6060606060606061,Implement / Fight
2.2,0.6161616161616162,Implement / Fight
2.2,0.6262626262626263,Implement / Fight
2.2,0.6363636363636365,Implement / Accept
2.2,0.6464646464646465,Implement / Accept
2.2,0.6565656565656566,Implement / Accept
2.2,0.6666666666666667,Implement / Accept
2.2,0.6767676767676768,Implement / Accept
2.2,0.686868686868687,Implement / Accept
2.2,0.696969696969697,Implement / Accept
2.2,0.7070707070707072,Implement / Accept
2.2,0.7171717171717172,Implement / Accept
2.2,0.7272727272727273,Implement / Accept
2.2,0.7373737373737375,Implement / Accept
2.2,0.7474747474747475,Implement / Accept
2.2,0.7575757575757577,Implement / Accept
2.2,0.7676767676767677,Implement / Accept
2.2,0.7777777777777778,Implement / Accept
2.2,0.787878787878788,Implement / Accept
2.2,0.797979797979798,Implement / Accept
2.2,0.8080808080808082,Implement / Accept
2.2,0.8181818181818182,Implement / Accept
2.2,0.8282828282828284,Implement / Accept
2.2,0.8383838383838385,Implement / Accept
2.2,0.8484848484848485,Implement / Accept
2.2,0.8585858585858587,Implement / Accept
2.2,0.8686868686868687,Implement / Accept
2.2,0.8787878787878789,Implement / Accept
2.2,0.888888888888889,Implement / Accept
2.2,0.8989898989898991,Implement / Accept
2.2,0.9090909090909092,Implement / Accept
2.2,0.9191919191919192,Implement / Accept
2.2,0.9292929292929294,Implement / Accept
2.2,0.9393939393939394,Implement / Accept
2.2,0.9494949494949496,Implement / Accept
2.2,0.9595959595959597,Implement / Accept
2.2,0.9696969696969697,Implement / Accept
2.2,0.9797979797979799,Implement / Accept
2.2,0.98989898989899,Implement / Accept
2.2,1.0,Implement / Accept
2.2666666666666666,0.0,Absence of Pure Equilibrium
2.2666666666666666,0.010101010101010102,Absence of Pure Equilibrium
2.2666666666666666,0.020202020202020204,Absence of Pure Equilibrium
2.2666666666666666,0.030303030303030304,Implement / Fight
2.2666666666666666,0.04040404040404041,Implement / Fight
2.2666666666666666,0.05050505050505051,Implement / Fight
2.2666666666666666,0.06060606060606061,Implement / Fight
2.2666666666666666,0.07070707070707072,Implement / Fight
2.2666666666666666,0.08080808080808081,Implement / Fight
2.2666666666666666,0.09090909090909091,Implement / Fight
2.2666666666666666,0.10101010101010102,Implement / Fight
2.2666666666666666,0.11111111111111112,Implement / Fight
2.2666666666666666,0.12121212121212122,Implement / Fight
2.2666666666666666,0.13131313131313133,Implement / Fight
2.2666666666666666,0.14141414141414144,Implement / Fight
2.2666666666666666,0.15151515151515152,Implement / Fight
2.2666666666666666,0.16161616161616163,Implement / Fight
2.2666666666666666,0.17171717171717174,Implement / Fight
2.2666666666666666,0.18181818181818182,Implement / Fight
2.2666666666666666,0.19191919191919193,Implement / Fight
2.2666666666666666,0.20202020202020204,Implement / Fight
2.2666666666666666,0.21212121212121213,Implement / Fight
2.2666666666666666,0.22222222222222224,Implement / Fight
2.2666666666666666,0.23232323232323235,Implement / Fight
2.2666666666666666,0.24242424242424243,Implement / Fight
2.2666666666666666,0.25252525252525254,Implement / Fight
2.2666666666666666,0.26262626262626265,Implement / Fight
2.2666666666666666,0.27272727272727276,Implement / Fight
2.2666666666666666,0.2828282828282829,Implement / Fight
2.2666666666666666,0.29292929292929293,Implement / Fight
2.2666666666666666,0.30303030303030304,Implement / Fight
2.2666666666666666,0.31313131313131315,Implement / Fight
2.2666666666666666,0.32323232323232326,Implement / Fight
2.2666666666666666,0.33333333333333337,Implement / Fight
2.2666666666666666,0.3434343434343435,Implement / Fight
2.2666666666666666,0.3535353535353536,Implement / Fight
2.2666666666666666,0.36363636363636365,Implement / Fight
2.2666666666666666,0.37373737373737376,Implement / Fight
2.2666666666666666,0.38383838383838387,Implement / Fight
2.2666666666666666,0.393939393939394,Implement / Fight
2.2666666666666666,0.4040404040404041,Implement / Fight
2.2666666666666666,0.4141414141414142,Implement / Fight
2.2666666666666666,0.42424242424242425,Implement / Fight
2.2666666666666666,0.43434343434343436,Implement / Fight
2.2666666666666666,0.4444444444444445,Implement / Fight
2.2666666666666666,0.4545454545454546,Implement / Fight
2.2666666666666666,0.4646464646464647,Implement / Fight
2.2666666666666666,0.4747474747474748,Implement / Fight
2.2666666666666666,0.48484848484848486,Implement / Fight
2.2666666666666666,0.494949494949495,Implement / Fight
2.2666666666666666,0.5050505050505051,Implement / Fight
2.2666666666666666,0.5151515151515152,Implement / Fight
2.2666666666666666,0.5252525252525253,Implement / Fight
2.2666666666666666,0.5353535353535354,Implement / Fight
2.2666666666666666,0.5454545454545455,Implement / Fight
2.2666666666666666,0.5555555555555556,Implement / Fight
2.2666666666666666,0.5656565656565657,Implement / Fight
2.2666666666666666,0.5757575757575758,Implement / Fight
2.2666666666666666,0.5858585858585859,Implement / Fight
2.2666666666666666,0.595959595959596,Implement / Fight
2.2666666666666666,0.6060606060606061,Implement / Fight
2.2666666666666666,0.6161616161616162,Implement / Fight
2.2666666666666666,0.6262626262626263,Implement / Fight
2.2666666666666666,0.6363636363636365,Implement / Fight
2.2666666666666666,0.6464646464646465,Implement / Fight
2.2666666666666666,0.6565656565656566,Implement / Accept
2.2666666666666666,0.6666666666666667,Implement / Accept
2.2666666666666666,0.6767676767676768,Implement / Accept
2.2666666666666666,0.686868686868687,Implement / Accept
2.2666666666666666,0.696969696969697,Implement / Accept
2.2666666666666666,0.7070707070707072,Implement / Accept
2.2666666666666666,0.7171717171717172,Implement / Accept
2.2666666666666666,0.7272727272727273,Implement / Accept
2.2666666666666666,0.7373737373737375,Implement / Accept
2.2666666666666666,0.7474747474747475,Implement / Accept
2.2666666666666666,0.7575757575757577,Implement / Accept
2.2666666666666666,0.7676767676767677,Implement / Accept
2.2666666666666666,0.7777777777777778,Implement / Accept
2.2666666666666666,0.787878787878788,Implement / Accept
2.2666666666666666,0.797979797979798,Implement / Accept
2.2666666666666666,0.8080808080808082,Implement / Accept
2.2666666666666666,0.8181818181818182,Implement / Accept
2.2666666666666666,0.8282828282828284,Implement / Accept
2.2666666666666666,0.8383838383838385,Implement / Accept
2.2666666666666666,0.8484848484848485,Implement / Accept
2.2666666666666666,0.8585858585858587,Implement / Accept
2.2666666666666666,0.8686868686868687,Implement / Accept
2.2666666666666666,0.8787878787878789,Implement / Accept
2.2666666666666666,0.888888888888889,Implement / Accept
2.2666666666666666,0.8989898989898991,Implement / Accept
2.2666666666666666,0.9090909090909092,Implement / Accept
2.2666666666666666,0.9191919191919192,Implement / Accept
2.2666666666666666,0.9292929292929294,Implement / Accept
2.2666666666666666,0.9393939393939394,Implement / Accept
2.2666666666666666,0.9494949494949496,Implement / Accept
2.2666666666666666,0.9595959595959597,Implement / Accept
2.2666666666666666,0.9696969696969697,Implement / Accept
2.2666666666666666,0.9797979797979799,Implement / Accept
2.2666666666666666,0.98989898989899,Implement / Accept
2.2666666666666666,1.0,Implement / Accept
2.3333333333333335,0.0,Absence of Pure Equilibrium
2.3333333333333335,0.010101010101010102,Absence of Pure Equilibrium
2.3333333333333335,0.020202020202020204,Absence of Pure Equilibrium
2.3333333333333335,0.030303030303030304,Implement / Fight
2.3333333333333335,0.04040404040404041,Implement / Fight
2.3333333333333335,0.05050505050505051,Implement / Fight
2.3333333333333335,0.06060606060606061,Implement / Fight
2.3333333333333335,0.07070707070707072,Implement / Fight
2.3333333333333335,0.08080808080808081,Implement / Fight
2.3333333333333335,0.09090909090909091,Implement / Fight
2.3333333333333335,0.10101010101010102,Implement / Fight
2.3333333333333335,0.11111111111111112,Implement / Fight
2.3333333333333335,0.12121212121212122,Implement / Fight
2.3333333333333335,0.13131313131313133,Implement / Fight
2.3333333333333335,0.14141414141414144,Implement / Fight
2.3333333333333335,0.15151515151515152,Implement / Fight
2.3333333333333335,0.16161616161616163,Implement / Fight
2.3333333333333335,0.17171717171717174,Implement / Fight
2.3333333333333335,0.18181818181818182,Implement / Fight
2.3333333333333335,0.19191919191919193,Implement / Fight
2.3333333333333335,0.20202020202020204,Implement / Fight
2.3333333333333335,0.21212121212121213,Implement / Fight
2.3333333333333335,0.22222222222222224,Implement / Fight
2.3333333333333335,0.23232323232323235,Implement / Fight
2.3333333333333335,0.24242424242424243,Implement / Fight
2.3333333333333335,0.25252525252525254,Implement / Fight
2.3333333333333335,0.26262626262626265,Implement / Fight
2.3333333333333335,0.27272727272727276,Implement / Fight
2.3333333333333335,0.2828282828282829,Implement / Fight
2.3333333333333335,0.29292929292929293,Implement / Fight
2.3333333333333335,0.30303030303030304,Implement / Fight
2.3333333333333335,0.31313131313131315,Implement / Fight
2.3333333333333335,0.32323232323232326,Implement / Fight
2.3333333333333335,0.33333333333333337,Implement / Fight
2.3333333333333335,0.3434343434343435,Implement / Fight
2.3333333333333335,0.3535353535353536,Implement / Fight
2.3333333333333335,0.36363636363636365,Implement / Fight
2.3333333333333335,0.37373737373737376,Implement / Fight
2.3333333333333335,0.38383838383838387,Implement / Fight
2.3333333333333335,0.393939393939394,Implement / Fight
2.3333333333333335,0.4040404040404041,Implement / Fight
2.3333333333333335,0.4141414141414142,Implement / Fight
2.3333333333333335,0.42424242424242425,Implement / Fight
2.3333333333333335,0.43434343434343436,Implement / Fight
2.3333333333333335,0.4444444444444445,Implement / Fight
2.3333333333333335,0.4545454545454546,Implement / Fight
2.3333333333333335,0.4646464646464647,Implement / Fight
2.3333333333333335,0.4747474747474748,Implement / Fight
2.3333333333333335,0.48484848484848486,Implement / Fight
2.3333333333333335,0.494949494949495,Implement / Fight
2.3333333333333335,0.5050505050505051,Implement / Fight
2.3333333333333335,0.5151515151515152,Implement / Fight
2.3333333333333335,0.5252525252525253,Implement / Fight
2.3333333333333335,0.5353535353535354,Implement / Fight
2.3333333333333335,0.5454545454545455,Implement / Fight
2.3333333333333335,0.5555555555555556,Implement / Fight
2.3333333333333335,0.5656565656565657,Implement / Fight
2.3333333333333335,0.5757575757575758,Implement / Fight
2.3333333333333335,0.5858585858585859,Implement / Fight
2.3333333333333335,0.595959595959596,Implement / Fight
2.3333333333333335,0.6060606060606061,Implement / Fight
2.3333333333333335,0.6161616161616162,Implement / Fight
2.3333333333333335,0.6262626262626263,Implement / Fight
2.3333333333333335,0.6363636363636365,Implement / Fight
2.3333333333333335,0.6464646464646465,Implement / Fight
2.3333333333333335,0.6565656565656566,Implement / Fight
2.3333333333333335,0.6666666666666667,Implement / Fight
2.3333333333333335,0.6767676767676768,Implement / Fight
2.3333333333333335,0.686868686868687,Implement / Accept
2.3333333333333335,0.696969696969697,Implement / Accept
2.3333333333333335,0.7070707070707072,Implement / Accept
2.3333333333333335,0.7171717171717172,Implement / Accept
2.3333333333333335,0.7272727272727273,Implement / Accept
2.3333333333333335,0.7373737373737375,Implement / Accept
2.3333333333333335,0.7474747474747475,Implement / Accept
2.3333333333333335,0.7575757575757577,Implement / Accept
2.3333333333333335,0.7676767676767677,Implement / Accept
2.3333333333333335,0.7777777777777778,Implement / Accept
2.3333333333333335,0.787878787878788,Implement / Accept
2.3333333333333335,0.797979797979798,Implement / Accept
2.3333333333333335,0.8080808080808082,Implement / Accept
2.3333333333333335,0.8181818181818182,Implement / Accept
2.3333333333333335,0.8282828282828284,Implement / Accept
2.3333333333333335,0.8383838383838385,Implement / Accept
2.3333333333333335,0.8484848484848485,Implement / Accept
2.3333333333333335,0.8585858585858587,Implement / Accept
2.3333333333333335,0.8686868686868687,Implement / Accept
2.3333333333333335,0.8787878787878789,Implement / Accept
2.3333333333333335,0.888888888888889,Implement / Accept
2.3333333333333335,0.8989898989898991,Implement / Accept
2.3333333333333335,0.9090909090909092,Implement / Accept
2.3333333333333335,0.9191919191919192,Implement / Accept
2.3333333333333335,0.9292929292929294,Implement / Accept
2.3333333333333335,0.9393939393939394,Implement / Accept
2.3333333333333335,0.9494949494949496,Implement / Accept
2.3333333333333335,0.9595959595959597,Implement / Accept
2.3333333333333335,0.9696969696969697,Implement / Accept
2.3333333333333335,0.9797979797979799,Implement / Accept
2.3333333333333335,0.98989898989899,Implement / Accept
2.3333333333333335,1.0,Implement / Accept
2.4,0.0,Absence of Pure Equilibrium
2.4,0.010101010101010102,Absence of Pure Equilibrium
2.4,0.020202020202020204,Absence of Pure Equilibrium
2.4,0.030303030303030304,Implement / Fight
2.4,0.04040404040404041,Implement / Fight
2.4,0.05050505050505051,Implement / Fight
2.4,0.06060606060606061,Implement / Fight
2.4,0.07070707070707072,Implement / Fight
2.4,0.08080808080808081,Implement / Fight
2.4,0.09090909090909091,Implement / Fight
2.4,0.10101010101010102,Implement / Fight
2.4,0.11111111111111112,Implement / Fight
2.4,0.12121212121212122,Implement / Fight
2.4,0.13131313131313133,Implement / Fight
2.4,0.14141414141414144,Implement / Fight
2.4,0.15151515151515152,Implement / Fight
2.4,0.16161616161616163,Implement / Fight
2.4,0.17171717171717174,Implement / Fight
2.4,0.18181818181818182,Implement / Fight
2.4,0.19191919191919193,Implement / Fight
2.4,0.20202020202020204,Implement / Fight
2.4,0.21212121212121213,Implement / Fight
2.4,0.22222222222222224,Implement / Fight
2.4,0.23232323232323235,Implement / Fight
2.4,0.24242424242424243,Implement / Fight
2.4,0.25252525252525254,Implement / Fight
2.4,0.26262626262626265,Implement / Fight
2.4,0.27272727272727276,Implement / Fight
2.4,0.2828282828282829,Implement / Fight
2.4,0.29292929292929293,Implement / Fight
2.4,0.30303030303030304,Implement / Fight
2.4,0.31313131313131315,Implement / Fight
2.4,0.32323232323232326,Implement / Fight
2.4,0.33333333333333337,Implement / Fight
2.4,0.3434343434343435,Implement / Fight
2.4,0.3535353535353536,Implement / Fight
2.4,0.36363636363636365,Implement / Fight
2.4,0.37373737373737376,Implement / Fight
2.4,0.38383838383838387,Implement / Fight
2.4,0.393939393939394,Implement / Fight
2.4,0.4040404040404041,Implement / Fight
2.4,0.4141414141414142,Implement / Fight
2.4,0.42424242424242425,Implement / Fight
2.4,0.43434343434343436,Implement / Fight
2.4,0.4444444444444445,Implement / Fight
2.4,0.4545454545454546,Implement / Fight
2.4,0.4646464646464647,Implement / Fight
2.4,0.4747474747474748,Implement / Fight
2.4,0.48484848484848486,Implement / Fight
2.4,0.494949494949495,Implement / Fight
2.4,0.5050505050505051,Implement / Fight
2.4,0.5151515151515152,Implement / Fight
2.4,0.5252525252525253,Implement / Fight
2.4,0.5353535353535354,Implement / Fight
2.4,0.5454545454545455,Implement / Fight
2.4,0.5555555555555556,Implement / Fight
2.4,0.5656565656565657,Implement / Fight
2.4,0.5757575757575758,Implement / Fight
2.4,0.5858585858585859,Implement / Fight
2.4,0.595959595959596,Implement / Fight
2.4,0.6060606060606061,Implement / Fight
2.4,0.6161616161616162,Implement / Fight
2.4,0.6262626262626263,Implement / Fight
2.4,0.6363636363636365,Implement / Fight
2.4,0.6464646464646465,Implement / Fight
2.4,0.6565656565656566,Implement / Fight
2.4,0.6666666666666667,Implement / Fight
2.4,0.6767676767676768,Implement / Fight
2.4,0.686868686868687,Implement / Fight
2.4,0.696969696969697,Implement / Fight
2.4,0.7070707070707072,Implement / Accept
2.4,0.7171717171717172,Implement / Accept
2.4,0.7272727272727273,Implement / Accept
2.4,0.7373737373737375,Implement / Accept
2.4,0.7474747474747475,Implement / Accept
2.4,0.7575757575757577,Implement / Accept
2.4,0.7676767676767677,Implement / Accept
2.4,0.7777777777777778,Implement / Accept
2.4,0.787878787878788,Implement / Accept
2.4,0.797979797979798,Implement / Accept
2.4,0.8080808080808082,Implement / Accept
2.4,0.8181818181818182,Implement / Accept
2.4,0.8282828282828284,Implement / Accept
2.4,0.8383838383838385,Implement / Accept
2.4,0.8484848484848485,Implement / Accept
2.4,0.8585858585858587,Implement / Accept
2.4,0.8686868686868687,Implement / Accept
2.4,0.8787878787878789,Implement / Accept
2.4,0.888888888888889,Implement / Accept
2.4,0.8989898989898991,Implement / Accept
2.4,0.9090909090909092,Implement / Accept
2.4,0.9191919191919192,Implement / Accept
2.4,0.9292929292929294,Implement / Accept
2.4,0.9393939393939394,Implement / Accept
2.4,0.9494949494949496,Implement / Accept
2.4,0.9595959595959597,Implement / Accept
2.4,0.9696969696969697,Implement / Accept
2.4,0.9797979797979799,Implement / Accept
2.4,0.98989898989899,Implement / Accept
2.4,1.0,Implement / Accept
2.466666666666667,0.0,Absence of Pure Equilibrium
2.466666666666667,0.010101010101010102,Absence of Pure Equilibrium
2.466666666666667,0.020202020202020204,Absence of Pure Equilibrium
2.466666666666667,0.030303030303030304,Implement / Fight
2.466666666666667,0.04040404040404041,Implement / Fight
2.466666666666667,0.05050505050505051,Implement / Fight
2.466666666666667,0.06060606060606061,Implement / Fight
2.466666666666667,0.07070707070707072,Implement / Fight
2.466666666666667,0.08080808080808081,Implement / Fight
2.466666666666667,0.09090909090909091,Implement / Fight
2.466666666666667,0.10101010101010102,Implement / Fight
2.466666666666667,0.11111111111111112,Implement / Fight
2.466666666666667,0.12121212121212122,Implement / Fight
2.466666666666667,0.13131313131313133,Implement / Fight
2.466666666666667,0.14141414141414144,Implement / Fight
2.466666666666667,0.15151515151515152,Implement / Fight
2.466666666666667,0.16161616161616163,Implement / Fight
2.466666666666667,0.17171717171717174,Implement / Fight
2.466666666666667,0.18181818181818182,Implement / Fight
2.466666666666667,0.19191919191919193,Implement / Fight
2.466666666666667,0.20202020202020204,Implement / Fight
2.466666666666667,0.21212121212121213,Implement / Fight
2.466666666666667,0.22222222222222224,Implement / Fight
2.466666666666667,0.23232323232323235,Implement / Fight
2.466666666666667,0.24242424242424243,Implement / Fight
2.466666666666667,0.25252525252525254,Implement / Fight
2.466666666666667,0.26262626262626265,Implement / Fight
2.466666666666667,0.27272727272727276,Implement / Fight
2.466666666666667,0.2828282828282829,Implement / Fight
2.466666666666667,0.29292929292929293,Implement / Fight
2.466666666666667,0.30303030303030304,Implement / Fight
2.466666666666667,0.31313131313131315,Implement / Fight
2.466666666666667,0.32323232323232326,Implement / Fight
2.466666666666667,0.33333333333333337,Implement / Fight
2.466666666666667,0.3434343434343435,Implement / Fight
2.466666666666667,0.3535353535353536,Implement / Fight
2.466666666666667,0.36363636363636365,Implement / Fight
2.466666666666667,0.37373737373737376,Implement / Fight
2.466666666666667,0.38383838383838387,Implement / Fight
2.466666666666667,0.393939393939394,Implement / Fight
2.466666666666667,0.4040404040404041,Implement / Fight
2.466666666666667,0.4141414141414142,Implement / Fight
2.466666666666667,0.42424242424242425,Implement / Fight
2.466666666666667,0.43434343434343436,Implement / Fight
2.466666666666667,0.4444444444444445,Implement / Fight
2.466666666666667,0.4545454545454546,Implement / Fight
2.466666666666667,0.4646464646464647,Implement / Fight
2.466666666666667,0.4747474747474748,Implement / Fight
2.466666666666667,0.48484848484848486,Implement / Fight
2.466666666666667,0.494949494949495,Implement / Fight
2.466666666666667,0.5050505050505051,Implement / Fight
2.466666666666667,0.5151515151515152,Implement / Fight
2.466666666666667,0.5252525252525253,Implement / Fight
2.466666666666667,0.5353535353535354,Implement / Fight
2.466666666666667,0.5454545454545455,Implement / Fight
2.466666666666667,0.5555555555555556,Implement / Fight
2.466666666666667,0.5656565656565657,Implement / Fight
2.466666666666667,0.5757575757575758,Implement / Fight
2.466666666666667,0.5858585858585859,Implement / Fight
2.466666666666667,0.595959595959596,Implement / Fight
2.466666666666667,0.6060606060606061,Implement / Fight
2.466666666666667,0.6161616161616162,Implement / Fight
2.466666666666667,0.6262626262626263,Implement / Fight
2.466666666666667,0.6363636363636365,Implement / Fight
2.466666666666667,0.6464646464646465,Implement / Fight
2.466666666666667,0.6565656565656566,Implement / Fight
2.466666666666667,0.6666666666666667,Implement / Fight
2.466666666666667,0.6767676767676768,Implement / Fight
2.466666666666667,0.686868686868687,Implement / Fight
2.466666666666667,0.696969696969697,Implement / Fight
2.466666666666667,0.7070707070707072,Implement / Fight
2.466666666666667,0.7171717171717172,Implement / Fight
2.466666666666667,0.7272727272727273,Implement / Accept
2.466666666666667,0.7373737373737375,Implement / Accept
2.466666666666667,0.7474747474747475,Implement / Accept
2.466666666666667,0.7575757575757577,Implement / Accept
2.466666666666667,0.7676767676767677,Implement / Accept
2.466666666666667,0.7777777777777778,Implement / Accept
2.466666666666667,0.787878787878788,Implement / Accept
2.466666666666667,0.797979797979798,Implement / Accept
2.466666666666667,0.8080808080808082,Implement / Accept
2.466666666666667,0.8181818181818182,Implement / Accept
2.466666666666667,0.8282828282828284,Implement / Accept
2.466666666666667,0.8383838383838385,Implement / Accept
2.466666666666667,0.8484848484848485,Implement / Accept
2.466666666666667,0.8585858585858587,Implement / Accept
2.466666666666667,0.8686868686868687,Implement / Accept
2.466666666666667,0.8787878787878789,Implement / Accept
2.466666666666667,0.888888888888889,Implement / Accept
2.466666666666667,0.8989898989898991,Implement / Accept
2.466666666666667,0.9090909090909092,Implement / Accept
2.466666666666667,0.9191919191919192,Implement / Accept
2.466666666666667,0.9292929292929294,Implement / Accept
2.466666666666667,0.9393939393939394,Implement / Accept
2.466666666666667,0.9494949494949496,Implement / Accept
2.466666666666667,0.9595959595959597,Implement / Accept
2.466666666666667,0.9696969696969697,Implement / Accept
2.466666666666667,0.9797979797979799,Implement / Accept
2.466666666666667,0.98989898989899,Implement / Accept
2.466666666666667,1.0,Implement / Accept
2.533333333333333,0.0,Absence of Pure Equilibrium
2.533333333333333,0.010101010101010102,Absence of Pure Equilibrium
2.533333333333333,0.020202020202020204,Absence of Pure Equilibrium
2.533333333333333,0.030303030303030304,Implement / Fight
2.533333333333333,0.04040404040404041,Implement / Fight
2.533333333333333,0.05050505050505051,Implement / Fight
2.533333333333333,0.06060606060606061,Implement / Fight
2.533333333333333,0.07070707070707072,Implement / Fight
2.533333333333333,0.08080808080808081,Implement / Fight
2.533333333333333,0.09090909090909091,Implement / Fight
2.533333333333333,0.10101010101010102,Implement / Fight
2.533333333333333,0.11111111111111112,Implement / Fight
2.533333333333333,0.12121212121212122,Implement / Fight
2.533333333333333,0.13131313131313133,Implement / Fight
2.533333333333333,0.14141414141414144,Implement / Fight
2.533333333333333,0.15151515151515152,Implement / Fight
2.533333333333333,0.16161616161616163,Implement / Fight
2.533333333333333,0.17171717171717174,Implement / Fight
2.533333333333333,0.18181818181818182,Implement / Fight
2.533333333333333,0.19191919191919193,Implement / Fight
2.533333333333333,0.20202020202020204,Implement / Fight
2.533333333333333,0.21212121212121213,Implement / Fight
2.533333333333333,0.22222222222222224,Implement / Fight
2.533333333333333,0.23232323232323235,Implement / Fight
2.533333333333333,0.24242424242424243,Implement / Fight
2.533333333333333,0.25252525252525254,Implement / Fight
2.533333333333333,0.26262626262626265,Implement / Fight
2.533333333333333,0.27272727272727276,Implement / Fight
2.533333333333333,0.2828282828282829,Implement / Fight
2.533333333333333,0.29292929292929293,Implement / Fight
2.533333333333333,0.30303030303030304,Implement / Fight
2.533333333333333,0.31313131313131315,Implement / Fight
2.533333333333333,0.32323232323232326,Implement / Fight
2.533333333333333,0.33333333333333337,Implement / Fight
2.533333333333333,0.3434343434343435,Implement / Fight
2.533333333333333,0.3535353535353536,Implement / Fight
2.533333333333333,0.36363636363636365,Implement / Fight
2.533333333333333,0.37373737373737376,Implement / Fight
2.533333333333333,0.38383838383838387,Implement / Fight
2.533333333333333,0.393939393939394,Implement / Fight
2.533333333333333,0.4040404040404041,Implement / Fight
2.533333333333333,0.4141414141414142,Implement / Fight
2.533333333333333,0.42424242424242425,Implement / Fight
2.533333333333333,0.43434343434343436,Implement / Fight
2.533333333333333,0.4444444444444445,Implement / Fight
2.533333333333333,0.4545454545454546,Implement / Fight
2.533333333333333,0.4646464646464647,Implement / Fight
2.533333333333333,0.4747474747474748,Implement / Fight
2.533333333333333,0.48484848484848486,Implement / Fight
2.533333333333333,0.494949494949495,Implement / Fight
2.533333333333333,0.5050505050505051,Implement / Fight
2.533333333333333,0.5151515151515152,Implement / Fight
2.533333333333333,0.5252525252525253,Implement / Fight
2.533333333333333,0.5353535353535354,Implement / Fight
2.533333333333333,0.5454545454545455,Implement / Fight
2.533333333333333,0.5555555555555556,Implement / Fight
2.533333333333333,0.5656565656565657,Implement / Fight
2.533333333333333,0.5757575757575758,Implement / Fight
2.533333333333333,0.5858585858585859,Implement / Fight
2.533333333333333,0.595959595959596,Implement / Fight
2.533333333333333,0.6060606060606061,Implement / Fight
2.533333333333333,0.6161616161616162,Implement / Fight
2.533333333333333,0.6262626262626263,Implement / Fight
2.533333333333333,0.6363636363636365,Implement / Fight
2.533333333333333,0.6464646464646465,Implement / Fight
2.533333333333333,0.6565656565656566,Implement / Fight
2.533333333333333,0.6666666666666667,Implement / Fight
2.533333333333333,0.6767676767676768,Implement / Fight
2.533333333333333,0.686868686868687,Implement / Fight
2.533333333333333,0.696969696969697,Implement / Fight
2.533333333333333,0.7070707070707072,Implement / Fight
2.533333333333333,0.7171717171717172,Implement / Fight
2.533333333333333,0.7272727272727273,Implement / Fight
2.533333333333333,0.7373737373737375,Implement / Fight
2.533333333333333,0.7474747474747475,Implement / Fight
2.533333333333333,0.7575757575757577,Implement / Accept
2.533333333333333,0.7676767676767677,Implement / Accept
2.533333333333333,0.7777777777777778,Implement / Accept
2.533333333333333,0.787878787878788,Implement / Accept
2.533333333333333,0.797979797979798,Implement / Accept
2.533333333333333,0.8080808080808082,Implement / Accept
2.533333333333333,0.8181818181818182,Implement / Accept
2.533333333333333,0.8282828282828284,Implement / Accept
2.533333333333333,0.8383838383838385,Implement / Accept
2.533333333333333,0.8484848484848485,Implement / Accept
2.533333333333333,0.8585858585858587,Implement / Accept
2.533333333333333,0.8686868686868687,Implement / Accept
2.533333333333333,0.8787878787878789,Implement / Accept
2.533333333333333,0.888888888888889,Implement / Accept
2.533333333333333,0.8989898989898991,Implement / Accept
2.533333333333333,0.9090909090909092,Implement / Accept
2.533333333333333,0.9191919191919192,Implement / Accept
2.533333333333333,0.9292929292929294,Implement / Accept
2.533333333333333,0.9393939393939394,Implement / Accept
2.533333333333333,0.9494949494949496,Implement / Accept
2.533333333333333,0.9595959595959597,Implement / Accept
2.533333333333333,0.9696969696969697,Implement / Accept
2.533333333333333,0.9797979797979799,Implement / Accept
2.533333333333333,0.98989898989899,Implement / Accept
2.533333333333333,1.0,Implement / Accept
2.6,0.0,Absence of Pure Equilibrium
2.6,0.010101010101010102,Absence of Pure Equilibrium
2.6,0.020202020202020204,Absence of Pure Equilibrium
2.6,0.030303030303030304,Implement / Fight
2.6,0.04040404040404041,Implement / Fight
2.6,0.05050505050505051,Implement / Fight
2.6,0.06060606060606061,Implement / Fight
2.6,0.07070707070707072,Implement / Fight
2.6,0.08080808080808081,Implement / Fight
2.6,0.09090909090909091,Implement / Fight
2.6,0.10101010101010102,Implement / Fight
2.6,0.11111111111111112,Implement / Fight
2.6,0.12121212121212122,Implement / Fight
2.6,0.13131313131313133,Implement / Fight
2.6,0.14141414141414144,Implement / Fight
2.6,0.15151515151515152,Implement / Fight
2.6,0.16161616161616163,Implement / Fight
2.6,0.17171717171717174,Implement / Fight
2.6,0.18181818181818182,Implement / Fight
2.6,0.19191919191919193,Implement / Fight
2.6,0.20202020202020204,Implement / Fight
2.6,0.21212121212121213,Implement / Fight
2.6,0.22222222222222224,Implement / Fight
2.6,0.23232323232323235,Implement / Fight
2.6,0.24242424242424243,Implement / Fight
2.6,0.25252525252525254,Implement / Fight
2.6,0.26262626262626265,Implement / Fight
2.6,0.27272727272727276,Implement / Fight
2.6,0.2828282828282829,Implement / Fight
2.6,0.29292929292929293,Implement / Fight
2.6,0.30303030303030304,Implement / Fight
2.6,0.31313131313131315,Implement / Fight
2.6,0.32323232323232326,Implement / Fight
2.6,0.33333333333333337,Implement / Fight
2.6,0.3434343434343435,Implement / Fight
2.6,0.3535353535353536,Implement / Fight
2.6,0.36363636363636365,Implement / Fight
2.6,0.37373737373737376,Implement / Fight
2.6,0.38383838383838387,Implement / Fight
2.6,0.393939393939394,Implement / Fight
2.6,0.4040404040404041,Implement / Fight
2.6,0.4141414141414142,Implement / Fight
2.6,0.42424242424242425,Implement / Fight
2.6,0.43434343434343436,Implement / Fight
2.6,0.4444444444444445,Implement / Fight
2.6,0.4545454545454546,Implement / Fight
2.6,0.4646464646464647,Implement / Fight
2.6,0.4747474747474748,Implement / Fight
2.6,0.48484848484848486,Implement / Fight
2.6,0.494949494949495,Implement / Fight
2.6,0.5050505050505051,Implement / Fight
2.6,0.5151515151515152,Implement / Fight
2.6,0.5252525252525253,Implement / Fight
2.6,0.5353535353535354,Implement / Fight
2.6,0.5454545454545455,Implement / Fight
2.6,0.5555555555555556,Implement / Fight
2.6,0.5656565656565657,Implement / Fight
2.6,0.5757575757575758,Implement / Fight
2.6,0.5858585858585859,Implement / Fight
2.6,0.595959595959596,Implement / Fight
2.6,0.6060606060606061,Implement / Fight
2.6,0.6161616161616162,Implement / Fight
2.6,0.6262626262626263,Implement / Fight
2.6,0.6363636363636365,Implement / Fight
2.6,0.6464646464646465,Implement / Fight
2.6,0.6565656565656566,Implement / Fight
2.6,0.6666666666666667,Implement / Fight
2.6,0.6767676767676768,Implement / Fight
2.6,0.686868686868687,Implement / Fight
2.6,0.696969696969697,Implement / Fight
2.6,0.7070707070707072,Implement / Fight
2.6,0.7171717171717172,Implement / Fight
2.6,0.7272727272727273,Implement / Fight
2.6,0.7373737373737375,Implement / Fight
2.6,0.7474747474747475,Implement / Fight
2.6,0.7575757575757577,Implement / Fight
2.6,0.7676767676767677,Implement / Fight
2.6,0.7777777777777778,Implement / Accept
2.6,0.787878787878788,Implement / Accept
2.6,0.797979797979798,Implement / Accept
2.6,0.8080808080808082,Implement / Accept
2.6,0.8181818181818182,Implement / Accept
2.6,0.8282828282828284,Implement / Accept
2.6,0.8383838383838385,Implement / Accept
2.6,0.8484848484848485,Implement / Accept
2.6,0.8585858585858587,Implement / Accept
2.6,0.8686868686868687,Implement / Accept
2.6,0.8787878787878789,Implement / Accept
2.6,0.888888888888889,Implement / Accept
2.6,0.8989898989898991,Implement / Accept
2.6,0.9090909090909092,Implement / Accept
2.6,0.9191919191919192,Implement / Accept
2.6,0.9292929292929294,Implement / Accept
2.6,0.9393939393939394,Implement / Accept
2.6,0.9494949494949496,Implement / Accept
2.6,0.9595959595959597,Implement / Accept
2.6,0.9696969696969697,Implement / Accept
2.6,0.9797979797979799,Implement / Accept
2.6,0.98989898989899,Implement / Accept
2.6,1.0,Implement / Accept
2.6666666666666665,0.0,Absence of Pure Equilibrium
2.6666666666666665,0.010101010101010102,Absence of Pure Equilibrium
2.6666666666666665,0.020202020202020204,Absence of Pure Equilibrium
2.6666666666666665,0.030303030303030304,Implement / Fight
2.6666666666666665,0.04040404040404041,Implement / Fight
2.6666666666666665,0.05050505050505051,Implement / Fight
2.6666666666666665,0.06060606060606061,Implement / Fight
2.6666666666666665,0.07070707070707072,Implement / Fight
2.6666666666666665,0.08080808080808081,Implement / Fight
2.6666666666666665,0.09090909090909091,Implement / Fight
2.6666666666666665,0.10101010101010102,Implement / Fight
2.6666666666666665,0.11111111111111112,Implement / Fight
2.6666666666666665,0.12121212121212122,Implement / Fight
2.6666666666666665,0.13131313131313133,Implement / Fight
2.6666666666666665,0.14141414141414144,Implement / Fight
2.6666666666666665,0.15151515151515152,Implement / Fight
2.6666666666666665,0.16161616161616163,Implement / Fight
2.6666666666666665,0.17171717171717174,Implement / Fight
2.6666666666666665,0.18181818181818182,Implement / Fight
2.6666666666666665,0.19191919191919193,Implement / Fight
2.6666666666666665,0.20202020202020204,Implement / Fight
2.6666666666666665,0.21212121212121213,Implement / Fight
2.6666666666666665,0.22222222222222224,Implement / Fight
2.6666666666666665,0.23232323232323235,Implement / Fight
2.6666666666666665,0.24242424242424243,Implement / Fight
2.6666666666666665,0.25252525252525254,Implement / Fight
2.6666666666666665,0.26262626262626265,Implement / Fight
2.6666666666666665,0.27272727272727276,Implement / Fight
2.6666666666666665,0.2828282828282829,Implement / Fight
2.6666666666666665,0.29292929292929293,Implement / Fight
2.6666666666666665,0.30303030303030304,Implement / Fight
2.6666666666666665,0.31313131313131315,Implement / Fight
2.6666666666666665,0.32323232323232326,Implement / Fight
2.6666666666666665,0.33333333333333337,Implement / Fight
2.6666666666666665,0.3434343434343435,Implement / Fight
2.6666666666666665,0.3535353535353536,Implement / Fight
2.6666666666666665,0.36363636363636365,Implement / Fight
2.6666666666666665,0.37373737373737376,Implement / Fight
2.6666666666666665,0.38383838383838387,Implement / Fight
2.6666666666666665,0.393939393939394,Implement / Fight
2.6666666666666665,0.4040404040404041,Implement / Fight
2.6666666666666665,0.4141414141414142,Implement / Fight
2.6666666666666665,0.42424242424242425,Implement / Fight
2.6666666666666665,0.43434343434343436,Implement / Fight
2.6666666666666665,0.4444444444444445,Implement / Fight
2.6666666666666665,0.4545454545454546,Implement / Fight
2.6666666666666665,0.4646464646464647,Implement / Fight
2.6666666666666665,0.4747474747474748,Implement / Fight
2.6666666666666665,0.48484848484848486,Implement / Fight
2.6666666666666665,0.494949494949495,Implement / Fight
2.6666666666666665,0.5050505050505051,Implement / Fight
2.6666666666666665,0.5151515151515152,Implement / Fight
2.6666666666666665,0.5252525252525253,Implement / Fight
2.6666666666666665,0.5353535353535354,Implement / Fight
2.6666666666666665,0.5454545454545455,Implement / Fight
2.6666666666666665,0.5555555555555556,Implement / Fight
2.6666666666666665,0.5656565656565657,Implement / Fight
2.6666666666666665,0.5757575757575758,Implement / Fight
2.6666666666666665,0.5858585858585859,Implement / Fight
2.6666666666666665,0.595959595959596,Implement / Fight
2.6666666666666665,0.6060606060606061,Implement / Fight
2.6666666666666665,0.6161616161616162,Implement / Fight
2.6666666666666665,0.6262626262626263,Implement / Fight
2.6666666666666665,0.6363636363636365,Implement / Fight
2.6666666666666665,0.6464646464646465,Implement / Fight
2.6666666666666665,0.6565656565656566,Implement / Fight
2.6666666666666665,0.6666666666666667,Implement / Fight
2.6666666666666665,0.6767676767676768,Implement / Fight
2.6666666666666665,0.686868686868687,Implement / Fight
2.6666666666666665,0.696969696969697,Implement / Fight
2.6666666666666665,0.7070707070707072,Implement / Fight
2.6666666666666665,0.7171717171717172,Implement / Fight
2.6666666666666665,0.7272727272727273,Implement / Fight
2.6666666666666665,0.7373737373737375,Implement / Fight
2.6666666666666665,0.7474747474747475,Implement / Fight
2.6666666666666665,0.7575757575757577,Implement / Fight
2.6666666666666665,0.7676767676767677,Implement / Fight
2.6666666666666665,0.7777777777777778,Implement / Fight
2.6666666666666665,0.787878787878788,Implement / Fight
2.6666666666666665,0.797979797979798,Implement / Fight
2.6666666666666665,0.8080808080808082,Implement / Accept
2.6666666666666665,0.8181818181818182,Implement / Accept
2.6666666666666665,0.8282828282828284,Implement / Accept
2.6666666666666665,0.8383838383838385,Implement / Accept
2.6666666666666665,0.8484848484848485,Implement / Accept
2.6666666666666665,0.8585858585858587,Implement / Accept
2.6666666666666665,0.8686868686868687,Implement / Accept
2.6666666666666665,0.8787878787878789,Implement / Accept
2.6666666666666665,0.888888888888889,Implement / Accept
2.6666666666666665,0.8989898989898991,Implement / Accept
2.6666666666666665,0.9090909090909092,Implement / Accept
2.6666666666666665,0.9191919191919192,Implement / Accept
2.6666666666666665,0.9292929292929294,Implement / Accept
2.6666666666666665,0.9393939393939394,Implement / Accept
2.6666666666666665,0.9494949494949496,Implement / Accept
2.6666666666666665,0.9595959595959597,Implement / Accept
2.6666666666666665,0.9696969696969697,Implement / Accept
2.6666666666666665,0.9797979797979799,Implement / Accept
2.6666666666666665,0.98989898989899,Implement / Accept
2.6666666666666665,1.0,Implement / Accept
2.7333333333333334,0.0,Absence of Pure Equilibrium
2.7333333333333334,0.010101010101010102,Absence of Pure Equilibrium
2.7333333333333334,0.020202020202020204,Absence of Pure Equilibrium
2.7333333333333334,0.030303030303030304,Implement / Fight
2.7333333333333334,0.04040404040404041,Implement / Fight
2.7333333333333334,0.05050505050505051,Implement / Fight
2.7333333333333334,0.06060606060606061,Implement / Fight
2.7333333333333334,0.07070707070707072,Implement / Fight
2.7333333333333334,0.08080808080808081,Implement / Fight
2.7333333333333334,0.09090909090909091,Implement / Fight
2.7333333333333334,0.10101010101010102,Implement / Fight
2.7333333333333334,0.11111111111111112,Implement / Fight
2.7333333333333334,0.12121212121212122,Implement / Fight
2.7333333333333334,0.13131313131313133,Implement / Fight
2.7333333333333334,0.14141414141414144,Implement / Fight
2.7333333333333334,0.15151515151515152,Implement / Fight
2.7333333333333334,0.16161616161616163,Implement / Fight
2.7333333333333334,0.17171717171717174,Implement / Fight
2.7333333333333334,0.18181818181818182,Implement / Fight
2.7333333333333334,0.19191919191919193,Implement / Fight
2.7333333333333334,0.20202020202020204,Implement / Fight
2.7333333333333334,0.21212121212121213,Implement / Fight
2.7333333333333334,0.22222222222222224,Implement / Fight
2.7333333333333334,0.23232323232323235,Implement / Fight
2.7333333333333334,0.24242424242424243,Implement / Fight
2.7333333333333334,0.25252525252525254,Implement / Fight
2.7333333333333334,0.26262626262626265,Implement / Fight
2.7333333333333334,0.27272727272727276,Implement / Fight
2.7333333333333334,0.2828282828282829,Implement / Fight
2.7333333333333334,0.29292929292929293,Implement / Fight
2.7333333333333334,0.30303030303030304,Implement / Fight
2.7333333333333334,0.31313131313131315,Implement / Fight
2.7333333333333334,0.32323232323232326,Implement / Fight
2.7333333333333334,0.33333333333333337,Implement / Fight
2.7333333333333334,0.3434343434343435,Implement / Fight
2.7333333333333334,0.3535353535353536,Implement / Fight
2.7333333333333334,0.36363636363636365,Implement / Fight
2.7333333333333334,0.37373737373737376,Implement / Fight
2.7333333333333334,0.38383838383838387,Implement / Fight
2.7333333333333334,0.393939393939394,Implement / Fight
2.7333333333333334,0.4040404040404041,Implement / Fight
2.7333333333333334,0.4141414141414142,Implement / Fight
2.7333333333333334,0.42424242424242425,Implement / Fight
2.7333333333333334,0.43434343434343436,Implement / Fight
2.7333333333333334,0.4444444444444445,Implement / Fight
2.7333333333333334,0.4545454545454546,Implement / Fight
2.7333333333333334,0.4646464646464647,Implement / Fight
2.7333333333333334,0.4747474747474748,Implement / Fight
2.7333333333333334,0.48484848484848486,Implement / Fight
2.7333333333333334,0.494949494949495,Implement / Fight
2.7333333333333334,0.5050505050505051,Implement / Fight
2.7333333333333334,0.5151515151515152,Implement / Fight
2.7333333333333334,0.5252525252525253,Implement / Fight
2.7333333333333334,0.5353535353535354,Implement / Fight
2.7333333333333334,0.5454545454545455,Implement / Fight
2.7333333333333334,0.5555555555555556,Implement / Fight
2.7333333333333334,0.5656565656565657,Implement / Fight
2.7333333333333334,0.5757575757575758,Implement / Fight
2.7333333333333334,0.5858585858585859,Implement / Fight
2.7333333333333334,0.595959595959596,Implement / Fight
2.7333333333333334,0.6060606060606061,Implement / Fight
2.7333333333333334,0.6161616161616162,Implement / Fight
2.7333333333333334,0.6262626262626263,Implement / Fight
2.7333333333333334,0.6363636363636365,Implement / Fight
2.7333333333333334,0.6464646464646465,Implement / Fight
2.7333333333333334,0.6565656565656566,Implement / Fight
2.7333333333333334,0.6666666666666667,Implement / Fight
2.7333333333333334,0.6767676767676768,Implement / Fight
2.7333333333333334,0.686868686868687,Implement / Fight
2.7333333333333334,0.696969696969697,Implement / Fight
2.7333333333333334,0.7070707070707072,Implement / Fight
2.7333333333333334,0.7171717171717172,Implement / Fight
2.7333333333333334,0.7272727272727273,Implement / Fight
2.7333333333333334,0.7373737373737375,Implement / Fight
2.7333333333333334,0.7474747474747475,Implement / Fight
2.7333333333333334,0.7575757575757577,Implement / Fight
2.7333333333333334,0.7676767676767677,Implement / Fight
2.7333333333333334,0.7777777777777778,Implement / Fight
2.7333333333333334,0.787878787878788,Implement / Fight
2.7333333333333334,0.797979797979798,Implement / Fight
2.7333333333333334,0.8080808080808082,Implement / Fight
2.7333333333333334,0.8181818181818182,Implement / Fight
2.7333333333333334,0.8282828282828284,Implement / Fight
2.7333333333333334,0.8383838383838385,Implement / Fight
2.7333333333333334,0.8484848484848485,Implement / Accept
2.7333333333333334,0.8585858585858587,Implement / Accept
2.7333333333333334,0.8686868686868687,Implement / Accept
2.7333333333333334,0.8787878787878789,Implement / Accept
2.7333333333333334,0.888888888888889,Implement / Accept
2.7333333333333334,0.8989898989898991,Implement / Accept
2.7333333333333334,0.9090909090909092,Implement / Accept
2.7333333333333334,0.9191919191919192,Implement / Accept
2.7333333333333334,0.9292929292929294,Implement / Accept
2.7333333333333334,0.9393939393939394,Implement / Accept
2.7333333333333334,0.9494949494949496,Implement / Accept
2.7333333333333334,0.9595959595959597,Implement / Accept
2.7333333333333334,0.9696969696969697,Implement / Accept
2.7333333333333334,0.9797979797979799,Implement / Accept
2.7333333333333334,0.98989898989899,Implement / Accept
2.7333333333333334,1.0,Implement / Accept
2.8,0.0,Absence of Pure Equilibrium
2.8,0.010101010101010102,Absence of Pure Equilibrium
2.8,0.020202020202020204,Absence of Pure Equilibrium
2.8,0.030303030303030304,Implement / Fight
2.8,0.04040404040404041,Implement / Fight
2.8,0.05050505050505051,Implement / Fight
2.8,0.06060606060606061,Implement / Fight
2.8,0.07070707070707072,Implement / Fight
2.8,0.08080808080808081,Implement / Fight
2.8,0.09090909090909091,Implement / Fight
2.8,0.10101010101010102,Implement / Fight
2.8,0.11111111111111112,Implement / Fight
2.8,0.12121212121212122,Implement / Fight
2.8,0.13131313131313133,Implement / Fight
2.8,0.14141414141414144,Implement / Fight
2.8,0.15151515151515152,Implement / Fight
2.8,0.16161616161616163,Implement / Fight
2.8,0.17171717171717174,Implement / Fight
2.8,0.18181818181818182,Implement / Fight
2.8,0.19191919191919193,Implement / Fight
2.8,0.20202020202020204,Implement / Fight
2.8,0.21212121212121213,Implement / Fight
2.8,0.22222222222222224,Implement / Fight
2.8,0.23232323232323235,Implement / Fight
2.8,0.24242424242424243,Implement / Fight
2.8,0.25252525252525254,Implement / Fight
2.8,0.26262626262626265,Implement / Fight
2.8,0.27272727272727276,Implement / Fight
2.8,0.2828282828282829,Implement / Fight
2.8,0.29292929292929293,Implement / Fight
2.8,0.30303030303030304,Implement / Fight
2.8,0.31313131313131315,Implement / Fight
2.8,0.32323232323232326,Implement / Fight
2.8,0.33333333333333337,Implement / Fight
2.8,0.3434343434343435,Implement / Fight
2.8,0.3535353535353536,Implement / Fight
2.8,0.36363636363636365,Implement / Fight
2.8,0.37373737373737376,Implement / Fight
2.8,0.38383838383838387,Implement / Fight
2.8,0.393939393939394,Implement / Fight
2.8,0.4040404040404041,Implement / Fight
2.8,0.4141414141414142,Implement / Fight
2.8,0.42424242424242425,Implement / Fight
2.8,0.43434343434343436,Implement / Fight
2.8,0.4444444444444445,Implement / Fight
2.8,0.4545454545454546,Implement / Fight
2.8,0.4646464646464647,Implement / Fight
2.8,0.4747474747474748,Implement / Fight
2.8,0.48484848484848486,Implement / Fight
2.8,0.494949494949495,Implement / Fight
2.8,0.5050505050505051,Implement / Fight
2.8,0.5151515151515152,Implement / Fight
2.8,0.5252525252525253,Implement / Fight
2.8,0.5353535353535354,Implement / Fight
2.8,0.5454545454545455,Implement / Fight
2.8,0.5555555555555556,Implement / Fight
2.8,0.5656565656565657,Implement / Fight
2.8,0.5757575757575758,Implement / Fight
2.8,0.5858585858585859,Implement / Fight
2.8,0.595959595959596,Implement / Fight
2.8,0.6060606060606061,Implement / Fight
2.8,0.6161616161616162,Implement / Fight
2.8,0.6262626262626263,Implement / Fight
2.8,0.6363636363636365,Implement / Fight
2.8,0.6464646464646465,Implement / Fight
2.8,0.6565656565656566,Implement / Fight
2.8,0.6666666666666667,Implement / Fight
2.8,0.6767676767676768,Implement / Fight
2.8,0.686868686868687,Implement / Fight
2.8,0.696969696969697,Implement / Fight
2.8,0.7070707070707072,Implement / Fight
2.8,0.7171717171717172,Implement / Fight
2.8,0.7272727272727273,Implement / Fight
2.8,0.7373737373737375,Implement / Fight
2.8,0.7474747474747475,Implement / Fight
2.8,0.7575757575757577,Implement / Fight
2.8,0.7676767676767677,Implement / Fight
2.8,0.7777777777777778,Implement / Fight
2.8,0.787878787878788,Implement / Fight
2.8,0.797979797979798,Implement / Fight
2.8,0.8080808080808082,Implement / Fight
2.8,0.8181818181818182,Implement / Fight
2.8,0.8282828282828284,Implement / Fight
2.8,0.8383838383838385,Implement / Fight
2.8,0.8484848484848485,Implement / Fight
2.8,0.8585858585858587,Implement / Fight
2.8,0.8686868686868687,Implement / Fight
2.8,0.8787878787878789,Implement / Accept
2.8,0.888888888888889,Implement / Accept
2.8,0.8989898989898991,Implement / Accept
2.8,0.9090909090909092,Implement / Accept
2.8,0.9191919191919192,Implement / Accept
2.8,0.9292929292929294,Implement / Accept
2.8,0.9393939393939394,Implement / Accept
2.8,0.9494949494949496,Implement / Accept
2.8,0.9595959595959597,Implement / Accept
2.8,0.9696969696969697,Implement / Accept
2.8,0.9797979797979799,Implement / Accept
2.8,0.98989898989899,Implement / Accept
2.8,1.0,Implement / Accept
2.8666666666666667,0.0,Absence of Pure Equilibrium
2.8666666666666667,0.010101010101010102,Absence of Pure Equilibrium
2.8666666666666667,0.020202020202020204,Absence of Pure Equilibrium
2.8666666666666667,0.030303030303030304,Implement / Fight
2.8666666666666667,0.04040404040404041,Implement / Fight
2.8666666666666667,0.05050505050505051,Implement / Fight
2.8666666666666667,0.06060606060606061,Implement / Fight
2.8666666666666667,0.07070707070707072,Implement / Fight
2.8666666666666667,0.08080808080808081,Implement / Fight
2.8666666666666667,0.09090909090909091,Implement / Fight
2.8666666666666667,0.10101010101010102,Implement / Fight
2.8666666666666667,0.11111111111111112,Implement / Fight
2.8666666666666667,0.12121212121212122,Implement / Fight
2.8666666666666667,0.13131313131313133,Implement / Fight
2.8666666666666667,0.14141414141414144,Implement / Fight
2.8666666666666667,0.15151515151515152,Implement / Fight
2.8666666666666667,0.16161616161616163,Implement / Fight
2.8666666666666667,0.17171717171717174,Implement / Fight
2.8666666666666667,0.18181818181818182,Implement / Fight
2.8666666666666667,0.19191919191919193,Implement / Fight
2.8666666666666667,0.20202020202020204,Implement / Fight
2.8666666666666667,0.21212121212121213,Implement / Fight
2.8666666666666667,0.22222222222222224,Implement / Fight
2.8666666666666667,0.23232323232323235,Implement / Fight
2.8666666666666667,0.24242424242424243,Implement / Fight
2.8666666666666667,0.25252525252525254,Implement / Fight
2.8666666666666667,0.26262626262626265,Implement / Fight
2.8666666666666667,0.27272727272727276,Implement / Fight
2.8666666666666667,0.2828282828282829,Implement / Fight
2.8666666666666667,0.29292929292929293,Implement / Fight
2.8666666666666667,0.30303030303030304,Implement / Fight
2.8666666666666667,0.31313131313131315,Implement / Fight
2.8666666666666667,0.32323232323232326,Implement / Fight
2.8666666666666667,0.33333333333333337,Implement / Fight
2.8666666666666667,0.3434343434343435,Implement / Fight
2.8666666666666667,0.3535353535353536,Implement / Fight
2.8666666666666667,0.36363636363636365,Implement / Fight
2.8666666666666667,0.37373737373737376,Implement / Fight
2.8666666666666667,0.38383838383838387,Implement / Fight
2.8666666666666667,0.393939393939394,Implement / Fight
2.8666666666666667,0.4040404040404041,Implement / Fight
2.8666666666666667,0.4141414141414142,Implement / Fight
2.8666666666666667,0.42424242424242425,Implement / Fight
2.8666666666666667,0.43434343434343436,Implement / Fight
2.8666666666666667,0.4444444444444445,Implement / Fight
2.8666666666666667,0.4545454545454546,Implement / Fight
2.8666666666666667,0.4646464646464647,Implement / Fight
2.8666666666666667,0.4747474747474748,Implement / Fight
2.8666666666666667,0.48484848484848486,Implement / Fight
2.8666666666666667,0.494949494949495,Implement / Fight
2.8666666666666667,0.5050505050505051,Implement / Fight
2.8666666666666667,0.5151515151515152,Implement / Fight
2.8666666666666667,0.5252525252525253,Implement / Fight
2.8666666666666667,0.5353535353535354,Implement / Fight
2.8666666666666667,0.5454545454545455,Implement / Fight
2.8666666666666667,0.5555555555555556,Implement / Fight
2.8666666666666667,0.5656565656565657,Implement / Fight
2.8666666666666667,0.5757575757575758,Implement / Fight
2.8666666666666667,0.5858585858585859,Implement / Fight
2.8666666666666667,0.595959595959596,Implement / Fight
2.8666666666666667,0.6060606060606061,Implement / Fight
2.8666666666666667,0.6161616161616162,Implement / Fight
2.8666666666666667,0.6262626262626263,Implement / Fight
2.8666666666666667,0.6363636363636365,Implement / Fight
2.8666666666666667,0.6464646464646465,Implement / Fight
2.8666666666666667,0.6565656565656566,Implement / Fight
2.8666666666666667,0.6666666666666667,Implement / Fight
2.8666666666666667,0.6767676767676768,Implement / Fight
2.8666666666666667,0.686868686868687,Implement / Fight
2.8666666666666667,0.696969696969697,Implement / Fight
2.8666666666666667,0.7070707070707072,Implement / Fight
2.8666666666666667,0.7171717171717172,Implement / Fight
2.8666666666666667,0.7272727272727273,Implement / Fight
2.8666666666666667,0.7373737373737375,Implement / Fight
2.8666666666666667,0.7474747474747475,Implement / Fight
2.8666666666666667,0.7575757575757577,Implement / Fight
2.8666666666666667,0.7676767676767677,Implement / Fight
2.8666666666666667,0.7777777777777778,Implement / Fight
2.8666666666666667,0.787878787878788,Implement / Fight
2.8666666666666667,0.797979797979798,Implement / Fight
2.8666666666666667,0.8080808080808082,Implement / Fight
2.8666666666666667,0.8181818181818182,Implement / Fight
2.8666666666666667,0.8282828282828284,Implement / Fight
2.8666666666666667,0.8383838383838385,Implement / Fight
2.8666666666666667,0.8484848484848485,Implement / Fight
2.8666666666666667,0.8585858585858587,Implement / Fight
2.8666666666666667,0.8686868686868687,Implement / Fight
2.8666666666666667,0.8787878787878789,Implement / Fight
2.8666666666666667,0.888888888888889,Implement / Fight
2.8666666666666667,0.8989898989898991,Implement / Fight
2.8666666666666667,0.9090909090909092,Implement / Fight
2.8666666666666667,0.9191919191919192,Implement / Accept
2.8666666666666667,0.9292929292929294,Implement / Accept
2.8666666666666667,0.9393939393939394,Implement / Accept
2.8666666666666667,0.9494949494949496,Implement / Accept
2.8666666666666667,0.9595959595959597,Implement / Accept
2.8666666666666667,0.9696969696969697,Implement / Accept
2.8666666666666667,0.9797979797979799,Implement / Accept
2.8666666666666667,0.98989898989899,Implement / Accept
2.8666666666666667,1.0,Implement / Accept
2.933333333333333,0.0,Absence of Pure Equilibrium
2.933333333333333,0.010101010101010102,Absence of Pure Equilibrium
2.933333333333333,0.020202020202020204,Absence of Pure Equilibrium
2.933333333333333,0.030303030303030304,Implement / Fight
2.933333333333333,0.04040404040404041,Implement / Fight
2.933333333333333,0.05050505050505051,Implement / Fight
2.933333333333333,0.06060606060606061,Implement / Fight
2.933333333333333,0.07070707070707072,Implement / Fight
2.933333333333333,0.08080808080808081,Implement / Fight
2.933333333333333,0.09090909090909091,Implement / Fight
2.933333333333333,0.10101010101010102,Implement / Fight
2.933333333333333,0.11111111111111112,Implement / Fight
2.933333333333333,0.12121212121212122,Implement / Fight
2.933333333333333,0.13131313131313133,Implement / Fight
2.933333333333333,0.14141414141414144,Implement / Fight
2.933333333333333,0.15151515151515152,Implement / Fight
2.933333333333333,0.16161616161616163,Implement / Fight
2.933333333333333,0.17171717171717174,Implement / Fight
2.933333333333333,0.18181818181818182,Implement / Fight
2.933333333333333,0.19191919191919193,Implement / Fight
2.933333333333333,0.20202020202020204,Implement / Fight
2.933333333333333,0.21212121212121213,Implement / Fight
2.933333333333333,0.22222222222222224,Implement / Fight
2.933333333333333,0.23232323232323235,Implement / Fight
2.933333333333333,0.24242424242424243,Implement / Fight
2.933333333333333,0.25252525252525254,Implement / Fight
2.933333333333333,0.26262626262626265,Implement / Fight
2.933333333333333,0.27272727272727276,Implement / Fight
2.933333333333333,0.2828282828282829,Implement / Fight
2.933333333333333,0.29292929292929293,Implement / Fight
2.933333333333333,0.30303030303030304,Implement / Fight
2.933333333333333,0.31313131313131315,Implement / Fight
2.933333333333333,0.32323232323232326,Implement / Fight
2.933333333333333,0.33333333333333337,Implement / Fight
2.933333333333333,0.3434343434343435,Implement / Fight
2.933333333333333,0.3535353535353536,Implement / Fight
2.933333333333333,0.36363636363636365,Implement / Fight
2.933333333333333,0.37373737373737376,Implement / Fight
2.933333333333333,0.38383838383838387,Implement / Fight
2.933333333333333,0.393939393939394,Implement / Fight
2.933333333333333,0.4040404040404041,Implement / Fight
2.933333333333333,0.4141414141414142,Implement / Fight
2.933333333333333,0.42424242424242425,Implement / Fight
2.933333333333333,0.43434343434343436,Implement / Fight
2.933333333333333,0.4444444444444445,Implement / Fight
2.933333333333333,0.4545454545454546,Implement / Fight
2.933333333333333,0.4646464646464647,Implement / Fight
2.933333333333333,0.4747474747474748,Implement / Fight
2.933333333333333,0.48484848484848486,Implement / Fight
2.933333333333333,0.494949494949495,Implement / Fight
2.933333333333333,0.5050505050505051,Implement / Fight
2.933333333333333,0.5151515151515152,Implement / Fight
2.933333333333333,0.5252525252525253,Implement / Fight
2.933333333333333,0.5353535353535354,Implement / Fight
2.933333333333333,0.5454545454545455,Implement / Fight
2.933333333333333,0.5555555555555556,Implement / Fight
2.933333333333333,0.5656565656565657,Implement / Fight
2.933333333333333,0.5757575757575758,Implement / Fight
2.933333333333333,0.5858585858585859,Implement / Fight
2.933333333333333,0.595959595959596,Implement / Fight
2.933333333333333,0.6060606060606061,Implement / Fight
2.933333333333333,0.6161616161616162,Implement / Fight
2.933333333333333,0.6262626262626263,Implement / Fight
2.933333333333333,0.6363636363636365,Implement / Fight
2.933333333333333,0.6464646464646465,Implement / Fight
2.933333333333333,0.6565656565656566,Implement / Fight
2.933333333333333,0.6666666666666667,Implement / Fight
2.933333333333333,0.6767676767676768,Implement / Fight
2.933333333333333,0.686868686868687,Implement / Fight
2.933333333333333,0.696969696969697,Implement / Fight
2.933333333333333,0.7070707070707072,Implement / Fight
2.933333333333333,0.7171717171717172,Implement / Fight
2.933333333333333,0.7272727272727273,Implement / Fight
2.933333333333333,0.7373737373737375,Implement / Fight
2.933333333333333,0.7474747474747475,Implement / Fight
2.933333333333333,0.7575757575757577,Implement / Fight
2.933333333333333,0.7676767676767677,Implement / Fight
2.933333333333333,0.7777777777777778,Implement / Fight
2.933333333333333,0.787878787878788,Implement / Fight
2.933333333333333,0.797979797979798,Implement / Fight
2.933333333333333,0.8080808080808082,Implement / Fight
2.933333333333333,0.8181818181818182,Implement / Fight
2.933333333333333,0.8282828282828284,Implement / Fight
2.933333333333333,0.8383838383838385,Implement / Fight
2.933333333333333,0.8484848484848485,Implement / Fight
2.933333333333333,0.8585858585858587,Implement / Fight
2.933333333333333,0.8686868686868687,Implement / Fight
2.933333333333333,0.8787878787878789,Implement / Fight
2.933333333333333,0.888888888888889,Implement / Fight
2.933333333333333,0.8989898989898991,Implement / Fight
2.933333333333333,0.9090909090909092,Implement / Fight
2.933333333333333,0.9191919191919192,Implement / Fight
2.933333333333333,0.9292929292929294,Implement / Fight
2.933333333333333,0.9393939393939394,Implement / Fight
2.933333333333333,0.9494949494949496,Implement / Fight
2.933333333333333,0.9595959595959597,Implement / Accept
2.933333333333333,0.9696969696969697,Implement / Accept
2.933333333333333,0.9797979797979799,Implement / Accept
2.933333333333333,0.98989898989899,Implement / Accept
2.933333333333333,1.0,Implement / Accept
3.0,0.0,Absence of Pure Equilibrium
3.0,0.010101010101010102,Absence of Pure Equilibrium
3.0,0.020202020202020204,Absence of Pure Equilibrium
3.0,0.030303030303030304,Implement / Fight
3.0,0.04040404040404041,Implement / Fight
3.0,0.05050505050505051,Implement / Fight
3.0,0.06060606060606061,Implement / Fight
3.0,0.07070707070707072,Implement / Fight
3.0,0.08080808080808081,Implement / Fight
3.0,0.09090909090909091,Implement / Fight
3.0,0.10101010101010102,Implement / Fight
3.0,0.11111111111111112,Implement / Fight
3.0,0.12121212121212122,Implement / Fight
3.0,0.13131313131313133,Implement / Fight
3.0,0.14141414141414144,Implement / Fight
3.0,0.15151515151515152,Implement / Fight
3.0,0.16161616161616163,Implement / Fight
3.0,0.17171717171717174,Implement / Fight
3.0,0.18181818181818182,Implement / Fight
3.0,0.19191919191919193,Implement / Fight
3.0,0.20202020202020204,Implement / Fight
3.0,0.21212121212121213,Implement / Fight
3.0,0.22222222222222224,Implement / Fight
3.0,0.23232323232323235,Implement / Fight
3.0,0.24242424242424243,Implement / Fight
3.0,0.25252525252525254,Implement / Fight
3.0,0.26262626262626265,Implement / Fight
3.0,0.27272727272727276,Implement / Fight
3.0,0.2828282828282829,Implement / Fight
3.0,0.29292929292929293,Implement / Fight
3.0,0.30303030303030304,Implement / Fight
3.0,0.31313131313131315,Implement / Fight
3.0,0.32323232323232326,Implement / Fight
3.0,0.33333333333333337,Implement / Fight
3.0,0.3434343434343435,Implement / Fight
3.0,0.3535353535353536,Implement / Fight
3.0,0.36363636363636365,Implement / Fight
3.0,0.37373737373737376,Implement / Fight
3.0,0.38383838383838387,Implement / Fight
3.0,0.393939393939394,Implement / Fight
3.0,0.4040404040404041,Implement / Fight
3.0,0.4141414141414142,Implement / Fight
3.0,0.42424242424242425,Implement / Fight
3.0,0.43434343434343436,Implement / Fight
3.0,0.4444444444444445,Implement / Fight
3.0,0.4545454545454546,Implement / Fight
3.0,0.4646464646464647,Implement / Fight
3.0,0.4747474747474748,Implement / Fight
3.0,0.48484848484848486,Implement / Fight
3.0,0.494949494949495,Implement / Fight
3.0,0.5050505050505051,Implement / Fight
3.0,0.5151515151515152,Implement / Fight
3.0,0.5252525252525253,Implement / Fight
3.0,0.5353535353535354,Implement / Fight
3.0,0.5454545454545455,Implement / Fight
3.0,0.5555555555555556,Implement / Fight
3.0,0.5656565656565657,Implement / Fight
3.0,0.5757575757575758,Implement / Fight
3.0,0.5858585858585859,Implement / Fight
3.0,0.595959595959596,Implement / Fight
3.0,0.6060606060606061,Implement / Fight
3.0,0.6161616161616162,Implement / Fight
3.0,0.6262626262626263,Implement / Fight
3.0,0.6363636363636365,Implement / Fight
3.0,0.6464646464646465,Implement / Fight
3.0,0.6565656565656566,Implement / Fight
3.0,0.6666666666666667,Implement / Fight
3.0,0.6767676767676768,Implement / Fight
3.0,0.686868686868687,Implement / Fight
3.0,0.696969696969697,Implement / Fight
3.0,0.7070707070707072,Implement / Fight
3.0,0.7171717171717172,Implement / Fight
3.0,0.7272727272727273,Implement / Fight
3.0,0.7373737373737375,Implement / Fight
3.0,0.7474747474747475,Implement / Fight
3.0,0.7575757575757577,Implement / Fight
3.0,0.7676767676767677,Implement / Fight
3.0,0.7777777777777778,Implement / Fight
3.0,0.787878787878788,Implement / Fight
3.0,0.797979797979798,Implement / Fight
3.0,0.8080808080808082,Implement / Fight
3.0,0.8181818181818182,Implement / Fight
3.0,0.8282828282828284,Implement / Fight
3.0,0.8383838383838385,Implement / Fight
3.0,0.8484848484848485,Implement / Fight
3.0,0.8585858585858587,Implement / Fight
3.0,0.8686868686868687,Implement / Fight
3.0,0.8787878787878789,Implement / Fight
3.0,0.888888888888889,Implement / Fight
3.0,0.8989898989898991,Implement / Fight
3.0,0.9090909090909092,Implement / Fight
3.0,0.9191919191919192,Implement / Fight
3.0,0.9292929292929294,Implement / Fight
3.0,0.9393939393939394,Implement / Fight
3.0,0.9494949494949496,Implement / Fight
3.0,0.9595959595959597,Implement / Fight
3.0,0.9696969696969697,Implement / Fight
3.0,0.9797979797979799,Implement / Fight
3.0,0.98989898989899,Implement / Fight
3.0,1.0,Implement / Accept
3.0666666666666664,0.0,Absence of Pure Equilibrium
3.0666666666666664,0.010101010101010102,Absence of Pure Equilibrium
3.0666666666666664,0.020202020202020204,Absence of Pure Equilibrium
3.0666666666666664,0.030303030303030304,Implement / Fight
3.0666666666666664,0.04040404040404041,Implement / Fight
3.0666666666666664,0.05050505050505051,Implement / Fight
3.0666666666666664,0.06060606060606061,Implement / Fight
3.0666666666666664,0.07070707070707072,Implement / Fight
3.0666666666666664,0.08080808080808081,Implement / Fight
3.0666666666666664,0.09090909090909091,Implement / Fight
3.0666666666666664,0.10101010101010102,Implement / Fight
3.0666666666666664,0.11111111111111112,Implement / Fight
3.0666666666666664,0.12121212121212122,Implement / Fight
3.0666666666666664,0.13131313131313133,Implement / Fight
3.0666666666666664,0.14141414141414144,Implement / Fight
3.0666666666666664,0.15151515151515152,Implement / Fight
3.0666666666666664,0.16161616161616163,Implement / Fight
3.0666666666666664,0.17171717171717174,Implement / Fight
3.0666666666666664,0.18181818181818182,Implement / Fight
3.0666666666666664,0.19191919191919193,Implement / Fight
3.0666666666666664,0.20202020202020204,Implement / Fight
3.0666666666666664,0.21212121212121213,Implement / Fight
3.0666666666666664,0.22222222222222224,Implement / Fight
3.0666666666666664,0.23232323232323235,Implement / Fight
3.0666666666666664,0.24242424242424243,Implement / Fight
3.0666666666666664,0.25252525252525254,Implement / Fight
3.0666666666666664,0.26262626262626265,Implement / Fight
3.0666666666666664,0.27272727272727276,Implement / Fight
3.0666666666666664,0.2828282828282829,Implement / Fight
3.0666666666666664,0.29292929292929293,Implement / Fight
3.0666666666666664,0.30303030303030304,Implement / Fight
3.0666666666666664,0.31313131313131315,Implement / Fight
3.0666666666666664,0.32323232323232326,Implement / Fight
3.0666666666666664,0.33333333333333337,Implement / Fight
3.0666666666666664,0.3434343434343435,Implement / Fight
3.0666666666666664,0.3535353535353536,Implement / Fight
3.0666666666666664,0.36363636363636365,Implement / Fight
3.0666666666666664,0.37373737373737376,Implement / Fight
3.0666666666666664,0.38383838383838387,Implement / Fight
3.0666666666666664,0.393939393939394,Implement / Fight
3.0666666666666664,0.4040404040404041,Implement / Fight
3.0666666666666664,0.4141414141414142,Implement / Fight
3.0666666666666664,0.42424242424242425,Implement / Fight
3.0666666666666664,0.43434343434343436,Implement / Fight
3.0666666666666664,0.4444444444444445,Implement / Fight
3.0666666666666664,0.4545454545454546,Implement / Fight
3.0666666666666664,0.4646464646464647,Implement / Fight
3.0666666666666664,0.4747474747474748,Implement / Fight
3.0666666666666664,0.48484848484848486,Implement / Fight
3.0666666666666664,0.494949494949495,Implement / Fight
3.0666666666666664,0.5050505050505051,Implement / Fight
3.0666666666666664,0.5151515151515152,Implement / Fight
3.0666666666666664,0.5252525252525253,Implement / Fight
3.0666666666666664,0.5353535353535354,Implement / Fight
3.0666666666666664,0.5454545454545455,Implement / Fight
3.0666666666666664,0.5555555555555556,Implement / Fight
3.0666666666666664,0.5656565656565657,Implement / Fight
3.0666666666666664,0.5757575757575758,Implement / Fight
3.0666666666666664,0.5858585858585859,Implement / Fight
3.0666666666666664,0.595959595959596,Implement / Fight
3.0666666666666664,0.6060606060606061,Implement / Fight
3.0666666666666664,0.6161616161616162,Implement / Fight
3.0666666666666664,0.6262626262626263,Implement / Fight
3.0666666666666664,0.6363636363636365,Implement / Fight
3.0666666666666664,0.6464646464646465,Implement / Fight
3.0666666666666664,0.6565656565656566,Implement / Fight
3.0666666666666664,0.6666666666666667,Implement / Fight
3.0666666666666664,0.6767676767676768,Implement / Fight
3.0666666666666664,0.686868686868687,Implement / Fight
3.0666666666666664,0.696969696969697,Implement / Fight
3.0666666666666664,0.7070707070707072,Implement / Fight
3.0666666666666664,0.7171717171717172,Implement / Fight
3.0666666666666664,0.7272727272727273,Implement / Fight
3.0666666666666664,0.7373737373737375,Implement / Fight
3.0666666666666664,0.7474747474747475,Implement / Fight
3.0666666666666664,0.7575757575757577,Implement / Fight
3.0666666666666664,0.7676767676767677,Implement / Fight
3.0666666666666664,0.7777777777777778,Implement / Fight
3.0666666666666664,0.787878787878788,Implement / Fight
3.0666666666666664,0.797979797979798,Implement / Fight
3.0666666666666664,0.8080808080808082,Implement / Fight
3.0666666666666664,0.8181818181818182,Implement / Fight
3.0666666666666664,0.8282828282828284,Implement / Fight
3.0666666666666664,0.8383838383838385,Implement / Fight
3.0666666666666664,0.8484848484848485,Implement / Fight
3.0666666666666664,0.8585858585858587,Implement / Fight
3.0666666666666664,0.8686868686868687,Implement / Fight
3.0666666666666664,0.8787878787878789,Implement / Fight
3.0666666666666664,0.888888888888889,Implement / Fight
3.0666666666666664,0.8989898989898991,Implement / Fight
3.0666666666666664,0.9090909090909092,Implement / Fight
3.0666666666666664,0.9191919191919192,Implement / Fight
3.0666666666666664,0.9292929292929294,Implement / Fight
3.0666666666666664,0.9393939393939394,Implement / Fight
3.0666666666666664,0.9494949494949496,Implement / Fight
3.0666666666666664,0.9595959595959597,Implement / Fight
3.0666666666666664,0.9696969696969697,Implement / Fight
3.0666666666666664,0.9797979797979799,Implement / Fight
3.0666666666666664,0.98989898989899,Implement / Fight
3.0666666666666664,1.0,Implement / Fight
3.1333333333333333,0.0,Absence of Pure Equilibrium
3.1333333333333333,0.010101010101010102,Absence of Pure Equilibrium
3.1333333333333333,0.020202020202020204,Absence of Pure Equilibrium
3.1333333333333333,0.030303030303030304,Implement / Fight
3.1333333333333333,0.04040404040404041,Implement / Fight
3.1333333333333333,0.05050505050505051,Implement / Fight
3.1333333333333333,0.06060606060606061,Implement / Fight
3.1333333333333333,0.07070707070707072,Implement / Fight
3.1333333333333333,0.08080808080808081,Implement / Fight
3.1333333333333333,0.09090909090909091,Implement / Fight
3.1333333333333333,0.10101010101010102,Implement / Fight
3.1333333333333333,0.11111111111111112,Implement / Fight
3.1333333333333333,0.12121212121212122,Implement / Fight
3.1333333333333333,0.13131313131313133,Implement / Fight
3.1333333333333333,0.14141414141414144,Implement / Fight
3.1333333333333333,0.15151515151515152,Implement / Fight
3.1333333333333333,0.16161616161616163,Implement / Fight
3.1333333333333333,0.17171717171717174,Implement / Fight
3.1333333333333333,0.18181818181818182,Implement / Fight
3.1333333333333333,0.19191919191919193,Implement / Fight
3.1333333333333333,0.20202020202020204,Implement / Fight
3.1333333333333333,0.21212121212121213,Implement / Fight
3.1333333333333333,0.22222222222222224,Implement / Fight
3.1333333333333333,0.23232323232323235,Implement / Fight
3.1333333333333333,0.24242424242424243,Implement / Fight
3.1333333333333333,0.25252525252525254,Implement / Fight
3.1333333333333333,0.26262626262626265,Implement / Fight
3.1333333333333333,0.27272727272727276,Implement / Fight
3.1333333333333333,0.2828282828282829,Implement / Fight
3.1333333333333333,0.29292929292929293,Implement / Fight
3.1333333333333333,0.30303030303030304,Implement / Fight
3.1333333333333333,0.31313131313131315,Implement / Fight
3.1333333333333333,0.32323232323232326,Implement / Fight
3.1333333333333333,0.33333333333333337,Implement / Fight
3.1333333333333333,0.3434343434343435,Implement / Fight
3.1333333333333333,0.3535353535353536,Implement / Fight
3.1333333333333333,0.36363636363636365,Implement / Fight
3.1333333333333333,0.37373737373737376,Implement / Fight
3.1333333333333333,0.38383838383838387,Implement / Fight
3.1333333333333333,0.393939393939394,Implement / Fight
3.1333333333333333,0.4040404040404041,Implement / Fight
3.1333333333333333,0.4141414141414142,Implement / Fight
3.1333333333333333,0.42424242424242425,Implement / Fight
3.1333333333333333,0.43434343434343436,Implement / Fight
3.1333333333333333,0.4444444444444445,Implement / Fight
3.1333333333333333,0.4545454545454546,Implement / Fight
3.1333333333333333,0.4646464646464647,Implement / Fight
3.1333333333333333,0.4747474747474748,Implement / Fight
3.1333333333333333,0.48484848484848486,Implement / Fight
3.1333333333333333,0.494949494949495,Implement / Fight
3.1333333333333333,0.5050505050505051,Implement / Fight
3.1333333333333333,0.5151515151515152,Implement / Fight
3.1333333333333333,0.5252525252525253,Implement / Fight
3.1333333333333333,0.5353535353535354,Implement / Fight
3.1333333333333333,0.5454545454545455,Implement / Fight
3.1333333333333333,0.5555555555555556,Implement / Fight
3.1333333333333333,0.5656565656565657,Implement / Fight
3.1333333333333333,0.5757575757575758,Implement / Fight
3.1333333333333333,0.5858585858585859,Implement / Fight
3.1333333333333333,0.595959595959596,Implement / Fight
3.1333333333333333,0.6060606060606061,Implement / Fight
3.1333333333333333,0.6161616161616162,Implement / Fight
3.1333333333333333,0.6262626262626263,Implement / Fight
3.1333333333333333,0.6363636363636365,Implement / Fight
3.1333333333333333,0.6464646464646465,Implement / Fight
3.1333333333333333,0.6565656565656566,Implement / Fight
3.1333333333333333,0.6666666666666667,Implement / Fight
3.1333333333333333,0.6767676767676768,Implement / Fight
3.1333333333333333,0.686868686868687,Implement / Fight
3.1333333333333333,0.696969696969697,Implement / Fight
3.1333333333333333,0.7070707070707072,Implement / Fight
3.1333333333333333,0.7171717171717172,Implement / Fight
3.1333333333333333,0.7272727272727273,Implement / Fight
3.1333333333333333,0.7373737373737375,Implement / Fight
3.1333333333333333,0.7474747474747475,Implement / Fight
3.1333333333333333,0.7575757575757577,Implement / Fight
3.1333333333333333,0.7676767676767677,Implement / Fight
3.1333333333333333,0.7777777777777778,Implement / Fight
3.1333333333333333,0.787878787878788,Implement / Fight
3.1333333333333333,0.797979797979798,Implement / Fight
3.1333333333333333,0.8080808080808082,Implement / Fight
3.1333333333333333,0.8181818181818182,Implement / Fight
3.1333333333333333,0.8282828282828284,Implement / Fight
3.1333333333333333,0.8383838383838385,Implement / Fight
3.1333333333333333,0.8484848484848485,Implement / Fight
3.1333333333333333,0.8585858585858587,Implement / Fight
3.1333333333333333,0.8686868686868687,Implement / Fight
3.1333333333333333,0.8787878787878789,Implement / Fight
3.1333333333333333,0.888888888888889,Implement / Fight
3.1333333333333333,0.8989898989898991,Implement / Fight
3.1333333333333333,0.9090909090909092,Implement / Fight
3.1333333333333333,0.9191919191919192,Implement / Fight
3.1333333333333333,0.9292929292929294,Implement / Fight
3.1333333333333333,0.9393939393939394,Implement / Fight
3.1333333333333333,0.9494949494949496,Implement / Fight
3.1333333333333333,0.9595959595959597,Implement / Fight
3.1333333333333333,0.9696969696969697,Implement / Fight
3.1333333333333333,0.9797979797979799,Implement / Fight
3.1333333333333333,0.98989898989899,Implement / Fight
3.1333333333333333,1.0,Implement / Fight
3.2,0.0,Absence of Pure Equilibrium
3.2,0.010101010101010102,Absence of Pure Equilibrium
3.2,0.020202020202020204,Absence of Pure Equilibrium
3.2,0.030303030303030304,Implement / Fight
3.2,0.04040404040404041,Implement / Fight
3.2,0.05050505050505051,Implement / Fight
3.2,0.06060606060606061,Implement / Fight
3.2,0.07070707070707072,Implement / Fight
3.2,0.08080808080808081,Implement / Fight
3.2,0.09090909090909091,Implement / Fight
3.2,0.10101010101010102,Implement / Fight
3.2,0.11111111111111112,Implement / Fight
3.2,0.12121212121212122,Implement / Fight
3.2,0.13131313131313133,Implement / Fight
3.2,0.14141414141414144,Implement / Fight
3.2,0.15151515151515152,Implement / Fight
3.2,0.16161616161616163,Implement / Fight
3.2,0.17171717171717174,Implement / Fight
3.2,0.18181818181818182,Implement / Fight
3.2,0.19191919191919193,Implement / Fight
3.2,0.20202020202020204,Implement / Fight
3.2,0.21212121212121213,Implement / Fight
3.2,0.22222222222222224,Implement / Fight
3.2,0.23232323232323235,Implement / Fight
3.2,0.24242424242424243,Implement / Fight
3.2,0.25252525252525254,Implement / Fight
3.2,0.26262626262626265,Implement / Fight
3.2,0.27272727272727276,Implement / Fight
3.2,0.2828282828282829,Implement / Fight
3.2,0.29292929292929293,Implement / Fight
3.2,0.30303030303030304,Implement / Fight
3.2,0.31313131313131315,Implement / Fight
3.2,0.32323232323232326,Implement / Fight
3.2,0.33333333333333337,Implement / Fight
3.2,0.3434343434343435,Implement / Fight
3.2,0.3535353535353536,Implement / Fight
3.2,0.36363636363636365,Implement / Fight
3.2,0.37373737373737376,Implement / Fight
3.2,0.38383838383838387,Implement / Fight
3.2,0.393939393939394,Implement / Fight
3.2,0.4040404040404041,Implement / Fight
3.2,0.4141414141414142,Implement / Fight
3.2,0.42424242424242425,Implement / Fight
3.2,0.43434343434343436,Implement / Fight
3.2,0.4444444444444445,Implement / Fight
3.2,0.4545454545454546,Implement / Fight
3.2,0.4646464646464647,Implement / Fight
3.2,0.4747474747474748,Implement / Fight
3.2,0.48484848484848486,Implement / Fight
3.2,0.494949494949495,Implement / Fight
3.2,0.5050505050505051,Implement / Fight
3.2,0.5151515151515152,Implement / Fight
3.2,0.5252525252525253,Implement / Fight
3.2,0.5353535353535354,Implement / Fight
3.2,0.5454545454545455,Implement / Fight
3.2,0.5555555555555556,Implement / Fight
3.2,0.5656565656565657,Implement / Fight
3.2,0.5757575757575758,Implement / Fight
3.2,0.5858585858585859,Implement / Fight
3.2,0.595959595959596,Implement / Fight
3.2,0.6060606060606061,Implement / Fight
3.2,0.6161616161616162,Implement / Fight
3.2,0.6262626262626263,Implement / Fight
3.2,0.6363636363636365,Implement / Fight
3.2,0.6464646464646465,Implement / Fight
3.2,0.6565656565656566,Implement / Fight
3.2,0.6666666666666667,Implement / Fight
3.2,0.6767676767676768,Implement / Fight
3.2,0.686868686868687,Implement / Fight
3.2,0.696969696969697,Implement / Fight
3.2,0.7070707070707072,Implement / Fight
3.2,0.7171717171717172,Implement / Fight
3.2,0.7272727272727273,Implement / Fight
3.2,0.7373737373737375,Implement / Fight
3.2,0.7474747474747475,Implement / Fight
3.2,0.7575757575757577,Implement / Fight
3.2,0.7676767676767677,Implement / Fight
3.2,0.7777777777777778,Implement / Fight
3.2,0.787878787878788,Implement / Fight
3.2,0.797979797979798,Implement / Fight
3.2,0.8080808080808082,Implement / Fight
3.2,0.8181818181818182,Implement / Fight
3.2,0.8282828282828284,Implement / Fight
3.2,0.8383838383838385,Implement / Fight
3.2,0.8484848484848485,Implement / Fight
3.2,0.8585858585858587,Implement / Fight
3.2,0.8686868686868687,Implement / Fight
3.2,0.8787878787878789,Implement / Fight
3.2,0.888888888888889,Implement / Fight
3.2,0.8989898989898991,Implement / Fight
3.2,0.9090909090909092,Implement / Fight
3.2,0.9191919191919192,Implement / Fight
3.2,0.9292929292929294,Implement / Fight
3.2,0.9393939393939394,Implement / Fight
3.2,0.9494949494949496,Implement / Fight
3.2,0.9595959595959597,Implement / Fight
3.2,0.9696969696969697,Implement / Fight
3.2,0.9797979797979799,Implement / Fight
3.2,0.98989898989899,Implement / Fight
3.2,1.0,Implement / Fight
3.2666666666666666,0.0,Absence of Pure Equilibrium
3.2666666666666666,0.010101010101010102,Absence of Pure Equilibrium
3.2666666666666666,0.020202020202020204,Absence of Pure Equilibrium
3.2666666666666666,0.030303030303030304,Implement / Fight
3.2666666666666666,0.04040404040404041,Implement / Fight
3.2666666666666666,0.05050505050505051,Implement / Fight
3.2666666666666666,0.06060606060606061,Implement / Fight
3.2666666666666666,0.07070707070707072,Implement / Fight
3.2666666666666666,0.08080808080808081,Implement / Fight
3.2666666666666666,0.09090909090909091,Implement / Fight
3.2666666666666666,0.10101010101010102,Implement / Fight
3.2666666666666666,0.11111111111111112,Implement / Fight
3.2666666666666666,0.12121212121212122,Implement / Fight
3.2666666666666666,0.13131313131313133,Implement / Fight
3.2666666666666666,0.14141414141414144,Implement / Fight
3.2666666666666666,0.15151515151515152,Implement / Fight
3.2666666666666666,0.16161616161616163,Implement / Fight
3.2666666666666666,0.17171717171717174,Implement / Fight
3.2666666666666666,0.18181818181818182,Implement / Fight
3.2666666666666666,0.19191919191919193,Implement / Fight
3.2666666666666666,0.20202020202020204,Implement / Fight
3.2666666666666666,0.21212121212121213,Implement / Fight
3.2666666666666666,0.22222222222222224,Implement / Fight
3.2666666666666666,0.23232323232323235,Implement / Fight
3.2666666666666666,0.24242424242424243,Implement / Fight
3.2666666666666666,0.25252525252525254,Implement / Fight
3.2666666666666666,0.26262626262626265,Implement / Fight
3.2666666666666666,0.27272727272727276,Implement / Fight
3.2666666666666666,0.2828282828282829,Implement / Fight
3.2666666666666666,0.29292929292929293,Implement / Fight
3.2666666666666666,0.30303030303030304,Implement / Fight
3.2666666666666666,0.31313131313131315,Implement / Fight
3.2666666666666666,0.32323232323232326,Implement / Fight
3.2666666666666666,0.33333333333333337,Implement / Fight
3.2666666666666666,0.3434343434343435,Implement / Fight
3.2666666666666666,0.3535353535353536,Implement / Fight
3.2666666666666666,0.36363636363636365,Implement / Fight
3.2666666666666666,0.37373737373737376,Implement / Fight
3.2666666666666666,0.38383838383838387,Implement / Fight
3.2666666666666666,0.393939393939394,Implement / Fight
3.2666666666666666,0.4040404040404041,Implement / Fight
3.2666666666666666,0.4141414141414142,Implement / Fight
3.2666666666666666,0.42424242424242425,Implement / Fight
3.2666666666666666,0.43434343434343436,Implement / Fight
3.2666666666666666,0.4444444444444445,Implement / Fight
3.2666666666666666,0.4545454545454546,Implement / Fight
3.2666666666666666,0.4646464646464647,Implement / Fight
3.2666666666666666,0.4747474747474748,Implement / Fight
3.2666666666666666,0.48484848484848486,Implement / Fight
3.2666666666666666,0.494949494949495,Implement / Fight
3.2666666666666666,0.5050505050505051,Implement / Fight
3.2666666666666666,0.5151515151515152,Implement / Fight
3.2666666666666666,0.5252525252525253,Implement / Fight
3.2666666666666666,0.5353535353535354,Implement / Fight
3.2666666666666666,0.5454545454545455,Implement / Fight
3.2666666666666666,0.5555555555555556,Implement / Fight
3.2666666666666666,0.5656565656565657,Implement / Fight
3.2666666666666666,0.5757575757575758,Implement / Fight
3.2666666666666666,0.5858585858585859,Implement / Fight
3.2666666666666666,0.595959595959596,Implement / Fight
3.2666666666666666,0.6060606060606061,Implement / Fight
3.2666666666666666,0.6161616161616162,Implement / Fight
3.2666666666666666,0.6262626262626263,Implement / Fight
3.2666666666666666,0.6363636363636365,Implement / Fight
3.2666666666666666,0.6464646464646465,Implement / Fight
3.2666666666666666,0.6565656565656566,Implement / Fight
3.2666666666666666,0.6666666666666667,Implement / Fight
3.2666666666666666,0.6767676767676768,Implement / Fight
3.2666666666666666,0.686868686868687,Implement / Fight
3.2666666666666666,0.696969696969697,Implement / Fight
3.2666666666666666,0.7070707070707072,Implement / Fight
3.2666666666666666,0.7171717171717172,Implement / Fight
3.2666666666666666,0.7272727272727273,Implement / Fight
3.2666666666666666,0.7373737373737375,Implement / Fight
3.2666666666666666,0.7474747474747475,Implement / Fight
3.2666666666666666,0.7575757575757577,Implement / Fight
3.2666666666666666,0.7676767676767677,Implement / Fight
3.2666666666666666,0.7777777777777778,Implement / Fight
3.2666666666666666,0.787878787878788,Implement / Fight
3.2666666666666666,0.797979797979798,Implement / Fight
3.2666666666666666,0.8080808080808082,Implement / Fight
3.2666666666666666,0.8181818181818182,Implement / Fight
3.2666666666666666,0.8282828282828284,Implement / Fight
3.2666666666666666,0.8383838383838385,Implement / Fight
3.2666666666666666,0.8484848484848485,Implement / Fight
3.2666666666666666,0.8585858585858587,Implement / Fight
3.2666666666666666,0.8686868686868687,Implement / Fight
3.2666666666666666,0.8787878787878789,Implement / Fight
3.2666666666666666,0.888888888888889,Implement / Fight
3.2666666666666666,0.8989898989898991,Implement / Fight
3.2666666666666666,0.9090909090909092,Implement / Fight
3.2666666666666666,0.9191919191919192,Implement / Fight
3.2666666666666666,0.9292929292929294,Implement / Fight
3.2666666666666666,0.9393939393939394,Implement / Fight
3.2666666666666666,0.9494949494949496,Implement / Fight
3.2666666666666666,0.9595959595959597,Implement / Fight
3.2666666666666666,0.9696969696969697,Implement / Fight
3.2666666666666666,0.9797979797979799,Implement / Fight
3.2666666666666666,0.98989898989899,Implement / Fight
3.2666666666666666,1.0,Implement / Fight
3.3333333333333335,0.0,Absence of Pure Equilibrium
3.3333333333333335,0.010101010101010102,Absence of Pure Equilibrium
3.3333333333333335,0.020202020202020204,Absence of Pure Equilibrium
3.3333333333333335,0.030303030303030304,Implement / Fight
3.3333333333333335,0.04040404040404041,Implement / Fight
3.3333333333333335,0.05050505050505051,Implement / Fight
3.3333333333333335,0.06060606060606061,Implement / Fight
3.3333333333333335,0.07070707070707072,Implement / Fight
3.3333333333333335,0.08080808080808081,Implement / Fight
3.3333333333333335,0.09090909090909091,Implement / Fight
3.3333333333333335,0.10101010101010102,Implement / Fight
3.3333333333333335,0.11111111111111112,Implement / Fight
3.3333333333333335,0.12121212121212122,Implement / Fight
3.3333333333333335,0.13131313131313133,Implement / Fight
3.3333333333333335,0.14141414141414144,Implement / Fight
3.3333333333333335,0.15151515151515152,Implement / Fight
3.3333333333333335,0.16161616161616163,Implement / Fight
3.3333333333333335,0.17171717171717174,Implement / Fight
3.3333333333333335,0.18181818181818182,Implement / Fight
3.3333333333333335,0.19191919191919193,Implement / Fight
3.3333333333333335,0.20202020202020204,Implement / Fight
3.3333333333333335,0.21212121212121213,Implement / Fight
3.3333333333333335,0.22222222222222224,Implement / Fight
3.3333333333333335,0.23232323232323235,Implement / Fight
3.3333333333333335,0.24242424242424243,Implement / Fight
3.3333333333333335,0.25252525252525254,Implement / Fight
3.3333333333333335,0.26262626262626265,Implement / Fight
3.3333333333333335,0.27272727272727276,Implement / Fight
3.3333333333333335,0.2828282828282829,Implement / Fight
3.3333333333333335,0.29292929292929293,Implement / Fight
3.3333333333333335,0.30303030303030304,Implement / Fight
3.3333333333333335,0.31313131313131315,Implement / Fight
3.3333333333333335,0.32323232323232326,Implement / Fight
3.3333333333333335,0.33333333333333337,Implement / Fight
3.3333333333333335,0.3434343434343435,Implement / Fight
3.3333333333333335,0.3535353535353536,Implement / Fight
3.3333333333333335,0.36363636363636365,Implement / Fight
3.3333333333333335,0.37373737373737376,Implement / Fight
3.3333333333333335,0.38383838383838387,Implement / Fight
3.3333333333333335,0.393939393939394,Implement / Fight
3.3333333333333335,0.4040404040404041,Implement / Fight
3.3333333333333335,0.4141414141414142,Implement / Fight
3.3333333333333335,0.42424242424242425,Implement / Fight
3.3333333333333335,0.43434343434343436,Implement / Fight
3.3333333333333335,0.4444444444444445,Implement / Fight
3.3333333333333335,0.4545454545454546,Implement / Fight
3.3333333333333335,0.4646464646464647,Implement / Fight
3.3333333333333335,0.4747474747474748,Implement / Fight
3.3333333333333335,0.48484848484848486,Implement / Fight
3.3333333333333335,0.494949494949495,Implement / Fight
3.3333333333333335,0.5050505050505051,Implement / Fight
3.3333333333333335,0.5151515151515152,Implement / Fight
3.3333333333333335,0.5252525252525253,Implement / Fight
3.3333333333333335,0.5353535353535354,Implement / Fight
3.3333333333333335,0.5454545454545455,Implement / Fight
3.3333333333333335,0.5555555555555556,Implement / Fight
3.3333333333333335,0.5656565656565657,Implement / Fight
3.3333333333333335,0.5757575757575758,Implement / Fight
3.3333333333333335,0.5858585858585859,Implement / Fight
3.3333333333333335,0.595959595959596,Implement / Fight
3.3333333333333335,0.6060606060606061,Implement / Fight
3.3333333333333335,0.6161616161616162,Implement / Fight
3.3333333333333335,0.6262626262626263,Implement / Fight
3.3333333333333335,0.6363636363636365,Implement / Fight
3.3333333333333335,0.6464646464646465,Implement / Fight
3.3333333333333335,0.6565656565656566,Implement / Fight
3.3333333333333335,0.6666666666666667,Implement / Fight
3.3333333333333335,0.6767676767676768,Implement / Fight
3.3333333333333335,0.686868686868687,Implement / Fight
3.3333333333333335,0.696969696969697,Implement / Fight
3.3333333333333335,0.7070707070707072,Implement / Fight
3.3333333333333335,0.7171717171717172,Implement / Fight
3.3333333333333335,0.7272727272727273,Implement / Fight
3.3333333333333335,0.7373737373737375,Implement / Fight
3.3333333333333335,0.7474747474747475,Implement / Fight
3.3333333333333335,0.7575757575757577,Implement / Fight
3.3333333333333335,0.7676767676767677,Implement / Fight
3.3333333333333335,0.7777777777777778,Implement / Fight
3.3333333333333335,0.787878787878788,Implement / Fight
3.3333333333333335,0.797979797979798,Implement / Fight
3.3333333333333335,0.8080808080808082,Implement / Fight
3.3333333333333335,0.8181818181818182,Implement / Fight
3.3333333333333335,0.8282828282828284,Implement / Fight
3.3333333333333335,0.8383838383838385,Implement / Fight
3.3333333333333335,0.8484848484848485,Implement / Fight
3.3333333333333335,0.8585858585858587,Implement / Fight
3.3333333333333335,0.8686868686868687,Implement / Fight
3.3333333333333335,0.8787878787878789,Implement / Fight
3.3333333333333335,0.888888888888889,Implement / Fight
3.3333333333333335,0.8989898989898991,Implement / Fight
3.3333333333333335,0.9090909090909092,Implement / Fight
3.3333333333333335,0.9191919191919192,Implement / Fight
3.3333333333333335,0.9292929292929294,Implement / Fight
3.3333333333333335,0.9393939393939394,Implement / Fight
3.3333333333333335,0.9494949494949496,Implement / Fight
3.3333333333333335,0.9595959595959597,Implement / Fight
3.3333333333333335,0.9696969696969697,Implement / Fight
3.3333333333333335,0.9797979797979799,Implement / Fight
3.3333333333333335,0.98989898989899,Implement / Fight
3.3333333333333335,1.0,Implement / Fight
3.4,0.0,Absence of Pure Equilibrium
3.4,0.010101010101010102,Absence of Pure Equilibrium
3.4,0.020202020202020204,Absence of Pure Equilibrium
3.4,0.030303030303030304,Implement / Fight
3.4,0.04040404040404041,Implement / Fight
3.4,0.05050505050505051,Implement / Fight
3.4,0.06060606060606061,Implement / Fight
3.4,0.07070707070707072,Implement / Fight
3.4,0.08080808080808081,Implement / Fight
3.4,0.09090909090909091,Implement / Fight
3.4,0.10101010101010102,Implement / Fight
3.4,0.11111111111111112,Implement / Fight
3.4,0.12121212121212122,Implement / Fight
3.4,0.13131313131313133,Implement / Fight
3.4,0.14141414141414144,Implement / Fight
3.4,0.15151515151515152,Implement / Fight
3.4,0.16161616161616163,Implement / Fight
3.4,0.17171717171717174,Implement / Fight
3.4,0.18181818181818182,Implement / Fight
3.4,0.19191919191919193,Implement / Fight
3.4,0.20202020202020204,Implement / Fight
3.4,0.21212121212121213,Implement / Fight
3.4,0.22222222222222224,Implement / Fight
3.4,0.23232323232323235,Implement / Fight
3.4,0.24242424242424243,Implement / Fight
3.4,0.25252525252525254,Implement / Fight
3.4,0.26262626262626265,Implement / Fight
3.4,0.27272727272727276,Implement / Fight
3.4,0.2828282828282829,Implement / Fight
3.4,0.29292929292929293,Implement / Fight
3.4,0.30303030303030304,Implement / Fight
3.4,0.31313131313131315,Implement / Fight
3.4,0.32323232323232326,Implement / Fight
3.4,0.33333333333333337,Implement / Fight
3.4,0.3434343434343435,Implement / Fight
3.4,0.3535353535353536,Implement / Fight
3.4,0.36363636363636365,Implement / Fight
3.4,0.37373737373737376,Implement / Fight
3.4,0.38383838383838387,Implement / Fight
3.4,0.393939393939394,Implement / Fight
3.4,0.4040404040404041,Implement / Fight
3.4,0.4141414141414142,Implement / Fight
3.4,0.42424242424242425,Implement / Fight
3.4,0.43434343434343436,Implement / Fight
3.4,0.4444444444444445,Implement / Fight
3.4,0.4545454545454546,Implement / Fight
3.4,0.4646464646464647,Implement / Fight
3.4,0.4747474747474748,Implement / Fight
3.4,0.48484848484848486,Implement / Fight
3.4,0.494949494949495,Implement / Fight
3.4,0.5050505050505051,Implement / Fight
3.4,0.5151515151515152,Implement / Fight
3.4,0.5252525252525253,Implement / Fight
3.4,0.5353535353535354,Implement / Fight
3.4,0.5454545454545455,Implement / Fight
3.4,0.5555555555555556,Implement / Fight
3.4,0.5656565656565657,Implement / Fight
3.4,0.5757575757575758,Implement / Fight
3.4,0.5858585858585859,Implement / Fight
3.4,0.595959595959596,Implement / Fight
3.4,0.6060606060606061,Implement / Fight
3.4,0.6161616161616162,Implement / Fight
3.4,0.6262626262626263,Implement / Fight
3.4,0.6363636363636365,Implement / Fight
3.4,0.6464646464646465,Implement / Fight
3.4,0.6565656565656566,Implement / Fight
3.4,0.6666666666666667,Implement / Fight
3.4,0.6767676767676768,Implement / Fight
3.4,0.686868686868687,Implement / Fight
3.4,0.696969696969697,Implement / Fight
3.4,0.7070707070707072,Implement / Fight
3.4,0.7171717171717172,Implement / Fight
3.4,0.7272727272727273,Implement / Fight
3.4,0.7373737373737375,Implement / Fight
3.4,0.7474747474747475,Implement / Fight
3.4,0.7575757575757577,Implement / Fight
3.4,0.7676767676767677,Implement / Fight
3.4,0.7777777777777778,Implement / Fight
3.4,0.787878787878788,Implement / Fight
3.4,0.797979797979798,Implement / Fight
3.4,0.8080808080808082,Implement / Fight
3.4,0.8181818181818182,Implement / Fight
3.4,0.8282828282828284,Implement / Fight
3.4,0.8383838383838385,Implement / Fight
3.4,0.8484848484848485,Implement / Fight
3.4,0.8585858585858587,Implement / Fight
3.4,0.8686868686868687,Implement / Fight
3.4,0.8787878787878789,Implement / Fight
3.4,0.888888888888889,Implement / Fight
3.4,0.8989898989898991,Implement / Fight
3.4,0.9090909090909092,Implement / Fight
3.4,0.9191919191919192,Implement / Fight
3.4,0.9292929292929294,Implement / Fight
3.4,0.9393939393939394,Implement / Fight
3.4,0.9494949494949496,Implement / Fight
3.4,0.9595959595959597,Implement / Fight
3.4,0.9696969696969697,Implement / Fight
3.4,0.9797979797979799,Implement / Fight
3.4,0.98989898989899,Implement / Fight
3.4,1.0,Implement / Fight
3.466666666666667,0.0,Absence of Pure Equilibrium
3.466666666666667,0.010101010101010102,Absence of Pure Equilibrium
3.466666666666667,0.020202020202020204,Absence of Pure Equilibrium
3.466666666666667,0.030303030303030304,Implement / Fight
3.466666666666667,0.04040404040404041,Implement / Fight
3.466666666666667,0.05050505050505051,Implement / Fight
3.466666666666667,0.06060606060606061,Implement / Fight
3.466666666666667,0.07070707070707072,Implement / Fight
3.466666666666667,0.08080808080808081,Implement / Fight
3.466666666666667,0.09090909090909091,Implement / Fight
3.466666666666667,0.10101010101010102,Implement / Fight
3.466666666666667,0.11111111111111112,Implement / Fight
3.466666666666667,0.12121212121212122,Implement / Fight
3.466666666666667,0.13131313131313133,Implement / Fight
3.466666666666667,0.14141414141414144,Implement / Fight
3.466666666666667,0.15151515151515152,Implement / Fight
3.466666666666667,0.16161616161616163,Implement / Fight
3.466666666666667,0.17171717171717174,Implement / Fight
3.466666666666667,0.18181818181818182,Implement / Fight
3.466666666666667,0.19191919191919193,Implement / Fight
3.466666666666667,0.20202020202020204,Implement / Fight
3.466666666666667,0.21212121212121213,Implement / Fight
3.466666666666667,0.22222222222222224,Implement / Fight
3.466666666666667,0.23232323232323235,Implement / Fight
3.466666666666667,0.24242424242424243,Implement / Fight
3.466666666666667,0.25252525252525254,Implement / Fight
3.466666666666667,0.26262626262626265,Implement / Fight
3.466666666666667,0.27272727272727276,Implement / Fight
3.466666666666667,0.2828282828282829,Implement / Fight
3.466666666666667,0.29292929292929293,Implement / Fight
3.466666666666667,0.30303030303030304,Implement / Fight
3.466666666666667,0.31313131313131315,Implement / Fight
3.466666666666667,0.32323232323232326,Implement / Fight
3.466666666666667,0.33333333333333337,Implement / Fight
3.466666666666667,0.3434343434343435,Implement / Fight
3.466666666666667,0.3535353535353536,Implement / Fight
3.466666666666667,0.36363636363636365,Implement / Fight
3.466666666666667,0.37373737373737376,Implement / Fight
3.466666666666667,0.38383838383838387,Implement / Fight
3.466666666666667,0.393939393939394,Implement / Fight
3.466666666666667,0.4040404040404041,Implement / Fight
3.466666666666667,0.4141414141414142,Implement / Fight
3.466666666666667,0.42424242424242425,Implement / Fight
3.466666666666667,0.43434343434343436,Implement / Fight
3.466666666666667,0.4444444444444445,Implement / Fight
3.466666666666667,0.4545454545454546,Implement / Fight
3.466666666666667,0.4646464646464647,Implement / Fight
3.466666666666667,0.4747474747474748,Implement / Fight
3.466666666666667,0.48484848484848486,Implement / Fight
3.466666666666667,0.494949494949495,Implement / Fight
3.466666666666667,0.5050505050505051,Implement / Fight
3.466666666666667,0.5151515151515152,Implement / Fight
3.466666666666667,0.5252525252525253,Implement / Fight
3.466666666666667,0.5353535353535354,Implement / Fight
3.466666666666667,0.5454545454545455,Implement / Fight
3.466666666666667,0.5555555555555556,Implement / Fight
3.466666666666667,0.5656565656565657,Implement / Fight
3.466666666666667,0.5757575757575758,Implement / Fight
3.466666666666667,0.5858585858585859,Implement / Fight
3.466666666666667,0.595959595959596,Implement / Fight
3.466666666666667,0.6060606060606061,Implement / Fight
3.466666666666667,0.6161616161616162,Implement / Fight
3.466666666666667,0.6262626262626263,Implement / Fight
3.466666666666667,0.6363636363636365,Implement / Fight
3.466666666666667,0.6464646464646465,Implement / Fight
3.466666666666667,0.6565656565656566,Implement / Fight
3.466666666666667,0.6666666666666667,Implement / Fight
3.466666666666667,0.6767676767676768,Implement / Fight
3.466666666666667,0.686868686868687,Implement / Fight
3.466666666666667,0.696969696969697,Implement / Fight
3.466666666666667,0.7070707070707072,Implement / Fight
3.466666666666667,0.7171717171717172,Implement / Fight
3.466666666666667,0.7272727272727273,Implement / Fight
3.466666666666667,0.7373737373737375,Implement / Fight
3.466666666666667,0.7474747474747475,Implement / Fight
3.466666666666667,0.7575757575757577,Implement / Fight
3.466666666666667,0.7676767676767677,Implement / Fight
3.466666666666667,0.7777777777777778,Implement / Fight
3.466666666666667,0.787878787878788,Implement / Fight
3.466666666666667,0.797979797979798,Implement / Fight
3.466666666666667,0.8080808080808082,Implement / Fight
3.466666666666667,0.8181818181818182,Implement / Fight
3.466666666666667,0.8282828282828284,Implement / Fight
3.466666666666667,0.8383838383838385,Implement / Fight
3.466666666666667,0.8484848484848485,Implement / Fight
3.466666666666667,0.8585858585858587,Implement / Fight
3.466666666666667,0.8686868686868687,Implement / Fight
3.466666666666667,0.8787878787878789,Implement / Fight
3.466666666666667,0.888888888888889,Implement / Fight
3.466666666666667,0.8989898989898991,Implement / Fight
3.466666666666667,0.9090909090909092,Implement / Fight
3.466666666666667,0.9191919191919192,Implement / Fight
3.466666666666667,0.9292929292929294,Implement / Fight
3.466666666666667,0.9393939393939394,Implement / Fight
3.466666666666667,0.9494949494949496,Implement / Fight
3.466666666666667,0.9595959595959597,Implement / Fight
3.466666666666667,0.9696969696969697,Implement / Fight
3.466666666666667,0.9797979797979799,Implement / Fight
3.466666666666667,0.98989898989899,Implement / Fight
3.466666666666667,1.0,Implement / Fight
3.533333333333333,0.0,Absence of Pure Equilibrium
3.533333333333333,0.010101010101010102,Absence of Pure Equilibrium
3.533333333333333,0.020202020202020204,Absence of Pure Equilibrium
3.533333333333333,0.030303030303030304,Implement / Fight
3.533333333333333,0.04040404040404041,Implement / Fight
3.533333333333333,0.05050505050505051,Implement / Fight
3.533333333333333,0.06060606060606061,Implement / Fight
3.533333333333333,0.07070707070707072,Implement / Fight
3.533333333333333,0.08080808080808081,Implement / Fight
3.533333333333333,0.09090909090909091,Implement / Fight
3.533333333333333,0.10101010101010102,Implement / Fight
3.533333333333333,0.11111111111111112,Implement / Fight
3.533333333333333,0.12121212121212122,Implement / Fight
3.533333333333333,0.13131313131313133,Implement / Fight
3.533333333333333,0.14141414141414144,Implement / Fight
3.533333333333333,0.15151515151515152,Implement / Fight
3.533333333333333,0.16161616161616163,Implement / Fight
3.533333333333333,0.17171717171717174,Implement / Fight
3.533333333333333,0.18181818181818182,Implement / Fight
3.533333333333333,0.19191919191919193,Implement / Fight
3.533333333333333,0.20202020202020204,Implement / Fight
3.533333333333333,0.21212121212121213,Implement / Fight
3.533333333333333,0.22222222222222224,Implement / Fight
3.533333333333333,0.23232323232323235,Implement / Fight
3.533333333333333,0.24242424242424243,Implement / Fight
3.533333333333333,0.25252525252525254,Implement / Fight
3.533333333333333,0.26262626262626265,Implement / Fight
3.533333333333333,0.27272727272727276,Implement / Fight
3.533333333333333,0.2828282828282829,Implement / Fight
3.533333333333333,0.29292929292929293,Implement / Fight
3.533333333333333,0.30303030303030304,Implement / Fight
3.533333333333333,0.31313131313131315,Implement / Fight
3.533333333333333,0.32323232323232326,Implement / Fight
3.533333333333333,0.33333333333333337,Implement / Fight
3.533333333333333,0.3434343434343435,Implement / Fight
3.533333333333333,0.3535353535353536,Implement / Fight
3.533333333333333,0.36363636363636365,Implement / Fight
3.533333333333333,0.37373737373737376,Implement / Fight
3.533333333333333,0.38383838383838387,Implement / Fight
3.533333333333333,0.393939393939394,Implement / Fight
3.533333333333333,0.4040404040404041,Implement / Fight
3.533333333333333,0.4141414141414142,Implement / Fight
3.533333333333333,0.42424242424242425,Implement / Fight
3.533333333333333,0.43434343434343436,Implement / Fight
3.533333333333333,0.4444444444444445,Implement / Fight
3.533333333333333,0.4545454545454546,Implement / Fight
3.533333333333333,0.4646464646464647,Implement / Fight
3.533333333333333,0.4747474747474748,Implement / Fight
3.533333333333333,0.48484848484848486,Implement / Fight
3.533333333333333,0.494949494949495,Implement / Fight
3.533333333333333,0.5050505050505051,Implement / Fight
3.533333333333333,0.5151515151515152,Implement / Fight
3.533333333333333,0.5252525252525253,Implement / Fight
3.533333333333333,0.5353535353535354,Implement / Fight
3.533333333333333,0.5454545454545455,Implement / Fight
3.533333333333333,0.5555555555555556,Implement / Fight
3.533333333333333,0.5656565656565657,Implement / Fight
3.533333333333333,0.5757575757575758,Implement / Fight
3.533333333333333,0.5858585858585859,Implement / Fight
3.533333333333333,0.595959595959596,Implement / Fight
3.533333333333333,0.6060606060606061,Implement / Fight
3.533333333333333,0.6161616161616162,Implement / Fight
3.533333333333333,0.6262626262626263,Implement / Fight
3.533333333333333,0.6363636363636365,Implement / Fight
3.533333333333333,0.6464646464646465,Implement / Fight
3.533333333333333,0.6565656565656566,Implement / Fight
3.533333333333333,0.6666666666666667,Implement / Fight
3.533333333333333,0.6767676767676768,Implement / Fight
3.533333333333333,0.686868686868687,Implement / Fight
3.533333333333333,0.696969696969697,Implement / Fight
3.533333333333333,0.7070707070707072,Implement / Fight
3.533333333333333,0.7171717171717172,Implement / Fight
3.533333333333333,0.7272727272727273,Implement / Fight
3.533333333333333,0.7373737373737375,Implement / Fight
3.533333333333333,0.7474747474747475,Implement / Fight
3.533333333333333,0.7575757575757577,Implement / Fight
3.533333333333333,0.7676767676767677,Implement / Fight
3.533333333333333,0.7777777777777778,Implement / Fight
3.533333333333333,0.787878787878788,Implement / Fight
3.533333333333333,0.797979797979798,Implement / Fight
3.533333333333333,0.8080808080808082,Implement / Fight
3.533333333333333,0.8181818181818182,Implement / Fight
3.533333333333333,0.8282828282828284,Implement / Fight
3.533333333333333,0.8383838383838385,Implement / Fight
3.533333333333333,0.8484848484848485,Implement / Fight
3.533333333333333,0.8585858585858587,Implement / Fight
3.533333333333333,0.8686868686868687,Implement / Fight
3.533333333333333,0.8787878787878789,Implement / Fight
3.533333333333333,0.888888888888889,Implement / Fight
3.533333333333333,0.8989898989898991,Implement / Fight
3.533333333333333,0.9090909090909092,Implement / Fight
3.533333333333333,0.9191919191919192,Implement / Fight
3.533333333333333,0.9292929292929294,Implement / Fight
3.533333333333333,0.9393939393939394,Implement / Fight
3.533333333333333,0.9494949494949496,Implement / Fight
3.533333333333333,0.9595959595959597,Implement / Fight
3.533333333333333,0.9696969696969697,Implement / Fight
3.533333333333333,0.9797979797979799,Implement / Fight
3.533333333333333,0.98989898989899,Implement / Fight
3.533333333333333,1.0,Implement / Fight
3.6,0.0,Absence of Pure Equilibrium
3.6,0.010101010101010102,Absence of Pure Equilibrium
3.6,0.020202020202020204,Absence of Pure Equilibrium
3.6,0.030303030303030304,Implement / Fight
3.6,0.04040404040404041,Implement / Fight
3.6,0.05050505050505051,Implement / Fight
3.6,0.06060606060606061,Implement / Fight
3.6,0.07070707070707072,Implement / Fight
3.6,0.08080808080808081,Implement / Fight
3.6,0.09090909090909091,Implement / Fight
3.6,0.10101010101010102,Implement / Fight
3.6,0.11111111111111112,Implement / Fight
3.6,0.12121212121212122,Implement / Fight
3.6,0.13131313131313133,Implement / Fight
3.6,0.14141414141414144,Implement / Fight
3.6,0.15151515151515152,Implement / Fight
3.6,0.16161616161616163,Implement / Fight
3.6,0.17171717171717174,Implement / Fight
3.6,0.18181818181818182,Implement / Fight
3.6,0.19191919191919193,Implement / Fight
3.6,0.20202020202020204,Implement / Fight
3.6,0.21212121212121213,Implement / Fight
3.6,0.22222222222222224,Implement / Fight
3.6,0.23232323232323235,Implement / Fight
3.6,0.24242424242424243,Implement / Fight
3.6,0.25252525252525254,Implement / Fight
3.6,0.26262626262626265,Implement / Fight
3.6,0.27272727272727276,Implement / Fight
3.6,0.2828282828282829,Implement / Fight
3.6,0.29292929292929293,Implement / Fight
3.6,0.30303030303030304,Implement / Fight
3.6,0.31313131313131315,Implement / Fight
3.6,0.32323232323232326,Implement / Fight
3.6,0.33333333333333337,Implement / Fight
3.6,0.3434343434343435,Implement / Fight
3.6,0.3535353535353536,Implement / Fight
3.6,0.36363636363636365,Implement / Fight
3.6,0.37373737373737376,Implement / Fight
3.6,0.38383838383838387,Implement / Fight
3.6,0.393939393939394,Implement / Fight
3.6,0.4040404040404041,Implement / Fight
3.6,0.4141414141414142,Implement / Fight
3.6,0.42424242424242425,Implement / Fight
3.6,0.43434343434343436,Implement / Fight
3.6,0.4444444444444445,Implement / Fight
3.6,0.4545454545454546,Implement / Fight
3.6,0.4646464646464647,Implement / Fight
3.6,0.4747474747474748,Implement / Fight
3.6,0.48484848484848486,Implement / Fight
3.6,0.494949494949495,Implement / Fight
3.6,0.5050505050505051,Implement / Fight
3.6,0.5151515151515152,Implement / Fight
3.6,0.5252525252525253,Implement / Fight
3.6,0.5353535353535354,Implement / Fight
3.6,0.5454545454545455,Implement / Fight
3.6,0.5555555555555556,Implement / Fight
3.6,0.5656565656565657,Implement / Fight
3.6,0.5757575757575758,Implement / Fight
3.6,0.5858585858585859,Implement / Fight
3.6,0.595959595959596,Implement / Fight
3.6,0.6060606060606061,Implement / Fight
3.6,0.6161616161616162,Implement / Fight
3.6,0.6262626262626263,Implement / Fight
3.6,0.6363636363636365,Implement / Fight
3.6,0.6464646464646465,Implement / Fight
3.6,0.6565656565656566,Implement / Fight
3.6,0.6666666666666667,Implement / Fight
3.6,0.6767676767676768,Implement / Fight
3.6,0.686868686868687,Implement / Fight
3.6,0.696969696969697,Implement / Fight
3.6,0.7070707070707072,Implement / Fight
3.6,0.7171717171717172,Implement / Fight
3.6,0.7272727272727273,Implement / Fight
3.6,0.7373737373737375,Implement / Fight
3.6,0.7474747474747475,Implement / Fight
3.6,0.7575757575757577,Implement / Fight
3.6,0.7676767676767677,Implement / Fight
3.6,0.7777777777777778,Implement / Fight
3.6,0.787878787878788,Implement / Fight
3.6,0.797979797979798,Implement / Fight
3.6,0.8080808080808082,Implement / Fight
3.6,0.8181818181818182,Implement / Fight
3.6,0.8282828282828284,Implement / Fight
3.6,0.8383838383838385,Implement / Fight
3.6,0.8484848484848485,Implement / Fight
3.6,0.8585858585858587,Implement / Fight
3.6,0.8686868686868687,Implement / Fight
3.6,0.8787878787878789,Implement / Fight
3.6,0.888888888888889,Implement / Fight
3.6,0.8989898989898991,Implement / Fight
3.6,0.9090909090909092,Implement / Fight
3.6,0.9191919191919192,Implement / Fight
3.6,0.9292929292929294,Implement / Fight
3.6,0.9393939393939394,Implement / Fight
3.6,0.9494949494949496,Implement / Fight
3.6,0.9595959595959597,Implement / Fight
3.6,0.9696969696969697,Implement / Fight
3.6,0.9797979797979799,Implement / Fight
3.6,0.98989898989899,Implement / Fight
3.6,1.0,Implement / Fight
3.6666666666666665,0.0,Absence of Pure Equilibrium
3.6666666666666665,0.010101010101010102,Absence of Pure Equilibrium
3.6666666666666665,0.020202020202020204,Absence of Pure Equilibrium
3.6666666666666665,0.030303030303030304,Implement / Fight
3.6666666666666665,0.04040404040404041,Implement / Fight
3.6666666666666665,0.05050505050505051,Implement / Fight
3.6666666666666665,0.06060606060606061,Implement / Fight
3.6666666666666665,0.07070707070707072,Implement / Fight
3.6666666666666665,0.08080808080808081,Implement / Fight
3.6666666666666665,0.09090909090909091,Implement / Fight
3.6666666666666665,0.10101010101010102,Implement / Fight
3.6666666666666665,0.11111111111111112,Implement / Fight
3.6666666666666665,0.12121212121212122,Implement / Fight
3.6666666666666665,0.13131313131313133,Implement / Fight
3.6666666666666665,0.14141414141414144,Implement / Fight
3.6666666666666665,0.15151515151515152,Implement / Fight
3.6666666666666665,0.16161616161616163,Implement / Fight
3.6666666666666665,0.17171717171717174,Implement / Fight
3.6666666666666665,0.18181818181818182,Implement / Fight
3.6666666666666665,0.19191919191919193,Implement / Fight
3.6666666666666665,0.20202020202020204,Implement / Fight
3.6666666666666665,0.21212121212121213,Implement / Fight
3.6666666666666665,0.22222222222222224,Implement / Fight
3.6666666666666665,0.23232323232323235,Implement / Fight
3.6666666666666665,0.24242424242424243,Implement / Fight
3.6666666666666665,0.25252525252525254,Implement / Fight
3.6666666666666665,0.26262626262626265,Implement / Fight
3.6666666666666665,0.27272727272727276,Implement / Fight
3.6666666666666665,0.2828282828282829,Implement / Fight
3.6666666666666665,0.29292929292929293,Implement / Fight
3.6666666666666665,0.30303030303030304,Implement / Fight
3.6666666666666665,0.31313131313131315,Implement / Fight
3.6666666666666665,0.32323232323232326,Implement / Fight
3.6666666666666665,0.33333333333333337,Implement / Fight
3.6666666666666665,0.3434343434343435,Implement / Fight
3.6666666666666665,0.3535353535353536,Implement / Fight
3.6666666666666665,0.36363636363636365,Implement / Fight
3.6666666666666665,0.37373737373737376,Implement / Fight
3.6666666666666665,0.38383838383838387,Implement / Fight
3.6666666666666665,0.393939393939394,Implement / Fight
3.6666666666666665,0.4040404040404041,Implement / Fight
3.6666666666666665,0.4141414141414142,Implement / Fight
3.6666666666666665,0.42424242424242425,Implement / Fight
3.6666666666666665,0.43434343434343436,Implement / Fight
3.6666666666666665,0.4444444444444445,Implement / Fight
3.6666666666666665,0.4545454545454546,Implement / Fight
3.6666666666666665,0.4646464646464647,Implement / Fight
3.6666666666666665,0.4747474747474748,Implement / Fight
3.6666666666666665,0.48484848484848486,Implement / Fight
3.6666666666666665,0.494949494949495,Implement / Fight
3.6666666666666665,0.5050505050505051,Implement / Fight
3.6666666666666665,0.5151515151515152,Implement / Fight
3.6666666666666665,0.5252525252525253,Implement / Fight
3.6666666666666665,0.5353535353535354,Implement / Fight
3.6666666666666665,0.5454545454545455,Implement / Fight
3.6666666666666665,0.5555555555555556,Implement / Fight
3.6666666666666665,0.5656565656565657,Implement / Fight
3.6666666666666665,0.5757575757575758,Implement / Fight
3.6666666666666665,0.5858585858585859,Implement / Fight
3.6666666666666665,0.595959595959596,Implement / Fight
3.6666666666666665,0.6060606060606061,Implement / Fight
3.6666666666666665,0.6161616161616162,Implement / Fight
3.6666666666666665,0.6262626262626263,Implement / Fight
3.6666666666666665,0.6363636363636365,Implement / Fight
3.6666666666666665,0.6464646464646465,Implement / Fight
3.6666666666666665,0.6565656565656566,Implement / Fight
3.6666666666666665,0.6666666666666667,Implement / Fight
3.6666666666666665,0.6767676767676768,Implement / Fight
3.6666666666666665,0.686868686868687,Implement / Fight
3.6666666666666665,0.696969696969697,Implement / Fight
3.6666666666666665,0.7070707070707072,Implement / Fight
3.6666666666666665,0.7171717171717172,Implement / Fight
3.6666666666666665,0.7272727272727273,Implement / Fight
3.6666666666666665,0.7373737373737375,Implement / Fight
3.6666666666666665,0.7474747474747475,Implement / Fight
3.6666666666666665,0.7575757575757577,Implement / Fight
3.6666666666666665,0.7676767676767677,Implement / Fight
3.6666666666666665,0.7777777777777778,Implement / Fight
3.6666666666666665,0.787878787878788,Implement / Fight
3.6666666666666665,0.797979797979798,Implement / Fight
3.6666666666666665,0.8080808080808082,Implement / Fight
3.6666666666666665,0.8181818181818182,Implement / Fight
3.6666666666666665,0.8282828282828284,Implement / Fight
3.6666666666666665,0.8383838383838385,Implement / Fight
3.6666666666666665,0.8484848484848485,Implement / Fight
3.6666666666666665,0.8585858585858587,Implement / Fight
3.6666666666666665,0.8686868686868687,Implement / Fight
3.6666666666666665,0.8787878787878789,Implement / Fight
3.6666666666666665,0.888888888888889,Implement / Fight
3.6666666666666665,0.8989898989898991,Implement / Fight
3.6666666666666665,0.9090909090909092,Implement / Fight
3.6666666666666665,0.9191919191919192,Implement / Fight
3.6666666666666665,0.9292929292929294,Implement / Fight
3.6666666666666665,0.9393939393939394,Implement / Fight
3.6666666666666665,0.9494949494949496,Implement / Fight
3.6666666666666665,0.9595959595959597,Implement / Fight
3.6666666666666665,0.9696969696969697,Implement / Fight
3.6666666666666665,0.9797979797979799,Implement / Fight
3.6666666666666665,0.98989898989899,Implement / Fight
3.6666666666666665,1.0,Implement / Fight
3.7333333333333334,0.0,Absence of Pure Equilibrium
3.7333333333333334,0.010101010101010102,Absence of Pure Equilibrium
3.7333333333333334,0.020202020202020204,Absence of Pure Equilibrium
3.7333333333333334,0.030303030303030304,Implement / Fight
3.7333333333333334,0.04040404040404041,Implement / Fight
3.7333333333333334,0.05050505050505051,Implement / Fight
3.7333333333333334,0.06060606060606061,Implement / Fight
3.7333333333333334,0.07070707070707072,Implement / Fight
3.7333333333333334,0.08080808080808081,Implement / Fight
3.7333333333333334,0.09090909090909091,Implement / Fight
3.7333333333333334,0.10101010101010102,Implement / Fight
3.7333333333333334,0.11111111111111112,Implement / Fight
3.7333333333333334,0.12121212121212122,Implement / Fight
3.7333333333333334,0.13131313131313133,Implement / Fight
3.7333333333333334,0.14141414141414144,Implement / Fight
3.7333333333333334,0.15151515151515152,Implement / Fight
3.7333333333333334,0.16161616161616163,Implement / Fight
3.7333333333333334,0.17171717171717174,Implement / Fight
3.7333333333333334,0.18181818181818182,Implement / Fight
3.7333333333333334,0.19191919191919193,Implement / Fight
3.7333333333333334,0.20202020202020204,Implement / Fight
3.7333333333333334,0.21212121212121213,Implement / Fight
3.7333333333333334,0.22222222222222224,Implement / Fight
3.7333333333333334,0.23232323232323235,Implement / Fight
3.7333333333333334,0.24242424242424243,Implement / Fight
3.7333333333333334,0.25252525252525254,Implement / Fight
3.7333333333333334,0.26262626262626265,Implement / Fight
3.7333333333333334,0.27272727272727276,Implement / Fight
3.7333333333333334,0.2828282828282829,Implement / Fight
3.7333333333333334,0.29292929292929293,Implement / Fight
3.7333333333333334,0.30303030303030304,Implement / Fight
3.7333333333333334,0.31313131313131315,Implement / Fight
3.7333333333333334,0.32323232323232326,Implement / Fight
3.7333333333333334,0.33333333333333337,Implement / Fight
3.7333333333333334,0.3434343434343435,Implement / Fight
3.7333333333333334,0.3535353535353536,Implement / Fight
3.7333333333333334,0.36363636363636365,Implement / Fight
3.7333333333333334,0.37373737373737376,Implement / Fight
3.7333333333333334,0.38383838383838387,Implement / Fight
3.7333333333333334,0.393939393939394,Implement / Fight
3.7333333333333334,0.4040404040404041,Implement / Fight
3.7333333333333334,0.4141414141414142,Implement / Fight
3.7333333333333334,0.42424242424242425,Implement / Fight
3.7333333333333334,0.43434343434343436,Implement / Fight
3.7333333333333334,0.4444444444444445,Implement / Fight
3.7333333333333334,0.4545454545454546,Implement / Fight
3.7333333333333334,0.4646464646464647,Implement / Fight
3.7333333333333334,0.4747474747474748,Implement / Fight
3.7333333333333334,0.48484848484848486,Implement / Fight
3.7333333333333334,0.494949494949495,Implement / Fight
3.7333333333333334,0.5050505050505051,Implement / Fight
3.7333333333333334,0.5151515151515152,Implement / Fight
3.7333333333333334,0.5252525252525253,Implement / Fight
3.7333333333333334,0.5353535353535354,Implement / Fight
3.7333333333333334,0.5454545454545455,Implement / Fight
3.7333333333333334,0.5555555555555556,Implement / Fight
3.7333333333333334,0.5656565656565657,Implement / Fight
3.7333333333333334,0.5757575757575758,Implement / Fight
3.7333333333333334,0.5858585858585859,Implement / Fight
3.7333333333333334,0.595959595959596,Implement / Fight
3.7333333333333334,0.6060606060606061,Implement / Fight
3.7333333333333334,0.6161616161616162,Implement / Fight
3.7333333333333334,0.6262626262626263,Implement / Fight
3.7333333333333334,0.6363636363636365,Implement / Fight
3.7333333333333334,0.6464646464646465,Implement / Fight
3.7333333333333334,0.6565656565656566,Implement / Fight
3.7333333333333334,0.6666666666666667,Implement / Fight
3.7333333333333334,0.6767676767676768,Implement / Fight
3.7333333333333334,0.686868686868687,Implement / Fight
3.7333333333333334,0.696969696969697,Implement / Fight
3.7333333333333334,0.7070707070707072,Implement / Fight
3.7333333333333334,0.7171717171717172,Implement / Fight
3.7333333333333334,0.7272727272727273,Implement / Fight
3.7333333333333334,0.7373737373737375,Implement / Fight
3.7333333333333334,0.7474747474747475,Implement / Fight
3.7333333333333334,0.7575757575757577,Implement / Fight
3.7333333333333334,0.7676767676767677,Implement / Fight
3.7333333333333334,0.7777777777777778,Implement / Fight
3.7333333333333334,0.787878787878788,Implement / Fight
3.7333333333333334,0.797979797979798,Implement / Fight
3.7333333333333334,0.8080808080808082,Implement / Fight
3.7333333333333334,0.8181818181818182,Implement / Fight
3.7333333333333334,0.8282828282828284,Implement / Fight
3.7333333333333334,0.8383838383838385,Implement / Fight
3.7333333333333334,0.8484848484848485,Implement / Fight
3.7333333333333334,0.8585858585858587,Implement / Fight
3.7333333333333334,0.8686868686868687,Implement / Fight
3.7333333333333334,0.8787878787878789,Implement / Fight
3.7333333333333334,0.888888888888889,Implement / Fight
3.7333333333333334,0.8989898989898991,Implement / Fight
3.7333333333333334,0.9090909090909092,Implement / Fight
3.7333333333333334,0.9191919191919192,Implement / Fight
3.7333333333333334,0.9292929292929294,Implement / Fight
3.7333333333333334,0.9393939393939394,Implement / Fight
3.7333333333333334,0.9494949494949496,Implement / Fight
3.7333333333333334,0.9595959595959597,Implement / Fight
3.7333333333333334,0.9696969696969697,Implement / Fight
3.7333333333333334,0.9797979797979799,Implement / Fight
3.7333333333333334,0.98989898989899,Implement / Fight
3.7333333333333334,1.0,Implement / Fight
3.8,0.0,Absence of Pure Equilibrium
3.8,0.010101010101010102,Absence of Pure Equilibrium
3.8,0.020202020202020204,Absence of Pure Equilibrium
3.8,0.030303030303030304,Implement / Fight
3.8,0.04040404040404041,Implement / Fight
3.8,0.05050505050505051,Implement / Fight
3.8,0.06060606060606061,Implement / Fight
3.8,0.07070707070707072,Implement / Fight
3.8,0.08080808080808081,Implement / Fight
3.8,0.09090909090909091,Implement / Fight
3.8,0.10101010101010102,Implement / Fight
3.8,0.11111111111111112,Implement / Fight
3.8,0.12121212121212122,Implement / Fight
3.8,0.13131313131313133,Implement / Fight
3.8,0.14141414141414144,Implement / Fight
3.8,0.15151515151515152,Implement / Fight
3.8,0.16161616161616163,Implement / Fight
3.8,0.17171717171717174,Implement / Fight
3.8,0.18181818181818182,Implement / Fight
3.8,0.19191919191919193,Implement / Fight
3.8,0.20202020202020204,Implement / Fight
3.8,0.21212121212121213,Implement / Fight
3.8,0.22222222222222224,Implement / Fight
3.8,0.23232323232323235,Implement / Fight
3.8,0.24242424242424243,Implement / Fight
3.8,0.25252525252525254,Implement / Fight
3.8,0.26262626262626265,Implement / Fight
3.8,0.27272727272727276,Implement / Fight
3.8,0.2828282828282829,Implement / Fight
3.8,0.29292929292929293,Implement / Fight
3.8,0.30303030303030304,Implement / Fight
3.8,0.31313131313131315,Implement / Fight
3.8,0.32323232323232326,Implement / Fight
3.8,0.33333333333333337,Implement / Fight
3.8,0.3434343434343435,Implement / Fight
3.8,0.3535353535353536,Implement / Fight
3.8,0.36363636363636365,Implement / Fight
3.8,0.37373737373737376,Implement / Fight
3.8,0.38383838383838387,Implement / Fight
3.8,0.393939393939394,Implement / Fight
3.8,0.4040404040404041,Implement / Fight
3.8,0.4141414141414142,Implement / Fight
3.8,0.42424242424242425,Implement / Fight
3.8,0.43434343434343436,Implement / Fight
3.8,0.4444444444444445,Implement / Fight
3.8,0.4545454545454546,Implement / Fight
3.8,0.4646464646464647,Implement / Fight
3.8,0.4747474747474748,Implement / Fight
3.8,0.48484848484848486,Implement / Fight
3.8,0.494949494949495,Implement / Fight
3.8,0.5050505050505051,Implement / Fight
3.8,0.5151515151515152,Implement / Fight
3.8,0.5252525252525253,Implement / Fight
3.8,0.5353535353535354,Implement / Fight
3.8,0.5454545454545455,Implement / Fight
3.8,0.5555555555555556,Implement / Fight
3.8,0.5656565656565657,Implement / Fight
3.8,0.5757575757575758,Implement / Fight
3.8,0.5858585858585859,Implement / Fight
3.8,0.595959595959596,Implement / Fight
3.8,0.6060606060606061,Implement / Fight
3.8,0.6161616161616162,Implement / Fight
3.8,0.6262626262626263,Implement / Fight
3.8,0.6363636363636365,Implement / Fight
3.8,0.6464646464646465,Implement / Fight
3.8,0.6565656565656566,Implement / Fight
3.8,0.6666666666666667,Implement / Fight
3.8,0.6767676767676768,Implement / Fight
3.8,0.686868686868687,Implement / Fight
3.8,0.696969696969697,Implement / Fight
3.8,0.7070707070707072,Implement / Fight
3.8,0.7171717171717172,Implement / Fight
3.8,0.7272727272727273,Implement / Fight
3.8,0.7373737373737375,Implement / Fight
3.8,0.7474747474747475,Implement / Fight
3.8,0.7575757575757577,Implement / Fight
3.8,0.7676767676767677,Implement / Fight
3.8,0.7777777777777778,Implement / Fight
3.8,0.787878787878788,Implement / Fight
3.8,0.797979797979798,Implement / Fight
3.8,0.8080808080808082,Implement / Fight
3.8,0.8181818181818182,Implement / Fight
3.8,0.8282828282828284,Implement / Fight
3.8,0.8383838383838385,Implement / Fight
3.8,0.8484848484848485,Implement / Fight
3.8,0.8585858585858587,Implement / Fight
3.8,0.8686868686868687,Implement / Fight
3.8,0.8787878787878789,Implement / Fight
3.8,0.888888888888889,Implement / Fight
3.8,0.8989898989898991,Implement / Fight
3.8,0.9090909090909092,Implement / Fight
3.8,0.9191919191919192,Implement / Fight
3.8,0.9292929292929294,Implement / Fight
3.8,0.9393939393939394,Implement / Fight
3.8,0.9494949494949496,Implement / Fight
3.8,0.9595959595959597,Implement / Fight
3.8,0.9696969696969697,Implement / Fight
3.8,0.9797979797979799,Implement / Fight
3.8,0.98989898989899,Implement / Fight
3.8,1.0,Implement / Fight
3.8666666666666667,0.0,Absence of Pure Equilibrium
3.8666666666666667,0.010101010101010102,Absence of Pure Equilibrium
3.8666666666666667,0.020202020202020204,Absence of Pure Equilibrium
3.8666666666666667,0.030303030303030304,Implement / Fight
3.8666666666666667,0.04040404040404041,Implement / Fight
3.8666666666666667,0.05050505050505051,Implement / Fight
3.8666666666666667,0.06060606060606061,Implement / Fight
3.8666666666666667,0.07070707070707072,Implement / Fight
3.8666666666666667,0.08080808080808081,Implement / Fight
3.8666666666666667,0.09090909090909091,Implement / Fight
3.8666666666666667,0.10101010101010102,Implement / Fight
3.8666666666666667,0.11111111111111112,Implement / Fight
3.8666666666666667,0.12121212121212122,Implement / Fight
3.8666666666666667,0.13131313131313133,Implement / Fight
3.8666666666666667,0.14141414141414144,Implement / Fight
3.8666666666666667,0.15151515151515152,Implement / Fight
3.8666666666666667,0.16161616161616163,Implement / Fight
3.8666666666666667,0.17171717171717174,Implement / Fight
3.8666666666666667,0.18181818181818182,Implement / Fight
3.8666666666666667,0.19191919191919193,Implement / Fight
3.8666666666666667,0.20202020202020204,Implement / Fight
3.8666666666666667,0.21212121212121213,Implement / Fight
3.8666666666666667,0.22222222222222224,Implement / Fight
3.8666666666666667,0.23232323232323235,Implement / Fight
3.8666666666666667,0.24242424242424243,Implement / Fight
3.8666666666666667,0.25252525252525254,Implement / Fight
3.8666666666666667,0.26262626262626265,Implement / Fight
3.8666666666666667,0.27272727272727276,Implement / Fight
3.8666666666666667,0.2828282828282829,Implement / Fight
3.8666666666666667,0.29292929292929293,Implement / Fight
3.8666666666666667,0.30303030303030304,Implement / Fight
3.8666666666666667,0.31313131313131315,Implement / Fight
3.8666666666666667,0.32323232323232326,Implement / Fight
3.8666666666666667,0.33333333333333337,Implement / Fight
3.8666666666666667,0.3434343434343435,Implement / Fight
3.8666666666666667,0.3535353535353536,Implement / Fight
3.8666666666666667,0.36363636363636365,Implement / Fight
3.8666666666666667,0.37373737373737376,Implement / Fight
3.8666666666666667,0.38383838383838387,Implement / Fight
3.8666666666666667,0.393939393939394,Implement / Fight
3.8666666666666667,0.4040404040404041,Implement / Fight
3.8666666666666667,0.4141414141414142,Implement / Fight
3.8666666666666667,0.42424242424242425,Implement / Fight
3.8666666666666667,0.43434343434343436,Implement / Fight
3.8666666666666667,0.4444444444444445,Implement / Fight
3.8666666666666667,0.4545454545454546,Implement / Fight
3.8666666666666667,0.4646464646464647,Implement / Fight
3.8666666666666667,0.4747474747474748,Implement / Fight
3.8666666666666667,0.48484848484848486,Implement / Fight
3.8666666666666667,0.494949494949495,Implement / Fight
3.8666666666666667,0.5050505050505051,Implement / Fight
3.8666666666666667,0.5151515151515152,Implement / Fight
3.8666666666666667,0.5252525252525253,Implement / Fight
3.8666666666666667,0.5353535353535354,Implement / Fight
3.8666666666666667,0.5454545454545455,Implement / Fight
3.8666666666666667,0.5555555555555556,Implement / Fight
3.8666666666666667,0.5656565656565657,Implement / Fight
3.8666666666666667,0.5757575757575758,Implement / Fight
3.8666666666666667,0.5858585858585859,Implement / Fight
3.8666666666666667,0.595959595959596,Implement / Fight
3.8666666666666667,0.6060606060606061,Implement / Fight
3.8666666666666667,0.6161616161616162,Implement / Fight
3.8666666666666667,0.6262626262626263,Implement / Fight
3.8666666666666667,0.6363636363636365,Implement / Fight
3.8666666666666667,0.6464646464646465,Implement / Fight
3.8666666666666667,0.6565656565656566,Implement / Fight
3.8666666666666667,0.6666666666666667,Implement / Fight
3.8666666666666667,0.6767676767676768,Implement / Fight
3.8666666666666667,0.686868686868687,Implement / Fight
3.8666666666666667,0.696969696969697,Implement / Fight
3.8666666666666667,0.7070707070707072,Implement / Fight
3.8666666666666667,0.7171717171717172,Implement / Fight
3.8666666666666667,0.7272727272727273,Implement / Fight
3.8666666666666667,0.7373737373737375,Implement / Fight
3.8666666666666667,0.7474747474747475,Implement / Fight
3.8666666666666667,0.7575757575757577,Implement / Fight
3.8666666666666667,0.7676767676767677,Implement / Fight
3.8666666666666667,0.7777777777777778,Implement / Fight
3.8666666666666667,0.787878787878788,Implement / Fight
3.8666666666666667,0.797979797979798,Implement / Fight
3.8666666666666667,0.8080808080808082,Implement / Fight
3.8666666666666667,0.8181818181818182,Implement / Fight
3.8666666666666667,0.8282828282828284,Implement / Fight
3.8666666666666667,0.8383838383838385,Implement / Fight
3.8666666666666667,0.8484848484848485,Implement / Fight
3.8666666666666667,0.8585858585858587,Implement / Fight
3.8666666666666667,0.8686868686868687,Implement / Fight
3.8666666666666667,0.8787878787878789,Implement / Fight
3.8666666666666667,0.888888888888889,Implement / Fight
3.8666666666666667,0.8989898989898991,Implement / Fight
3.8666666666666667,0.9090909090909092,Implement / Fight
3.8666666666666667,0.9191919191919192,Implement / Fight
3.8666666666666667,0.9292929292929294,Implement / Fight
3.8666666666666667,0.9393939393939394,Implement / Fight
3.8666666666666667,0.9494949494949496,Implement / Fight
3.8666666666666667,0.9595959595959597,Implement / Fight
3.8666666666666667,0.9696969696969697,Implement / Fight
3.8666666666666667,0.9797979797979799,Implement / Fight
3.8666666666666667,0.98989898989899,Implement / Fight
3.8666666666666667,1.0,Implement / Fight
3.933333333333333,0.0,Absence of Pure Equilibrium
3.933333333333333,0.010101010101010102,Absence of Pure Equilibrium
3.933333333333333,0.020202020202020204,Absence of Pure Equilibrium
3.933333333333333,0.030303030303030304,Implement / Fight
3.933333333333333,0.04040404040404041,Implement / Fight
3.933333333333333,0.05050505050505051,Implement / Fight
3.933333333333333,0.06060606060606061,Implement / Fight
3.933333333333333,0.07070707070707072,Implement / Fight
3.933333333333333,0.08080808080808081,Implement / Fight
3.933333333333333,0.09090909090909091,Implement / Fight
3.933333333333333,0.10101010101010102,Implement / Fight
3.933333333333333,0.11111111111111112,Implement / Fight
3.933333333333333,0.12121212121212122,Implement / Fight
3.933333333333333,0.13131313131313133,Implement / Fight
3.933333333333333,0.14141414141414144,Implement / Fight
3.933333333333333,0.15151515151515152,Implement / Fight
3.933333333333333,0.16161616161616163,Implement / Fight
3.933333333333333,0.17171717171717174,Implement / Fight
3.933333333333333,0.18181818181818182,Implement / Fight
3.933333333333333,0.19191919191919193,Implement / Fight
3.933333333333333,0.20202020202020204,Implement / Fight
3.933333333333333,0.21212121212121213,Implement / Fight
3.933333333333333,0.22222222222222224,Implement / Fight
3.933333333333333,0.23232323232323235,Implement / Fight
3.933333333333333,0.24242424242424243,Implement / Fight
3.933333333333333,0.25252525252525254,Implement / Fight
3.933333333333333,0.26262626262626265,Implement / Fight
3.933333333333333,0.27272727272727276,Implement / Fight
3.933333333333333,0.2828282828282829,Implement / Fight
3.933333333333333,0.29292929292929293,Implement / Fight
3.933333333333333,0.30303030303030304,Implement / Fight
3.933333333333333,0.31313131313131315,Implement / Fight
3.933333333333333,0.32323232323232326,Implement / Fight
3.933333333333333,0.33333333333333337,Implement / Fight
3.933333333333333,0.3434343434343435,Implement / Fight
3.933333333333333,0.3535353535353536,Implement / Fight
3.933333333333333,0.36363636363636365,Implement / Fight
3.933333333333333,0.37373737373737376,Implement / Fight
3.933333333333333,0.38383838383838387,Implement / Fight
3.933333333333333,0.393939393939394,Implement / Fight
3.933333333333333,0.4040404040404041,Implement / Fight
3.933333333333333,0.4141414141414142,Implement / Fight
3.933333333333333,0.42424242424242425,Implement / Fight
3.933333333333333,0.43434343434343436,Implement / Fight
3.933333333333333,0.4444444444444445,Implement / Fight
3.933333333333333,0.4545454545454546,Implement / Fight
3.933333333333333,0.4646464646464647,Implement / Fight
3.933333333333333,0.4747474747474748,Implement / Fight
3.933333333333333,0.48484848484848486,Implement / Fight
3.933333333333333,0.494949494949495,Implement / Fight
3.933333333333333,0.5050505050505051,Implement / Fight
3.933333333333333,0.5151515151515152,Implement / Fight
3.933333333333333,0.5252525252525253,Implement / Fight
3.933333333333333,0.5353535353535354,Implement / Fight
3.933333333333333,0.5454545454545455,Implement / Fight
3.933333333333333,0.5555555555555556,Implement / Fight
3.933333333333333,0.5656565656565657,Implement / Fight
3.933333333333333,0.5757575757575758,Implement / Fight
3.933333333333333,0.5858585858585859,Implement / Fight
3.933333333333333,0.595959595959596,Implement / Fight
3.933333333333333,0.6060606060606061,Implement / Fight
3.933333333333333,0.6161616161616162,Implement / Fight
3.933333333333333,0.6262626262626263,Implement / Fight
3.933333333333333,0.6363636363636365,Implement / Fight
3.933333333333333,0.6464646464646465,Implement / Fight
3.933333333333333,0.6565656565656566,Implement / Fight
3.933333333333333,0.6666666666666667,Implement / Fight
3.933333333333333,0.6767676767676768,Implement / Fight
3.933333333333333,0.686868686868687,Implement / Fight
3.933333333333333,0.696969696969697,Implement / Fight
3.933333333333333,0.7070707070707072,Implement / Fight
3.933333333333333,0.7171717171717172,Implement / Fight
3.933333333333333,0.7272727272727273,Implement / Fight
3.933333333333333,0.7373737373737375,Implement / Fight
3.933333333333333,0.7474747474747475,Implement / Fight
3.933333333333333,0.7575757575757577,Implement / Fight
3.933333333333333,0.7676767676767677,Implement / Fight
3.933333333333333,0.7777777777777778,Implement / Fight
3.933333333333333,0.787878787878788,Implement / Fight
3.933333333333333,0.797979797979798,Implement / Fight
3.933333333333333,0.8080808080808082,Implement / Fight
3.933333333333333,0.8181818181818182,Implement / Fight
3.933333333333333,0.8282828282828284,Implement / Fight
3.933333333333333,0.8383838383838385,Implement / Fight
3.933333333333333,0.8484848484848485,Implement / Fight
3.933333333333333,0.8585858585858587,Implement / Fight
3.933333333333333,0.8686868686868687,Implement / Fight
3.933333333333333,0.8787878787878789,Implement / Fight
3.933333333333333,0.888888888888889,Implement / Fight
3.933333333333333,0.8989898989898991,Implement / Fight
3.933333333333333,0.9090909090909092,Implement / Fight
3.933333333333333,0.9191919191919192,Implement / Fight
3.933333333333333,0.9292929292929294,Implement / Fight
3.933333333333333,0.9393939393939394,Implement / Fight
3.933333333333333,0.9494949494949496,Implement / Fight
3.933333333333333,0.9595959595959597,Implement / Fight
3.933333333333333,0.9696969696969697,Implement / Fight
3.933333333333333,0.9797979797979799,Implement / Fight
3.933333333333333,0.98989898989899,Implement / Fight
3.933333333333333,1.0,Implement / Fight
4.0,0.0,Absence of Pure Equilibrium
4.0,0.010101010101010102,Absence of Pure Equilibrium
4.0,0.020202020202020204,Absence of Pure Equilibrium
4.0,0.030303030303030304,Implement / Fight
4.0,0.04040404040404041,Implement / Fight
4.0,0.05050505050505051,Implement / Fight
4.0,0.06060606060606061,Implement / Fight
4.0,0.07070707070707072,Implement / Fight
4.0,0.08080808080808081,Implement / Fight
4.0,0.09090909090909091,Implement / Fight
4.0,0.10101010101010102,Implement / Fight
4.0,0.11111111111111112,Implement / Fight
4.0,0.12121212121212122,Implement / Fight
4.0,0.13131313131313133,Implement / Fight
4.0,0.14141414141414144,Implement / Fight
4.0,0.15151515151515152,Implement / Fight
4.0,0.16161616161616163,Implement / Fight
4.0,0.17171717171717174,Implement / Fight
4.0,0.18181818181818182,Implement / Fight
4.0,0.19191919191919193,Implement / Fight
4.0,0.20202020202020204,Implement / Fight
4.0,0.21212121212121213,Implement / Fight
4.0,0.22222222222222224,Implement / Fight
4.0,0.23232323232323235,Implement / Fight
4.0,0.24242424242424243,Implement / Fight
4.0,0.25252525252525254,Implement / Fight
4.0,0.26262626262626265,Implement / Fight
4.0,0.27272727272727276,Implement / Fight
4.0,0.2828282828282829,Implement / Fight
4.0,0.29292929292929293,Implement / Fight
4.0,0.30303030303030304,Implement / Fight
4.0,0.31313131313131315,Implement / Fight
4.0,0.32323232323232326,Implement / Fight
4.0,0.33333333333333337,Implement / Fight
4.0,0.3434343434343435,Implement / Fight
4.0,0.3535353535353536,Implement / Fight
4.0,0.36363636363636365,Implement / Fight
4.0,0.37373737373737376,Implement / Fight
4.0,0.38383838383838387,Implement / Fight
4.0,0.393939393939394,Implement / Fight
4.0,0.4040404040404041,Implement / Fight
4.0,0.4141414141414142,Implement / Fight
4.0,0.42424242424242425,Implement / Fight
4.0,0.43434343434343436,Implement / Fight
4.0,0.4444444444444445,Implement / Fight
4.0,0.4545454545454546,Implement / Fight
4.0,0.4646464646464647,Implement / Fight
4.0,0.4747474747474748,Implement / Fight
4.0,0.48484848484848486,Implement / Fight
4.0,0.494949494949495,Implement / Fight
4.0,0.5050505050505051,Implement / Fight
4.0,0.5151515151515152,Implement / Fight
4.0,0.5252525252525253,Implement / Fight
4.0,0.5353535353535354,Implement / Fight
4.0,0.5454545454545455,Implement / Fight
4.0,0.5555555555555556,Implement / Fight
4.0,0.5656565656565657,Implement / Fight
4.0,0.5757575757575758,Implement / Fight
4.0,0.5858585858585859,Implement / Fight
4.0,0.595959595959596,Implement / Fight
4.0,0.6060606060606061,Implement / Fight
4.0,0.6161616161616162,Implement / Fight
4.0,0.6262626262626263,Implement / Fight
4.0,0.6363636363636365,Implement / Fight
4.0,0.6464646464646465,Implement / Fight
4.0,0.6565656565656566,Implement / Fight
4.0,0.6666666666666667,Implement / Fight
4.0,0.6767676767676768,Implement / Fight
4.0,0.686868686868687,Implement / Fight
4.0,0.696969696969697,Implement / Fight
4.0,0.7070707070707072,Implement / Fight
4.0,0.7171717171717172,Implement / Fight
4.0,0.7272727272727273,Implement / Fight
4.0,0.7373737373737375,Implement / Fight
4.0,0.7474747474747475,Implement / Fight
4.0,0.7575757575757577,Implement / Fight
4.0,0.7676767676767677,Implement / Fight
4.0,0.7777777777777778,Implement / Fight
4.0,0.787878787878788,Implement / Fight
4.0,0.797979797979798,Implement / Fight
4.0,0.8080808080808082,Implement / Fight
4.0,0.8181818181818182,Implement / Fight
4.0,0.8282828282828284,Implement / Fight
4.0,0.8383838383838385,Implement / Fight
4.0,0.8484848484848485,Implement / Fight
4.0,0.8585858585858587,Implement / Fight
4.0,0.8686868686868687,Implement / Fight
4.0,0.8787878787878789,Implement / Fight
4.0,0.888888888888889,Implement / Fight
4.0,0.8989898989898991,Implement / Fight
4.0,0.9090909090909092,Implement / Fight
4.0,0.9191919191919192,Implement / Fight
4.0,0.9292929292929294,Implement / Fight
4.0,0.9393939393939394,Implement / Fight
4.0,0.9494949494949496,Implement / Fight
4.0,0.9595959595959597,Implement / Fight
4.0,0.9696969696969697,Implement / Fight
4.0,0.9797979797979799,Implement / Fight
4.0,0.98989898989899,Implement / Fight
4.0,1.0,Implement / Fight
4.066666666666666,0.0,Absence of Pure Equilibrium
4.066666666666666,0.010101010101010102,Absence of Pure Equilibrium
4.066666666666666,0.020202020202020204,Absence of Pure Equilibrium
4.066666666666666,0.030303030303030304,Implement / Fight
4.066666666666666,0.04040404040404041,Implement / Fight
4.066666666666666,0.05050505050505051,Implement / Fight
4.066666666666666,0.06060606060606061,Implement / Fight
4.066666666666666,0.07070707070707072,Implement / Fight
4.066666666666666,0.08080808080808081,Implement / Fight
4.066666666666666,0.09090909090909091,Implement / Fight
4.066666666666666,0.10101010101010102,Implement / Fight
4.066666666666666,0.11111111111111112,Implement / Fight
4.066666666666666,0.12121212121212122,Implement / Fight
4.066666666666666,0.13131313131313133,Implement / Fight
4.066666666666666,0.14141414141414144,Implement / Fight
4.066666666666666,0.15151515151515152,Implement / Fight
4.066666666666666,0.16161616161616163,Implement / Fight
4.066666666666666,0.17171717171717174,Implement / Fight
4.066666666666666,0.18181818181818182,Implement / Fight
4.066666666666666,0.19191919191919193,Implement / Fight
4.066666666666666,0.20202020202020204,Implement / Fight
4.066666666666666,0.21212121212121213,Implement / Fight
4.066666666666666,0.22222222222222224,Implement / Fight
4.066666666666666,0.23232323232323235,Implement / Fight
4.066666666666666,0.24242424242424243,Implement / Fight
4.066666666666666,0.25252525252525254,Implement / Fight
4.066666666666666,0.26262626262626265,Implement / Fight
4.066666666666666,0.27272727272727276,Implement / Fight
4.066666666666666,0.2828282828282829,Implement / Fight
4.066666666666666,0.29292929292929293,Implement / Fight
4.066666666666666,0.30303030303030304,Implement / Fight
4.066666666666666,0.31313131313131315,Implement / Fight
4.066666666666666,0.32323232323232326,Implement / Fight
4.066666666666666,0.33333333333333337,Implement / Fight
4.066666666666666,0.3434343434343435,Implement / Fight
4.066666666666666,0.3535353535353536,Implement / Fight
4.066666666666666,0.36363636363636365,Implement / Fight
4.066666666666666,0.37373737373737376,Implement / Fight
4.066666666666666,0.38383838383838387,Implement / Fight
4.066666666666666,0.393939393939394,Implement / Fight
4.066666666666666,0.4040404040404041,Implement / Fight
4.066666666666666,0.4141414141414142,Implement / Fight
4.066666666666666,0.42424242424242425,Implement / Fight
4.066666666666666,0.43434343434343436,Implement / Fight
4.066666666666666,0.4444444444444445,Implement / Fight
4.066666666666666,0.4545454545454546,Implement / Fight
4.066666666666666,0.4646464646464647,Implement / Fight
4.066666666666666,0.4747474747474748,Implement / Fight
4.066666666666666,0.48484848484848486,Implement / Fight
4.066666666666666,0.494949494949495,Implement / Fight
4.066666666666666,0.5050505050505051,Implement / Fight
4.066666666666666,0.5151515151515152,Implement / Fight
4.066666666666666,0.5252525252525253,Implement / Fight
4.066666666666666,0.5353535353535354,Implement / Fight
4.066666666666666,0.5454545454545455,Implement / Fight
4.066666666666666,0.5555555555555556,Implement / Fight
4.066666666666666,0.5656565656565657,Implement / Fight
4.066666666666666,0.5757575757575758,Implement / Fight
4.066666666666666,0.5858585858585859,Implement / Fight
4.066666666666666,0.595959595959596,Implement / Fight
4.066666666666666,0.6060606060606061,Implement / Fight
4.066666666666666,0.6161616161616162,Implement / Fight
4.066666666666666,0.6262626262626263,Implement / Fight
4.066666666666666,0.6363636363636365,Implement / Fight
4.066666666666666,0.6464646464646465,Implement / Fight
4.066666666666666,0.6565656565656566,Implement / Fight
4.066666666666666,0.6666666666666667,Implement / Fight
4.066666666666666,0.6767676767676768,Implement / Fight
4.066666666666666,0.686868686868687,Implement / Fight
4.066666666666666,0.696969696969697,Implement / Fight
4.066666666666666,0.7070707070707072,Implement / Fight
4.066666666666666,0.7171717171717172,Implement / Fight
4.066666666666666,0.7272727272727273,Implement / Fight
4.066666666666666,0.7373737373737375,Implement / Fight
4.066666666666666,0.7474747474747475,Implement / Fight
4.066666666666666,0.7575757575757577,Implement / Fight
4.066666666666666,0.7676767676767677,Implement / Fight
4.066666666666666,0.7777777777777778,Implement / Fight
4.066666666666666,0.787878787878788,Implement / Fight
4.066666666666666,0.797979797979798,Implement / Fight
4.066666666666666,0.8080808080808082,Implement / Fight
4.066666666666666,0.8181818181818182,Implement / Fight
4.066666666666666,0.8282828282828284,Implement / Fight
4.066666666666666,0.8383838383838385,Implement / Fight
4.066666666666666,0.8484848484848485,Implement / Fight
4.066666666666666,0.8585858585858587,Implement / Fight
4.066666666666666,0.8686868686868687,Implement / Fight
4.066666666666666,0.8787878787878789,Implement / Fight
4.066666666666666,0.888888888888889,Implement / Fight
4.066666666666666,0.8989898989898991,Implement / Fight
4.066666666666666,0.9090909090909092,Implement / Fight
4.066666666666666,0.9191919191919192,Implement / Fight
4.066666666666666,0.9292929292929294,Implement / Fight
4.066666666666666,0.9393939393939394,Implement / Fight
4.066666666666666,0.9494949494949496,Implement / Fight
4.066666666666666,0.9595959595959597,Implement / Fight
4.066666666666666,0.9696969696969697,Implement / Fight
4.066666666666666,0.9797979797979799,Implement / Fight
4.066666666666666,0.98989898989899,Implement / Fight
4.066666666666666,1.0,Implement / Fight
4.133333333333333,0.0,Absence of Pure Equilibrium
4.133333333333333,0.010101010101010102,Absence of Pure Equilibrium
4.133333333333333,0.020202020202020204,Absence of Pure Equilibrium
4.133333333333333,0.030303030303030304,Implement / Fight
4.133333333333333,0.04040404040404041,Implement / Fight
4.133333333333333,0.05050505050505051,Implement / Fight
4.133333333333333,0.06060606060606061,Implement / Fight
4.133333333333333,0.07070707070707072,Implement / Fight
4.133333333333333,0.08080808080808081,Implement / Fight
4.133333333333333,0.09090909090909091,Implement / Fight
4.133333333333333,0.10101010101010102,Implement / Fight
4.133333333333333,0.11111111111111112,Implement / Fight
4.133333333333333,0.12121212121212122,Implement / Fight
4.133333333333333,0.13131313131313133,Implement / Fight
4.133333333333333,0.14141414141414144,Implement / Fight
4.133333333333333,0.15151515151515152,Implement / Fight
4.133333333333333,0.16161616161616163,Implement / Fight
4.133333333333333,0.17171717171717174,Implement / Fight
4.133333333333333,0.18181818181818182,Implement / Fight
4.133333333333333,0.19191919191919193,Implement / Fight
4.133333333333333,0.20202020202020204,Implement / Fight
4.133333333333333,0.21212121212121213,Implement / Fight
4.133333333333333,0.22222222222222224,Implement / Fight
4.133333333333333,0.23232323232323235,Implement / Fight
4.133333333333333,0.24242424242424243,Implement / Fight
4.133333333333333,0.25252525252525254,Implement / Fight
4.133333333333333,0.26262626262626265,Implement / Fight
4.133333333333333,0.27272727272727276,Implement / Fight
4.133333333333333,0.2828282828282829,Implement / Fight
4.133333333333333,0.29292929292929293,Implement / Fight
4.133333333333333,0.30303030303030304,Implement / Fight
4.133333333333333,0.31313131313131315,Implement / Fight
4.133333333333333,0.32323232323232326,Implement / Fight
4.133333333333333,0.33333333333333337,Implement / Fight
4.133333333333333,0.3434343434343435,Implement / Fight
4.133333333333333,0.3535353535353536,Implement / Fight
4.133333333333333,0.36363636363636365,Implement / Fight
4.133333333333333,0.37373737373737376,Implement / Fight
4.133333333333333,0.38383838383838387,Implement / Fight
4.133333333333333,0.393939393939394,Implement / Fight
4.133333333333333,0.4040404040404041,Implement / Fight
4.133333333333333,0.4141414141414142,Implement / Fight
4.133333333333333,0.42424242424242425,Implement / Fight
4.133333333333333,0.43434343434343436,Implement / Fight
4.133333333333333,0.4444444444444445,Implement / Fight
4.133333333333333,0.4545454545454546,Implement / Fight
4.133333333333333,0.4646464646464647,Implement / Fight
4.133333333333333,0.4747474747474748,Implement / Fight
4.133333333333333,0.48484848484848486,Implement / Fight
4.133333333333333,0.494949494949495,Implement / Fight
4.133333333333333,0.5050505050505051,Implement / Fight
4.133333333333333,0.5151515151515152,Implement / Fight
4.133333333333333,0.5252525252525253,Implement / Fight
4.133333333333333,0.5353535353535354,Implement / Fight
4.133333333333333,0.5454545454545455,Implement / Fight
4.133333333333333,0.5555555555555556,Implement / Fight
4.133333333333333,0.5656565656565657,Implement / Fight
4.133333333333333,0.5757575757575758,Implement / Fight
4.133333333333333,0.5858585858585859,Implement / Fight
4.133333333333333,0.595959595959596,Implement / Fight
4.133333333333333,0.6060606060606061,Implement / Fight
4.133333333333333,0.6161616161616162,Implement / Fight
4.133333333333333,0.6262626262626263,Implement / Fight
4.133333333333333,0.6363636363636365,Implement / Fight
4.133333333333333,0.6464646464646465,Implement / Fight
4.133333333333333,0.6565656565656566,Implement / Fight
4.133333333333333,0.6666666666666667,Implement / Fight
4.133333333333333,0.6767676767676768,Implement / Fight
4.133333333333333,0.686868686868687,Implement / Fight
4.133333333333333,0.696969696969697,Implement / Fight
4.133333333333333,0.7070707070707072,Implement / Fight
4.133333333333333,0.7171717171717172,Implement / Fight
4.133333333333333,0.7272727272727273,Implement / Fight
4.133333333333333,0.7373737373737375,Implement / Fight
4.133333333333333,0.7474747474747475,Implement / Fight
4.133333333333333,0.7575757575757577,Implement / Fight
4.133333333333333,0.7676767676767677,Implement / Fight
4.133333333333333,0.7777777777777778,Implement / Fight
4.133333333333333,0.787878787878788,Implement / Fight
4.133333333333333,0.797979797979798,Implement / Fight
4.133333333333333,0.8080808080808082,Implement / Fight
4.133333333333333,0.8181818181818182,Implement / Fight
4.133333333333333,0.8282828282828284,Implement / Fight
4.133333333333333,0.8383838383838385,Implement / Fight
4.133333333333333,0.8484848484848485,Implement / Fight
4.133333333333333,0.8585858585858587,Implement / Fight
4.133333333333333,0.8686868686868687,Implement / Fight
4.133333333333333,0.8787878787878789,Implement / Fight
4.133333333333333,0.888888888888889,Implement / Fight
4.133333333333333,0.8989898989898991,Implement / Fight
4.133333333333333,0.9090909090909092,Implement / Fight
4.133333333333333,0.9191919191919192,Implement / Fight
4.133333333333333,0.9292929292929294,Implement / Fight
4.133333333333333,0.9393939393939394,Implement / Fight
4.133333333333333,0.9494949494949496,Implement / Fight
4.133333333333333,0.9595959595959597,Implement / Fight
4.133333333333333,0.9696969696969697,Implement / Fight
4.133333333333333,0.9797979797979799,Implement / Fight
4.133333333333333,0.98989898989899,Implement / Fight
4.133333333333333,1.0,Implement / Fight
4.2,0.0,Absence of Pure Equilibrium
4.2,0.010101010101010102,Absence of Pure Equilibrium
4.2,0.020202020202020204,Absence of Pure Equilibrium
4.2,0.030303030303030304,Implement / Fight
4.2,0.04040404040404041,Implement / Fight
4.2,0.05050505050505051,Implement / Fight
4.2,0.06060606060606061,Implement / Fight
4.2,0.07070707070707072,Implement / Fight
4.2,0.08080808080808081,Implement / Fight
4.2,0.09090909090909091,Implement / Fight
4.2,0.10101010101010102,Implement / Fight
4.2,0.11111111111111112,Implement / Fight
4.2,0.12121212121212122,Implement / Fight
4.2,0.13131313131313133,Implement / Fight
4.2,0.14141414141414144,Implement / Fight
4.2,0.15151515151515152,Implement / Fight
4.2,0.16161616161616163,Implement / Fight
4.2,0.17171717171717174,Implement / Fight
4.2,0.18181818181818182,Implement / Fight
4.2,0.19191919191919193,Implement / Fight
4.2,0.20202020202020204,Implement / Fight
4.2,0.21212121212121213,Implement / Fight
4.2,0.22222222222222224,Implement / Fight
4.2,0.23232323232323235,Implement / Fight
4.2,0.24242424242424243,Implement / Fight
4.2,0.25252525252525254,Implement / Fight
4.2,0.26262626262626265,Implement / Fight
4.2,0.27272727272727276,Implement / Fight
4.2,0.2828282828282829,Implement / Fight
4.2,0.29292929292929293,Implement / Fight
4.2,0.30303030303030304,Implement / Fight
4.2,0.31313131313131315,Implement / Fight
4.2,0.32323232323232326,Implement / Fight
4.2,0.33333333333333337,Implement / Fight
4.2,0.3434343434343435,Implement / Fight
4.2,0.3535353535353536,Implement / Fight
4.2,0.36363636363636365,Implement / Fight
4.2,0.37373737373737376,Implement / Fight
4.2,0.38383838383838387,Implement / Fight
4.2,0.393939393939394,Implement / Fight
4.2,0.4040404040404041,Implement / Fight
4.2,0.4141414141414142,Implement / Fight
4.2,0.42424242424242425,Implement / Fight
4.2,0.43434343434343436,Implement / Fight
4.2,0.4444444444444445,Implement / Fight
4.2,0.4545454545454546,Implement / Fight
4.2,0.4646464646464647,Implement / Fight
4.2,0.4747474747474748,Implement / Fight
4.2,0.48484848484848486,Implement / Fight
4.2,0.494949494949495,Implement / Fight
4.2,0.5050505050505051,Implement / Fight
4.2,0.5151515151515152,Implement / Fight
4.2,0.5252525252525253,Implement / Fight
4.2,0.5353535353535354,Implement / Fight
4.2,0.5454545454545455,Implement / Fight
4.2,0.5555555555555556,Implement / Fight
4.2,0.5656565656565657,Implement / Fight
4.2,0.5757575757575758,Implement / Fight
4.2,0.5858585858585859,Implement / Fight
4.2,0.595959595959596,Implement / Fight
4.2,0.6060606060606061,Implement / Fight
4.2,0.6161616161616162,Implement / Fight
4.2,0.6262626262626263,Implement / Fight
4.2,0.6363636363636365,Implement / Fight
4.2,0.6464646464646465,Implement / Fight
4.2,0.6565656565656566,Implement / Fight
4.2,0.6666666666666667,Implement / Fight
4.2,0.6767676767676768,Implement / Fight
4.2,0.686868686868687,Implement / Fight
4.2,0.696969696969697,Implement / Fight
4.2,0.7070707070707072,Implement / Fight
4.2,0.7171717171717172,Implement / Fight
4.2,0.7272727272727273,Implement / Fight
4.2,0.7373737373737375,Implement / Fight
4.2,0.7474747474747475,Implement / Fight
4.2,0.7575757575757577,Implement / Fight
4.2,0.7676767676767677,Implement / Fight
4.2,0.7777777777777778,Implement / Fight
4.2,0.787878787878788,Implement / Fight
4.2,0.797979797979798,Implement / Fight
4.2,0.8080808080808082,Implement / Fight
4.2,0.8181818181818182,Implement / Fight
4.2,0.8282828282828284,Implement / Fight
4.2,0.8383838383838385,Implement / Fight
4.2,0.8484848484848485,Implement / Fight
4.2,0.8585858585858587,Implement / Fight
4.2,0.8686868686868687,Implement / Fight
4.2,0.8787878787878789,Implement / Fight
4.2,0.888888888888889,Implement / Fight
4.2,0.8989898989898991,Implement / Fight
4.2,0.9090909090909092,Implement / Fight
4.2,0.9191919191919192,Implement / Fight
4.2,0.9292929292929294,Implement / Fight
4.2,0.9393939393939394,Implement / Fight
4.2,0.9494949494949496,Implement / Fight
4.2,0.9595959595959597,Implement / Fight
4.2,0.9696969696969697,Implement / Fight
4.2,0.9797979797979799,Implement / Fight
4.2,0.98989898989899,Implement / Fight
4.2,1.0,Implement / Fight
4.266666666666667,0.0,Absence of Pure Equilibrium
4.266666666666667,0.010101010101010102,Absence of Pure Equilibrium
4.266666666666667,0.020202020202020204,Absence of Pure Equilibrium
4.266666666666667,0.030303030303030304,Implement / Fight
4.266666666666667,0.04040404040404041,Implement / Fight
4.266666666666667,0.05050505050505051,Implement / Fight
4.266666666666667,0.06060606060606061,Implement / Fight
4.266666666666667,0.07070707070707072,Implement / Fight
4.266666666666667,0.08080808080808081,Implement / Fight
4.266666666666667,0.09090909090909091,Implement / Fight
4.266666666666667,0.10101010101010102,Implement / Fight
4.266666666666667,0.11111111111111112,Implement / Fight
4.266666666666667,0.12121212121212122,Implement / Fight
4.266666666666667,0.13131313131313133,Implement / Fight
4.266666666666667,0.14141414141414144,Implement / Fight
4.266666666666667,0.15151515151515152,Implement / Fight
4.266666666666667,0.16161616161616163,Implement / Fight
4.266666666666667,0.17171717171717174,Implement / Fight
4.266666666666667,0.18181818181818182,Implement / Fight
4.266666666666667,0.19191919191919193,Implement / Fight
4.266666666666667,0.20202020202020204,Implement / Fight
4.266666666666667,0.21212121212121213,Implement / Fight
4.266666666666667,0.22222222222222224,Implement / Fight
4.266666666666667,0.23232323232323235,Implement / Fight
4.266666666666667,0.24242424242424243,Implement / Fight
4.266666666666667,0.25252525252525254,Implement / Fight
4.266666666666667,0.26262626262626265,Implement / Fight
4.266666666666667,0.27272727272727276,Implement / Fight
4.266666666666667,0.2828282828282829,Implement / Fight
4.266666666666667,0.29292929292929293,Implement / Fight
4.266666666666667,0.30303030303030304,Implement / Fight
4.266666666666667,0.31313131313131315,Implement / Fight
4.266666666666667,0.32323232323232326,Implement / Fight
4.266666666666667,0.33333333333333337,Implement / Fight
4.266666666666667,0.3434343434343435,Implement / Fight
4.266666666666667,0.3535353535353536,Implement / Fight
4.266666666666667,0.36363636363636365,Implement / Fight
4.266666666666667,0.37373737373737376,Implement / Fight
4.266666666666667,0.38383838383838387,Implement / Fight
4.266666666666667,0.393939393939394,Implement / Fight
4.266666666666667,0.4040404040404041,Implement / Fight
4.266666666666667,0.4141414141414142,Implement / Fight
4.266666666666667,0.42424242424242425,Implement / Fight
4.266666666666667,0.43434343434343436,Implement / Fight
4.266666666666667,0.4444444444444445,Implement / Fight
4.266666666666667,0.4545454545454546,Implement / Fight
4.266666666666667,0.4646464646464647,Implement / Fight
4.266666666666667,0.4747474747474748,Implement / Fight
4.266666666666667,0.48484848484848486,Implement / Fight
4.266666666666667,0.494949494949495,Implement / Fight
4.266666666666667,0.5050505050505051,Implement / Fight
4.266666666666667,0.5151515151515152,Implement / Fight
4.266666666666667,0.5252525252525253,Implement / Fight
4.266666666666667,0.5353535353535354,Implement / Fight
4.266666666666667,0.5454545454545455,Implement / Fight
4.266666666666667,0.5555555555555556,Implement / Fight
4.266666666666667,0.5656565656565657,Implement / Fight
4.266666666666667,0.5757575757575758,Implement / Fight
4.266666666666667,0.5858585858585859,Implement / Fight
4.266666666666667,0.595959595959596,Implement / Fight
4.266666666666667,0.6060606060606061,Implement / Fight
4.266666666666667,0.6161616161616162,Implement / Fight
4.266666666666667,0.6262626262626263,Implement / Fight
4.266666666666667,0.6363636363636365,Implement / Fight
4.266666666666667,0.6464646464646465,Implement / Fight
4.266666666666667,0.6565656565656566,Implement / Fight
4.266666666666667,0.6666666666666667,Implement / Fight
4.266666666666667,0.6767676767676768,Implement / Fight
4.266666666666667,0.686868686868687,Implement / Fight
4.266666666666667,0.696969696969697,Implement / Fight
4.266666666666667,0.7070707070707072,Implement / Fight
4.266666666666667,0.7171717171717172,Implement / Fight
4.266666666666667,0.7272727272727273,Implement / Fight
4.266666666666667,0.7373737373737375,Implement / Fight
4.266666666666667,0.7474747474747475,Implement / Fight
4.266666666666667,0.7575757575757577,Implement / Fight
4.266666666666667,0.7676767676767677,Implement / Fight
4.266666666666667,0.7777777777777778,Implement / Fight
4.266666666666667,0.787878787878788,Implement / Fight
4.266666666666667,0.797979797979798,Implement / Fight
4.266666666666667,0.8080808080808082,Implement / Fight
4.266666666666667,0.8181818181818182,Implement / Fight
4.266666666666667,0.8282828282828284,Implement / Fight
4.266666666666667,0.8383838383838385,Implement / Fight
4.266666666666667,0.8484848484848485,Implement / Fight
4.266666666666667,0.8585858585858587,Implement / Fight
4.266666666666667,0.8686868686868687,Implement / Fight
4.266666666666667,0.8787878787878789,Implement / Fight
4.266666666666667,0.888888888888889,Implement / Fight
4.266666666666667,0.8989898989898991,Implement / Fight
4.266666666666667,0.9090909090909092,Implement / Fight
4.266666666666667,0.9191919191919192,Implement / Fight
4.266666666666667,0.9292929292929294,Implement / Fight
4.266666666666667,0.9393939393939394,Implement / Fight
4.266666666666667,0.9494949494949496,Implement / Fight
4.266666666666667,0.9595959595959597,Implement / Fight
4.266666666666667,0.9696969696969697,Implement / Fight
4.266666666666667,0.9797979797979799,Implement / Fight
4.266666666666667,0.98989898989899,Implement / Fight
4.266666666666667,1.0,Implement / Fight
4.333333333333333,0.0,Absence of Pure Equilibrium
4.333333333333333,0.010101010101010102,Absence of Pure Equilibrium
4.333333333333333,0.020202020202020204,Absence of Pure Equilibrium
4.333333333333333,0.030303030303030304,Implement / Fight
4.333333333333333,0.04040404040404041,Implement / Fight
4.333333333333333,0.05050505050505051,Implement / Fight
4.333333333333333,0.06060606060606061,Implement / Fight
4.333333333333333,0.07070707070707072,Implement / Fight
4.333333333333333,0.08080808080808081,Implement / Fight
4.333333333333333,0.09090909090909091,Implement / Fight
4.333333333333333,0.10101010101010102,Implement / Fight
4.333333333333333,0.11111111111111112,Implement / Fight
4.333333333333333,0.12121212121212122,Implement / Fight
4.333333333333333,0.13131313131313133,Implement / Fight
4.333333333333333,0.14141414141414144,Implement / Fight
4.333333333333333,0.15151515151515152,Implement / Fight
4.333333333333333,0.16161616161616163,Implement / Fight
4.333333333333333,0.17171717171717174,Implement / Fight
4.333333333333333,0.18181818181818182,Implement / Fight
4.333333333333333,0.19191919191919193,Implement / Fight
4.333333333333333,0.20202020202020204,Implement / Fight
4.333333333333333,0.21212121212121213,Implement / Fight
4.333333333333333,0.22222222222222224,Implement / Fight
4.333333333333333,0.23232323232323235,Implement / Fight
4.333333333333333,0.24242424242424243,Implement / Fight
4.333333333333333,0.25252525252525254,Implement / Fight
4.333333333333333,0.26262626262626265,Implement / Fight
4.333333333333333,0.27272727272727276,Implement / Fight
4.333333333333333,0.2828282828282829,Implement / Fight
4.333333333333333,0.29292929292929293,Implement / Fight
4.333333333333333,0.30303030303030304,Implement / Fight
4.333333333333333,0.31313131313131315,Implement / Fight
4.333333333333333,0.32323232323232326,Implement / Fight
4.333333333333333,0.33333333333333337,Implement / Fight
4.333333333333333,0.3434343434343435,Implement / Fight
4.333333333333333,0.3535353535353536,Implement / Fight
4.333333333333333,0.36363636363636365,Implement / Fight
4.333333333333333,0.37373737373737376,Implement / Fight
4.333333333333333,0.38383838383838387,Implement / Fight
4.333333333333333,0.393939393939394,Implement / Fight
4.333333333333333,0.4040404040404041,Implement / Fight
4.333333333333333,0.4141414141414142,Implement / Fight
4.333333333333333,0.42424242424242425,Implement / Fight
4.333333333333333,0.43434343434343436,Implement / Fight
4.333333333333333,0.4444444444444445,Implement / Fight
4.333333333333333,0.4545454545454546,Implement / Fight
4.333333333333333,0.4646464646464647,Implement / Fight
4.333333333333333,0.4747474747474748,Implement / Fight
4.333333333333333,0.48484848484848486,Implement / Fight
4.333333333333333,0.494949494949495,Implement / Fight
4.333333333333333,0.5050505050505051,Implement / Fight
4.333333333333333,0.5151515151515152,Implement / Fight
4.333333333333333,0.5252525252525253,Implement / Fight
4.333333333333333,0.5353535353535354,Implement / Fight
4.333333333333333,0.5454545454545455,Implement / Fight
4.333333333333333,0.5555555555555556,Implement / Fight
4.333333333333333,0.5656565656565657,Implement / Fight
4.333333333333333,0.5757575757575758,Implement / Fight
4.333333333333333,0.5858585858585859,Implement / Fight
4.333333333333333,0.595959595959596,Implement / Fight
4.333333333333333,0.6060606060606061,Implement / Fight
4.333333333333333,0.6161616161616162,Implement / Fight
4.333333333333333,0.6262626262626263,Implement / Fight
4.333333333333333,0.6363636363636365,Implement / Fight
4.333333333333333,0.6464646464646465,Implement / Fight
4.333333333333333,0.6565656565656566,Implement / Fight
4.333333333333333,0.6666666666666667,Implement / Fight
4.333333333333333,0.6767676767676768,Implement / Fight
4.333333333333333,0.686868686868687,Implement / Fight
4.333333333333333,0.696969696969697,Implement / Fight
4.333333333333333,0.7070707070707072,Implement / Fight
4.333333333333333,0.7171717171717172,Implement / Fight
4.333333333333333,0.7272727272727273,Implement / Fight
4.333333333333333,0.7373737373737375,Implement / Fight
4.333333333333333,0.7474747474747475,Implement / Fight
4.333333333333333,0.7575757575757577,Implement / Fight
4.333333333333333,0.7676767676767677,Implement / Fight
4.333333333333333,0.7777777777777778,Implement / Fight
4.333333333333333,0.787878787878788,Implement / Fight
4.333333333333333,0.797979797979798,Implement / Fight
4.333333333333333,0.8080808080808082,Implement / Fight
4.333333333333333,0.8181818181818182,Implement / Fight
4.333333333333333,0.8282828282828284,Implement / Fight
4.333333333333333,0.8383838383838385,Implement / Fight
4.333333333333333,0.8484848484848485,Implement / Fight
4.333333333333333,0.8585858585858587,Implement / Fight
4.333333333333333,0.8686868686868687,Implement / Fight
4.333333333333333,0.8787878787878789,Implement / Fight
4.333333333333333,0.888888888888889,Implement / Fight
4.333333333333333,0.8989898989898991,Implement / Fight
4.333333333333333,0.9090909090909092,Implement / Fight
4.333333333333333,0.9191919191919192,Implement / Fight
4.333333333333333,0.9292929292929294,Implement / Fight
4.333333333333333,0.9393939393939394,Implement / Fight
4.333333333333333,0.9494949494949496,Implement / Fight
4.333333333333333,0.9595959595959597,Implement / Fight
4.333333333333333,0.9696969696969697,Implement / Fight
4.333333333333333,0.9797979797979799,Implement / Fight
4.333333333333333,0.98989898989899,Implement / Fight
4.333333333333333,1.0,Implement / Fight
4.4,0.0,Absence of Pure Equilibrium
4.4,0.010101010101010102,Absence of Pure Equilibrium
4.4,0.020202020202020204,Absence of Pure Equilibrium
4.4,0.030303030303030304,Implement / Fight
4.4,0.04040404040404041,Implement / Fight
4.4,0.05050505050505051,Implement / Fight
4.4,0.06060606060606061,Implement / Fight
4.4,0.07070707070707072,Implement / Fight
4.4,0.08080808080808081,Implement / Fight
4.4,0.09090909090909091,Implement / Fight
4.4,0.10101010101010102,Implement / Fight
4.4,0.11111111111111112,Implement / Fight
4.4,0.12121212121212122,Implement / Fight
4.4,0.13131313131313133,Implement / Fight
4.4,0.14141414141414144,Implement / Fight
4.4,0.15151515151515152,Implement / Fight
4.4,0.16161616161616163,Implement / Fight
4.4,0.17171717171717174,Implement / Fight
4.4,0.18181818181818182,Implement / Fight
4.4,0.19191919191919193,Implement / Fight
4.4,0.20202020202020204,Implement / Fight
4.4,0.21212121212121213,Implement / Fight
4.4,0.22222222222222224,Implement / Fight
4.4,0.23232323232323235,Implement / Fight
4.4,0.24242424242424243,Implement / Fight
4.4,0.25252525252525254,Implement / Fight
4.4,0.26262626262626265,Implement / Fight
4.4,0.27272727272727276,Implement / Fight
4.4,0.2828282828282829,Implement / Fight
4.4,0.29292929292929293,Implement / Fight
4.4,0.30303030303030304,Implement / Fight
4.4,0.31313131313131315,Implement / Fight
4.4,0.32323232323232326,Implement / Fight
4.4,0.33333333333333337,Implement / Fight
4.4,0.3434343434343435,Implement / Fight
4.4,0.3535353535353536,Implement / Fight
4.4,0.36363636363636365,Implement / Fight
4.4,0.37373737373737376,Implement / Fight
4.4,0.38383838383838387,Implement / Fight
4.4,0.393939393939394,Implement / Fight
4.4,0.4040404040404041,Implement / Fight
4.4,0.4141414141414142,Implement / Fight
4.4,0.42424242424242425,Implement / Fight
4.4,0.43434343434343436,Implement / Fight
4.4,0.4444444444444445,Implement / Fight
4.4,0.4545454545454546,Implement / Fight
4.4,0.4646464646464647,Implement / Fight
4.4,0.4747474747474748,Implement / Fight
4.4,0.48484848484848486,Implement / Fight
4.4,0.494949494949495,Implement / Fight
4.4,0.5050505050505051,Implement / Fight
4.4,0.5151515151515152,Implement / Fight
4.4,0.5252525252525253,Implement / Fight
4.4,0.5353535353535354,Implement / Fight
4.4,0.5454545454545455,Implement / Fight
4.4,0.5555555555555556,Implement / Fight
4.4,0.5656565656565657,Implement / Fight
4.4,0.5757575757575758,Implement / Fight
4.4,0.5858585858585859,Implement / Fight
4.4,0.595959595959596,Implement / Fight
4.4,0.6060606060606061,Implement / Fight
4.4,0.6161616161616162,Implement / Fight
4.4,0.6262626262626263,Implement / Fight
4.4,0.6363636363636365,Implement / Fight
4.4,0.6464646464646465,Implement / Fight
4.4,0.6565656565656566,Implement / Fight
4.4,0.6666666666666667,Implement / Fight
4.4,0.6767676767676768,Implement / Fight
4.4,0.686868686868687,Implement / Fight
4.4,0.696969696969697,Implement / Fight
4.4,0.7070707070707072,Implement / Fight
4.4,0.7171717171717172,Implement / Fight
4.4,0.7272727272727273,Implement / Fight
4.4,0.7373737373737375,Implement / Fight
4.4,0.7474747474747475,Implement / Fight
4.4,0.7575757575757577,Implement / Fight
4.4,0.7676767676767677,Implement / Fight
4.4,0.7777777777777778,Implement / Fight
4.4,0.787878787878788,Implement / Fight
4.4,0.797979797979798,Implement / Fight
4.4,0.8080808080808082,Implement / Fight
4.4,0.8181818181818182,Implement / Fight
4.4,0.8282828282828284,Implement / Fight
4.4,0.8383838383838385,Implement / Fight
4.4,0.8484848484848485,Implement / Fight
4.4,0.8585858585858587,Implement / Fight
4.4,0.8686868686868687,Implement / Fight
4.4,0.8787878787878789,Implement / Fight
4.4,0.888888888888889,Implement / Fight
4.4,0.8989898989898991,Implement / Fight
4.4,0.9090909090909092,Implement / Fight
4.4,0.9191919191919192,Implement / Fight
4.4,0.9292929292929294,Implement / Fight
4.4,0.9393939393939394,Implement / Fight
4.4,0.9494949494949496,Implement / Fight
4.4,0.9595959595959597,Implement / Fight
4.4,0.9696969696969697,Implement / Fight
4.4,0.9797979797979799,Implement / Fight
4.4,0.98989898989899,Implement / Fight
4.4,1.0,Implement / Fight
4.466666666666667,0.0,Absence of Pure Equilibrium
4.466666666666667,0.010101010101010102,Absence of Pure Equilibrium
4.466666666666667,0.020202020202020204,Absence of Pure Equilibrium
4.466666666666667,0.030303030303030304,Implement / Fight
4.466666666666667,0.04040404040404041,Implement / Fight
4.466666666666667,0.05050505050505051,Implement / Fight
4.466666666666667,0.06060606060606061,Implement / Fight
4.466666666666667,0.07070707070707072,Implement / Fight
4.466666666666667,0.08080808080808081,Implement / Fight
4.466666666666667,0.09090909090909091,Implement / Fight
4.466666666666667,0.10101010101010102,Implement / Fight
4.466666666666667,0.11111111111111112,Implement / Fight
4.466666666666667,0.12121212121212122,Implement / Fight
4.466666666666667,0.13131313131313133,Implement / Fight
4.466666666666667,0.14141414141414144,Implement / Fight
4.466666666666667,0.15151515151515152,Implement / Fight
4.466666666666667,0.16161616161616163,Implement / Fight
4.466666666666667,0.17171717171717174,Implement / Fight
4.466666666666667,0.18181818181818182,Implement / Fight
4.466666666666667,0.19191919191919193,Implement / Fight
4.466666666666667,0.20202020202020204,Implement / Fight
4.466666666666667,0.21212121212121213,Implement / Fight
4.466666666666667,0.22222222222222224,Implement / Fight
4.466666666666667,0.23232323232323235,Implement / Fight
4.466666666666667,0.24242424242424243,Implement / Fight
4.466666666666667,0.25252525252525254,Implement / Fight
4.466666666666667,0.26262626262626265,Implement / Fight
4.466666666666667,0.27272727272727276,Implement / Fight
4.466666666666667,0.2828282828282829,Implement / Fight
4.466666666666667,0.29292929292929293,Implement / Fight
4.466666666666667,0.30303030303030304,Implement / Fight
4.466666666666667,0.31313131313131315,Implement / Fight
4.466666666666667,0.32323232323232326,Implement / Fight
4.466666666666667,0.33333333333333337,Implement / Fight
4.466666666666667,0.3434343434343435,Implement / Fight
4.466666666666667,0.3535353535353536,Implement / Fight
4.466666666666667,0.36363636363636365,Implement / Fight
4.466666666666667,0.37373737373737376,Implement / Fight
4.466666666666667,0.38383838383838387,Implement / Fight
4.466666666666667,0.393939393939394,Implement / Fight
4.466666666666667,0.4040404040404041,Implement / Fight
4.466666666666667,0.4141414141414142,Implement / Fight
4.466666666666667,0.42424242424242425,Implement / Fight
4.466666666666667,0.43434343434343436,Implement / Fight
4.466666666666667,0.4444444444444445,Implement / Fight
4.466666666666667,0.4545454545454546,Implement / Fight
4.466666666666667,0.4646464646464647,Implement / Fight
4.466666666666667,0.4747474747474748,Implement / Fight
4.466666666666667,0.48484848484848486,Implement / Fight
4.466666666666667,0.494949494949495,Implement / Fight
4.466666666666667,0.5050505050505051,Implement / Fight
4.466666666666667,0.5151515151515152,Implement / Fight
4.466666666666667,0.5252525252525253,Implement / Fight
4.466666666666667,0.5353535353535354,Implement / Fight
4.466666666666667,0.5454545454545455,Implement / Fight
4.466666666666667,0.5555555555555556,Implement / Fight
4.466666666666667,0.5656565656565657,Implement / Fight
4.466666666666667,0.5757575757575758,Implement / Fight
4.466666666666667,0.5858585858585859,Implement / Fight
4.466666666666667,0.595959595959596,Implement / Fight
4.466666666666667,0.6060606060606061,Implement / Fight
4.466666666666667,0.6161616161616162,Implement / Fight
4.466666666666667,0.6262626262626263,Implement / Fight
4.466666666666667,0.6363636363636365,Implement / Fight
4.466666666666667,0.6464646464646465,Implement / Fight
4.466666666666667,0.6565656565656566,Implement / Fight
4.466666666666667,0.6666666666666667,Implement / Fight
4.466666666666667,0.6767676767676768,Implement / Fight
4.466666666666667,0.686868686868687,Implement / Fight
4.466666666666667,0.696969696969697,Implement / Fight
4.466666666666667,0.7070707070707072,Implement / Fight
4.466666666666667,0.7171717171717172,Implement / Fight
4.466666666666667,0.7272727272727273,Implement / Fight
4.466666666666667,0.7373737373737375,Implement / Fight
4.466666666666667,0.7474747474747475,Implement / Fight
4.466666666666667,0.7575757575757577,Implement / Fight
4.466666666666667,0.7676767676767677,Implement / Fight
4.466666666666667,0.7777777777777778,Implement / Fight
4.466666666666667,0.787878787878788,Implement / Fight
4.466666666666667,0.797979797979798,Implement / Fight
4.466666666666667,0.8080808080808082,Implement / Fight
4.466666666666667,0.8181818181818182,Implement / Fight
4.466666666666667,0.8282828282828284,Implement / Fight
4.466666666666667,0.8383838383838385,Implement / Fight
4.466666666666667,0.8484848484848485,Implement / Fight
4.466666666666667,0.8585858585858587,Implement / Fight
4.466666666666667,0.8686868686868687,Implement / Fight
4.466666666666667,0.8787878787878789,Implement / Fight
4.466666666666667,0.888888888888889,Implement / Fight
4.466666666666667,0.8989898989898991,Implement / Fight
4.466666666666667,0.9090909090909092,Implement / Fight
4.466666666666667,0.9191919191919192,Implement / Fight
4.466666666666667,0.9292929292929294,Implement / Fight
4.466666666666667,0.9393939393939394,Implement / Fight
4.466666666666667,0.9494949494949496,Implement / Fight
4.466666666666667,0.9595959595959597,Implement / Fight
4.466666666666667,0.9696969696969697,Implement / Fight
4.466666666666667,0.9797979797979799,Implement / Fight
4.466666666666667,0.98989898989899,Implement / Fight
4.466666666666667,1.0,Implement / Fight
4.533333333333333,0.0,Absence of Pure Equilibrium
4.533333333333333,0.010101010101010102,Absence of Pure Equilibrium
4.533333333333333,0.020202020202020204,Absence of Pure Equilibrium
4.533333333333333,0.030303030303030304,Implement / Fight
4.533333333333333,0.04040404040404041,Implement / Fight
4.533333333333333,0.05050505050505051,Implement / Fight
4.533333333333333,0.06060606060606061,Implement / Fight
4.533333333333333,0.07070707070707072,Implement / Fight
4.533333333333333,0.08080808080808081,Implement / Fight
4.533333333333333,0.09090909090909091,Implement / Fight
4.533333333333333,0.10101010101010102,Implement / Fight
4.533333333333333,0.11111111111111112,Implement / Fight
4.533333333333333,0.12121212121212122,Implement / Fight
4.533333333333333,0.13131313131313133,Implement / Fight
4.533333333333333,0.14141414141414144,Implement / Fight
4.533333333333333,0.15151515151515152,Implement / Fight
4.533333333333333,0.16161616161616163,Implement / Fight
4.533333333333333,0.17171717171717174,Implement / Fight
4.533333333333333,0.18181818181818182,Implement / Fight
4.533333333333333,0.19191919191919193,Implement / Fight
4.533333333333333,0.20202020202020204,Implement / Fight
4.533333333333333,0.21212121212121213,Implement / Fight
4.533333333333333,0.22222222222222224,Implement / Fight
4.533333333333333,0.23232323232323235,Implement / Fight
4.533333333333333,0.24242424242424243,Implement / Fight
4.533333333333333,0.25252525252525254,Implement / Fight
4.533333333333333,0.26262626262626265,Implement / Fight
4.533333333333333,0.27272727272727276,Implement / Fight
4.533333333333333,0.2828282828282829,Implement / Fight
4.533333333333333,0.29292929292929293,Implement / Fight
4.533333333333333,0.30303030303030304,Implement / Fight
4.533333333333333,0.31313131313131315,Implement / Fight
4.533333333333333,0.32323232323232326,Implement / Fight
4.533333333333333,0.33333333333333337,Implement / Fight
4.533333333333333,0.3434343434343435,Implement / Fight
4.533333333333333,0.3535353535353536,Implement / Fight
4.533333333333333,0.36363636363636365,Implement / Fight
4.533333333333333,0.37373737373737376,Implement / Fight
4.533333333333333,0.38383838383838387,Implement / Fight
4.533333333333333,0.393939393939394,Implement / Fight
4.533333333333333,0.4040404040404041,Implement / Fight
4.533333333333333,0.4141414141414142,Implement / Fight
4.533333333333333,0.42424242424242425,Implement / Fight
4.533333333333333,0.43434343434343436,Implement / Fight
4.533333333333333,0.4444444444444445,Implement / Fight
4.533333333333333,0.4545454545454546,Implement / Fight
4.533333333333333,0.4646464646464647,Implement / Fight
4.533333333333333,0.4747474747474748,Implement / Fight
4.533333333333333,0.48484848484848486,Implement / Fight
4.533333333333333,0.494949494949495,Implement / Fight
4.533333333333333,0.5050505050505051,Implement / Fight
4.533333333333333,0.5151515151515152,Implement / Fight
4.533333333333333,0.5252525252525253,Implement / Fight
4.533333333333333,0.5353535353535354,Implement / Fight
4.533333333333333,0.5454545454545455,Implement / Fight
4.533333333333333,0.5555555555555556,Implement / Fight
4.533333333333333,0.5656565656565657,Implement / Fight
4.533333333333333,0.5757575757575758,Implement / Fight
4.533333333333333,0.5858585858585859,Implement / Fight
4.533333333333333,0.595959595959596,Implement / Fight
4.533333333333333,0.6060606060606061,Implement / Fight
4.533333333333333,0.6161616161616162,Implement / Fight
4.533333333333333,0.6262626262626263,Implement / Fight
4.533333333333333,0.6363636363636365,Implement / Fight
4.533333333333333,0.6464646464646465,Implement / Fight
4.533333333333333,0.6565656565656566,Implement / Fight
4.533333333333333,0.6666666666666667,Implement / Fight
4.533333333333333,0.6767676767676768,Implement / Fight
4.533333333333333,0.686868686868687,Implement / Fight
4.533333333333333,0.696969696969697,Implement / Fight
4.533333333333333,0.7070707070707072,Implement / Fight
4.533333333333333,0.7171717171717172,Implement / Fight
4.533333333333333,0.7272727272727273,Implement / Fight
4.533333333333333,0.7373737373737375,Implement / Fight
4.533333333333333,0.7474747474747475,Implement / Fight
4.533333333333333,0.7575757575757577,Implement / Fight
4.533333333333333,0.7676767676767677,Implement / Fight
4.533333333333333,0.7777777777777778,Implement / Fight
4.533333333333333,0.787878787878788,Implement / Fight
4.533333333333333,0.797979797979798,Implement / Fight
4.533333333333333,0.8080808080808082,Implement / Fight
4.533333333333333,0.8181818181818182,Implement / Fight
4.533333333333333,0.8282828282828284,Implement / Fight
4.533333333333333,0.8383838383838385,Implement / Fight
4.533333333333333,0.8484848484848485,Implement / Fight
4.533333333333333,0.8585858585858587,Implement / Fight
4.533333333333333,0.8686868686868687,Implement / Fight
4.533333333333333,0.8787878787878789,Implement / Fight
4.533333333333333,0.888888888888889,Implement / Fight
4.533333333333333,0.8989898989898991,Implement / Fight
4.533333333333333,0.9090909090909092,Implement / Fight
4.533333333333333,0.9191919191919192,Implement / Fight
4.533333333333333,0.9292929292929294,Implement / Fight
4.533333333333333,0.9393939393939394,Implement / Fight
4.533333333333333,0.9494949494949496,Implement / Fight
4.533333333333333,0.9595959595959597,Implement / Fight
4.533333333333333,0.9696969696969697,Implement / Fight
4.533333333333333,0.9797979797979799,Implement / Fight
4.533333333333333,0.98989898989899,Implement / Fight
4.533333333333333,1.0,Implement / Fight
4.6,0.0,Absence of Pure Equilibrium
4.6,0.010101010101010102,Absence of Pure Equilibrium
4.6,0.020202020202020204,Absence of Pure Equilibrium
4.6,0.030303030303030304,Implement / Fight
4.6,0.04040404040404041,Implement / Fight
4.6,0.05050505050505051,Implement / Fight
4.6,0.06060606060606061,Implement / Fight
4.6,0.07070707070707072,Implement / Fight
4.6,0.08080808080808081,Implement / Fight
4.6,0.09090909090909091,Implement / Fight
4.6,0.10101010101010102,Implement / Fight
4.6,0.11111111111111112,Implement / Fight
4.6,0.12121212121212122,Implement / Fight
4.6,0.13131313131313133,Implement / Fight
4.6,0.14141414141414144,Implement / Fight
4.6,0.15151515151515152,Implement / Fight
4.6,0.16161616161616163,Implement / Fight
4.6,0.17171717171717174,Implement / Fight
4.6,0.18181818181818182,Implement / Fight
4.6,0.19191919191919193,Implement / Fight
4.6,0.20202020202020204,Implement / Fight
4.6,0.21212121212121213,Implement / Fight
4.6,0.22222222222222224,Implement / Fight
4.6,0.23232323232323235,Implement / Fight
4.6,0.24242424242424243,Implement / Fight
4.6,0.25252525252525254,Implement / Fight
4.6,0.26262626262626265,Implement / Fight
4.6,0.27272727272727276,Implement / Fight
4.6,0.2828282828282829,Implement / Fight
4.6,0.29292929292929293,Implement / Fight
4.6,0.30303030303030304,Implement / Fight
4.6,0.31313131313131315,Implement / Fight
4.6,0.32323232323232326,Implement / Fight
4.6,0.33333333333333337,Implement / Fight
4.6,0.3434343434343435,Implement / Fight
4.6,0.3535353535353536,Implement / Fight
4.6,0.36363636363636365,Implement / Fight
4.6,0.37373737373737376,Implement / Fight
4.6,0.38383838383838387,Implement / Fight
4.6,0.393939393939394,Implement / Fight
4.6,0.4040404040404041,Implement / Fight
4.6,0.4141414141414142,Implement / Fight
4.6,0.42424242424242425,Implement / Fight
4.6,0.43434343434343436,Implement / Fight
4.6,0.4444444444444445,Implement / Fight
4.6,0.4545454545454546,Implement / Fight
4.6,0.4646464646464647,Implement / Fight
4.6,0.4747474747474748,Implement / Fight
4.6,0.48484848484848486,Implement / Fight
4.6,0.494949494949495,Implement / Fight
4.6,0.5050505050505051,Implement / Fight
4.6,0.5151515151515152,Implement / Fight
4.6,0.5252525252525253,Implement / Fight
4.6,0.5353535353535354,Implement / Fight
4.6,0.5454545454545455,Implement / Fight
4.6,0.5555555555555556,Implement / Fight
4.6,0.5656565656565657,Implement / Fight
4.6,0.5757575757575758,Implement / Fight
4.6,0.5858585858585859,Implement / Fight
4.6,0.595959595959596,Implement / Fight
4.6,0.6060606060606061,Implement / Fight
4.6,0.6161616161616162,Implement / Fight
4.6,0.6262626262626263,Implement / Fight
4.6,0.6363636363636365,Implement / Fight
4.6,0.6464646464646465,Implement / Fight
4.6,0.6565656565656566,Implement / Fight
4.6,0.6666666666666667,Implement / Fight
4.6,0.6767676767676768,Implement / Fight
4.6,0.686868686868687,Implement / Fight
4.6,0.696969696969697,Implement / Fight
4.6,0.7070707070707072,Implement / Fight
4.6,0.7171717171717172,Implement / Fight
4.6,0.7272727272727273,Implement / Fight
4.6,0.7373737373737375,Implement / Fight
4.6,0.7474747474747475,Implement / Fight
4.6,0.7575757575757577,Implement / Fight
4.6,0.7676767676767677,Implement / Fight
4.6,0.7777777777777778,Implement / Fight
4.6,0.787878787878788,Implement / Fight
4.6,0.797979797979798,Implement / Fight
4.6,0.8080808080808082,Implement / Fight
4.6,0.8181818181818182,Implement / Fight
4.6,0.8282828282828284,Implement / Fight
4.6,0.8383838383838385,Implement / Fight
4.6,0.8484848484848485,Implement / Fight
4.6,0.8585858585858587,Implement / Fight
4.6,0.8686868686868687,Implement / Fight
4.6,0.8787878787878789,Implement / Fight
4.6,0.888888888888889,Implement / Fight
4.6,0.8989898989898991,Implement / Fight
4.6,0.9090909090909092,Implement / Fight
4.6,0.9191919191919192,Implement / Fight
4.6,0.9292929292929294,Implement / Fight
4.6,0.9393939393939394,Implement / Fight
4.6,0.9494949494949496,Implement / Fight
4.6,0.9595959595959597,Implement / Fight
4.6,0.9696969696969697,Implement / Fight
4.6,0.9797979797979799,Implement / Fight
4.6,0.98989898989899,Implement / Fight
4.6,1.0,Implement / Fight
4.666666666666667,0.0,Absence of Pure Equilibrium
4.666666666666667,0.010101010101010102,Absence of Pure Equilibrium
4.666666666666667,0.020202020202020204,Absence of Pure Equilibrium
4.666666666666667,0.030303030303030304,Implement / Fight
4.666666666666667,0.04040404040404041,Implement / Fight
4.666666666666667,0.05050505050505051,Implement / Fight
4.666666666666667,0.06060606060606061,Implement / Fight
4.666666666666667,0.07070707070707072,Implement / Fight
4.666666666666667,0.08080808080808081,Implement / Fight
4.666666666666667,0.09090909090909091,Implement / Fight
4.666666666666667,0.10101010101010102,Implement / Fight
4.666666666666667,0.11111111111111112,Implement / Fight
4.666666666666667,0.12121212121212122,Implement / Fight
4.666666666666667,0.13131313131313133,Implement / Fight
4.666666666666667,0.14141414141414144,Implement / Fight
4.666666666666667,0.15151515151515152,Implement / Fight
4.666666666666667,0.16161616161616163,Implement / Fight
4.666666666666667,0.17171717171717174,Implement / Fight
4.666666666666667,0.18181818181818182,Implement / Fight
4.666666666666667,0.19191919191919193,Implement / Fight
4.666666666666667,0.20202020202020204,Implement / Fight
4.666666666666667,0.21212121212121213,Implement / Fight
4.666666666666667,0.22222222222222224,Implement / Fight
4.666666666666667,0.23232323232323235,Implement / Fight
4.666666666666667,0.24242424242424243,Implement / Fight
4.666666666666667,0.25252525252525254,Implement / Fight
4.666666666666667,0.26262626262626265,Implement / Fight
4.666666666666667,0.27272727272727276,Implement / Fight
4.666666666666667,0.2828282828282829,Implement / Fight
4.666666666666667,0.29292929292929293,Implement / Fight
4.666666666666667,0.30303030303030304,Implement / Fight
4.666666666666667,0.31313131313131315,Implement / Fight
4.666666666666667,0.32323232323232326,Implement / Fight
4.666666666666667,0.33333333333333337,Implement / Fight
4.666666666666667,0.3434343434343435,Implement / Fight
4.666666666666667,0.3535353535353536,Implement / Fight
4.666666666666667,0.36363636363636365,Implement / Fight
4.666666666666667,0.37373737373737376,Implement / Fight
4.666666666666667,0.38383838383838387,Implement / Fight
4.666666666666667,0.393939393939394,Implement / Fight
4.666666666666667,0.4040404040404041,Implement / Fight
4.666666666666667,0.4141414141414142,Implement / Fight
4.666666666666667,0.42424242424242425,Implement / Fight
4.666666666666667,0.43434343434343436,Implement / Fight
4.666666666666667,0.4444444444444445,Implement / Fight
4.666666666666667,0.4545454545454546,Implement / Fight
4.666666666666667,0.4646464646464647,Implement / Fight
4.666666666666667,0.4747474747474748,Implement / Fight
4.666666666666667,0.48484848484848486,Implement / Fight
4.666666666666667,0.494949494949495,Implement / Fight
4.666666666666667,0.5050505050505051,Implement / Fight
4.666666666666667,0.5151515151515152,Implement / Fight
4.666666666666667,0.5252525252525253,Implement / Fight
4.666666666666667,0.5353535353535354,Implement / Fight
4.666666666666667,0.5454545454545455,Implement / Fight
4.666666666666667,0.5555555555555556,Implement / Fight
4.666666666666667,0.5656565656565657,Implement / Fight
4.666666666666667,0.5757575757575758,Implement / Fight
4.666666666666667,0.5858585858585859,Implement / Fight
4.666666666666667,0.595959595959596,Implement / Fight
4.666666666666667,0.6060606060606061,Implement / Fight
4.666666666666667,0.6161616161616162,Implement / Fight
4.666666666666667,0.6262626262626263,Implement / Fight
4.666666666666667,0.6363636363636365,Implement / Fight
4.666666666666667,0.6464646464646465,Implement / Fight
4.666666666666667,0.6565656565656566,Implement / Fight
4.666666666666667,0.6666666666666667,Implement / Fight
4.666666666666667,0.6767676767676768,Implement / Fight
4.666666666666667,0.686868686868687,Implement / Fight
4.666666666666667,0.696969696969697,Implement / Fight
4.666666666666667,0.7070707070707072,Implement / Fight
4.666666666666667,0.7171717171717172,Implement / Fight
4.666666666666667,0.7272727272727273,Implement / Fight
4.666666666666667,0.7373737373737375,Implement / Fight
4.666666666666667,0.7474747474747475,Implement / Fight
4.666666666666667,0.7575757575757577,Implement / Fight
4.666666666666667,0.7676767676767677,Implement / Fight
4.666666666666667,0.7777777777777778,Implement / Fight
4.666666666666667,0.787878787878788,Implement / Fight
4.666666666666667,0.797979797979798,Implement / Fight
4.666666666666667,0.8080808080808082,Implement / Fight
4.666666666666667,0.8181818181818182,Implement / Fight
4.666666666666667,0.8282828282828284,Implement / Fight
4.666666666666667,0.8383838383838385,Implement / Fight
4.666666666666667,0.8484848484848485,Implement / Fight
4.666666666666667,0.8585858585858587,Implement / Fight
4.666666666666667,0.8686868686868687,Implement / Fight
4.666666666666667,0.8787878787878789,Implement / Fight
4.666666666666667,0.888888888888889,Implement / Fight
4.666666666666667,0.8989898989898991,Implement / Fight
4.666666666666667,0.9090909090909092,Implement / Fight
4.666666666666667,0.9191919191919192,Implement / Fight
4.666666666666667,0.9292929292929294,Implement / Fight
4.666666666666667,0.9393939393939394,Implement / Fight
4.666666666666667,0.9494949494949496,Implement / Fight
4.666666666666667,0.9595959595959597,Implement / Fight
4.666666666666667,0.9696969696969697,Implement / Fight
4.666666666666667,0.9797979797979799,Implement / Fight
4.666666666666667,0.98989898989899,Implement / Fight
4.666666666666667,1.0,Implement / Fight
4.733333333333333,0.0,Absence of Pure Equilibrium
4.733333333333333,0.010101010101010102,Absence of Pure Equilibrium
4.733333333333333,0.020202020202020204,Absence of Pure Equilibrium
4.733333333333333,0.030303030303030304,Implement / Fight
4.733333333333333,0.04040404040404041,Implement / Fight
4.733333333333333,0.05050505050505051,Implement / Fight
4.733333333333333,0.06060606060606061,Implement / Fight
4.733333333333333,0.07070707070707072,Implement / Fight
4.733333333333333,0.08080808080808081,Implement / Fight
4.733333333333333,0.09090909090909091,Implement / Fight
4.733333333333333,0.10101010101010102,Implement / Fight
4.733333333333333,0.11111111111111112,Implement / Fight
4.733333333333333,0.12121212121212122,Implement / Fight
4.733333333333333,0.13131313131313133,Implement / Fight
4.733333333333333,0.14141414141414144,Implement / Fight
4.733333333333333,0.15151515151515152,Implement / Fight
4.733333333333333,0.16161616161616163,Implement / Fight
4.733333333333333,0.17171717171717174,Implement / Fight
4.733333333333333,0.18181818181818182,Implement / Fight
4.733333333333333,0.19191919191919193,Implement / Fight
4.733333333333333,0.20202020202020204,Implement / Fight
4.733333333333333,0.21212121212121213,Implement / Fight
4.733333333333333,0.22222222222222224,Implement / Fight
4.733333333333333,0.23232323232323235,Implement / Fight
4.733333333333333,0.24242424242424243,Implement / Fight
4.733333333333333,0.25252525252525254,Implement / Fight
4.733333333333333,0.26262626262626265,Implement / Fight
4.733333333333333,0.27272727272727276,Implement / Fight
4.733333333333333,0.2828282828282829,Implement / Fight
4.733333333333333,0.29292929292929293,Implement / Fight
4.733333333333333,0.30303030303030304,Implement / Fight
4.733333333333333,0.31313131313131315,Implement / Fight
4.733333333333333,0.32323232323232326,Implement / Fight
4.733333333333333,0.33333333333333337,Implement / Fight
4.733333333333333,0.3434343434343435,Implement / Fight
4.733333333333333,0.3535353535353536,Implement / Fight
4.733333333333333,0.36363636363636365,Implement / Fight
4.733333333333333,0.37373737373737376,Implement / Fight
4.733333333333333,0.38383838383838387,Implement / Fight
4.733333333333333,0.393939393939394,Implement / Fight
4.733333333333333,0.4040404040404041,Implement / Fight
4.733333333333333,0.4141414141414142,Implement / Fight
4.733333333333333,0.42424242424242425,Implement / Fight
4.733333333333333,0.43434343434343436,Implement / Fight
4.733333333333333,0.4444444444444445,Implement / Fight
4.733333333333333,0.4545454545454546,Implement / Fight
4.733333333333333,0.4646464646464647,Implement / Fight
4.733333333333333,0.4747474747474748,Implement / Fight
4.733333333333333,0.48484848484848486,Implement / Fight
4.733333333333333,0.494949494949495,Implement / Fight
4.733333333333333,0.5050505050505051,Implement / Fight
4.733333333333333,0.5151515151515152,Implement / Fight
4.733333333333333,0.5252525252525253,Implement / Fight
4.733333333333333,0.5353535353535354,Implement / Fight
4.733333333333333,0.5454545454545455,Implement / Fight
4.733333333333333,0.5555555555555556,Implement / Fight
4.733333333333333,0.5656565656565657,Implement / Fight
4.733333333333333,0.5757575757575758,Implement / Fight
4.733333333333333,0.5858585858585859,Implement / Fight
4.733333333333333,0.595959595959596,Implement / Fight
4.733333333333333,0.6060606060606061,Implement / Fight
4.733333333333333,0.6161616161616162,Implement / Fight
4.733333333333333,0.6262626262626263,Implement / Fight
4.733333333333333,0.6363636363636365,Implement / Fight
4.733333333333333,0.6464646464646465,Implement / Fight
4.733333333333333,0.6565656565656566,Implement / Fight
4.733333333333333,0.6666666666666667,Implement / Fight
4.733333333333333,0.6767676767676768,Implement / Fight
4.733333333333333,0.686868686868687,Implement / Fight
4.733333333333333,0.696969696969697,Implement / Fight
4.733333333333333,0.7070707070707072,Implement / Fight
4.733333333333333,0.7171717171717172,Implement / Fight
4.733333333333333,0.7272727272727273,Implement / Fight
4.733333333333333,0.7373737373737375,Implement / Fight
4.733333333333333,0.7474747474747475,Implement / Fight
4.733333333333333,0.7575757575757577,Implement / Fight
4.733333333333333,0.7676767676767677,Implement / Fight
4.733333333333333,0.7777777777777778,Implement / Fight
4.733333333333333,0.787878787878788,Implement / Fight
4.733333333333333,0.797979797979798,Implement / Fight
4.733333333333333,0.8080808080808082,Implement / Fight
4.733333333333333,0.8181818181818182,Implement / Fight
4.733333333333333,0.8282828282828284,Implement / Fight
4.733333333333333,0.8383838383838385,Implement / Fight
4.733333333333333,0.8484848484848485,Implement / Fight
4.733333333333333,0.8585858585858587,Implement / Fight
4.733333333333333,0.8686868686868687,Implement / Fight
4.733333333333333,0.8787878787878789,Implement / Fight
4.733333333333333,0.888888888888889,Implement / Fight
4.733333333333333,0.8989898989898991,Implement / Fight
4.733333333333333,0.9090909090909092,Implement / Fight
4.733333333333333,0.9191919191919192,Implement / Fight
4.733333333333333,0.9292929292929294,Implement / Fight
4.733333333333333,0.9393939393939394,Implement / Fight
4.733333333333333,0.9494949494949496,Implement / Fight
4.733333333333333,0.9595959595959597,Implement / Fight
4.733333333333333,0.9696969696969697,Implement / Fight
4.733333333333333,0.9797979797979799,Implement / Fight
4.733333333333333,0.98989898989899,Implement / Fight
4.733333333333333,1.0,Implement / Fight
4.8,0.0,Absence of Pure Equilibrium
4.8,0.010101010101010102,Absence of Pure Equilibrium
4.8,0.020202020202020204,Absence of Pure Equilibrium
4.8,0.030303030303030304,Implement / Fight
4.8,0.04040404040404041,Implement / Fight
4.8,0.05050505050505051,Implement / Fight
4.8,0.06060606060606061,Implement / Fight
4.8,0.07070707070707072,Implement / Fight
4.8,0.08080808080808081,Implement / Fight
4.8,0.09090909090909091,Implement / Fight
4.8,0.10101010101010102,Implement / Fight
4.8,0.11111111111111112,Implement / Fight
4.8,0.12121212121212122,Implement / Fight
4.8,0.13131313131313133,Implement / Fight
4.8,0.14141414141414144,Implement / Fight
4.8,0.15151515151515152,Implement / Fight
4.8,0.16161616161616163,Implement / Fight
4.8,0.17171717171717174,Implement / Fight
4.8,0.18181818181818182,Implement / Fight
4.8,0.19191919191919193,Implement / Fight
4.8,0.20202020202020204,Implement / Fight
4.8,0.21212121212121213,Implement / Fight
4.8,0.22222222222222224,Implement / Fight
4.8,0.23232323232323235,Implement / Fight
4.8,0.24242424242424243,Implement / Fight
4.8,0.25252525252525254,Implement / Fight
4.8,0.26262626262626265,Implement / Fight
4.8,0.27272727272727276,Implement / Fight
4.8,0.2828282828282829,Implement / Fight
4.8,0.29292929292929293,Implement / Fight
4.8,0.30303030303030304,Implement / Fight
4.8,0.31313131313131315,Implement / Fight
4.8,0.32323232323232326,Implement / Fight
4.8,0.33333333333333337,Implement / Fight
4.8,0.3434343434343435,Implement / Fight
4.8,0.3535353535353536,Implement / Fight
4.8,0.36363636363636365,Implement / Fight
4.8,0.37373737373737376,Implement / Fight
4.8,0.38383838383838387,Implement / Fight
4.8,0.393939393939394,Implement / Fight
4.8,0.4040404040404041,Implement / Fight
4.8,0.4141414141414142,Implement / Fight
4.8,0.42424242424242425,Implement / Fight
4.8,0.43434343434343436,Implement / Fight
4.8,0.4444444444444445,Implement / Fight
4.8,0.4545454545454546,Implement / Fight
4.8,0.4646464646464647,Implement / Fight
4.8,0.4747474747474748,Implement / Fight
4.8,0.48484848484848486,Implement / Fight
4.8,0.494949494949495,Implement / Fight
4.8,0.5050505050505051,Implement / Fight
4.8,0.5151515151515152,Implement / Fight
4.8,0.5252525252525253,Implement / Fight
4.8,0.5353535353535354,Implement / Fight
4.8,0.5454545454545455,Implement / Fight
4.8,0.5555555555555556,Implement / Fight
4.8,0.5656565656565657,Implement / Fight
4.8,0.5757575757575758,Implement / Fight
4.8,0.5858585858585859,Implement / Fight
4.8,0.595959595959596,Implement / Fight
4.8,0.6060606060606061,Implement / Fight
4.8,0.6161616161616162,Implement / Fight
4.8,0.6262626262626263,Implement / Fight
4.8,0.6363636363636365,Implement / Fight
4.8,0.6464646464646465,Implement / Fight
4.8,0.6565656565656566,Implement / Fight
4.8,0.6666666666666667,Implement / Fight
4.8,0.6767676767676768,Implement / Fight
4.8,0.686868686868687,Implement / Fight
4.8,0.696969696969697,Implement / Fight
4.8,0.7070707070707072,Implement / Fight
4.8,0.7171717171717172,Implement / Fight
4.8,0.7272727272727273,Implement / Fight
4.8,0.7373737373737375,Implement / Fight
4.8,0.7474747474747475,Implement / Fight
4.8,0.7575757575757577,Implement / Fight
4.8,0.7676767676767677,Implement / Fight
4.8,0.7777777777777778,Implement / Fight
4.8,0.787878787878788,Implement / Fight
4.8,0.797979797979798,Implement / Fight
4.8,0.8080808080808082,Implement / Fight
4.8,0.8181818181818182,Implement / Fight
4.8,0.8282828282828284,Implement / Fight
4.8,0.8383838383838385,Implement / Fight
4.8,0.8484848484848485,Implement / Fight
4.8,0.8585858585858587,Implement / Fight
4.8,0.8686868686868687,Implement / Fight
4.8,0.8787878787878789,Implement / Fight
4.8,0.888888888888889,Implement / Fight
4.8,0.8989898989898991,Implement / Fight
4.8,0.9090909090909092,Implement / Fight
4.8,0.9191919191919192,Implement / Fight
4.8,0.9292929292929294,Implement / Fight
4.8,0.9393939393939394,Implement / Fight
4.8,0.9494949494949496,Implement / Fight
4.8,0.9595959595959597,Implement / Fight
4.8,0.9696969696969697,Implement / Fight
4.8,0.9797979797979799,Implement / Fight
4.8,0.98989898989899,Implement / Fight
4.8,1.0,Implement / Fight
4.866666666666666,0.0,Absence of Pure Equilibrium
4.866666666666666,0.010101010101010102,Absence of Pure Equilibrium
4.866666666666666,0.020202020202020204,Absence of Pure Equilibrium
4.866666666666666,0.030303030303030304,Implement / Fight
4.866666666666666,0.04040404040404041,Implement / Fight
4.866666666666666,0.05050505050505051,Implement / Fight
4.866666666666666,0.06060606060606061,Implement / Fight
4.866666666666666,0.07070707070707072,Implement / Fight
4.866666666666666,0.08080808080808081,Implement / Fight
4.866666666666666,0.09090909090909091,Implement / Fight
4.866666666666666,0.10101010101010102,Implement / Fight
4.866666666666666,0.11111111111111112,Implement / Fight
4.866666666666666,0.12121212121212122,Implement / Fight
4.866666666666666,0.13131313131313133,Implement / Fight
4.866666666666666,0.14141414141414144,Implement / Fight
4.866666666666666,0.15151515151515152,Implement / Fight
4.866666666666666,0.16161616161616163,Implement / Fight
4.866666666666666,0.17171717171717174,Implement / Fight
4.866666666666666,0.18181818181818182,Implement / Fight
4.866666666666666,0.19191919191919193,Implement / Fight
4.866666666666666,0.20202020202020204,Implement / Fight
4.866666666666666,0.21212121212121213,Implement / Fight
4.866666666666666,0.22222222222222224,Implement / Fight
4.866666666666666,0.23232323232323235,Implement / Fight
4.866666666666666,0.24242424242424243,Implement / Fight
4.866666666666666,0.25252525252525254,Implement / Fight
4.866666666666666,0.26262626262626265,Implement / Fight
4.866666666666666,0.27272727272727276,Implement / Fight
4.866666666666666,0.2828282828282829,Implement / Fight
4.866666666666666,0.29292929292929293,Implement / Fight
4.866666666666666,0.30303030303030304,Implement / Fight
4.866666666666666,0.31313131313131315,Implement / Fight
4.866666666666666,0.32323232323232326,Implement / Fight
4.866666666666666,0.33333333333333337,Implement / Fight
4.866666666666666,0.3434343434343435,Implement / Fight
4.866666666666666,0.3535353535353536,Implement / Fight
4.866666666666666,0.36363636363636365,Implement / Fight
4.866666666666666,0.37373737373737376,Implement / Fight
4.866666666666666,0.38383838383838387,Implement / Fight
4.866666666666666,0.393939393939394,Implement / Fight
4.866666666666666,0.4040404040404041,Implement / Fight
4.866666666666666,0.4141414141414142,Implement / Fight
4.866666666666666,0.42424242424242425,Implement / Fight
4.866666666666666,0.43434343434343436,Implement / Fight
4.866666666666666,0.4444444444444445,Implement / Fight
4.866666666666666,0.4545454545454546,Implement / Fight
4.866666666666666,0.4646464646464647,Implement / Fight
4.866666666666666,0.4747474747474748,Implement / Fight
4.866666666666666,0.48484848484848486,Implement / Fight
4.866666666666666,0.494949494949495,Implement / Fight
4.866666666666666,0.5050505050505051,Implement / Fight
4.866666666666666,0.5151515151515152,Implement / Fight
4.866666666666666,0.5252525252525253,Implement / Fight
4.866666666666666,0.5353535353535354,Implement / Fight
4.866666666666666,0.5454545454545455,Implement / Fight
4.866666666666666,0.5555555555555556,Implement / Fight
4.866666666666666,0.5656565656565657,Implement / Fight
4.866666666666666,0.5757575757575758,Implement / Fight
4.866666666666666,0.5858585858585859,Implement / Fight
4.866666666666666,0.595959595959596,Implement / Fight
4.866666666666666,0.6060606060606061,Implement / Fight
4.866666666666666,0.6161616161616162,Implement / Fight
4.866666666666666,0.6262626262626263,Implement / Fight
4.866666666666666,0.6363636363636365,Implement / Fight
4.866666666666666,0.6464646464646465,Implement / Fight
4.866666666666666,0.6565656565656566,Implement / Fight
4.866666666666666,0.6666666666666667,Implement / Fight
4.866666666666666,0.6767676767676768,Implement / Fight
4.866666666666666,0.686868686868687,Implement / Fight
4.866666666666666,0.696969696969697,Implement / Fight
4.866666666666666,0.7070707070707072,Implement / Fight
4.866666666666666,0.7171717171717172,Implement / Fight
4.866666666666666,0.7272727272727273,Implement / Fight
4.866666666666666,0.7373737373737375,Implement / Fight
4.866666666666666,0.7474747474747475,Implement / Fight
4.866666666666666,0.7575757575757577,Implement / Fight
4.866666666666666,0.7676767676767677,Implement / Fight
4.866666666666666,0.7777777777777778,Implement / Fight
4.866666666666666,0.787878787878788,Implement / Fight
4.866666666666666,0.797979797979798,Implement / Fight
4.866666666666666,0.8080808080808082,Implement / Fight
4.866666666666666,0.8181818181818182,Implement / Fight
4.866666666666666,0.8282828282828284,Implement / Fight
4.866666666666666,0.8383838383838385,Implement / Fight
4.866666666666666,0.8484848484848485,Implement / Fight
4.866666666666666,0.8585858585858587,Implement / Fight
4.866666666666666,0.8686868686868687,Implement / Fight
4.866666666666666,0.8787878787878789,Implement / Fight
4.866666666666666,0.888888888888889,Implement / Fight
4.866666666666666,0.8989898989898991,Implement / Fight
4.866666666666666,0.9090909090909092,Implement / Fight
4.866666666666666,0.9191919191919192,Implement / Fight
4.866666666666666,0.9292929292929294,Implement / Fight
4.866666666666666,0.9393939393939394,Implement / Fight
4.866666666666666,0.9494949494949496,Implement / Fight
4.866666666666666,0.9595959595959597,Implement / Fight
4.866666666666666,0.9696969696969697,Implement / Fight
4.866666666666666,0.9797979797979799,Implement / Fight
4.866666666666666,0.98989898989899,Implement / Fight
4.866666666666666,1.0,Implement / Fight
4.933333333333334,0.0,Absence of Pure Equilibrium
4.933333333333334,0.010101010101010102,Absence of Pure Equilibrium
4.933333333333334,0.020202020202020204,Absence of Pure Equilibrium
4.933333333333334,0.030303030303030304,Implement / Fight
4.933333333333334,0.04040404040404041,Implement / Fight
4.933333333333334,0.05050505050505051,Implement / Fight
4.933333333333334,0.06060606060606061,Implement / Fight
4.933333333333334,0.07070707070707072,Implement / Fight
4.933333333333334,0.08080808080808081,Implement / Fight
4.933333333333334,0.09090909090909091,Implement / Fight
4.933333333333334,0.10101010101010102,Implement / Fight
4.933333333333334,0.11111111111111112,Implement / Fight
4.933333333333334,0.12121212121212122,Implement / Fight
4.933333333333334,0.13131313131313133,Implement / Fight
4.933333333333334,0.14141414141414144,Implement / Fight
4.933333333333334,0.15151515151515152,Implement / Fight
4.933333333333334,0.16161616161616163,Implement / Fight
4.933333333333334,0.17171717171717174,Implement / Fight
4.933333333333334,0.18181818181818182,Implement / Fight
4.933333333333334,0.19191919191919193,Implement / Fight
4.933333333333334,0.20202020202020204,Implement / Fight
4.933333333333334,0.21212121212121213,Implement / Fight
4.933333333333334,0.22222222222222224,Implement / Fight
4.933333333333334,0.23232323232323235,Implement / Fight
4.933333333333334,0.24242424242424243,Implement / Fight
4.933333333333334,0.25252525252525254,Implement / Fight
4.933333333333334,0.26262626262626265,Implement / Fight
4.933333333333334,0.27272727272727276,Implement / Fight
4.933333333333334,0.2828282828282829,Implement / Fight
4.933333333333334,0.29292929292929293,Implement / Fight
4.933333333333334,0.30303030303030304,Implement / Fight
4.933333333333334,0.31313131313131315,Implement / Fight
4.933333333333334,0.32323232323232326,Implement / Fight
4.933333333333334,0.33333333333333337,Implement / Fight
4.933333333333334,0.3434343434343435,Implement / Fight
4.933333333333334,0.3535353535353536,Implement / Fight
4.933333333333334,0.36363636363636365,Implement / Fight
4.933333333333334,0.37373737373737376,Implement / Fight
4.933333333333334,0.38383838383838387,Implement / Fight
4.933333333333334,0.393939393939394,Implement / Fight
4.933333333333334,0.4040404040404041,Implement / Fight
4.933333333333334,0.4141414141414142,Implement / Fight
4.933333333333334,0.42424242424242425,Implement / Fight
4.933333333333334,0.43434343434343436,Implement / Fight
4.933333333333334,0.4444444444444445,Implement / Fight
4.933333333333334,0.4545454545454546,Implement / Fight
4.933333333333334,0.4646464646464647,Implement / Fight
4.933333333333334,0.4747474747474748,Implement / Fight
4.933333333333334,0.48484848484848486,Implement / Fight
4.933333333333334,0.494949494949495,Implement / Fight
4.933333333333334,0.5050505050505051,Implement / Fight
4.933333333333334,0.5151515151515152,Implement / Fight
4.933333333333334,0.5252525252525253,Implement / Fight
4.933333333333334,0.5353535353535354,Implement / Fight
4.933333333333334,0.5454545454545455,Implement / Fight
4.933333333333334,0.5555555555555556,Implement / Fight
4.933333333333334,0.5656565656565657,Implement / Fight
4.933333333333334,0.5757575757575758,Implement / Fight
4.933333333333334,0.5858585858585859,Implement / Fight
4.933333333333334,0.595959595959596,Implement / Fight
4.933333333333334,0.6060606060606061,Implement / Fight
4.933333333333334,0.6161616161616162,Implement / Fight
4.933333333333334,0.6262626262626263,Implement / Fight
4.933333333333334,0.6363636363636365,Implement / Fight
4.933333333333334,0.6464646464646465,Implement / Fight
4.933333333333334,0.6565656565656566,Implement / Fight
4.933333333333334,0.6666666666666667,Implement / Fight
4.933333333333334,0.6767676767676768,Implement / Fight
4.933333333333334,0.686868686868687,Implement / Fight
4.933333333333334,0.696969696969697,Implement / Fight
4.933333333333334,0.7070707070707072,Implement / Fight
4.933333333333334,0.7171717171717172,Implement / Fight
4.933333333333334,0.7272727272727273,Implement / Fight
4.933333333333334,0.7373737373737375,Implement / Fight
4.933333333333334,0.7474747474747475,Implement / Fight
4.933333333333334,0.7575757575757577,Implement / Fight
4.933333333333334,0.7676767676767677,Implement / Fight
4.933333333333334,0.7777777777777778,Implement / Fight
4.933333333333334,0.787878787878788,Implement / Fight
4.933333333333334,0.797979797979798,Implement / Fight
4.933333333333334,0.8080808080808082,Implement / Fight
4.933333333333334,0.8181818181818182,Implement / Fight
4.933333333333334,0.8282828282828284,Implement / Fight
4.933333333333334,0.8383838383838385,Implement / Fight
4.933333333333334,0.8484848484848485,Implement / Fight
4.933333333333334,0.8585858585858587,Implement / Fight
4.933333333333334,0.8686868686868687,Implement / Fight
4.933333333333334,0.8787878787878789,Implement / Fight
4.933333333333334,0.888888888888889,Implement / Fight
4.933333333333334,0.8989898989898991,Implement / Fight
4.933333333333334,0.9090909090909092,Implement / Fight
4.933333333333334,0.9191919191919192,Implement / Fight
4.933333333333334,0.9292929292929294,Implement / Fight
4.933333333333334,0.9393939393939394,Implement / Fight
4.933333333333334,0.9494949494949496,Implement / Fight
4.933333333333334,0.9595959595959597,Implement / Fight
4.933333333333334,0.9696969696969697,Implement / Fight
4.933333333333334,0.9797979797979799,Implement / Fight
4.933333333333334,0.98989898989899,Implement / Fight
4.933333333333334,1.0,Implement / Fight
5.0,0.0,Absence of Pure Equilibrium
5.0,0.010101010101010102,Absence of Pure Equilibrium
5.0,0.020202020202020204,Absence of Pure Equilibrium
5.0,0.030303030303030304,Implement / Fight
5.0,0.04040404040404041,Implement / Fight
5.0,0.05050505050505051,Implement / Fight
5.0,0.06060606060606061,Implement / Fight
5.0,0.07070707070707072,Implement / Fight
5.0,0.08080808080808081,Implement / Fight
5.0,0.09090909090909091,Implement / Fight
5.0,0.10101010101010102,Implement / Fight
5.0,0.11111111111111112,Implement / Fight
5.0,0.12121212121212122,Implement / Fight
5.0,0.13131313131313133,Implement / Fight
5.0,0.14141414141414144,Implement / Fight
5.0,0.15151515151515152,Implement / Fight
5.0,0.16161616161616163,Implement / Fight
5.0,0.17171717171717174,Implement / Fight
5.0,0.18181818181818182,Implement / Fight
5.0,0.19191919191919193,Implement / Fight
5.0,0.20202020202020204,Implement / Fight
5.0,0.21212121212121213,Implement / Fight
5.0,0.22222222222222224,Implement / Fight
5.0,0.23232323232323235,Implement / Fight
5.0,0.24242424242424243,Implement / Fight
5.0,0.25252525252525254,Implement / Fight
5.0,0.26262626262626265,Implement / Fight
5.0,0.27272727272727276,Implement / Fight
5.0,0.2828282828282829,Implement / Fight
5.0,0.29292929292929293,Implement / Fight
5.0,0.30303030303030304,Implement / Fight
5.0,0.31313131313131315,Implement / Fight
5.0,0.32323232323232326,Implement / Fight
5.0,0.33333333333333337,Implement / Fight
5.0,0.3434343434343435,Implement / Fight
5.0,0.3535353535353536,Implement / Fight
5.0,0.36363636363636365,Implement / Fight
5.0,0.37373737373737376,Implement / Fight
5.0,0.38383838383838387,Implement / Fight
5.0,0.393939393939394,Implement / Fight
5.0,0.4040404040404041,Implement / Fight
5.0,0.4141414141414142,Implement / Fight
5.0,0.42424242424242425,Implement / Fight
5.0,0.43434343434343436,Implement / Fight
5.0,0.4444444444444445,Implement / Fight
5.0,0.4545454545454546,Implement / Fight
5.0,0.4646464646464647,Implement / Fight
5.0,0.4747474747474748,Implement / Fight
5.0,0.48484848484848486,Implement / Fight
5.0,0.494949494949495,Implement / Fight
5.0,0.5050505050505051,Implement / Fight
5.0,0.5151515151515152,Implement / Fight
5.0,0.5252525252525253,Implement / Fight
5.0,0.5353535353535354,Implement / Fight
5.0,0.5454545454545455,Implement / Fight
5.0,0.5555555555555556,Implement / Fight
5.0,0.5656565656565657,Implement / Fight
5.0,0.5757575757575758,Implement / Fight
5.0,0.5858585858585859,Implement / Fight
5.0,0.595959595959596,Implement / Fight
5.0,0.6060606060606061,Implement / Fight
5.0,0.6161616161616162,Implement / Fight
5.0,0.6262626262626263,Implement / Fight
5.0,0.6363636363636365,Implement / Fight
5.0,0.6464646464646465,Implement / Fight
5.0,0.6565656565656566,Implement / Fight
5.0,0.6666666666666667,Implement / Fight
5.0,0.6767676767676768,Implement / Fight
5.0,0.686868686868687,Implement / Fight
5.0,0.696969696969697,Implement / Fight
5.0,0.7070707070707072,Implement / Fight
5.0,0.7171717171717172,Implement / Fight
5.0,0.7272727272727273,Implement / Fight
5.0,0.7373737373737375,Implement / Fight
5.0,0.7474747474747475,Implement / Fight
5.0,0.7575757575757577,Implement / Fight
5.0,0.7676767676767677,Implement / Fight
5.0,0.7777777777777778,Implement / Fight
5.0,0.787878787878788,Implement / Fight
5.0,0.797979797979798,Implement / Fight
5.0,0.8080808080808082,Implement / Fight
5.0,0.8181818181818182,Implement / Fight
5.0,0.8282828282828284,Implement / Fight
5.0,0.8383838383838385,Implement / Fight
5.0,0.8484848484848485,Implement / Fight
5.0,0.8585858585858587,Implement / Fight
5.0,0.8686868686868687,Implement / Fight
5.0,0.8787878787878789,Implement / Fight
5.0,0.888888888888889,Implement / Fight
5.0,0.8989898989898991,Implement / Fight
5.0,0.9090909090909092,Implement / Fight
5.0,0.9191919191919192,Implement / Fight
5.0,0.9292929292929294,Implement / Fight
5.0,0.9393939393939394,Implement / Fight
5.0,0.9494949494949496,Implement / Fight
5.0,0.9595959595959597,Implement / Fight
5.0,0.9696969696969697,Implement / Fight
5.0,0.9797979797979799,Implement / Fight
5.0,0.98989898989899,Implement / Fight
5.0,1.0,Implement / Fight
5.066666666666666,0.0,Absence of Pure Equilibrium
5.066666666666666,0.010101010101010102,Absence of Pure Equilibrium
5.066666666666666,0.020202020202020204,Absence of Pure Equilibrium
5.066666666666666,0.030303030303030304,Implement / Fight
5.066666666666666,0.04040404040404041,Implement / Fight
5.066666666666666,0.05050505050505051,Implement / Fight
5.066666666666666,0.06060606060606061,Implement / Fight
5.066666666666666,0.07070707070707072,Implement / Fight
5.066666666666666,0.08080808080808081,Implement / Fight
5.066666666666666,0.09090909090909091,Implement / Fight
5.066666666666666,0.10101010101010102,Implement / Fight
5.066666666666666,0.11111111111111112,Implement / Fight
5.066666666666666,0.12121212121212122,Implement / Fight
5.066666666666666,0.13131313131313133,Implement / Fight
5.066666666666666,0.14141414141414144,Implement / Fight
5.066666666666666,0.15151515151515152,Implement / Fight
5.066666666666666,0.16161616161616163,Implement / Fight
5.066666666666666,0.17171717171717174,Implement / Fight
5.066666666666666,0.18181818181818182,Implement / Fight
5.066666666666666,0.19191919191919193,Implement / Fight
5.066666666666666,0.20202020202020204,Implement / Fight
5.066666666666666,0.21212121212121213,Implement / Fight
5.066666666666666,0.22222222222222224,Implement / Fight
5.066666666666666,0.23232323232323235,Implement / Fight
5.066666666666666,0.24242424242424243,Implement / Fight
5.066666666666666,0.25252525252525254,Implement / Fight
5.066666666666666,0.26262626262626265,Implement / Fight
5.066666666666666,0.27272727272727276,Implement / Fight
5.066666666666666,0.2828282828282829,Implement / Fight
5.066666666666666,0.29292929292929293,Implement / Fight
5.066666666666666,0.30303030303030304,Implement / Fight
5.066666666666666,0.31313131313131315,Implement / Fight
5.066666666666666,0.32323232323232326,Implement / Fight
5.066666666666666,0.33333333333333337,Implement / Fight
5.066666666666666,0.3434343434343435,Implement / Fight
5.066666666666666,0.3535353535353536,Implement / Fight
5.066666666666666,0.36363636363636365,Implement / Fight
5.066666666666666,0.37373737373737376,Implement / Fight
5.066666666666666,0.38383838383838387,Implement / Fight
5.066666666666666,0.393939393939394,Implement / Fight
5.066666666666666,0.4040404040404041,Implement / Fight
5.066666666666666,0.4141414141414142,Implement / Fight
5.066666666666666,0.42424242424242425,Implement / Fight
5.066666666666666,0.43434343434343436,Implement / Fight
5.066666666666666,0.4444444444444445,Implement / Fight
5.066666666666666,0.4545454545454546,Implement / Fight
5.066666666666666,0.4646464646464647,Implement / Fight
5.066666666666666,0.4747474747474748,Implement / Fight
5.066666666666666,0.48484848484848486,Implement / Fight
5.066666666666666,0.494949494949495,Implement / Fight
5.066666666666666,0.5050505050505051,Implement / Fight
5.066666666666666,0.5151515151515152,Implement / Fight
5.066666666666666,0.5252525252525253,Implement / Fight
5.066666666666666,0.5353535353535354,Implement / Fight
5.066666666666666,0.5454545454545455,Implement / Fight
5.066666666666666,0.5555555555555556,Implement / Fight
5.066666666666666,0.5656565656565657,Implement / Fight
5.066666666666666,0.5757575757575758,Implement / Fight
5.066666666666666,0.5858585858585859,Implement / Fight
5.066666666666666,0.595959595959596,Implement / Fight
5.066666666666666,0.6060606060606061,Implement / Fight
5.066666666666666,0.6161616161616162,Implement / Fight
5.066666666666666,0.6262626262626263,Implement / Fight
5.066666666666666,0.6363636363636365,Implement / Fight
5.066666666666666,0.6464646464646465,Implement / Fight
5.066666666666666,0.6565656565656566,Implement / Fight
5.066666666666666,0.6666666666666667,Implement / Fight
5.066666666666666,0.6767676767676768,Implement / Fight
5.066666666666666,0.686868686868687,Implement / Fight
5.066666666666666,0.696969696969697,Implement / Fight
5.066666666666666,0.7070707070707072,Implement / Fight
5.066666666666666,0.7171717171717172,Implement / Fight
5.066666666666666,0.7272727272727273,Implement / Fight
5.066666666666666,0.7373737373737375,Implement / Fight
5.066666666666666,0.7474747474747475,Implement / Fight
5.066666666666666,0.7575757575757577,Implement / Fight
5.066666666666666,0.7676767676767677,Implement / Fight
5.066666666666666,0.7777777777777778,Implement / Fight
5.066666666666666,0.787878787878788,Implement / Fight
5.066666666666666,0.797979797979798,Implement / Fight
5.066666666666666,0.8080808080808082,Implement / Fight
5.066666666666666,0.8181818181818182,Implement / Fight
5.066666666666666,0.8282828282828284,Implement / Fight
5.066666666666666,0.8383838383838385,Implement / Fight
5.066666666666666,0.8484848484848485,Implement / Fight
5.066666666666666,0.8585858585858587,Implement / Fight
5.066666666666666,0.8686868686868687,Implement / Fight
5.066666666666666,0.8787878787878789,Implement / Fight
5.066666666666666,0.888888888888889,Implement / Fight
5.066666666666666,0.8989898989898991,Implement / Fight
5.066666666666666,0.9090909090909092,Implement / Fight
5.066666666666666,0.9191919191919192,Implement / Fight
5.066666666666666,0.9292929292929294,Implement / Fight
5.066666666666666,0.9393939393939394,Implement / Fight
5.066666666666666,0.9494949494949496,Implement / Fight
5.066666666666666,0.9595959595959597,Implement / Fight
5.066666666666666,0.9696969696969697,Implement / Fight
5.066666666666666,0.9797979797979799,Implement / Fight
5.066666666666666,0.98989898989899,Implement / Fight
5.066666666666666,1.0,Implement / Fight
5.133333333333333,0.0,Absence of Pure Equilibrium
5.133333333333333,0.010101010101010102,Absence of Pure Equilibrium
5.133333333333333,0.020202020202020204,Absence of Pure Equilibrium
5.133333333333333,0.030303030303030304,Implement / Fight
5.133333333333333,0.04040404040404041,Implement / Fight
5.133333333333333,0.05050505050505051,Implement / Fight
5.133333333333333,0.06060606060606061,Implement / Fight
5.133333333333333,0.07070707070707072,Implement / Fight
5.133333333333333,0.08080808080808081,Implement / Fight
5.133333333333333,0.09090909090909091,Implement / Fight
5.133333333333333,0.10101010101010102,Implement / Fight
5.133333333333333,0.11111111111111112,Implement / Fight
5.133333333333333,0.12121212121212122,Implement / Fight
5.133333333333333,0.13131313131313133,Implement / Fight
5.133333333333333,0.14141414141414144,Implement / Fight
5.133333333333333,0.15151515151515152,Implement / Fight
5.133333333333333,0.16161616161616163,Implement / Fight
5.133333333333333,0.17171717171717174,Implement / Fight
5.133333333333333,0.18181818181818182,Implement / Fight
5.133333333333333,0.19191919191919193,Implement / Fight
5.133333333333333,0.20202020202020204,Implement / Fight
5.133333333333333,0.21212121212121213,Implement / Fight
5.133333333333333,0.22222222222222224,Implement / Fight
5.133333333333333,0.23232323232323235,Implement / Fight
5.133333333333333,0.24242424242424243,Implement / Fight
5.133333333333333,0.25252525252525254,Implement / Fight
5.133333333333333,0.26262626262626265,Implement / Fight
5.133333333333333,0.27272727272727276,Implement / Fight
5.133333333333333,0.2828282828282829,Implement / Fight
5.133333333333333,0.29292929292929293,Implement / Fight
5.133333333333333,0.30303030303030304,Implement / Fight
5.133333333333333,0.31313131313131315,Implement / Fight
5.133333333333333,0.32323232323232326,Implement / Fight
5.133333333333333,0.33333333333333337,Implement / Fight
5.133333333333333,0.3434343434343435,Implement / Fight
5.133333333333333,0.3535353535353536,Implement / Fight
5.133333333333333,0.36363636363636365,Implement / Fight
5.133333333333333,0.37373737373737376,Implement / Fight
5.133333333333333,0.38383838383838387,Implement / Fight
5.133333333333333,0.393939393939394,Implement / Fight
5.133333333333333,0.4040404040404041,Implement / Fight
5.133333333333333,0.4141414141414142,Implement / Fight
5.133333333333333,0.42424242424242425,Implement / Fight
5.133333333333333,0.43434343434343436,Implement / Fight
5.133333333333333,0.4444444444444445,Implement / Fight
5.133333333333333,0.4545454545454546,Implement / Fight
5.133333333333333,0.4646464646464647,Implement / Fight
5.133333333333333,0.4747474747474748,Implement / Fight
5.133333333333333,0.48484848484848486,Implement / Fight
5.133333333333333,0.494949494949495,Implement / Fight
5.133333333333333,0.5050505050505051,Implement / Fight
5.133333333333333,0.5151515151515152,Implement / Fight
5.133333333333333,0.5252525252525253,Implement / Fight
5.133333333333333,0.5353535353535354,Implement / Fight
5.133333333333333,0.5454545454545455,Implement / Fight
5.133333333333333,0.5555555555555556,Implement / Fight
5.133333333333333,0.5656565656565657,Implement / Fight
5.133333333333333,0.5757575757575758,Implement / Fight
5.133333333333333,0.5858585858585859,Implement / Fight
5.133333333333333,0.595959595959596,Implement / Fight
5.133333333333333,0.6060606060606061,Implement / Fight
5.133333333333333,0.6161616161616162,Implement / Fight
5.133333333333333,0.6262626262626263,Implement / Fight
5.133333333333333,0.6363636363636365,Implement / Fight
5.133333333333333,0.6464646464646465,Implement / Fight
5.133333333333333,0.6565656565656566,Implement / Fight
5.133333333333333,0.6666666666666667,Implement / Fight
5.133333333333333,0.6767676767676768,Implement / Fight
5.133333333333333,0.686868686868687,Implement / Fight
5.133333333333333,0.696969696969697,Implement / Fight
5.133333333333333,0.7070707070707072,Implement / Fight
5.133333333333333,0.7171717171717172,Implement / Fight
5.133333333333333,0.7272727272727273,Implement / Fight
5.133333333333333,0.7373737373737375,Implement / Fight
5.133333333333333,0.7474747474747475,Implement / Fight
5.133333333333333,0.7575757575757577,Implement / Fight
5.133333333333333,0.7676767676767677,Implement / Fight
5.133333333333333,0.7777777777777778,Implement / Fight
5.133333333333333,0.787878787878788,Implement / Fight
5.133333333333333,0.797979797979798,Implement / Fight
5.133333333333333,0.8080808080808082,Implement / Fight
5.133333333333333,0.8181818181818182,Implement / Fight
5.133333333333333,0.8282828282828284,Implement / Fight
5.133333333333333,0.8383838383838385,Implement / Fight
5.133333333333333,0.8484848484848485,Implement / Fight
5.133333333333333,0.8585858585858587,Implement / Fight
5.133333333333333,0.8686868686868687,Implement / Fight
5.133333333333333,0.8787878787878789,Implement / Fight
5.133333333333333,0.888888888888889,Implement / Fight
5.133333333333333,0.8989898989898991,Implement / Fight
5.133333333333333,0.9090909090909092,Implement / Fight
5.133333333333333,0.9191919191919192,Implement / Fight
5.133333333333333,0.9292929292929294,Implement / Fight
5.133333333333333,0.9393939393939394,Implement / Fight
5.133333333333333,0.9494949494949496,Implement / Fight
5.133333333333333,0.9595959595959597,Implement / Fight
5.133333333333333,0.9696969696969697,Implement / Fight
5.133333333333333,0.9797979797979799,Implement / Fight
5.133333333333333,0.98989898989899,Implement / Fight
5.133333333333333,1.0,Implement / Fight
5.2,0.0,Absence of Pure Equilibrium
5.2,0.010101010101010102,Absence of Pure Equilibrium
5.2,0.020202020202020204,Absence of Pure Equilibrium
5.2,0.030303030303030304,Implement / Fight
5.2,0.04040404040404041,Implement / Fight
5.2,0.05050505050505051,Implement / Fight
5.2,0.06060606060606061,Implement / Fight
5.2,0.07070707070707072,Implement / Fight
5.2,0.08080808080808081,Implement / Fight
5.2,0.09090909090909091,Implement / Fight
5.2,0.10101010101010102,Implement / Fight
5.2,0.11111111111111112,Implement / Fight
5.2,0.12121212121212122,Implement / Fight
5.2,0.13131313131313133,Implement / Fight
5.2,0.14141414141414144,Implement / Fight
5.2,0.15151515151515152,Implement / Fight
5.2,0.16161616161616163,Implement / Fight
5.2,0.17171717171717174,Implement / Fight
5.2,0.18181818181818182,Implement / Fight
5.2,0.19191919191919193,Implement / Fight
5.2,0.20202020202020204,Implement / Fight
5.2,0.21212121212121213,Implement / Fight
5.2,0.22222222222222224,Implement / Fight
5.2,0.23232323232323235,Implement / Fight
5.2,0.24242424242424243,Implement / Fight
5.2,0.25252525252525254,Implement / Fight
5.2,0.26262626262626265,Implement / Fight
5.2,0.27272727272727276,Implement / Fight
5.2,0.2828282828282829,Implement / Fight
5.2,0.29292929292929293,Implement / Fight
5.2,0.30303030303030304,Implement / Fight
5.2,0.31313131313131315,Implement / Fight
5.2,0.32323232323232326,Implement / Fight
5.2,0.33333333333333337,Implement / Fight
5.2,0.3434343434343435,Implement / Fight
5.2,0.3535353535353536,Implement / Fight
5.2,0.36363636363636365,Implement / Fight
5.2,0.37373737373737376,Implement / Fight
5.2,0.38383838383838387,Implement / Fight
5.2,0.393939393939394,Implement / Fight
5.2,0.4040404040404041,Implement / Fight
5.2,0.4141414141414142,Implement / Fight
5.2,0.42424242424242425,Implement / Fight
5.2,0.43434343434343436,Implement / Fight
5.2,0.4444444444444445,Implement / Fight
5.2,0.4545454545454546,Implement / Fight
5.2,0.4646464646464647,Implement / Fight
5.2,0.4747474747474748,Implement / Fight
5.2,0.48484848484848486,Implement / Fight
5.2,0.494949494949495,Implement / Fight
5.2,0.5050505050505051,Implement / Fight
5.2,0.5151515151515152,Implement / Fight
5.2,0.5252525252525253,Implement / Fight
5.2,0.5353535353535354,Implement / Fight
5.2,0.5454545454545455,Implement / Fight
5.2,0.5555555555555556,Implement / Fight
5.2,0.5656565656565657,Implement / Fight
5.2,0.5757575757575758,Implement / Fight
5.2,0.5858585858585859,Implement / Fight
5.2,0.595959595959596,Implement / Fight
5.2,0.6060606060606061,Implement / Fight
5.2,0.6161616161616162,Implement / Fight
5.2,0.6262626262626263,Implement / Fight
5.2,0.6363636363636365,Implement / Fight
5.2,0.6464646464646465,Implement / Fight
5.2,0.6565656565656566,Implement / Fight
5.2,0.6666666666666667,Implement / Fight
5.2,0.6767676767676768,Implement / Fight
5.2,0.686868686868687,Implement / Fight
5.2,0.696969696969697,Implement / Fight
5.2,0.7070707070707072,Implement / Fight
5.2,0.7171717171717172,Implement / Fight
5.2,0.7272727272727273,Implement / Fight
5.2,0.7373737373737375,Implement / Fight
5.2,0.7474747474747475,Implement / Fight
5.2,0.7575757575757577,Implement / Fight
5.2,0.7676767676767677,Implement / Fight
5.2,0.7777777777777778,Implement / Fight
5.2,0.787878787878788,Implement / Fight
5.2,0.797979797979798,Implement / Fight
5.2,0.8080808080808082,Implement / Fight
5.2,0.8181818181818182,Implement / Fight
5.2,0.8282828282828284,Implement / Fight
5.2,0.8383838383838385,Implement / Fight
5.2,0.8484848484848485,Implement / Fight
5.2,0.8585858585858587,Implement / Fight
5.2,0.8686868686868687,Implement / Fight
5.2,0.8787878787878789,Implement / Fight
5.2,0.888888888888889,Implement / Fight
5.2,0.8989898989898991,Implement / Fight
5.2,0.9090909090909092,Implement / Fight
5.2,0.9191919191919192,Implement / Fight
5.2,0.9292929292929294,Implement / Fight
5.2,0.9393939393939394,Implement / Fight
5.2,0.9494949494949496,Implement / Fight
5.2,0.9595959595959597,Implement / Fight
5.2,0.9696969696969697,Implement / Fight
5.2,0.9797979797979799,Implement / Fight
5.2,0.98989898989899,Implement / Fight
5.2,1.0,Implement / Fight
5.266666666666667,0.0,Absence of Pure Equilibrium
5.266666666666667,0.010101010101010102,Absence of Pure Equilibrium
5.266666666666667,0.020202020202020204,Absence of Pure Equilibrium
5.266666666666667,0.030303030303030304,Implement / Fight
5.266666666666667,0.04040404040404041,Implement / Fight
5.266666666666667,0.05050505050505051,Implement / Fight
5.266666666666667,0.06060606060606061,Implement / Fight
5.266666666666667,0.07070707070707072,Implement / Fight
5.266666666666667,0.08080808080808081,Implement / Fight
5.266666666666667,0.09090909090909091,Implement / Fight
5.266666666666667,0.10101010101010102,Implement / Fight
5.266666666666667,0.11111111111111112,Implement / Fight
5.266666666666667,0.12121212121212122,Implement / Fight
5.266666666666667,0.13131313131313133,Implement / Fight
5.266666666666667,0.14141414141414144,Implement / Fight
5.266666666666667,0.15151515151515152,Implement / Fight
5.266666666666667,0.16161616161616163,Implement / Fight
5.266666666666667,0.17171717171717174,Implement / Fight
5.266666666666667,0.18181818181818182,Implement / Fight
5.266666666666667,0.19191919191919193,Implement / Fight
5.266666666666667,0.20202020202020204,Implement / Fight
5.266666666666667,0.21212121212121213,Implement / Fight
5.266666666666667,0.22222222222222224,Implement / Fight
5.266666666666667,0.23232323232323235,Implement / Fight
5.266666666666667,0.24242424242424243,Implement / Fight
5.266666666666667,0.25252525252525254,Implement / Fight
5.266666666666667,0.26262626262626265,Implement / Fight
5.266666666666667,0.27272727272727276,Implement / Fight
5.266666666666667,0.2828282828282829,Implement / Fight
5.266666666666667,0.29292929292929293,Implement / Fight
5.266666666666667,0.30303030303030304,Implement / Fight
5.266666666666667,0.31313131313131315,Implement / Fight
5.266666666666667,0.32323232323232326,Implement / Fight
5.266666666666667,0.33333333333333337,Implement / Fight
5.266666666666667,0.3434343434343435,Implement / Fight
5.266666666666667,0.3535353535353536,Implement / Fight
5.266666666666667,0.36363636363636365,Implement / Fight
5.266666666666667,0.37373737373737376,Implement / Fight
5.266666666666667,0.38383838383838387,Implement / Fight
5.266666666666667,0.393939393939394,Implement / Fight
5.266666666666667,0.4040404040404041,Implement / Fight
5.266666666666667,0.4141414141414142,Implement / Fight
5.266666666666667,0.42424242424242425,Implement / Fight
5.266666666666667,0.43434343434343436,Implement / Fight
5.266666666666667,0.4444444444444445,Implement / Fight
5.266666666666667,0.4545454545454546,Implement / Fight
5.266666666666667,0.4646464646464647,Implement / Fight
5.266666666666667,0.4747474747474748,Implement / Fight
5.266666666666667,0.48484848484848486,Implement / Fight
5.266666666666667,0.494949494949495,Implement / Fight
5.266666666666667,0.5050505050505051,Implement / Fight
5.266666666666667,0.5151515151515152,Implement / Fight
5.266666666666667,0.5252525252525253,Implement / Fight
5.266666666666667,0.5353535353535354,Implement / Fight
5.266666666666667,0.5454545454545455,Implement / Fight
5.266666666666667,0.5555555555555556,Implement / Fight
5.266666666666667,0.5656565656565657,Implement / Fight
5.266666666666667,0.5757575757575758,Implement / Fight
5.266666666666667,0.5858585858585859,Implement / Fight
5.266666666666667,0.595959595959596,Implement / Fight
5.266666666666667,0.6060606060606061,Implement / Fight
5.266666666666667,0.6161616161616162,Implement / Fight
5.266666666666667,0.6262626262626263,Implement / Fight
5.266666666666667,0.6363636363636365,Implement / Fight
5.266666666666667,0.6464646464646465,Implement / Fight
5.266666666666667,0.6565656565656566,Implement / Fight
5.266666666666667,0.6666666666666667,Implement / Fight
5.266666666666667,0.6767676767676768,Implement / Fight
5.266666666666667,0.686868686868687,Implement / Fight
5.266666666666667,0.696969696969697,Implement / Fight
5.266666666666667,0.7070707070707072,Implement / Fight
5.266666666666667,0.7171717171717172,Implement / Fight
5.266666666666667,0.7272727272727273,Implement / Fight
5.266666666666667,0.7373737373737375,Implement / Fight
5.266666666666667,0.7474747474747475,Implement / Fight
5.266666666666667,0.7575757575757577,Implement / Fight
5.266666666666667,0.7676767676767677,Implement / Fight
5.266666666666667,0.7777777777777778,Implement / Fight
5.266666666666667,0.787878787878788,Implement / Fight
5.266666666666667,0.797979797979798,Implement / Fight
5.266666666666667,0.8080808080808082,Implement / Fight
5.266666666666667,0.8181818181818182,Implement / Fight
5.266666666666667,0.8282828282828284,Implement / Fight
5.266666666666667,0.8383838383838385,Implement / Fight
5.266666666666667,0.8484848484848485,Implement / Fight
5.266666666666667,0.8585858585858587,Implement / Fight
5.266666666666667,0.8686868686868687,Implement / Fight
5.266666666666667,0.8787878787878789,Implement / Fight
5.266666666666667,0.888888888888889,Implement / Fight
5.266666666666667,0.8989898989898991,Implement / Fight
5.266666666666667,0.9090909090909092,Implement / Fight
5.266666666666667,0.9191919191919192,Implement / Fight
5.266666666666667,0.9292929292929294,Implement / Fight
5.266666666666667,0.9393939393939394,Implement / Fight
5.266666666666667,0.9494949494949496,Implement / Fight
5.266666666666667,0.9595959595959597,Implement / Fight
5.266666666666667,0.9696969696969697,Implement / Fight
5.266666666666667,0.9797979797979799,Implement / Fight
5.266666666666667,0.98989898989899,Implement / Fight
5.266666666666667,1.0,Implement / Fight
5.333333333333333,0.0,Absence of Pure Equilibrium
5.333333333333333,0.010101010101010102,Absence of Pure Equilibrium
5.333333333333333,0.020202020202020204,Absence of Pure Equilibrium
5.333333333333333,0.030303030303030304,Implement / Fight
5.333333333333333,0.04040404040404041,Implement / Fight
5.333333333333333,0.05050505050505051,Implement / Fight
5.333333333333333,0.06060606060606061,Implement / Fight
5.333333333333333,0.07070707070707072,Implement / Fight
5.333333333333333,0.08080808080808081,Implement / Fight
5.333333333333333,0.09090909090909091,Implement / Fight
5.333333333333333,0.10101010101010102,Implement / Fight
5.333333333333333,0.11111111111111112,Implement / Fight
5.333333333333333,0.12121212121212122,Implement / Fight
5.333333333333333,0.13131313131313133,Implement / Fight
5.333333333333333,0.14141414141414144,Implement / Fight
5.333333333333333,0.15151515151515152,Implement / Fight
5.333333333333333,0.16161616161616163,Implement / Fight
5.333333333333333,0.17171717171717174,Implement / Fight
5.333333333333333,0.18181818181818182,Implement / Fight
5.333333333333333,0.19191919191919193,Implement / Fight
5.333333333333333,0.20202020202020204,Implement / Fight
5.333333333333333,0.21212121212121213,Implement / Fight
5.333333333333333,0.22222222222222224,Implement / Fight
5.333333333333333,0.23232323232323235,Implement / Fight
5.333333333333333,0.24242424242424243,Implement / Fight
5.333333333333333,0.25252525252525254,Implement / Fight
5.333333333333333,0.26262626262626265,Implement / Fight
5.333333333333333,0.27272727272727276,Implement / Fight
5.333333333333333,0.2828282828282829,Implement / Fight
5.333333333333333,0.29292929292929293,Implement / Fight
5.333333333333333,0.30303030303030304,Implement / Fight
5.333333333333333,0.31313131313131315,Implement / Fight
5.333333333333333,0.32323232323232326,Implement / Fight
5.333333333333333,0.33333333333333337,Implement / Fight
5.333333333333333,0.3434343434343435,Implement / Fight
5.333333333333333,0.3535353535353536,Implement / Fight
5.333333333333333,0.36363636363636365,Implement / Fight
5.333333333333333,0.37373737373737376,Implement / Fight
5.333333333333333,0.38383838383838387,Implement / Fight
5.333333333333333,0.393939393939394,Implement / Fight
5.333333333333333,0.4040404040404041,Implement / Fight
5.333333333333333,0.4141414141414142,Implement / Fight
5.333333333333333,0.42424242424242425,Implement / Fight
5.333333333333333,0.43434343434343436,Implement / Fight
5.333333333333333,0.4444444444444445,Implement / Fight
5.333333333333333,0.4545454545454546,Implement / Fight
5.333333333333333,0.4646464646464647,Implement / Fight
5.333333333333333,0.4747474747474748,Implement / Fight
5.333333333333333,0.48484848484848486,Implement / Fight
5.333333333333333,0.494949494949495,Implement / Fight
5.333333333333333,0.5050505050505051,Implement / Fight
5.333333333333333,0.5151515151515152,Implement / Fight
5.333333333333333,0.5252525252525253,Implement / Fight
5.333333333333333,0.5353535353535354,Implement / Fight
5.333333333333333,0.5454545454545455,Implement / Fight
5.333333333333333,0.5555555555555556,Implement / Fight
5.333333333333333,0.5656565656565657,Implement / Fight
5.333333333333333,0.5757575757575758,Implement / Fight
5.333333333333333,0.5858585858585859,Implement / Fight
5.333333333333333,0.595959595959596,Implement / Fight
5.333333333333333,0.6060606060606061,Implement / Fight
5.333333333333333,0.6161616161616162,Implement / Fight
5.333333333333333,0.6262626262626263,Implement / Fight
5.333333333333333,0.6363636363636365,Implement / Fight
5.333333333333333,0.6464646464646465,Implement / Fight
5.333333333333333,0.6565656565656566,Implement / Fight
5.333333333333333,0.6666666666666667,Implement / Fight
5.333333333333333,0.6767676767676768,Implement / Fight
5.333333333333333,0.686868686868687,Implement / Fight
5.333333333333333,0.696969696969697,Implement / Fight
5.333333333333333,0.7070707070707072,Implement / Fight
5.333333333333333,0.7171717171717172,Implement / Fight
5.333333333333333,0.7272727272727273,Implement / Fight
5.333333333333333,0.7373737373737375,Implement / Fight
5.333333333333333,0.7474747474747475,Implement / Fight
5.333333333333333,0.7575757575757577,Implement / Fight
5.333333333333333,0.7676767676767677,Implement / Fight
5.333333333333333,0.7777777777777778,Implement / Fight
5.333333333333333,0.787878787878788,Implement / Fight
5.333333333333333,0.797979797979798,Implement / Fight
5.333333333333333,0.8080808080808082,Implement / Fight
5.333333333333333,0.8181818181818182,Implement / Fight
5.333333333333333,0.8282828282828284,Implement / Fight
5.333333333333333,0.8383838383838385,Implement / Fight
5.333333333333333,0.8484848484848485,Implement / Fight
5.333333333333333,0.8585858585858587,Implement / Fight
5.333333333333333,0.8686868686868687,Implement / Fight
5.333333333333333,0.8787878787878789,Implement / Fight
5.333333333333333,0.888888888888889,Implement / Fight
5.333333333333333,0.8989898989898991,Implement / Fight
5.333333333333333,0.9090909090909092,Implement / Fight
5.333333333333333,0.9191919191919192,Implement / Fight
5.333333333333333,0.9292929292929294,Implement / Fight
5.333333333333333,0.9393939393939394,Implement / Fight
5.333333333333333,0.9494949494949496,Implement / Fight
5.333333333333333,0.9595959595959597,Implement / Fight
5.333333333333333,0.9696969696969697,Implement / Fight
5.333333333333333,0.9797979797979799,Implement / Fight
5.333333333333333,0.98989898989899,Implement / Fight
5.333333333333333,1.0,Implement / Fight
5.4,0.0,Absence of Pure Equilibrium
5.4,0.010101010101010102,Absence of Pure Equilibrium
5.4,0.020202020202020204,Absence of Pure Equilibrium
5.4,0.030303030303030304,Implement / Fight
5.4,0.04040404040404041,Implement / Fight
5.4,0.05050505050505051,Implement / Fight
5.4,0.06060606060606061,Implement / Fight
5.4,0.07070707070707072,Implement / Fight
5.4,0.08080808080808081,Implement / Fight
5.4,0.09090909090909091,Implement / Fight
5.4,0.10101010101010102,Implement / Fight
5.4,0.11111111111111112,Implement / Fight
5.4,0.12121212121212122,Implement / Fight
5.4,0.13131313131313133,Implement / Fight
5.4,0.14141414141414144,Implement / Fight
5.4,0.15151515151515152,Implement / Fight
5.4,0.16161616161616163,Implement / Fight
5.4,0.17171717171717174,Implement / Fight
5.4,0.18181818181818182,Implement / Fight
5.4,0.19191919191919193,Implement / Fight
5.4,0.20202020202020204,Implement / Fight
5.4,0.21212121212121213,Implement / Fight
5.4,0.22222222222222224,Implement / Fight
5.4,0.23232323232323235,Implement / Fight
5.4,0.24242424242424243,Implement / Fight
5.4,0.25252525252525254,Implement / Fight
5.4,0.26262626262626265,Implement / Fight
5.4,0.27272727272727276,Implement / Fight
5.4,0.2828282828282829,Implement / Fight
5.4,0.29292929292929293,Implement / Fight
5.4,0.30303030303030304,Implement / Fight
5.4,0.31313131313131315,Implement / Fight
5.4,0.32323232323232326,Implement / Fight
5.4,0.33333333333333337,Implement / Fight
5.4,0.3434343434343435,Implement / Fight
5.4,0.3535353535353536,Implement / Fight
5.4,0.36363636363636365,Implement / Fight
5.4,0.37373737373737376,Implement / Fight
5.4,0.38383838383838387,Implement / Fight
5.4,0.393939393939394,Implement / Fight
5.4,0.4040404040404041,Implement / Fight
5.4,0.4141414141414142,Implement / Fight
5.4,0.42424242424242425,Implement / Fight
5.4,0.43434343434343436,Implement / Fight
5.4,0.4444444444444445,Implement / Fight
5.4,0.4545454545454546,Implement / Fight
5.4,0.4646464646464647,Implement / Fight
5.4,0.4747474747474748,Implement / Fight
5.4,0.48484848484848486,Implement / Fight
5.4,0.494949494949495,Implement / Fight
5.4,0.5050505050505051,Implement / Fight
5.4,0.5151515151515152,Implement / Fight
5.4,0.5252525252525253,Implement / Fight
5.4,0.5353535353535354,Implement / Fight
5.4,0.5454545454545455,Implement / Fight
5.4,0.5555555555555556,Implement / Fight
5.4,0.5656565656565657,Implement / Fight
5.4,0.5757575757575758,Implement / Fight
5.4,0.5858585858585859,Implement / Fight
5.4,0.595959595959596,Implement / Fight
5.4,0.6060606060606061,Implement / Fight
5.4,0.6161616161616162,Implement / Fight
5.4,0.6262626262626263,Implement / Fight
5.4,0.6363636363636365,Implement / Fight
5.4,0.6464646464646465,Implement / Fight
5.4,0.6565656565656566,Implement / Fight
5.4,0.6666666666666667,Implement / Fight
5.4,0.6767676767676768,Implement / Fight
5.4,0.686868686868687,Implement / Fight
5.4,0.696969696969697,Implement / Fight
5.4,0.7070707070707072,Implement / Fight
5.4,0.7171717171717172,Implement / Fight
5.4,0.7272727272727273,Implement / Fight
5.4,0.7373737373737375,Implement / Fight
5.4,0.7474747474747475,Implement / Fight
5.4,0.7575757575757577,Implement / Fight
5.4,0.7676767676767677,Implement / Fight
5.4,0.7777777777777778,Implement / Fight
5.4,0.787878787878788,Implement / Fight
5.4,0.797979797979798,Implement / Fight
5.4,0.8080808080808082,Implement / Fight
5.4,0.8181818181818182,Implement / Fight
5.4,0.8282828282828284,Implement / Fight
5.4,0.8383838383838385,Implement / Fight
5.4,0.8484848484848485,Implement / Fight
5.4,0.8585858585858587,Implement / Fight
5.4,0.8686868686868687,Implement / Fight
5.4,0.8787878787878789,Implement / Fight
5.4,0.888888888888889,Implement / Fight
5.4,0.8989898989898991,Implement / Fight
5.4,0.9090909090909092,Implement / Fight
5.4,0.9191919191919192,Implement / Fight
5.4,0.9292929292929294,Implement / Fight
5.4,0.9393939393939394,Implement / Fight
5.4,0.9494949494949496,Implement / Fight
5.4,0.9595959595959597,Implement / Fight
5.4,0.9696969696969697,Implement / Fight
5.4,0.9797979797979799,Implement / Fight
5.4,0.98989898989899,Implement / Fight
5.4,1.0,Implement / Fight
5.466666666666667,0.0,Absence of Pure Equilibrium
5.466666666666667,0.010101010101010102,Absence of Pure Equilibrium
5.466666666666667,0.020202020202020204,Absence of Pure Equilibrium
5.466666666666667,0.030303030303030304,Implement / Fight
5.466666666666667,0.04040404040404041,Implement / Fight
5.466666666666667,0.05050505050505051,Implement / Fight
5.466666666666667,0.06060606060606061,Implement / Fight
5.466666666666667,0.07070707070707072,Implement / Fight
5.466666666666667,0.08080808080808081,Implement / Fight
5.466666666666667,0.09090909090909091,Implement / Fight
5.466666666666667,0.10101010101010102,Implement / Fight
5.466666666666667,0.11111111111111112,Implement / Fight
5.466666666666667,0.12121212121212122,Implement / Fight
5.466666666666667,0.13131313131313133,Implement / Fight
5.466666666666667,0.14141414141414144,Implement / Fight
5.466666666666667,0.15151515151515152,Implement / Fight
5.466666666666667,0.16161616161616163,Implement / Fight
5.466666666666667,0.17171717171717174,Implement / Fight
5.466666666666667,0.18181818181818182,Implement / Fight
5.466666666666667,0.19191919191919193,Implement / Fight
5.466666666666667,0.20202020202020204,Implement / Fight
5.466666666666667,0.21212121212121213,Implement / Fight
5.466666666666667,0.22222222222222224,Implement / Fight
5.466666666666667,0.23232323232323235,Implement / Fight
5.466666666666667,0.24242424242424243,Implement / Fight
5.466666666666667,0.25252525252525254,Implement / Fight
5.466666666666667,0.26262626262626265,Implement / Fight
5.466666666666667,0.27272727272727276,Implement / Fight
5.466666666666667,0.2828282828282829,Implement / Fight
5.466666666666667,0.29292929292929293,Implement / Fight
5.466666666666667,0.30303030303030304,Implement / Fight
5.466666666666667,0.31313131313131315,Implement / Fight
5.466666666666667,0.32323232323232326,Implement / Fight
5.466666666666667,0.33333333333333337,Implement / Fight
5.466666666666667,0.3434343434343435,Implement / Fight
5.466666666666667,0.3535353535353536,Implement / Fight
5.466666666666667,0.36363636363636365,Implement / Fight
5.466666666666667,0.37373737373737376,Implement / Fight
5.466666666666667,0.38383838383838387,Implement / Fight
5.466666666666667,0.393939393939394,Implement / Fight
5.466666666666667,0.4040404040404041,Implement / Fight
5.466666666666667,0.4141414141414142,Implement / Fight
5.466666666666667,0.42424242424242425,Implement / Fight
5.466666666666667,0.43434343434343436,Implement / Fight
5.466666666666667,0.4444444444444445,Implement / Fight
5.466666666666667,0.4545454545454546,Implement / Fight
5.466666666666667,0.4646464646464647,Implement / Fight
5.466666666666667,0.4747474747474748,Implement / Fight
5.466666666666667,0.48484848484848486,Implement / Fight
5.466666666666667,0.494949494949495,Implement / Fight
5.466666666666667,0.5050505050505051,Implement / Fight
5.466666666666667,0.5151515151515152,Implement / Fight
5.466666666666667,0.5252525252525253,Implement / Fight
5.466666666666667,0.5353535353535354,Implement / Fight
5.466666666666667,0.5454545454545455,Implement / Fight
5.466666666666667,0.5555555555555556,Implement / Fight
5.466666666666667,0.5656565656565657,Implement / Fight
5.466666666666667,0.5757575757575758,Implement / Fight
5.466666666666667,0.5858585858585859,Implement / Fight
5.466666666666667,0.595959595959596,Implement / Fight
5.466666666666667,0.6060606060606061,Implement / Fight
5.466666666666667,0.6161616161616162,Implement / Fight
5.466666666666667,0.6262626262626263,Implement / Fight
5.466666666666667,0.6363636363636365,Implement / Fight
5.466666666666667,0.6464646464646465,Implement / Fight
5.466666666666667,0.6565656565656566,Implement / Fight
5.466666666666667,0.6666666666666667,Implement / Fight
5.466666666666667,0.6767676767676768,Implement / Fight
5.466666666666667,0.686868686868687,Implement / Fight
5.466666666666667,0.696969696969697,Implement / Fight
5.466666666666667,0.7070707070707072,Implement / Fight
5.466666666666667,0.7171717171717172,Implement / Fight
5.466666666666667,0.7272727272727273,Implement / Fight
5.466666666666667,0.7373737373737375,Implement / Fight
5.466666666666667,0.7474747474747475,Implement / Fight
5.466666666666667,0.7575757575757577,Implement / Fight
5.466666666666667,0.7676767676767677,Implement / Fight
5.466666666666667,0.7777777777777778,Implement / Fight
5.466666666666667,0.787878787878788,Implement / Fight
5.466666666666667,0.797979797979798,Implement / Fight
5.466666666666667,0.8080808080808082,Implement / Fight
5.466666666666667,0.8181818181818182,Implement / Fight
5.466666666666667,0.8282828282828284,Implement / Fight
5.466666666666667,0.8383838383838385,Implement / Fight
5.466666666666667,0.8484848484848485,Implement / Fight
5.466666666666667,0.8585858585858587,Implement / Fight
5.466666666666667,0.8686868686868687,Implement / Fight
5.466666666666667,0.8787878787878789,Implement / Fight
5.466666666666667,0.888888888888889,Implement / Fight
5.466666666666667,0.8989898989898991,Implement / Fight
5.466666666666667,0.9090909090909092,Implement / Fight
5.466666666666667,0.9191919191919192,Implement / Fight
5.466666666666667,0.9292929292929294,Implement / Fight
5.466666666666667,0.9393939393939394,Implement / Fight
5.466666666666667,0.9494949494949496,Implement / Fight
5.466666666666667,0.9595959595959597,Implement / Fight
5.466666666666667,0.9696969696969697,Implement / Fight
5.466666666666667,0.9797979797979799,Implement / Fight
5.466666666666667,0.98989898989899,Implement / Fight
5.466666666666667,1.0,Implement / Fight
5.533333333333333,0.0,Absence of Pure Equilibrium
5.533333333333333,0.010101010101010102,Absence of Pure Equilibrium
5.533333333333333,0.020202020202020204,Absence of Pure Equilibrium
5.533333333333333,0.030303030303030304,Implement / Fight
5.533333333333333,0.04040404040404041,Implement / Fight
5.533333333333333,0.05050505050505051,Implement / Fight
5.533333333333333,0.06060606060606061,Implement / Fight
5.533333333333333,0.07070707070707072,Implement / Fight
5.533333333333333,0.08080808080808081,Implement / Fight
5.533333333333333,0.09090909090909091,Implement / Fight
5.533333333333333,0.10101010101010102,Implement / Fight
5.533333333333333,0.11111111111111112,Implement / Fight
5.533333333333333,0.12121212121212122,Implement / Fight
5.533333333333333,0.13131313131313133,Implement / Fight
5.533333333333333,0.14141414141414144,Implement / Fight
5.533333333333333,0.15151515151515152,Implement / Fight
5.533333333333333,0.16161616161616163,Implement / Fight
5.533333333333333,0.17171717171717174,Implement / Fight
5.533333333333333,0.18181818181818182,Implement / Fight
5.533333333333333,0.19191919191919193,Implement / Fight
5.533333333333333,0.20202020202020204,Implement / Fight
5.533333333333333,0.21212121212121213,Implement / Fight
5.533333333333333,0.22222222222222224,Implement / Fight
5.533333333333333,0.23232323232323235,Implement / Fight
5.533333333333333,0.24242424242424243,Implement / Fight
5.533333333333333,0.25252525252525254,Implement / Fight
5.533333333333333,0.26262626262626265,Implement / Fight
5.533333333333333,0.27272727272727276,Implement / Fight
5.533333333333333,0.2828282828282829,Implement / Fight
5.533333333333333,0.29292929292929293,Implement / Fight
5.533333333333333,0.30303030303030304,Implement / Fight
5.533333333333333,0.31313131313131315,Implement / Fight
5.533333333333333,0.32323232323232326,Implement / Fight
5.533333333333333,0.33333333333333337,Implement / Fight
5.533333333333333,0.3434343434343435,Implement / Fight
5.533333333333333,0.3535353535353536,Implement / Fight
5.533333333333333,0.36363636363636365,Implement / Fight
5.533333333333333,0.37373737373737376,Implement / Fight
5.533333333333333,0.38383838383838387,Implement / Fight
5.533333333333333,0.393939393939394,Implement / Fight
5.533333333333333,0.4040404040404041,Implement / Fight
5.533333333333333,0.4141414141414142,Implement / Fight
5.533333333333333,0.42424242424242425,Implement / Fight
5.533333333333333,0.43434343434343436,Implement / Fight
5.533333333333333,0.4444444444444445,Implement / Fight
5.533333333333333,0.4545454545454546,Implement / Fight
5.533333333333333,0.4646464646464647,Implement / Fight
5.533333333333333,0.4747474747474748,Implement / Fight
5.533333333333333,0.48484848484848486,Implement / Fight
5.533333333333333,0.494949494949495,Implement / Fight
5.533333333333333,0.5050505050505051,Implement / Fight
5.533333333333333,0.5151515151515152,Implement / Fight
5.533333333333333,0.5252525252525253,Implement / Fight
5.533333333333333,0.5353535353535354,Implement / Fight
5.533333333333333,0.5454545454545455,Implement / Fight
5.533333333333333,0.5555555555555556,Implement / Fight
5.533333333333333,0.5656565656565657,Implement / Fight
5.533333333333333,0.5757575757575758,Implement / Fight
5.533333333333333,0.5858585858585859,Implement / Fight
5.533333333333333,0.595959595959596,Implement / Fight
5.533333333333333,0.6060606060606061,Implement / Fight
5.533333333333333,0.6161616161616162,Implement / Fight
5.533333333333333,0.6262626262626263,Implement / Fight
5.533333333333333,0.6363636363636365,Implement / Fight
5.533333333333333,0.6464646464646465,Implement / Fight
5.533333333333333,0.6565656565656566,Implement / Fight
5.533333333333333,0.6666666666666667,Implement / Fight
5.533333333333333,0.6767676767676768,Implement / Fight
5.533333333333333,0.686868686868687,Implement / Fight
5.533333333333333,0.696969696969697,Implement / Fight
5.533333333333333,0.7070707070707072,Implement / Fight
5.533333333333333,0.7171717171717172,Implement / Fight
5.533333333333333,0.7272727272727273,Implement / Fight
5.533333333333333,0.7373737373737375,Implement / Fight
5.533333333333333,0.7474747474747475,Implement / Fight
5.533333333333333,0.7575757575757577,Implement / Fight
5.533333333333333,0.7676767676767677,Implement / Fight
5.533333333333333,0.7777777777777778,Implement / Fight
5.533333333333333,0.787878787878788,Implement / Fight
5.533333333333333,0.797979797979798,Implement / Fight
5.533333333333333,0.8080808080808082,Implement / Fight
5.533333333333333,0.8181818181818182,Implement / Fight
5.533333333333333,0.8282828282828284,Implement / Fight
5.533333333333333,0.8383838383838385,Implement / Fight
5.533333333333333,0.8484848484848485,Implement / Fight
5.533333333333333,0.8585858585858587,Implement / Fight
5.533333333333333,0.8686868686868687,Implement / Fight
5.533333333333333,0.8787878787878789,Implement / Fight
5.533333333333333,0.888888888888889,Implement / Fight
5.533333333333333,0.8989898989898991,Implement / Fight
5.533333333333333,0.9090909090909092,Implement / Fight
5.533333333333333,0.9191919191919192,Implement / Fight
5.533333333333333,0.9292929292929294,Implement / Fight
5.533333333333333,0.9393939393939394,Implement / Fight
5.533333333333333,0.9494949494949496,Implement / Fight
5.533333333333333,0.9595959595959597,Implement / Fight
5.533333333333333,0.9696969696969697,Implement / Fight
5.533333333333333,0.9797979797979799,Implement / Fight
5.533333333333333,0.98989898989899,Implement / Fight
5.533333333333333,1.0,Implement / Fight
5.6,0.0,Absence of Pure Equilibrium
5.6,0.010101010101010102,Absence of Pure Equilibrium
5.6,0.020202020202020204,Absence of Pure Equilibrium
5.6,0.030303030303030304,Implement / Fight
5.6,0.04040404040404041,Implement / Fight
5.6,0.05050505050505051,Implement / Fight
5.6,0.06060606060606061,Implement / Fight
5.6,0.07070707070707072,Implement / Fight
5.6,0.08080808080808081,Implement / Fight
5.6,0.09090909090909091,Implement / Fight
5.6,0.10101010101010102,Implement / Fight
5.6,0.11111111111111112,Implement / Fight
5.6,0.12121212121212122,Implement / Fight
5.6,0.13131313131313133,Implement / Fight
5.6,0.14141414141414144,Implement / Fight
5.6,0.15151515151515152,Implement / Fight
5.6,0.16161616161616163,Implement / Fight
5.6,0.17171717171717174,Implement / Fight
5.6,0.18181818181818182,Implement / Fight
5.6,0.19191919191919193,Implement / Fight
5.6,0.20202020202020204,Implement / Fight
5.6,0.21212121212121213,Implement / Fight
5.6,0.22222222222222224,Implement / Fight
5.6,0.23232323232323235,Implement / Fight
5.6,0.24242424242424243,Implement / Fight
5.6,0.25252525252525254,Implement / Fight
5.6,0.26262626262626265,Implement / Fight
5.6,0.27272727272727276,Implement / Fight
5.6,0.2828282828282829,Implement / Fight
5.6,0.29292929292929293,Implement / Fight
5.6,0.30303030303030304,Implement / Fight
5.6,0.31313131313131315,Implement / Fight
5.6,0.32323232323232326,Implement / Fight
5.6,0.33333333333333337,Implement / Fight
5.6,0.3434343434343435,Implement / Fight
5.6,0.3535353535353536,Implement / Fight
5.6,0.36363636363636365,Implement / Fight
5.6,0.37373737373737376,Implement / Fight
5.6,0.38383838383838387,Implement / Fight
5.6,0.393939393939394,Implement / Fight
5.6,0.4040404040404041,Implement / Fight
5.6,0.4141414141414142,Implement / Fight
5.6,0.42424242424242425,Implement / Fight
5.6,0.43434343434343436,Implement / Fight
5.6,0.4444444444444445,Implement / Fight
5.6,0.4545454545454546,Implement / Fight
5.6,0.4646464646464647,Implement / Fight
5.6,0.4747474747474748,Implement / Fight
5.6,0.48484848484848486,Implement / Fight
5.6,0.494949494949495,Implement / Fight
5.6,0.5050505050505051,Implement / Fight
5.6,0.5151515151515152,Implement / Fight
5.6,0.5252525252525253,Implement / Fight
5.6,0.5353535353535354,Implement / Fight
5.6,0.5454545454545455,Implement / Fight
5.6,0.5555555555555556,Implement / Fight
5.6,0.5656565656565657,Implement / Fight
5.6,0.5757575757575758,Implement / Fight
5.6,0.5858585858585859,Implement / Fight
5.6,0.595959595959596,Implement / Fight
5.6,0.6060606060606061,Implement / Fight
5.6,0.6161616161616162,Implement / Fight
5.6,0.6262626262626263,Implement / Fight
5.6,0.6363636363636365,Implement / Fight
5.6,0.6464646464646465,Implement / Fight
5.6,0.6565656565656566,Implement / Fight
5.6,0.6666666666666667,Implement / Fight
5.6,0.6767676767676768,Implement / Fight
5.6,0.686868686868687,Implement / Fight
5.6,0.696969696969697,Implement / Fight
5.6,0.7070707070707072,Implement / Fight
5.6,0.7171717171717172,Implement / Fight
5.6,0.7272727272727273,Implement / Fight
5.6,0.7373737373737375,Implement / Fight
5.6,0.7474747474747475,Implement / Fight
5.6,0.7575757575757577,Implement / Fight
5.6,0.7676767676767677,Implement / Fight
5.6,0.7777777777777778,Implement / Fight
5.6,0.787878787878788,Implement / Fight
5.6,0.797979797979798,Implement / Fight
5.6,0.8080808080808082,Implement / Fight
5.6,0.8181818181818182,Implement / Fight
5.6,0.8282828282828284,Implement / Fight
5.6,0.8383838383838385,Implement / Fight
5.6,0.8484848484848485,Implement / Fight
5.6,0.8585858585858587,Implement / Fight
5.6,0.8686868686868687,Implement / Fight
5.6,0.8787878787878789,Implement / Fight
5.6,0.888888888888889,Implement / Fight
5.6,0.8989898989898991,Implement / Fight
5.6,0.9090909090909092,Implement / Fight
5.6,0.9191919191919192,Implement / Fight
5.6,0.9292929292929294,Implement / Fight
5.6,0.9393939393939394,Implement / Fight
5.6,0.9494949494949496,Implement / Fight
5.6,0.9595959595959597,Implement / Fight
5.6,0.9696969696969697,Implement / Fight
5.6,0.9797979797979799,Implement / Fight
5.6,0.98989898989899,Implement / Fight
5.6,1.0,Implement / Fight
5.666666666666667,0.0,Absence of Pure Equilibrium
5.666666666666667,0.010101010101010102,Absence of Pure Equilibrium
5.666666666666667,0.020202020202020204,Absence of Pure Equilibrium
5.666666666666667,0.030303030303030304,Implement / Fight
5.666666666666667,0.04040404040404041,Implement / Fight
5.666666666666667,0.05050505050505051,Implement / Fight
5.666666666666667,0.06060606060606061,Implement / Fight
5.666666666666667,0.07070707070707072,Implement / Fight
5.666666666666667,0.08080808080808081,Implement / Fight
5.666666666666667,0.09090909090909091,Implement / Fight
5.666666666666667,0.10101010101010102,Implement / Fight
5.666666666666667,0.11111111111111112,Implement / Fight
5.666666666666667,0.12121212121212122,Implement / Fight
5.666666666666667,0.13131313131313133,Implement / Fight
5.666666666666667,0.14141414141414144,Implement / Fight
5.666666666666667,0.15151515151515152,Implement / Fight
5.666666666666667,0.16161616161616163,Implement / Fight
5.666666666666667,0.17171717171717174,Implement / Fight
5.666666666666667,0.18181818181818182,Implement / Fight
5.666666666666667,0.19191919191919193,Implement / Fight
5.666666666666667,0.20202020202020204,Implement / Fight
5.666666666666667,0.21212121212121213,Implement / Fight
5.666666666666667,0.22222222222222224,Implement / Fight
5.666666666666667,0.23232323232323235,Implement / Fight
5.666666666666667,0.24242424242424243,Implement / Fight
5.666666666666667,0.25252525252525254,Implement / Fight
5.666666666666667,0.26262626262626265,Implement / Fight
5.666666666666667,0.27272727272727276,Implement / Fight
5.666666666666667,0.2828282828282829,Implement / Fight
5.666666666666667,0.29292929292929293,Implement / Fight
5.666666666666667,0.30303030303030304,Implement / Fight
5.666666666666667,0.31313131313131315,Implement / Fight
5.666666666666667,0.32323232323232326,Implement / Fight
5.666666666666667,0.33333333333333337,Implement / Fight
5.666666666666667,0.3434343434343435,Implement / Fight
5.666666666666667,0.3535353535353536,Implement / Fight
5.666666666666667,0.36363636363636365,Implement / Fight
5.666666666666667,0.37373737373737376,Implement / Fight
5.666666666666667,0.38383838383838387,Implement / Fight
5.666666666666667,0.393939393939394,Implement / Fight
5.666666666666667,0.4040404040404041,Implement / Fight
5.666666666666667,0.4141414141414142,Implement / Fight
5.666666666666667,0.42424242424242425,Implement / Fight
5.666666666666667,0.43434343434343436,Implement / Fight
5.666666666666667,0.4444444444444445,Implement / Fight
5.666666666666667,0.4545454545454546,Implement / Fight
5.666666666666667,0.4646464646464647,Implement / Fight
5.666666666666667,0.4747474747474748,Implement / Fight
5.666666666666667,0.48484848484848486,Implement / Fight
5.666666666666667,0.494949494949495,Implement / Fight
5.666666666666667,0.5050505050505051,Implement / Fight
5.666666666666667,0.5151515151515152,Implement / Fight
5.666666666666667,0.5252525252525253,Implement / Fight
5.666666666666667,0.5353535353535354,Implement / Fight
5.666666666666667,0.5454545454545455,Implement / Fight
5.666666666666667,0.5555555555555556,Implement / Fight
5.666666666666667,0.5656565656565657,Implement / Fight
5.666666666666667,0.5757575757575758,Implement / Fight
5.666666666666667,0.5858585858585859,Implement / Fight
5.666666666666667,0.595959595959596,Implement / Fight
5.666666666666667,0.6060606060606061,Implement / Fight
5.666666666666667,0.6161616161616162,Implement / Fight
5.666666666666667,0.6262626262626263,Implement / Fight
5.666666666666667,0.6363636363636365,Implement / Fight
5.666666666666667,0.6464646464646465,Implement / Fight
5.666666666666667,0.6565656565656566,Implement / Fight
5.666666666666667,0.6666666666666667,Implement / Fight
5.666666666666667,0.6767676767676768,Implement / Fight
5.666666666666667,0.686868686868687,Implement / Fight
5.666666666666667,0.696969696969697,Implement / Fight
5.666666666666667,0.7070707070707072,Implement / Fight
5.666666666666667,0.7171717171717172,Implement / Fight
5.666666666666667,0.7272727272727273,Implement / Fight
5.666666666666667,0.7373737373737375,Implement / Fight
5.666666666666667,0.7474747474747475,Implement / Fight
5.666666666666667,0.7575757575757577,Implement / Fight
5.666666666666667,0.7676767676767677,Implement / Fight
5.666666666666667,0.7777777777777778,Implement / Fight
5.666666666666667,0.787878787878788,Implement / Fight
5.666666666666667,0.797979797979798,Implement / Fight
5.666666666666667,0.8080808080808082,Implement / Fight
5.666666666666667,0.8181818181818182,Implement / Fight
5.666666666666667,0.8282828282828284,Implement / Fight
5.666666666666667,0.8383838383838385,Implement / Fight
5.666666666666667,0.8484848484848485,Implement / Fight
5.666666666666667,0.8585858585858587,Implement / Fight
5.666666666666667,0.8686868686868687,Implement / Fight
5.666666666666667,0.8787878787878789,Implement / Fight
5.666666666666667,0.888888888888889,Implement / Fight
5.666666666666667,0.8989898989898991,Implement / Fight
5.666666666666667,0.9090909090909092,Implement / Fight
5.666666666666667,0.9191919191919192,Implement / Fight
5.666666666666667,0.9292929292929294,Implement / Fight
5.666666666666667,0.9393939393939394,Implement / Fight
5.666666666666667,0.9494949494949496,Implement / Fight
5.666666666666667,0.9595959595959597,Implement / Fight
5.666666666666667,0.9696969696969697,Implement / Fight
5.666666666666667,0.9797979797979799,Implement / Fight
5.666666666666667,0.98989898989899,Implement / Fight
5.666666666666667,1.0,Implement / Fight
5.733333333333333,0.0,Absence of Pure Equilibrium
5.733333333333333,0.010101010101010102,Absence of Pure Equilibrium
5.733333333333333,0.020202020202020204,Absence of Pure Equilibrium
5.733333333333333,0.030303030303030304,Implement / Fight
5.733333333333333,0.04040404040404041,Implement / Fight
5.733333333333333,0.05050505050505051,Implement / Fight
5.733333333333333,0.06060606060606061,Implement / Fight
5.733333333333333,0.07070707070707072,Implement / Fight
5.733333333333333,0.08080808080808081,Implement / Fight
5.733333333333333,0.09090909090909091,Implement / Fight
5.733333333333333,0.10101010101010102,Implement / Fight
5.733333333333333,0.11111111111111112,Implement / Fight
5.733333333333333,0.12121212121212122,Implement / Fight
5.733333333333333,0.13131313131313133,Implement / Fight
5.733333333333333,0.14141414141414144,Implement / Fight
5.733333333333333,0.15151515151515152,Implement / Fight
5.733333333333333,0.16161616161616163,Implement / Fight
5.733333333333333,0.17171717171717174,Implement / Fight
5.733333333333333,0.18181818181818182,Implement / Fight
5.733333333333333,0.19191919191919193,Implement / Fight
5.733333333333333,0.20202020202020204,Implement / Fight
5.733333333333333,0.21212121212121213,Implement / Fight
5.733333333333333,0.22222222222222224,Implement / Fight
5.733333333333333,0.23232323232323235,Implement / Fight
5.733333333333333,0.24242424242424243,Implement / Fight
5.733333333333333,0.25252525252525254,Implement / Fight
5.733333333333333,0.26262626262626265,Implement / Fight
5.733333333333333,0.27272727272727276,Implement / Fight
5.733333333333333,0.2828282828282829,Implement / Fight
5.733333333333333,0.29292929292929293,Implement / Fight
5.733333333333333,0.30303030303030304,Implement / Fight
5.733333333333333,0.31313131313131315,Implement / Fight
5.733333333333333,0.32323232323232326,Implement / Fight
5.733333333333333,0.33333333333333337,Implement / Fight
5.733333333333333,0.3434343434343435,Implement / Fight
5.733333333333333,0.3535353535353536,Implement / Fight
5.733333333333333,0.36363636363636365,Implement / Fight
5.733333333333333,0.37373737373737376,Implement / Fight
5.733333333333333,0.38383838383838387,Implement / Fight
5.733333333333333,0.393939393939394,Implement / Fight
5.733333333333333,0.4040404040404041,Implement / Fight
5.733333333333333,0.4141414141414142,Implement / Fight
5.733333333333333,0.42424242424242425,Implement / Fight
5.733333333333333,0.43434343434343436,Implement / Fight
5.733333333333333,0.4444444444444445,Implement / Fight
5.733333333333333,0.4545454545454546,Implement / Fight
5.733333333333333,0.4646464646464647,Implement / Fight
5.733333333333333,0.4747474747474748,Implement / Fight
5.733333333333333,0.48484848484848486,Implement / Fight
5.733333333333333,0.494949494949495,Implement / Fight
5.733333333333333,0.5050505050505051,Implement / Fight
5.733333333333333,0.5151515151515152,Implement / Fight
5.733333333333333,0.5252525252525253,Implement / Fight
5.733333333333333,0.5353535353535354,Implement / Fight
5.733333333333333,0.5454545454545455,Implement / Fight
5.733333333333333,0.5555555555555556,Implement / Fight
5.733333333333333,0.5656565656565657,Implement / Fight
5.733333333333333,0.5757575757575758,Implement / Fight
5.733333333333333,0.5858585858585859,Implement / Fight
5.733333333333333,0.595959595959596,Implement / Fight
5.733333333333333,0.6060606060606061,Implement / Fight
5.733333333333333,0.6161616161616162,Implement / Fight
5.733333333333333,0.6262626262626263,Implement / Fight
5.733333333333333,0.6363636363636365,Implement / Fight
5.733333333333333,0.6464646464646465,Implement / Fight
5.733333333333333,0.6565656565656566,Implement / Fight
5.733333333333333,0.6666666666666667,Implement / Fight
5.733333333333333,0.6767676767676768,Implement / Fight
5.733333333333333,0.686868686868687,Implement / Fight
5.733333333333333,0.696969696969697,Implement / Fight
5.733333333333333,0.7070707070707072,Implement / Fight
5.733333333333333,0.7171717171717172,Implement / Fight
5.733333333333333,0.7272727272727273,Implement / Fight
5.733333333333333,0.7373737373737375,Implement / Fight
5.733333333333333,0.7474747474747475,Implement / Fight
5.733333333333333,0.7575757575757577,Implement / Fight
5.733333333333333,0.7676767676767677,Implement / Fight
5.733333333333333,0.7777777777777778,Implement / Fight
5.733333333333333,0.787878787878788,Implement / Fight
5.733333333333333,0.797979797979798,Implement / Fight
5.733333333333333,0.8080808080808082,Implement / Fight
5.733333333333333,0.8181818181818182,Implement / Fight
5.733333333333333,0.8282828282828284,Implement / Fight
5.733333333333333,0.8383838383838385,Implement / Fight
5.733333333333333,0.8484848484848485,Implement / Fight
5.733333333333333,0.8585858585858587,Implement / Fight
5.733333333333333,0.8686868686868687,Implement / Fight
5.733333333333333,0.8787878787878789,Implement / Fight
5.733333333333333,0.888888888888889,Implement / Fight
5.733333333333333,0.8989898989898991,Implement / Fight
5.733333333333333,0.9090909090909092,Implement / Fight
5.733333333333333,0.9191919191919192,Implement / Fight
5.733333333333333,0.9292929292929294,Implement / Fight
5.733333333333333,0.9393939393939394,Implement / Fight
5.733333333333333,0.9494949494949496,Implement / Fight
5.733333333333333,0.9595959595959597,Implement / Fight
5.733333333333333,0.9696969696969697,Implement / Fight
5.733333333333333,0.9797979797979799,Implement / Fight
5.733333333333333,0.98989898989899,Implement / Fight
5.733333333333333,1.0,Implement / Fight
5.8,0.0,Absence of Pure Equilibrium
5.8,0.010101010101010102,Absence of Pure Equilibrium
5.8,0.020202020202020204,Absence of Pure Equilibrium
5.8,0.030303030303030304,Implement / Fight
5.8,0.04040404040404041,Implement / Fight
5.8,0.05050505050505051,Implement / Fight
5.8,0.06060606060606061,Implement / Fight
5.8,0.07070707070707072,Implement / Fight
5.8,0.08080808080808081,Implement / Fight
5.8,0.09090909090909091,Implement / Fight
5.8,0.10101010101010102,Implement / Fight
5.8,0.11111111111111112,Implement / Fight
5.8,0.12121212121212122,Implement / Fight
5.8,0.13131313131313133,Implement / Fight
5.8,0.14141414141414144,Implement / Fight
5.8,0.15151515151515152,Implement / Fight
5.8,0.16161616161616163,Implement / Fight
5.8,0.17171717171717174,Implement / Fight
5.8,0.18181818181818182,Implement / Fight
5.8,0.19191919191919193,Implement / Fight
5.8,0.20202020202020204,Implement / Fight
5.8,0.21212121212121213,Implement / Fight
5.8,0.22222222222222224,Implement / Fight
5.8,0.23232323232323235,Implement / Fight
5.8,0.24242424242424243,Implement / Fight
5.8,0.25252525252525254,Implement / Fight
5.8,0.26262626262626265,Implement / Fight
5.8,0.27272727272727276,Implement / Fight
5.8,0.2828282828282829,Implement / Fight
5.8,0.29292929292929293,Implement / Fight
5.8,0.30303030303030304,Implement / Fight
5.8,0.31313131313131315,Implement / Fight
5.8,0.32323232323232326,Implement / Fight
5.8,0.33333333333333337,Implement / Fight
5.8,0.3434343434343435,Implement / Fight
5.8,0.3535353535353536,Implement / Fight
5.8,0.36363636363636365,Implement / Fight
5.8,0.37373737373737376,Implement / Fight
5.8,0.38383838383838387,Implement / Fight
5.8,0.393939393939394,Implement / Fight
5.8,0.4040404040404041,Implement / Fight
5.8,0.4141414141414142,Implement / Fight
5.8,0.42424242424242425,Implement / Fight
5.8,0.43434343434343436,Implement / Fight
5.8,0.4444444444444445,Implement / Fight
5.8,0.4545454545454546,Implement / Fight
5.8,0.4646464646464647,Implement / Fight
5.8,0.4747474747474748,Implement / Fight
5.8,0.48484848484848486,Implement / Fight
5.8,0.494949494949495,Implement / Fight
5.8,0.5050505050505051,Implement / Fight
5.8,0.5151515151515152,Implement / Fight
5.8,0.5252525252525253,Implement / Fight
5.8,0.5353535353535354,Implement / Fight
5.8,0.5454545454545455,Implement / Fight
5.8,0.5555555555555556,Implement / Fight
5.8,0.5656565656565657,Implement / Fight
5.8,0.5757575757575758,Implement / Fight
5.8,0.5858585858585859,Implement / Fight
5.8,0.595959595959596,Implement / Fight
5.8,0.6060606060606061,Implement / Fight
5.8,0.6161616161616162,Implement / Fight
5.8,0.6262626262626263,Implement / Fight
5.8,0.6363636363636365,Implement / Fight
5.8,0.6464646464646465,Implement / Fight
5.8,0.6565656565656566,Implement / Fight
5.8,0.6666666666666667,Implement / Fight
5.8,0.6767676767676768,Implement / Fight
5.8,0.686868686868687,Implement / Fight
5.8,0.696969696969697,Implement / Fight
5.8,0.7070707070707072,Implement / Fight
5.8,0.7171717171717172,Implement / Fight
5.8,0.7272727272727273,Implement / Fight
5.8,0.7373737373737375,Implement / Fight
5.8,0.7474747474747475,Implement / Fight
5.8,0.7575757575757577,Implement / Fight
5.8,0.7676767676767677,Implement / Fight
5.8,0.7777777777777778,Implement / Fight
5.8,0.787878787878788,Implement / Fight
5.8,0.797979797979798,Implement / Fight
5.8,0.8080808080808082,Implement / Fight
5.8,0.8181818181818182,Implement / Fight
5.8,0.8282828282828284,Implement / Fight
5.8,0.8383838383838385,Implement / Fight
5.8,0.8484848484848485,Implement / Fight
5.8,0.8585858585858587,Implement / Fight
5.8,0.8686868686868687,Implement / Fight
5.8,0.8787878787878789,Implement / Fight
5.8,0.888888888888889,Implement / Fight
5.8,0.8989898989898991,Implement / Fight
5.8,0.9090909090909092,Implement / Fight
5.8,0.9191919191919192,Implement / Fight
5.8,0.9292929292929294,Implement / Fight
5.8,0.9393939393939394,Implement / Fight
5.8,0.9494949494949496,Implement / Fight
5.8,0.9595959595959597,Implement / Fight
5.8,0.9696969696969697,Implement / Fight
5.8,0.9797979797979799,Implement / Fight
5.8,0.98989898989899,Implement / Fight
5.8,1.0,Implement / Fight
5.866666666666666,0.0,Absence of Pure Equilibrium
5.866666666666666,0.010101010101010102,Absence of Pure Equilibrium
5.866666666666666,0.020202020202020204,Absence of Pure Equilibrium
5.866666666666666,0.030303030303030304,Implement / Fight
5.866666666666666,0.04040404040404041,Implement / Fight
5.866666666666666,0.05050505050505051,Implement / Fight
5.866666666666666,0.06060606060606061,Implement / Fight
5.866666666666666,0.07070707070707072,Implement / Fight
5.866666666666666,0.08080808080808081,Implement / Fight
5.866666666666666,0.09090909090909091,Implement / Fight
5.866666666666666,0.10101010101010102,Implement / Fight
5.866666666666666,0.11111111111111112,Implement / Fight
5.866666666666666,0.12121212121212122,Implement / Fight
5.866666666666666,0.13131313131313133,Implement / Fight
5.866666666666666,0.14141414141414144,Implement / Fight
5.866666666666666,0.15151515151515152,Implement / Fight
5.866666666666666,0.16161616161616163,Implement / Fight
5.866666666666666,0.17171717171717174,Implement / Fight
5.866666666666666,0.18181818181818182,Implement / Fight
5.866666666666666,0.19191919191919193,Implement / Fight
5.866666666666666,0.20202020202020204,Implement / Fight
5.866666666666666,0.21212121212121213,Implement / Fight
5.866666666666666,0.22222222222222224,Implement / Fight
5.866666666666666,0.23232323232323235,Implement / Fight
5.866666666666666,0.24242424242424243,Implement / Fight
5.866666666666666,0.25252525252525254,Implement / Fight
5.866666666666666,0.26262626262626265,Implement / Fight
5.866666666666666,0.27272727272727276,Implement / Fight
5.866666666666666,0.2828282828282829,Implement / Fight
5.866666666666666,0.29292929292929293,Implement / Fight
5.866666666666666,0.30303030303030304,Implement / Fight
5.866666666666666,0.31313131313131315,Implement / Fight
5.866666666666666,0.32323232323232326,Implement / Fight
5.866666666666666,0.33333333333333337,Implement / Fight
5.866666666666666,0.3434343434343435,Implement / Fight
5.866666666666666,0.3535353535353536,Implement / Fight
5.866666666666666,0.36363636363636365,Implement / Fight
5.866666666666666,0.37373737373737376,Implement / Fight
5.866666666666666,0.38383838383838387,Implement / Fight
5.866666666666666,0.393939393939394,Implement / Fight
5.866666666666666,0.4040404040404041,Implement / Fight
5.866666666666666,0.4141414141414142,Implement / Fight
5.866666666666666,0.42424242424242425,Implement / Fight
5.866666666666666,0.43434343434343436,Implement / Fight
5.866666666666666,0.4444444444444445,Implement / Fight
5.866666666666666,0.4545454545454546,Implement / Fight
5.866666666666666,0.4646464646464647,Implement / Fight
5.866666666666666,0.4747474747474748,Implement / Fight
5.866666666666666,0.48484848484848486,Implement / Fight
5.866666666666666,0.494949494949495,Implement / Fight
5.866666666666666,0.5050505050505051,Implement / Fight
5.866666666666666,0.5151515151515152,Implement / Fight
5.866666666666666,0.5252525252525253,Implement / Fight
5.866666666666666,0.5353535353535354,Implement / Fight
5.866666666666666,0.5454545454545455,Implement / Fight
5.866666666666666,0.5555555555555556,Implement / Fight
5.866666666666666,0.5656565656565657,Implement / Fight
5.866666666666666,0.5757575757575758,Implement / Fight
5.866666666666666,0.5858585858585859,Implement / Fight
5.866666666666666,0.595959595959596,Implement / Fight
5.866666666666666,0.6060606060606061,Implement / Fight
5.866666666666666,0.6161616161616162,Implement / Fight
5.866666666666666,0.6262626262626263,Implement / Fight
5.866666666666666,0.6363636363636365,Implement / Fight
5.866666666666666,0.6464646464646465,Implement / Fight
5.866666666666666,0.6565656565656566,Implement / Fight
5.866666666666666,0.6666666666666667,Implement / Fight
5.866666666666666,0.6767676767676768,Implement / Fight
5.866666666666666,0.686868686868687,Implement / Fight
5.866666666666666,0.696969696969697,Implement / Fight
5.866666666666666,0.7070707070707072,Implement / Fight
5.866666666666666,0.7171717171717172,Implement / Fight
5.866666666666666,0.7272727272727273,Implement / Fight
5.866666666666666,0.7373737373737375,Implement / Fight
5.866666666666666,0.7474747474747475,Implement / Fight
5.866666666666666,0.7575757575757577,Implement / Fight
5.866666666666666,0.7676767676767677,Implement / Fight
5.866666666666666,0.7777777777777778,Implement / Fight
5.866666666666666,0.787878787878788,Implement / Fight
5.866666666666666,0.797979797979798,Implement / Fight
5.866666666666666,0.8080808080808082,Implement / Fight
5.866666666666666,0.8181818181818182,Implement / Fight
5.866666666666666,0.8282828282828284,Implement / Fight
5.866666666666666,0.8383838383838385,Implement / Fight
5.866666666666666,0.8484848484848485,Implement / Fight
5.866666666666666,0.8585858585858587,Implement / Fight
5.866666666666666,0.8686868686868687,Implement / Fight
5.866666666666666,0.8787878787878789,Implement / Fight
5.866666666666666,0.888888888888889,Implement / Fight
5.866666666666666,0.8989898989898991,Implement / Fight
5.866666666666666,0.9090909090909092,Implement / Fight
5.866666666666666,0.9191919191919192,Implement / Fight
5.866666666666666,0.9292929292929294,Implement / Fight
5.866666666666666,0.9393939393939394,Implement / Fight
5.866666666666666,0.9494949494949496,Implement / Fight
5.866666666666666,0.9595959595959597,Implement / Fight
5.866666666666666,0.9696969696969697,Implement / Fight
5.866666666666666,0.9797979797979799,Implement / Fight
5.866666666666666,0.98989898989899,Implement / Fight
5.866666666666666,1.0,Implement / Fight
5.933333333333334,0.0,Absence of Pure Equilibrium
5.933333333333334,0.010101010101010102,Absence of Pure Equilibrium
5.933333333333334,0.020202020202020204,Absence of Pure Equilibrium
5.933333333333334,0.030303030303030304,Implement / Fight
5.933333333333334,0.04040404040404041,Implement / Fight
5.933333333333334,0.05050505050505051,Implement / Fight
5.933333333333334,0.06060606060606061,Implement / Fight
5.933333333333334,0.07070707070707072,Implement / Fight
5.933333333333334,0.08080808080808081,Implement / Fight
5.933333333333334,0.09090909090909091,Implement / Fight
5.933333333333334,0.10101010101010102,Implement / Fight
5.933333333333334,0.11111111111111112,Implement / Fight
5.933333333333334,0.12121212121212122,Implement / Fight
5.933333333333334,0.13131313131313133,Implement / Fight
5.933333333333334,0.14141414141414144,Implement / Fight
5.933333333333334,0.15151515151515152,Implement / Fight
5.933333333333334,0.16161616161616163,Implement / Fight
5.933333333333334,0.17171717171717174,Implement / Fight
5.933333333333334,0.18181818181818182,Implement / Fight
5.933333333333334,0.19191919191919193,Implement / Fight
5.933333333333334,0.20202020202020204,Implement / Fight
5.933333333333334,0.21212121212121213,Implement / Fight
5.933333333333334,0.22222222222222224,Implement / Fight
5.933333333333334,0.23232323232323235,Implement / Fight
5.933333333333334,0.24242424242424243,Implement / Fight
5.933333333333334,0.25252525252525254,Implement / Fight
5.933333333333334,0.26262626262626265,Implement / Fight
5.933333333333334,0.27272727272727276,Implement / Fight
5.933333333333334,0.2828282828282829,Implement / Fight
5.933333333333334,0.29292929292929293,Implement / Fight
5.933333333333334,0.30303030303030304,Implement / Fight
5.933333333333334,0.31313131313131315,Implement / Fight
5.933333333333334,0.32323232323232326,Implement / Fight
5.933333333333334,0.33333333333333337,Implement / Fight
5.933333333333334,0.3434343434343435,Implement / Fight
5.933333333333334,0.3535353535353536,Implement / Fight
5.933333333333334,0.36363636363636365,Implement / Fight
5.933333333333334,0.37373737373737376,Implement / Fight
5.933333333333334,0.38383838383838387,Implement / Fight
5.933333333333334,0.393939393939394,Implement / Fight
5.933333333333334,0.4040404040404041,Implement / Fight
5.933333333333334,0.4141414141414142,Implement / Fight
5.933333333333334,0.42424242424242425,Implement / Fight
5.933333333333334,0.43434343434343436,Implement / Fight
5.933333333333334,0.4444444444444445,Implement / Fight
5.933333333333334,0.4545454545454546,Implement / Fight
5.933333333333334,0.4646464646464647,Implement / Fight
5.933333333333334,0.4747474747474748,Implement / Fight
5.933333333333334,0.48484848484848486,Implement / Fight
5.933333333333334,0.494949494949495,Implement / Fight
5.933333333333334,0.5050505050505051,Implement / Fight
5.933333333333334,0.5151515151515152,Implement / Fight
5.933333333333334,0.5252525252525253,Implement / Fight
5.933333333333334,0.5353535353535354,Implement / Fight
5.933333333333334,0.5454545454545455,Implement / Fight
5.933333333333334,0.5555555555555556,Implement / Fight
5.933333333333334,0.5656565656565657,Implement / Fight
5.933333333333334,0.5757575757575758,Implement / Fight
5.933333333333334,0.5858585858585859,Implement / Fight
5.933333333333334,0.595959595959596,Implement / Fight
5.933333333333334,0.6060606060606061,Implement / Fight
5.933333333333334,0.6161616161616162,Implement / Fight
5.933333333333334,0.6262626262626263,Implement / Fight
5.933333333333334,0.6363636363636365,Implement / Fight
5.933333333333334,0.6464646464646465,Implement / Fight
5.933333333333334,0.6565656565656566,Implement / Fight
5.933333333333334,0.6666666666666667,Implement / Fight
5.933333333333334,0.6767676767676768,Implement / Fight
5.933333333333334,0.686868686868687,Implement / Fight
5.933333333333334,0.696969696969697,Implement / Fight
5.933333333333334,0.7070707070707072,Implement / Fight
5.933333333333334,0.7171717171717172,Implement / Fight
5.933333333333334,0.7272727272727273,Implement / Fight
5.933333333333334,0.7373737373737375,Implement / Fight
5.933333333333334,0.7474747474747475,Implement / Fight
5.933333333333334,0.7575757575757577,Implement / Fight
5.933333333333334,0.7676767676767677,Implement / Fight
5.933333333333334,0.7777777777777778,Implement / Fight
5.933333333333334,0.787878787878788,Implement / Fight
5.933333333333334,0.797979797979798,Implement / Fight
5.933333333333334,0.8080808080808082,Implement / Fight
5.933333333333334,0.8181818181818182,Implement / Fight
5.933333333333334,0.8282828282828284,Implement / Fight
5.933333333333334,0.8383838383838385,Implement / Fight
5.933333333333334,0.8484848484848485,Implement / Fight
5.933333333333334,0.8585858585858587,Implement / Fight
5.933333333333334,0.8686868686868687,Implement / Fight
5.933333333333334,0.8787878787878789,Implement / Fight
5.933333333333334,0.888888888888889,Implement / Fight
5.933333333333334,0.8989898989898991,Implement / Fight
5.933333333333334,0.9090909090909092,Implement / Fight
5.933333333333334,0.9191919191919192,Implement / Fight
5.933333333333334,0.9292929292929294,Implement / Fight
5.933333333333334,0.9393939393939394,Implement / Fight
5.933333333333334,0.9494949494949496,Implement / Fight
5.933333333333334,0.9595959595959597,Implement / Fight
5.933333333333334,0.9696969696969697,Implement / Fight
5.933333333333334,0.9797979797979799,Implement / Fight
5.933333333333334,0.98989898989899,Implement / Fight
5.933333333333334,1.0,Implement / Fight
6.0,0.0,Absence of Pure Equilibrium
6.0,0.010101010101010102,Absence of Pure Equilibrium
6.0,0.020202020202020204,Absence of Pure Equilibrium
6.0,0.030303030303030304,Implement / Fight
6.0,0.04040404040404041,Implement / Fight
6.0,0.05050505050505051,Implement / Fight
6.0,0.06060606060606061,Implement / Fight
6.0,0.07070707070707072,Implement / Fight
6.0,0.08080808080808081,Implement / Fight
6.0,0.09090909090909091,Implement / Fight
6.0,0.10101010101010102,Implement / Fight
6.0,0.11111111111111112,Implement / Fight
6.0,0.12121212121212122,Implement / Fight
6.0,0.13131313131313133,Implement / Fight
6.0,0.14141414141414144,Implement / Fight
6.0,0.15151515151515152,Implement / Fight
6.0,0.16161616161616163,Implement / Fight
6.0,0.17171717171717174,Implement / Fight
6.0,0.18181818181818182,Implement / Fight
6.0,0.19191919191919193,Implement / Fight
6.0,0.20202020202020204,Implement / Fight
6.0,0.21212121212121213,Implement / Fight
6.0,0.22222222222222224,Implement / Fight
6.0,0.23232323232323235,Implement / Fight
6.0,0.24242424242424243,Implement / Fight
6.0,0.25252525252525254,Implement / Fight
6.0,0.26262626262626265,Implement / Fight
6.0,0.27272727272727276,Implement / Fight
6.0,0.2828282828282829,Implement / Fight
6.0,0.29292929292929293,Implement / Fight
6.0,0.30303030303030304,Implement / Fight
6.0,0.31313131313131315,Implement / Fight
6.0,0.32323232323232326,Implement / Fight
6.0,0.33333333333333337,Implement / Fight
6.0,0.3434343434343435,Implement / Fight
6.0,0.3535353535353536,Implement / Fight
6.0,0.36363636363636365,Implement / Fight
6.0,0.37373737373737376,Implement / Fight
6.0,0.38383838383838387,Implement / Fight
6.0,0.393939393939394,Implement / Fight
6.0,0.4040404040404041,Implement / Fight
6.0,0.4141414141414142,Implement / Fight
6.0,0.42424242424242425,Implement / Fight
6.0,0.43434343434343436,Implement / Fight
6.0,0.4444444444444445,Implement / Fight
6.0,0.4545454545454546,Implement / Fight
6.0,0.4646464646464647,Implement / Fight
6.0,0.4747474747474748,Implement / Fight
6.0,0.48484848484848486,Implement / Fight
6.0,0.494949494949495,Implement / Fight
6.0,0.5050505050505051,Implement / Fight
6.0,0.5151515151515152,Implement / Fight
6.0,0.5252525252525253,Implement / Fight
6.0,0.5353535353535354,Implement / Fight
6.0,0.5454545454545455,Implement / Fight
6.0,0.5555555555555556,Implement / Fight
6.0,0.5656565656565657,Implement / Fight
6.0,0.5757575757575758,Implement / Fight
6.0,0.5858585858585859,Implement / Fight
6.0,0.595959595959596,Implement / Fight
6.0,0.6060606060606061,Implement / Fight
6.0,0.6161616161616162,Implement / Fight
6.0,0.6262626262626263,Implement / Fight
6.0,0.6363636363636365,Implement / Fight
6.0,0.6464646464646465,Implement / Fight
6.0,0.6565656565656566,Implement / Fight
6.0,0.6666666666666667,Implement / Fight
6.0,0.6767676767676768,Implement / Fight
6.0,0.686868686868687,Implement / Fight
6.0,0.696969696969697,Implement / Fight
6.0,0.7070707070707072,Implement / Fight
6.0,0.7171717171717172,Implement / Fight
6.0,0.7272727272727273,Implement / Fight
6.0,0.7373737373737375,Implement / Fight
6.0,0.7474747474747475,Implement / Fight
6.0,0.7575757575757577,Implement / Fight
6.0,0.7676767676767677,Implement / Fight
6.0,0.7777777777777778,Implement / Fight
6.0,0.787878787878788,Implement / Fight
6.0,0.797979797979798,Implement / Fight
6.0,0.8080808080808082,Implement / Fight
6.0,0.8181818181818182,Implement / Fight
6.0,0.8282828282828284,Implement / Fight
6.0,0.8383838383838385,Implement / Fight
6.0,0.8484848484848485,Implement / Fight
6.0,0.8585858585858587,Implement / Fight
6.0,0.8686868686868687,Implement / Fight
6.0,0.8787878787878789,Implement / Fight
6.0,0.888888888888889,Implement / Fight
6.0,0.8989898989898991,Implement / Fight
6.0,0.9090909090909092,Implement / Fight
6.0,0.9191919191919192,Implement / Fight
6.0,0.9292929292929294,Implement / Fight
6.0,0.9393939393939394,Implement / Fight
6.0,0.9494949494949496,Implement / Fight
6.0,0.9595959595959597,Implement / Fight
6.0,0.9696969696969697,Implement / Fight
6.0,0.9797979797979799,Implement / Fight
6.0,0.98989898989899,Implement / Fight
6.0,1.0,Implement / Fight
6.066666666666666,0.0,Absence of Pure Equilibrium
6.066666666666666,0.010101010101010102,Absence of Pure Equilibrium
6.066666666666666,0.020202020202020204,Absence of Pure Equilibrium
6.066666666666666,0.030303030303030304,Implement / Fight
6.066666666666666,0.04040404040404041,Implement / Fight
6.066666666666666,0.05050505050505051,Implement / Fight
6.066666666666666,0.06060606060606061,Implement / Fight
6.066666666666666,0.07070707070707072,Implement / Fight
6.066666666666666,0.08080808080808081,Implement / Fight
6.066666666666666,0.09090909090909091,Implement / Fight
6.066666666666666,0.10101010101010102,Implement / Fight
6.066666666666666,0.11111111111111112,Implement / Fight
6.066666666666666,0.12121212121212122,Implement / Fight
6.066666666666666,0.13131313131313133,Implement / Fight
6.066666666666666,0.14141414141414144,Implement / Fight
6.066666666666666,0.15151515151515152,Implement / Fight
6.066666666666666,0.16161616161616163,Implement / Fight
6.066666666666666,0.17171717171717174,Implement / Fight
6.066666666666666,0.18181818181818182,Implement / Fight
6.066666666666666,0.19191919191919193,Implement / Fight
6.066666666666666,0.20202020202020204,Implement / Fight
6.066666666666666,0.21212121212121213,Implement / Fight
6.066666666666666,0.22222222222222224,Implement / Fight
6.066666666666666,0.23232323232323235,Implement / Fight
6.066666666666666,0.24242424242424243,Implement / Fight
6.066666666666666,0.25252525252525254,Implement / Fight
6.066666666666666,0.26262626262626265,Implement / Fight
6.066666666666666,0.27272727272727276,Implement / Fight
6.066666666666666,0.2828282828282829,Implement / Fight
6.066666666666666,0.29292929292929293,Implement / Fight
6.066666666666666,0.30303030303030304,Implement / Fight
6.066666666666666,0.31313131313131315,Implement / Fight
6.066666666666666,0.32323232323232326,Implement / Fight
6.066666666666666,0.33333333333333337,Implement / Fight
6.066666666666666,0.3434343434343435,Implement / Fight
6.066666666666666,0.3535353535353536,Implement / Fight
6.066666666666666,0.36363636363636365,Implement / Fight
6.066666666666666,0.37373737373737376,Implement / Fight
6.066666666666666,0.38383838383838387,Implement / Fight
6.066666666666666,0.393939393939394,Implement / Fight
6.066666666666666,0.4040404040404041,Implement / Fight
6.066666666666666,0.4141414141414142,Implement / Fight
6.066666666666666,0.42424242424242425,Implement / Fight
6.066666666666666,0.43434343434343436,Implement / Fight
6.066666666666666,0.4444444444444445,Implement / Fight
6.066666666666666,0.4545454545454546,Implement / Fight
6.066666666666666,0.4646464646464647,Implement / Fight
6.066666666666666,0.4747474747474748,Implement / Fight
6.066666666666666,0.48484848484848486,Implement / Fight
6.066666666666666,0.494949494949495,Implement / Fight
6.066666666666666,0.5050505050505051,Implement / Fight
6.066666666666666,0.5151515151515152,Implement / Fight
6.066666666666666,0.5252525252525253,Implement / Fight
6.066666666666666,0.5353535353535354,Implement / Fight
6.066666666666666,0.5454545454545455,Implement / Fight
6.066666666666666,0.5555555555555556,Implement / Fight
6.066666666666666,0.5656565656565657,Implement / Fight
6.066666666666666,0.5757575757575758,Implement / Fight
6.066666666666666,0.5858585858585859,Implement / Fight
6.066666666666666,0.595959595959596,Implement / Fight
6.066666666666666,0.6060606060606061,Implement / Fight
6.066666666666666,0.6161616161616162,Implement / Fight
6.066666666666666,0.6262626262626263,Implement / Fight
6.066666666666666,0.6363636363636365,Implement / Fight
6.066666666666666,0.6464646464646465,Implement / Fight
6.066666666666666,0.6565656565656566,Implement / Fight
6.066666666666666,0.6666666666666667,Implement / Fight
6.066666666666666,0.6767676767676768,Implement / Fight
6.066666666666666,0.686868686868687,Implement / Fight
6.066666666666666,0.696969696969697,Implement / Fight
6.066666666666666,0.7070707070707072,Implement / Fight
6.066666666666666,0.7171717171717172,Implement / Fight
6.066666666666666,0.7272727272727273,Implement / Fight
6.066666666666666,0.7373737373737375,Implement / Fight
6.066666666666666,0.7474747474747475,Implement / Fight
6.066666666666666,0.7575757575757577,Implement / Fight
6.066666666666666,0.7676767676767677,Implement / Fight
6.066666666666666,0.7777777777777778,Implement / Fight
6.066666666666666,0.787878787878788,Implement / Fight
6.066666666666666,0.797979797979798,Implement / Fight
6.066666666666666,0.8080808080808082,Implement / Fight
6.066666666666666,0.8181818181818182,Implement / Fight
6.066666666666666,0.8282828282828284,Implement / Fight
6.066666666666666,0.8383838383838385,Implement / Fight
6.066666666666666,0.8484848484848485,Implement / Fight
6.066666666666666,0.8585858585858587,Implement / Fight
6.066666666666666,0.8686868686868687,Implement / Fight
6.066666666666666,0.8787878787878789,Implement / Fight
6.066666666666666,0.888888888888889,Implement / Fight
6.066666666666666,0.8989898989898991,Implement / Fight
6.066666666666666,0.9090909090909092,Implement / Fight
6.066666666666666,0.9191919191919192,Implement / Fight
6.066666666666666,0.9292929292929294,Implement / Fight
6.066666666666666,0.9393939393939394,Implement / Fight
6.066666666666666,0.9494949494949496,Implement / Fight
6.066666666666666,0.9595959595959597,Implement / Fight
6.066666666666666,0.9696969696969697,Implement / Fight
6.066666666666666,0.9797979797979799,Implement / Fight
6.066666666666666,0.98989898989899,Implement / Fight
6.066666666666666,1.0,Implement / Fight
6.133333333333333,0.0,Absence of Pure Equilibrium
6.133333333333333,0.010101010101010102,Absence of Pure Equilibrium
6.133333333333333,0.020202020202020204,Absence of Pure Equilibrium
6.133333333333333,0.030303030303030304,Implement / Fight
6.133333333333333,0.04040404040404041,Implement / Fight
6.133333333333333,0.05050505050505051,Implement / Fight
6.133333333333333,0.06060606060606061,Implement / Fight
6.133333333333333,0.07070707070707072,Implement / Fight
6.133333333333333,0.08080808080808081,Implement / Fight
6.133333333333333,0.09090909090909091,Implement / Fight
6.133333333333333,0.10101010101010102,Implement / Fight
6.133333333333333,0.11111111111111112,Implement / Fight
6.133333333333333,0.12121212121212122,Implement / Fight
6.133333333333333,0.13131313131313133,Implement / Fight
6.133333333333333,0.14141414141414144,Implement / Fight
6.133333333333333,0.15151515151515152,Implement / Fight
6.133333333333333,0.16161616161616163,Implement / Fight
6.133333333333333,0.17171717171717174,Implement / Fight
6.133333333333333,0.18181818181818182,Implement / Fight
6.133333333333333,0.19191919191919193,Implement / Fight
6.133333333333333,0.20202020202020204,Implement / Fight
6.133333333333333,0.21212121212121213,Implement / Fight
6.133333333333333,0.22222222222222224,Implement / Fight
6.133333333333333,0.23232323232323235,Implement / Fight
6.133333333333333,0.24242424242424243,Implement / Fight
6.133333333333333,0.25252525252525254,Implement / Fight
6.133333333333333,0.26262626262626265,Implement / Fight
6.133333333333333,0.27272727272727276,Implement / Fight
6.133333333333333,0.2828282828282829,Implement / Fight
6.133333333333333,0.29292929292929293,Implement / Fight
6.133333333333333,0.30303030303030304,Implement / Fight
6.133333333333333,0.31313131313131315,Implement / Fight
6.133333333333333,0.32323232323232326,Implement / Fight
6.133333333333333,0.33333333333333337,Implement / Fight
6.133333333333333,0.3434343434343435,Implement / Fight
6.133333333333333,0.3535353535353536,Implement / Fight
6.133333333333333,0.36363636363636365,Implement / Fight
6.133333333333333,0.37373737373737376,Implement / Fight
6.133333333333333,0.38383838383838387,Implement / Fight
6.133333333333333,0.393939393939394,Implement / Fight
6.133333333333333,0.4040404040404041,Implement / Fight
6.133333333333333,0.4141414141414142,Implement / Fight
6.133333333333333,0.42424242424242425,Implement / Fight
6.133333333333333,0.43434343434343436,Implement / Fight
6.133333333333333,0.4444444444444445,Implement / Fight
6.133333333333333,0.4545454545454546,Implement / Fight
6.133333333333333,0.4646464646464647,Implement / Fight
6.133333333333333,0.4747474747474748,Implement / Fight
6.133333333333333,0.48484848484848486,Implement / Fight
6.133333333333333,0.494949494949495,Implement / Fight
6.133333333333333,0.5050505050505051,Implement / Fight
6.133333333333333,0.5151515151515152,Implement / Fight
6.133333333333333,0.5252525252525253,Implement / Fight
6.133333333333333,0.5353535353535354,Implement / Fight
6.133333333333333,0.5454545454545455,Implement / Fight
6.133333333333333,0.5555555555555556,Implement / Fight
6.133333333333333,0.5656565656565657,Implement / Fight
6.133333333333333,0.5757575757575758,Implement / Fight
6.133333333333333,0.5858585858585859,Implement / Fight
6.133333333333333,0.595959595959596,Implement / Fight
6.133333333333333,0.6060606060606061,Implement / Fight
6.133333333333333,0.6161616161616162,Implement / Fight
6.133333333333333,0.6262626262626263,Implement / Fight
6.133333333333333,0.6363636363636365,Implement / Fight
6.133333333333333,0.6464646464646465,Implement / Fight
6.133333333333333,0.6565656565656566,Implement / Fight
6.133333333333333,0.6666666666666667,Implement / Fight
6.133333333333333,0.6767676767676768,Implement / Fight
6.133333333333333,0.686868686868687,Implement / Fight
6.133333333333333,0.696969696969697,Implement / Fight
6.133333333333333,0.7070707070707072,Implement / Fight
6.133333333333333,0.7171717171717172,Implement / Fight
6.133333333333333,0.7272727272727273,Implement / Fight
6.133333333333333,0.7373737373737375,Implement / Fight
6.133333333333333,0.7474747474747475,Implement / Fight
6.133333333333333,0.7575757575757577,Implement / Fight
6.133333333333333,0.7676767676767677,Implement / Fight
6.133333333333333,0.7777777777777778,Implement / Fight
6.133333333333333,0.787878787878788,Implement / Fight
6.133333333333333,0.797979797979798,Implement / Fight
6.133333333333333,0.8080808080808082,Implement / Fight
6.133333333333333,0.8181818181818182,Implement / Fight
6.133333333333333,0.8282828282828284,Implement / Fight
6.133333333333333,0.8383838383838385,Implement / Fight
6.133333333333333,0.8484848484848485,Implement / Fight
6.133333333333333,0.8585858585858587,Implement / Fight
6.133333333333333,0.8686868686868687,Implement / Fight
6.133333333333333,0.8787878787878789,Implement / Fight
6.133333333333333,0.888888888888889,Implement / Fight
6.133333333333333,0.8989898989898991,Implement / Fight
6.133333333333333,0.9090909090909092,Implement / Fight
6.133333333333333,0.9191919191919192,Implement / Fight
6.133333333333333,0.9292929292929294,Implement / Fight
6.133333333333333,0.9393939393939394,Implement / Fight
6.133333333333333,0.9494949494949496,Implement / Fight
6.133333333333333,0.9595959595959597,Implement / Fight
6.133333333333333,0.9696969696969697,Implement / Fight
6.133333333333333,0.9797979797979799,Implement / Fight
6.133333333333333,0.98989898989899,Implement / Fight
6.133333333333333,1.0,Implement / Fight
6.2,0.0,Absence of Pure Equilibrium
6.2,0.010101010101010102,Absence of Pure Equilibrium
6.2,0.020202020202020204,Absence of Pure Equilibrium
6.2,0.030303030303030304,Implement / Fight
6.2,0.04040404040404041,Implement / Fight
6.2,0.05050505050505051,Implement / Fight
6.2,0.06060606060606061,Implement / Fight
6.2,0.07070707070707072,Implement / Fight
6.2,0.08080808080808081,Implement / Fight
6.2,0.09090909090909091,Implement / Fight
6.2,0.10101010101010102,Implement / Fight
6.2,0.11111111111111112,Implement / Fight
6.2,0.12121212121212122,Implement / Fight
6.2,0.13131313131313133,Implement / Fight
6.2,0.14141414141414144,Implement / Fight
6.2,0.15151515151515152,Implement / Fight
6.2,0.16161616161616163,Implement / Fight
6.2,0.17171717171717174,Implement / Fight
6.2,0.18181818181818182,Implement / Fight
6.2,0.19191919191919193,Implement / Fight
6.2,0.20202020202020204,Implement / Fight
6.2,0.21212121212121213,Implement / Fight
6.2,0.22222222222222224,Implement / Fight
6.2,0.23232323232323235,Implement / Fight
6.2,0.24242424242424243,Implement / Fight
6.2,0.25252525252525254,Implement / Fight
6.2,0.26262626262626265,Implement / Fight
6.2,0.27272727272727276,Implement / Fight
6.2,0.2828282828282829,Implement / Fight
6.2,0.29292929292929293,Implement / Fight
6.2,0.30303030303030304,Implement / Fight
6.2,0.31313131313131315,Implement / Fight
6.2,0.32323232323232326,Implement / Fight
6.2,0.33333333333333337,Implement / Fight
6.2,0.3434343434343435,Implement / Fight
6.2,0.3535353535353536,Implement / Fight
6.2,0.36363636363636365,Implement / Fight
6.2,0.37373737373737376,Implement / Fight
6.2,0.38383838383838387,Implement / Fight
6.2,0.393939393939394,Implement / Fight
6.2,0.4040404040404041,Implement / Fight
6.2,0.4141414141414142,Implement / Fight
6.2,0.42424242424242425,Implement / Fight
6.2,0.43434343434343436,Implement / Fight
6.2,0.4444444444444445,Implement / Fight
6.2,0.4545454545454546,Implement / Fight
6.2,0.4646464646464647,Implement / Fight
6.2,0.4747474747474748,Implement / Fight
6.2,0.48484848484848486,Implement / Fight
6.2,0.494949494949495,Implement / Fight
6.2,0.5050505050505051,Implement / Fight
6.2,0.5151515151515152,Implement / Fight
6.2,0.5252525252525253,Implement / Fight
6.2,0.5353535353535354,Implement / Fight
6.2,0.5454545454545455,Implement / Fight
6.2,0.5555555555555556,Implement / Fight
6.2,0.5656565656565657,Implement / Fight
6.2,0.5757575757575758,Implement / Fight
6.2,0.5858585858585859,Implement / Fight
6.2,0.595959595959596,Implement / Fight
6.2,0.6060606060606061,Implement / Fight
6.2,0.6161616161616162,Implement / Fight
6.2,0.6262626262626263,Implement / Fight
6.2,0.6363636363636365,Implement / Fight
6.2,0.6464646464646465,Implement / Fight
6.2,0.6565656565656566,Implement / Fight
6.2,0.6666666666666667,Implement / Fight
6.2,0.6767676767676768,Implement / Fight
6.2,0.686868686868687,Implement / Fight
6.2,0.696969696969697,Implement / Fight
6.2,0.7070707070707072,Implement / Fight
6.2,0.7171717171717172,Implement / Fight
6.2,0.7272727272727273,Implement / Fight
6.2,0.7373737373737375,Implement / Fight
6.2,0.7474747474747475,Implement / Fight
6.2,0.7575757575757577,Implement / Fight
6.2,0.7676767676767677,Implement / Fight
6.2,0.7777777777777778,Implement / Fight
6.2,0.787878787878788,Implement / Fight
6.2,0.797979797979798,Implement / Fight
6.2,0.8080808080808082,Implement / Fight
6.2,0.8181818181818182,Implement / Fight
6.2,0.8282828282828284,Implement / Fight
6.2,0.8383838383838385,Implement / Fight
6.2,0.8484848484848485,Implement / Fight
6.2,0.8585858585858587,Implement / Fight
6.2,0.8686868686868687,Implement / Fight
6.2,0.8787878787878789,Implement / Fight
6.2,0.888888888888889,Implement / Fight
6.2,0.8989898989898991,Implement / Fight
6.2,0.9090909090909092,Implement / Fight
6.2,0.9191919191919192,Implement / Fight
6.2,0.9292929292929294,Implement / Fight
6.2,0.9393939393939394,Implement / Fight
6.2,0.9494949494949496,Implement / Fight
6.2,0.9595959595959597,Implement / Fight
6.2,0.9696969696969697,Implement / Fight
6.2,0.9797979797979799,Implement / Fight
6.2,0.98989898989899,Implement / Fight
6.2,1.0,Implement / Fight
6.266666666666667,0.0,Absence of Pure Equilibrium
6.266666666666667,0.010101010101010102,Absence of Pure Equilibrium
6.266666666666667,0.020202020202020204,Absence of Pure Equilibrium
6.266666666666667,0.030303030303030304,Implement / Fight
6.266666666666667,0.04040404040404041,Implement / Fight
6.266666666666667,0.05050505050505051,Implement / Fight
6.266666666666667,0.06060606060606061,Implement / Fight
6.266666666666667,0.07070707070707072,Implement / Fight
6.266666666666667,0.08080808080808081,Implement / Fight
6.266666666666667,0.09090909090909091,Implement / Fight
6.266666666666667,0.10101010101010102,Implement / Fight
6.266666666666667,0.11111111111111112,Implement / Fight
6.266666666666667,0.12121212121212122,Implement / Fight
6.266666666666667,0.13131313131313133,Implement / Fight
6.266666666666667,0.14141414141414144,Implement / Fight
6.266666666666667,0.15151515151515152,Implement / Fight
6.266666666666667,0.16161616161616163,Implement / Fight
6.266666666666667,0.17171717171717174,Implement / Fight
6.266666666666667,0.18181818181818182,Implement / Fight
6.266666666666667,0.19191919191919193,Implement / Fight
6.266666666666667,0.20202020202020204,Implement / Fight
6.266666666666667,0.21212121212121213,Implement / Fight
6.266666666666667,0.22222222222222224,Implement / Fight
6.266666666666667,0.23232323232323235,Implement / Fight
6.266666666666667,0.24242424242424243,Implement / Fight
6.266666666666667,0.25252525252525254,Implement / Fight
6.266666666666667,0.26262626262626265,Implement / Fight
6.266666666666667,0.27272727272727276,Implement / Fight
6.266666666666667,0.2828282828282829,Implement / Fight
6.266666666666667,0.29292929292929293,Implement / Fight
6.266666666666667,0.30303030303030304,Implement / Fight
6.266666666666667,0.31313131313131315,Implement / Fight
6.266666666666667,0.32323232323232326,Implement / Fight
6.266666666666667,0.33333333333333337,Implement / Fight
6.266666666666667,0.3434343434343435,Implement / Fight
6.266666666666667,0.3535353535353536,Implement / Fight
6.266666666666667,0.36363636363636365,Implement / Fight
6.266666666666667,0.37373737373737376,Implement / Fight
6.266666666666667,0.38383838383838387,Implement / Fight
6.266666666666667,0.393939393939394,Implement / Fight
6.266666666666667,0.4040404040404041,Implement / Fight
6.266666666666667,0.4141414141414142,Implement / Fight
6.266666666666667,0.42424242424242425,Implement / Fight
6.266666666666667,0.43434343434343436,Implement / Fight
6.266666666666667,0.4444444444444445,Implement / Fight
6.266666666666667,0.4545454545454546,Implement / Fight
6.266666666666667,0.4646464646464647,Implement / Fight
6.266666666666667,0.4747474747474748,Implement / Fight
6.266666666666667,0.48484848484848486,Implement / Fight
6.266666666666667,0.494949494949495,Implement / Fight
6.266666666666667,0.5050505050505051,Implement / Fight
6.266666666666667,0.5151515151515152,Implement / Fight
6.266666666666667,0.5252525252525253,Implement / Fight
6.266666666666667,0.5353535353535354,Implement / Fight
6.266666666666667,0.5454545454545455,Implement / Fight
6.266666666666667,0.5555555555555556,Implement / Fight
6.266666666666667,0.5656565656565657,Implement / Fight
6.266666666666667,0.5757575757575758,Implement / Fight
6.266666666666667,0.5858585858585859,Implement / Fight
6.266666666666667,0.595959595959596,Implement / Fight
6.266666666666667,0.6060606060606061,Implement / Fight
6.266666666666667,0.6161616161616162,Implement / Fight
6.266666666666667,0.6262626262626263,Implement / Fight
6.266666666666667,0.6363636363636365,Implement / Fight
6.266666666666667,0.6464646464646465,Implement / Fight
6.266666666666667,0.6565656565656566,Implement / Fight
6.266666666666667,0.6666666666666667,Implement / Fight
6.266666666666667,0.6767676767676768,Implement / Fight
6.266666666666667,0.686868686868687,Implement / Fight
6.266666666666667,0.696969696969697,Implement / Fight
6.266666666666667,0.7070707070707072,Implement / Fight
6.266666666666667,0.7171717171717172,Implement / Fight
6.266666666666667,0.7272727272727273,Implement / Fight
6.266666666666667,0.7373737373737375,Implement / Fight
6.266666666666667,0.7474747474747475,Implement / Fight
6.266666666666667,0.7575757575757577,Implement / Fight
6.266666666666667,0.7676767676767677,Implement / Fight
6.266666666666667,0.7777777777777778,Implement / Fight
6.266666666666667,0.787878787878788,Implement / Fight
6.266666666666667,0.797979797979798,Implement / Fight
6.266666666666667,0.8080808080808082,Implement / Fight
6.266666666666667,0.8181818181818182,Implement / Fight
6.266666666666667,0.8282828282828284,Implement / Fight
6.266666666666667,0.8383838383838385,Implement / Fight
6.266666666666667,0.8484848484848485,Implement / Fight
6.266666666666667,0.8585858585858587,Implement / Fight
6.266666666666667,0.8686868686868687,Implement / Fight
6.266666666666667,0.8787878787878789,Implement / Fight
6.266666666666667,0.888888888888889,Implement / Fight
6.266666666666667,0.8989898989898991,Implement / Fight
6.266666666666667,0.9090909090909092,Implement / Fight
6.266666666666667,0.9191919191919192,Implement / Fight
6.266666666666667,0.9292929292929294,Implement / Fight
6.266666666666667,0.9393939393939394,Implement / Fight
6.266666666666667,0.9494949494949496,Implement / Fight
6.266666666666667,0.9595959595959597,Implement / Fight
6.266666666666667,0.9696969696969697,Implement / Fight
6.266666666666667,0.9797979797979799,Implement / Fight
6.266666666666667,0.98989898989899,Implement / Fight
6.266666666666667,1.0,Implement / Fight
6.333333333333333,0.0,Absence of Pure Equilibrium
6.333333333333333,0.010101010101010102,Absence of Pure Equilibrium
6.333333333333333,0.020202020202020204,Absence of Pure Equilibrium
6.333333333333333,0.030303030303030304,Implement / Fight
6.333333333333333,0.04040404040404041,Implement / Fight
6.333333333333333,0.05050505050505051,Implement / Fight
6.333333333333333,0.06060606060606061,Implement / Fight
6.333333333333333,0.07070707070707072,Implement / Fight
6.333333333333333,0.08080808080808081,Implement / Fight
6.333333333333333,0.09090909090909091,Implement / Fight
6.333333333333333,0.10101010101010102,Implement / Fight
6.333333333333333,0.11111111111111112,Implement / Fight
6.333333333333333,0.12121212121212122,Implement / Fight
6.333333333333333,0.13131313131313133,Implement / Fight
6.333333333333333,0.14141414141414144,Implement / Fight
6.333333333333333,0.15151515151515152,Implement / Fight
6.333333333333333,0.16161616161616163,Implement / Fight
6.333333333333333,0.17171717171717174,Implement / Fight
6.333333333333333,0.18181818181818182,Implement / Fight
6.333333333333333,0.19191919191919193,Implement / Fight
6.333333333333333,0.20202020202020204,Implement / Fight
6.333333333333333,0.21212121212121213,Implement / Fight
6.333333333333333,0.22222222222222224,Implement / Fight
6.333333333333333,0.23232323232323235,Implement / Fight
6.333333333333333,0.24242424242424243,Implement / Fight
6.333333333333333,0.25252525252525254,Implement / Fight
6.333333333333333,0.26262626262626265,Implement / Fight
6.333333333333333,0.27272727272727276,Implement / Fight
6.333333333333333,0.2828282828282829,Implement / Fight
6.333333333333333,0.29292929292929293,Implement / Fight
6.333333333333333,0.30303030303030304,Implement / Fight
6.333333333333333,0.31313131313131315,Implement / Fight
6.333333333333333,0.32323232323232326,Implement / Fight
6.333333333333333,0.33333333333333337,Implement / Fight
6.333333333333333,0.3434343434343435,Implement / Fight
6.333333333333333,0.3535353535353536,Implement / Fight
6.333333333333333,0.36363636363636365,Implement / Fight
6.333333333333333,0.37373737373737376,Implement / Fight
6.333333333333333,0.38383838383838387,Implement / Fight
6.333333333333333,0.393939393939394,Implement / Fight
6.333333333333333,0.4040404040404041,Implement / Fight
6.333333333333333,0.4141414141414142,Implement / Fight
6.333333333333333,0.42424242424242425,Implement / Fight
6.333333333333333,0.43434343434343436,Implement / Fight
6.333333333333333,0.4444444444444445,Implement / Fight
6.333333333333333,0.4545454545454546,Implement / Fight
6.333333333333333,0.4646464646464647,Implement / Fight
6.333333333333333,0.4747474747474748,Implement / Fight
6.333333333333333,0.48484848484848486,Implement / Fight
6.333333333333333,0.494949494949495,Implement / Fight
6.333333333333333,0.5050505050505051,Implement / Fight
6.333333333333333,0.5151515151515152,Implement / Fight
6.333333333333333,0.5252525252525253,Implement / Fight
6.333333333333333,0.5353535353535354,Implement / Fight
6.333333333333333,0.5454545454545455,Implement / Fight
6.333333333333333,0.5555555555555556,Implement / Fight
6.333333333333333,0.5656565656565657,Implement / Fight
6.333333333333333,0.5757575757575758,Implement / Fight
6.333333333333333,0.5858585858585859,Implement / Fight
6.333333333333333,0.595959595959596,Implement / Fight
6.333333333333333,0.6060606060606061,Implement / Fight
6.333333333333333,0.6161616161616162,Implement / Fight
6.333333333333333,0.6262626262626263,Implement / Fight
6.333333333333333,0.6363636363636365,Implement / Fight
6.333333333333333,0.6464646464646465,Implement / Fight
6.333333333333333,0.6565656565656566,Implement / Fight
6.333333333333333,0.6666666666666667,Implement / Fight
6.333333333333333,0.6767676767676768,Implement / Fight
6.333333333333333,0.686868686868687,Implement / Fight
6.333333333333333,0.696969696969697,Implement / Fight
6.333333333333333,0.7070707070707072,Implement / Fight
6.333333333333333,0.7171717171717172,Implement / Fight
6.333333333333333,0.7272727272727273,Implement / Fight
6.333333333333333,0.7373737373737375,Implement / Fight
6.333333333333333,0.7474747474747475,Implement / Fight
6.333333333333333,0.7575757575757577,Implement / Fight
6.333333333333333,0.7676767676767677,Implement / Fight
6.333333333333333,0.7777777777777778,Implement / Fight
6.333333333333333,0.787878787878788,Implement / Fight
6.333333333333333,0.797979797979798,Implement / Fight
6.333333333333333,0.8080808080808082,Implement / Fight
6.333333333333333,0.8181818181818182,Implement / Fight
6.333333333333333,0.8282828282828284,Implement / Fight
6.333333333333333,0.8383838383838385,Implement / Fight
6.333333333333333,0.8484848484848485,Implement / Fight
6.333333333333333,0.8585858585858587,Implement / Fight
6.333333333333333,0.8686868686868687,Implement / Fight
6.333333333333333,0.8787878787878789,Implement / Fight
6.333333333333333,0.888888888888889,Implement / Fight
6.333333333333333,0.8989898989898991,Implement / Fight
6.333333333333333,0.9090909090909092,Implement / Fight
6.333333333333333,0.9191919191919192,Implement / Fight
6.333333333333333,0.9292929292929294,Implement / Fight
6.333333333333333,0.9393939393939394,Implement / Fight
6.333333333333333,0.9494949494949496,Implement / Fight
6.333333333333333,0.9595959595959597,Implement / Fight
6.333333333333333,0.9696969696969697,Implement / Fight
6.333333333333333,0.9797979797979799,Implement / Fight
6.333333333333333,0.98989898989899,Implement / Fight
6.333333333333333,1.0,Implement / Fight
6.4,0.0,Absence of Pure Equilibrium
6.4,0.010101010101010102,Absence of Pure Equilibrium
6.4,0.020202020202020204,Absence of Pure Equilibrium
6.4,0.030303030303030304,Implement / Fight
6.4,0.04040404040404041,Implement / Fight
6.4,0.05050505050505051,Implement / Fight
6.4,0.06060606060606061,Implement / Fight
6.4,0.07070707070707072,Implement / Fight
6.4,0.08080808080808081,Implement / Fight
6.4,0.09090909090909091,Implement / Fight
6.4,0.10101010101010102,Implement / Fight
6.4,0.11111111111111112,Implement / Fight
6.4,0.12121212121212122,Implement / Fight
6.4,0.13131313131313133,Implement / Fight
6.4,0.14141414141414144,Implement / Fight
6.4,0.15151515151515152,Implement / Fight
6.4,0.16161616161616163,Implement / Fight
6.4,0.17171717171717174,Implement / Fight
6.4,0.18181818181818182,Implement / Fight
6.4,0.19191919191919193,Implement / Fight
6.4,0.20202020202020204,Implement / Fight
6.4,0.21212121212121213,Implement / Fight
6.4,0.22222222222222224,Implement / Fight
6.4,0.23232323232323235,Implement / Fight
6.4,0.24242424242424243,Implement / Fight
6.4,0.25252525252525254,Implement / Fight
6.4,0.26262626262626265,Implement / Fight
6.4,0.27272727272727276,Implement / Fight
6.4,0.2828282828282829,Implement / Fight
6.4,0.29292929292929293,Implement / Fight
6.4,0.30303030303030304,Implement / Fight
6.4,0.31313131313131315,Implement / Fight
6.4,0.32323232323232326,Implement / Fight
6.4,0.33333333333333337,Implement / Fight
6.4,0.3434343434343435,Implement / Fight
6.4,0.3535353535353536,Implement / Fight
6.4,0.36363636363636365,Implement / Fight
6.4,0.37373737373737376,Implement / Fight
6.4,0.38383838383838387,Implement / Fight
6.4,0.393939393939394,Implement / Fight
6.4,0.4040404040404041,Implement / Fight
6.4,0.4141414141414142,Implement / Fight
6.4,0.42424242424242425,Implement / Fight
6.4,0.43434343434343436,Implement / Fight
6.4,0.4444444444444445,Implement / Fight
6.4,0.4545454545454546,Implement / Fight
6.4,0.4646464646464647,Implement / Fight
6.4,0.4747474747474748,Implement / Fight
6.4,0.48484848484848486,Implement / Fight
6.4,0.494949494949495,Implement / Fight
6.4,0.5050505050505051,Implement / Fight
6.4,0.5151515151515152,Implement / Fight
6.4,0.5252525252525253,Implement / Fight
6.4,0.5353535353535354,Implement / Fight
6.4,0.5454545454545455,Implement / Fight
6.4,0.5555555555555556,Implement / Fight
6.4,0.5656565656565657,Implement / Fight
6.4,0.5757575757575758,Implement / Fight
6.4,0.5858585858585859,Implement / Fight
6.4,0.595959595959596,Implement / Fight
6.4,0.6060606060606061,Implement / Fight
6.4,0.6161616161616162,Implement / Fight
6.4,0.6262626262626263,Implement / Fight
6.4,0.6363636363636365,Implement / Fight
6.4,0.6464646464646465,Implement / Fight
6.4,0.6565656565656566,Implement / Fight
6.4,0.6666666666666667,Implement / Fight
6.4,0.6767676767676768,Implement / Fight
6.4,0.686868686868687,Implement / Fight
6.4,0.696969696969697,Implement / Fight
6.4,0.7070707070707072,Implement / Fight
6.4,0.7171717171717172,Implement / Fight
6.4,0.7272727272727273,Implement / Fight
6.4,0.7373737373737375,Implement / Fight
6.4,0.7474747474747475,Implement / Fight
6.4,0.7575757575757577,Implement / Fight
6.4,0.7676767676767677,Implement / Fight
6.4,0.7777777777777778,Implement / Fight
6.4,0.787878787878788,Implement / Fight
6.4,0.797979797979798,Implement / Fight
6.4,0.8080808080808082,Implement / Fight
6.4,0.8181818181818182,Implement / Fight
6.4,0.8282828282828284,Implement / Fight
6.4,0.8383838383838385,Implement / Fight
6.4,0.8484848484848485,Implement / Fight
6.4,0.8585858585858587,Implement / Fight
6.4,0.8686868686868687,Implement / Fight
6.4,0.8787878787878789,Implement / Fight
6.4,0.888888888888889,Implement / Fight
6.4,0.8989898989898991,Implement / Fight
6.4,0.9090909090909092,Implement / Fight
6.4,0.9191919191919192,Implement / Fight
6.4,0.9292929292929294,Implement / Fight
6.4,0.9393939393939394,Implement / Fight
6.4,0.9494949494949496,Implement / Fight
6.4,0.9595959595959597,Implement / Fight
6.4,0.9696969696969697,Implement / Fight
6.4,0.9797979797979799,Implement / Fight
6.4,0.98989898989899,Implement / Fight
6.4,1.0,Implement / Fight
6.466666666666667,0.0,Absence of Pure Equilibrium
6.466666666666667,0.010101010101010102,Absence of Pure Equilibrium
6.466666666666667,0.020202020202020204,Absence of Pure Equilibrium
6.466666666666667,0.030303030303030304,Implement / Fight
6.466666666666667,0.04040404040404041,Implement / Fight
6.466666666666667,0.05050505050505051,Implement / Fight
6.466666666666667,0.06060606060606061,Implement / Fight
6.466666666666667,0.07070707070707072,Implement / Fight
6.466666666666667,0.08080808080808081,Implement / Fight
6.466666666666667,0.09090909090909091,Implement / Fight
6.466666666666667,0.10101010101010102,Implement / Fight
6.466666666666667,0.11111111111111112,Implement / Fight
6.466666666666667,0.12121212121212122,Implement / Fight
6.466666666666667,0.13131313131313133,Implement / Fight
6.466666666666667,0.14141414141414144,Implement / Fight
6.466666666666667,0.15151515151515152,Implement / Fight
6.466666666666667,0.16161616161616163,Implement / Fight
6.466666666666667,0.17171717171717174,Implement / Fight
6.466666666666667,0.18181818181818182,Implement / Fight
6.466666666666667,0.19191919191919193,Implement / Fight
6.466666666666667,0.20202020202020204,Implement / Fight
6.466666666666667,0.21212121212121213,Implement / Fight
6.466666666666667,0.22222222222222224,Implement / Fight
6.466666666666667,0.23232323232323235,Implement / Fight
6.466666666666667,0.24242424242424243,Implement / Fight
6.466666666666667,0.25252525252525254,Implement / Fight
6.466666666666667,0.26262626262626265,Implement / Fight
6.466666666666667,0.27272727272727276,Implement / Fight
6.466666666666667,0.2828282828282829,Implement / Fight
6.466666666666667,0.29292929292929293,Implement / Fight
6.466666666666667,0.30303030303030304,Implement / Fight
6.466666666666667,0.31313131313131315,Implement / Fight
6.466666666666667,0.32323232323232326,Implement / Fight
6.466666666666667,0.33333333333333337,Implement / Fight
6.466666666666667,0.3434343434343435,Implement / Fight
6.466666666666667,0.3535353535353536,Implement / Fight
6.466666666666667,0.36363636363636365,Implement / Fight
6.466666666666667,0.37373737373737376,Implement / Fight
6.466666666666667,0.38383838383838387,Implement / Fight
6.466666666666667,0.393939393939394,Implement / Fight
6.466666666666667,0.4040404040404041,Implement / Fight
6.466666666666667,0.4141414141414142,Implement / Fight
6.466666666666667,0.42424242424242425,Implement / Fight
6.466666666666667,0.43434343434343436,Implement / Fight
6.466666666666667,0.4444444444444445,Implement / Fight
6.466666666666667,0.4545454545454546,Implement / Fight
6.466666666666667,0.4646464646464647,Implement / Fight
6.466666666666667,0.4747474747474748,Implement / Fight
6.466666666666667,0.48484848484848486,Implement / Fight
6.466666666666667,0.494949494949495,Implement / Fight
6.466666666666667,0.5050505050505051,Implement / Fight
6.466666666666667,0.5151515151515152,Implement / Fight
6.466666666666667,0.5252525252525253,Implement / Fight
6.466666666666667,0.5353535353535354,Implement / Fight
6.466666666666667,0.5454545454545455,Implement / Fight
6.466666666666667,0.5555555555555556,Implement / Fight
6.466666666666667,0.5656565656565657,Implement / Fight
6.466666666666667,0.5757575757575758,Implement / Fight
6.466666666666667,0.5858585858585859,Implement / Fight
6.466666666666667,0.595959595959596,Implement / Fight
6.466666666666667,0.6060606060606061,Implement / Fight
6.466666666666667,0.6161616161616162,Implement / Fight
6.466666666666667,0.6262626262626263,Implement / Fight
6.466666666666667,0.6363636363636365,Implement / Fight
6.466666666666667,0.6464646464646465,Implement / Fight
6.466666666666667,0.6565656565656566,Implement / Fight
6.466666666666667,0.6666666666666667,Implement / Fight
6.466666666666667,0.6767676767676768,Implement / Fight
6.466666666666667,0.686868686868687,Implement / Fight
6.466666666666667,0.696969696969697,Implement / Fight
6.466666666666667,0.7070707070707072,Implement / Fight
6.466666666666667,0.7171717171717172,Implement / Fight
6.466666666666667,0.7272727272727273,Implement / Fight
6.466666666666667,0.7373737373737375,Implement / Fight
6.466666666666667,0.7474747474747475,Implement / Fight
6.466666666666667,0.7575757575757577,Implement / Fight
6.466666666666667,0.7676767676767677,Implement / Fight
6.466666666666667,0.7777777777777778,Implement / Fight
6.466666666666667,0.787878787878788,Implement / Fight
6.466666666666667,0.797979797979798,Implement / Fight
6.466666666666667,0.8080808080808082,Implement / Fight
6.466666666666667,0.8181818181818182,Implement / Fight
6.466666666666667,0.8282828282828284,Implement / Fight
6.466666666666667,0.8383838383838385,Implement / Fight
6.466666666666667,0.8484848484848485,Implement / Fight
6.466666666666667,0.8585858585858587,Implement / Fight
6.466666666666667,0.8686868686868687,Implement / Fight
6.466666666666667,0.8787878787878789,Implement / Fight
6.466666666666667,0.888888888888889,Implement / Fight
6.466666666666667,0.8989898989898991,Implement / Fight
6.466666666666667,0.9090909090909092,Implement / Fight
6.466666666666667,0.9191919191919192,Implement / Fight
6.466666666666667,0.9292929292929294,Implement / Fight
6.466666666666667,0.9393939393939394,Implement / Fight
6.466666666666667,0.9494949494949496,Implement / Fight
6.466666666666667,0.9595959595959597,Implement / Fight
6.466666666666667,0.9696969696969697,Implement / Fight
6.466666666666667,0.9797979797979799,Implement / Fight
6.466666666666667,0.98989898989899,Implement / Fight
6.466666666666667,1.0,Implement / Fight
6.533333333333333,0.0,Absence of Pure Equilibrium
6.533333333333333,0.010101010101010102,Absence of Pure Equilibrium
6.533333333333333,0.020202020202020204,Absence of Pure Equilibrium
6.533333333333333,0.030303030303030304,Implement / Fight
6.533333333333333,0.04040404040404041,Implement / Fight
6.533333333333333,0.05050505050505051,Implement / Fight
6.533333333333333,0.06060606060606061,Implement / Fight
6.533333333333333,0.07070707070707072,Implement / Fight
6.533333333333333,0.08080808080808081,Implement / Fight
6.533333333333333,0.09090909090909091,Implement / Fight
6.533333333333333,0.10101010101010102,Implement / Fight
6.533333333333333,0.11111111111111112,Implement / Fight
6.533333333333333,0.12121212121212122,Implement / Fight
6.533333333333333,0.13131313131313133,Implement / Fight
6.533333333333333,0.14141414141414144,Implement / Fight
6.533333333333333,0.15151515151515152,Implement / Fight
6.533333333333333,0.16161616161616163,Implement / Fight
6.533333333333333,0.17171717171717174,Implement / Fight
6.533333333333333,0.18181818181818182,Implement / Fight
6.533333333333333,0.19191919191919193,Implement / Fight
6.533333333333333,0.20202020202020204,Implement / Fight
6.533333333333333,0.21212121212121213,Implement / Fight
6.533333333333333,0.22222222222222224,Implement / Fight
6.533333333333333,0.23232323232323235,Implement / Fight
6.533333333333333,0.24242424242424243,Implement / Fight
6.533333333333333,0.25252525252525254,Implement / Fight
6.533333333333333,0.26262626262626265,Implement / Fight
6.533333333333333,0.27272727272727276,Implement / Fight
6.533333333333333,0.2828282828282829,Implement / Fight
6.533333333333333,0.29292929292929293,Implement / Fight
6.533333333333333,0.30303030303030304,Implement / Fight
6.533333333333333,0.31313131313131315,Implement / Fight
6.533333333333333,0.32323232323232326,Implement / Fight
6.533333333333333,0.33333333333333337,Implement / Fight
6.533333333333333,0.3434343434343435,Implement / Fight
6.533333333333333,0.3535353535353536,Implement / Fight
6.533333333333333,0.36363636363636365,Implement / Fight
6.533333333333333,0.37373737373737376,Implement / Fight
6.533333333333333,0.38383838383838387,Implement / Fight
6.533333333333333,0.393939393939394,Implement / Fight
6.533333333333333,0.4040404040404041,Implement / Fight
6.533333333333333,0.4141414141414142,Implement / Fight
6.533333333333333,0.42424242424242425,Implement / Fight
6.533333333333333,0.43434343434343436,Implement / Fight
6.533333333333333,0.4444444444444445,Implement / Fight
6.533333333333333,0.4545454545454546,Implement / Fight
6.533333333333333,0.4646464646464647,Implement / Fight
6.533333333333333,0.4747474747474748,Implement / Fight
6.533333333333333,0.48484848484848486,Implement / Fight
6.533333333333333,0.494949494949495,Implement / Fight
6.533333333333333,0.5050505050505051,Implement / Fight
6.533333333333333,0.5151515151515152,Implement / Fight
6.533333333333333,0.5252525252525253,Implement / Fight
6.533333333333333,0.5353535353535354,Implement / Fight
6.533333333333333,0.5454545454545455,Implement / Fight
6.533333333333333,0.5555555555555556,Implement / Fight
6.533333333333333,0.5656565656565657,Implement / Fight
6.533333333333333,0.5757575757575758,Implement / Fight
6.533333333333333,0.5858585858585859,Implement / Fight
6.533333333333333,0.595959595959596,Implement / Fight
6.533333333333333,0.6060606060606061,Implement / Fight
6.533333333333333,0.6161616161616162,Implement / Fight
6.533333333333333,0.6262626262626263,Implement / Fight
6.533333333333333,0.6363636363636365,Implement / Fight
6.533333333333333,0.6464646464646465,Implement / Fight
6.533333333333333,0.6565656565656566,Implement / Fight
6.533333333333333,0.6666666666666667,Implement / Fight
6.533333333333333,0.6767676767676768,Implement / Fight
6.533333333333333,0.686868686868687,Implement / Fight
6.533333333333333,0.696969696969697,Implement / Fight
6.533333333333333,0.7070707070707072,Implement / Fight
6.533333333333333,0.7171717171717172,Implement / Fight
6.533333333333333,0.7272727272727273,Implement / Fight
6.533333333333333,0.7373737373737375,Implement / Fight
6.533333333333333,0.7474747474747475,Implement / Fight
6.533333333333333,0.7575757575757577,Implement / Fight
6.533333333333333,0.7676767676767677,Implement / Fight
6.533333333333333,0.7777777777777778,Implement / Fight
6.533333333333333,0.787878787878788,Implement / Fight
6.533333333333333,0.797979797979798,Implement / Fight
6.533333333333333,0.8080808080808082,Implement / Fight
6.533333333333333,0.8181818181818182,Implement / Fight
6.533333333333333,0.8282828282828284,Implement / Fight
6.533333333333333,0.8383838383838385,Implement / Fight
6.533333333333333,0.8484848484848485,Implement / Fight
6.533333333333333,0.8585858585858587,Implement / Fight
6.533333333333333,0.8686868686868687,Implement / Fight
6.533333333333333,0.8787878787878789,Implement / Fight
6.533333333333333,0.888888888888889,Implement / Fight
6.533333333333333,0.8989898989898991,Implement / Fight
6.533333333333333,0.9090909090909092,Implement / Fight
6.533333333333333,0.9191919191919192,Implement / Fight
6.533333333333333,0.9292929292929294,Implement / Fight
6.533333333333333,0.9393939393939394,Implement / Fight
6.533333333333333,0.9494949494949496,Implement / Fight
6.533333333333333,0.9595959595959597,Implement / Fight
6.533333333333333,0.9696969696969697,Implement / Fight
6.533333333333333,0.9797979797979799,Implement / Fight
6.533333333333333,0.98989898989899,Implement / Fight
6.533333333333333,1.0,Implement / Fight
6.6000000000000005,0.0,Absence of Pure Equilibrium
6.6000000000000005,0.010101010101010102,Absence of Pure Equilibrium
6.6000000000000005,0.020202020202020204,Absence of Pure Equilibrium
6.6000000000000005,0.030303030303030304,Implement / Fight
6.6000000000000005,0.04040404040404041,Implement / Fight
6.6000000000000005,0.05050505050505051,Implement / Fight
6.6000000000000005,0.06060606060606061,Implement / Fight
6.6000000000000005,0.07070707070707072,Implement / Fight
6.6000000000000005,0.08080808080808081,Implement / Fight
6.6000000000000005,0.09090909090909091,Implement / Fight
6.6000000000000005,0.10101010101010102,Implement / Fight
6.6000000000000005,0.11111111111111112,Implement / Fight
6.6000000000000005,0.12121212121212122,Implement / Fight
6.6000000000000005,0.13131313131313133,Implement / Fight
6.6000000000000005,0.14141414141414144,Implement / Fight
6.6000000000000005,0.15151515151515152,Implement / Fight
6.6000000000000005,0.16161616161616163,Implement / Fight
6.6000000000000005,0.17171717171717174,Implement / Fight
6.6000000000000005,0.18181818181818182,Implement / Fight
6.6000000000000005,0.19191919191919193,Implement / Fight
6.6000000000000005,0.20202020202020204,Implement / Fight
6.6000000000000005,0.21212121212121213,Implement / Fight
6.6000000000000005,0.22222222222222224,Implement / Fight
6.6000000000000005,0.23232323232323235,Implement / Fight
6.6000000000000005,0.24242424242424243,Implement / Fight
6.6000000000000005,0.25252525252525254,Implement / Fight
6.6000000000000005,0.26262626262626265,Implement / Fight
6.6000000000000005,0.27272727272727276,Implement / Fight
6.6000000000000005,0.2828282828282829,Implement / Fight
6.6000000000000005,0.29292929292929293,Implement / Fight
6.6000000000000005,0.30303030303030304,Implement / Fight
6.6000000000000005,0.31313131313131315,Implement / Fight
6.6000000000000005,0.32323232323232326,Implement / Fight
6.6000000000000005,0.33333333333333337,Implement / Fight
6.6000000000000005,0.3434343434343435,Implement / Fight
6.6000000000000005,0.3535353535353536,Implement / Fight
6.6000000000000005,0.36363636363636365,Implement / Fight
6.6000000000000005,0.37373737373737376,Implement / Fight
6.6000000000000005,0.38383838383838387,Implement / Fight
6.6000000000000005,0.393939393939394,Implement / Fight
6.6000000000000005,0.4040404040404041,Implement / Fight
6.6000000000000005,0.4141414141414142,Implement / Fight
6.6000000000000005,0.42424242424242425,Implement / Fight
6.6000000000000005,0.43434343434343436,Implement / Fight
6.6000000000000005,0.4444444444444445,Implement / Fight
6.6000000000000005,0.4545454545454546,Implement / Fight
6.6000000000000005,0.4646464646464647,Implement / Fight
6.6000000000000005,0.4747474747474748,Implement / Fight
6.6000000000000005,0.48484848484848486,Implement / Fight
6.6000000000000005,0.494949494949495,Implement / Fight
6.6000000000000005,0.5050505050505051,Implement / Fight
6.6000000000000005,0.5151515151515152,Implement / Fight
6.6000000000000005,0.5252525252525253,Implement / Fight
6.6000000000000005,0.5353535353535354,Implement / Fight
6.6000000000000005,0.5454545454545455,Implement / Fight
6.6000000000000005,0.5555555555555556,Implement / Fight
6.6000000000000005,0.5656565656565657,Implement / Fight
6.6000000000000005,0.5757575757575758,Implement / Fight
6.6000000000000005,0.5858585858585859,Implement / Fight
6.6000000000000005,0.595959595959596,Implement / Fight
6.6000000000000005,0.6060606060606061,Implement / Fight
6.6000000000000005,0.6161616161616162,Implement / Fight
6.6000000000000005,0.6262626262626263,Implement / Fight
6.6000000000000005,0.6363636363636365,Implement / Fight
6.6000000000000005,0.6464646464646465,Implement / Fight
6.6000000000000005,0.6565656565656566,Implement / Fight
6.6000000000000005,0.6666666666666667,Implement / Fight
6.6000000000000005,0.6767676767676768,Implement / Fight
6.6000000000000005,0.686868686868687,Implement / Fight
6.6000000000000005,0.696969696969697,Implement / Fight
6.6000000000000005,0.7070707070707072,Implement / Fight
6.6000000000000005,0.7171717171717172,Implement / Fight
6.6000000000000005,0.7272727272727273,Implement / Fight
6.6000000000000005,0.7373737373737375,Implement / Fight
6.6000000000000005,0.7474747474747475,Implement / Fight
6.6000000000000005,0.7575757575757577,Implement / Fight
6.6000000000000005,0.7676767676767677,Implement / Fight
6.6000000000000005,0.7777777777777778,Implement / Fight
6.6000000000000005,0.787878787878788,Implement / Fight
6.6000000000000005,0.797979797979798,Implement / Fight
6.6000000000000005,0.8080808080808082,Implement / Fight
6.6000000000000005,0.8181818181818182,Implement / Fight
6.6000000000000005,0.8282828282828284,Implement / Fight
6.6000000000000005,0.8383838383838385,Implement / Fight
6.6000000000000005,0.8484848484848485,Implement / Fight
6.6000000000000005,0.8585858585858587,Implement / Fight
6.6000000000000005,0.8686868686868687,Implement / Fight
6.6000000000000005,0.8787878787878789,Implement / Fight
6.6000000000000005,0.888888888888889,Implement / Fight
6.6000000000000005,0.8989898989898991,Implement / Fight
6.6000000000000005,0.9090909090909092,Implement / Fight
6.6000000000000005,0.9191919191919192,Implement / Fight
6.6000000000000005,0.9292929292929294,Implement / Fight
6.6000000000000005,0.9393939393939394,Implement / Fight
6.6000000000000005,0.9494949494949496,Implement / Fight
6.6000000000000005,0.9595959595959597,Implement / Fight
6.6000000000000005,0.9696969696969697,Implement / Fight
6.6000000000000005,0.9797979797979799,Implement / Fight
6.6000000000000005,0.98989898989899,Implement / Fight
6.6000000000000005,1.0,Implement / Fight
