Ca,Cs,equilibrium
0.0,0.0,Implement / Fight
0.0,1.0101010101010102,Implement / Fight
0.0,2.0202020202020203,Implement / Fight
0.0,3.0303030303030303,Implement / Fight
0.0,4.040404040404041,Implement / Fight
0.0,5.050505050505051,Implement / Fight
0.0,6.0606060606060606,Implement / Fight
0.0,7.070707070707071,Implement / Fight
0.0,8.080808080808081,Implement / Fight
0.0,9.090909090909092,Implement / Fight
0.0,10.101010101010102,Implement / Fight
0.0,11.111111111111112,Implement / Fight
0.0,12.121212121212121,Implement / Fight
0.0,13.131313131313131,Implement / Fight
0.0,14.141414141414142,Implement / Fight
0.0,15.151515151515152,Implement / Fight
0.0,16.161616161616163,Implement / Fight
0.0,17.171717171717173,Implement / Fight
0.0,18.181818181818183,Implement / Fight
0.0,19.191919191919194,Implement / Fight
0.0,20.202020202020204,Implement / Fight
0.0,21.212121212121215,Implement / Fight
0.0,22.222222222222225,Implement / Fight
0.0,23.232323232323235,Implement / Fight
0.0,24.242424242424242,Implement / Fight
0.0,25.252525252525253,Implement / Fight
0.0,26.262626262626263,Implement / Fight
0.0,27.272727272727273,Implement / Fight
0.0,28.282828282828284,Implement / Fight
0.0,29.292929292929294,Implement / Fight
0.0,30.303030303030305,Implement / Fight
0.0,31.313131313131315,Implement / Fight
0.0,32.323232323232325,Implement / Fight
0.0,33.333333333333336,Implement / Fight
0.0,34.343434343434346,Implement / Fight
0.0,35.35353535353536,Implement / Fight
0.0,36.36363636363637,Implement / Fight
0.0,37.37373737373738,Implement / Fight
0.0,38.38383838383839,Withdraw / Fight
0.0,39.3939393939394,Withdraw / Fight
0.0,40.40404040404041,Withdraw / Fight
0.0,41.41414141414142,Withdraw / Fight
0.0,42.42424242424243,Withdraw / Fight
0.0,43.43434343434344,Withdraw / Fight
0.0,44.44444444444445,Withdraw / Fight
0.0,45.45454545454546,Withdraw / Fight
0.0,46.46464646464647,Withdraw / Fight
0.0,47.47474747474748,Withdraw / Fight
0.0,48.484848484848484,Withdraw / Fight
0.0,49.494949494949495,Withdraw / Fight
0.0,50.505050505050505,Withdraw / Fight
0.0,51.515151515151516,Withdraw / Fight
0.0,52.525252525252526,Withdraw / Fight
0.0,53.535353535353536,Withdraw / Fight
0.0,54.54545454545455,Withdraw / Fight
0.0,55.55555555555556,Withdraw / Fight
0.0,56.56565656565657,Withdraw / Fight
0.0,57.57575757575758,Withdraw / Fight
0.0,58.58585858585859,Withdraw / Fight
0.0,59.5959595959596,Withdraw / Fight
0.0,60.60606060606061,Withdraw / Fight
0.0,61.61616161616162,Withdraw / Fight
0.0,62.62626262626263,Withdraw / Fight
0.0,63.63636363636364,Withdraw / Fight
0.0,64.64646464646465,Withdraw / Fight
0.0,65.65656565656566,Withdraw / Fight
0.0,66.66666666666667,Withdraw / Fight
0.0,67.67676767676768,Withdraw / Fight
0.0,68.68686868686869,Withdraw / Fight
0.0,69.6969696969697,Withdraw / Fight
0.0,70.70707070707071,Withdraw / Fight
0.0,71.71717171717172,Withdraw / Fight
0.0,72.72727272727273,Withdraw / Fight
0.0,73.73737373737374,Withdraw / Fight
0.0,74.74747474747475,Withdraw / Fight
0.0,75.75757575757576,Withdraw / Fight
0.0,76.76767676767678,Withdraw / Fight
0.0,77.77777777777779,Withdraw / Fight
0.0,78.7878787878788,Withdraw / Fight
0.0,79.7979797979798,Withdraw / Fight
0.0,80.80808080808082,Withdraw / Fight
0.0,81.81818181818183,Withdraw / Fight
0.0,82.82828282828284,Withdraw / Fight
0.0,83.83838383838385,Withdraw / Fight
0.0,84.84848484848486,Withdraw / Fight
0.0,85.85858585858587,Withdraw / Fight
0.0,86.86868686868688,Withdraw / Fight
0.0,87.87878787878789,Withdraw / Fight
0.0,88.8888888888889,Withdraw / Fight
0.0,89.89898989898991,Withdraw / Fight
0.0,90.90909090909092,Withdraw / Fight
0.0,91.91919191919193,Withdraw / Fight
0.0,92.92929292929294,Withdraw / Fight
0.0,93.93939393939395,Withdraw / Fight
0.0,94.94949494949496,Withdraw / Fight
0.0,95.95959595959597,Withdraw / Fight
0.0,96.96969696969697,Withdraw / Fight
0.0,97.97979797979798,Withdraw / Fight
0.0,98.98989898989899,Withdraw / Fight
0.0,100.0,Withdraw / Fight
0.2222222222222222,0.0,Implement / Fight
0.2222222222222222,1.0101010101010102,Implement / Fight
0.2222222222222222,2.0202020202020203,Implement / Fight
0.2222222222222222,3.0303030303030303,Implement / Fight
0.2222222222222222,4.040404040404041,Implement / Fight
0.2222222222222222,5.050505050505051,Implement / Fight
0.2222222222222222,6.0606060606060606,Implement / Fight
0.2222222222222222,7.070707070707071,Implement / Fight
0.2222222222222222,8.080808080808081,Implement / Fight
0.2222222222222222,9.090909090909092,Implement / Fight
0.2222222222222222,10.101010101010102,Implement / Fight
0.2222222222222222,11.111111111111112,Implement / Fight
0.2222222222222222,12.121212121212121,Implement / Fight
0.2222222222222222,13.131313131313131,Implement / Fight
0.2222222222222222,14.141414141414142,Implement / Fight
0.2222222222222222,15.151515151515152,Implement / Fight
0.2222222222222222,16.161616161616163,Implement / Fight
0.2222222222222222,17.171717171717173,Implement / Fight
0.2222222222222222,18.181818181818183,Implement / Fight
0.2222222222222222,19.191919191919194,Implement / Fight
0.2222222222222222,20.202020202020204,Implement / Fight
0.2222222222222222,21.212121212121215,Implement / Fight
0.2222222222222222,22.222222222222225,Implement / Fight
0.2222222222222222,23.232323232323235,Implement / Fight
0.2222222222222222,24.242424242424242,Implement / Fight
0.2222222222222222,25.252525252525253,Implement / Fight
0.2222222222222222,26.262626262626263,Implement / Fight
0.2222222222222222,27.272727272727273,Implement / Fight
0.2222222222222222,28.282828282828284,Implement / Fight
0.2222222222222222,29.292929292929294,Implement / Fight
0.2222222222222222,30.303030303030305,Implement / Fight
0.2222222222222222,31.313131313131315,Implement / Fight
0.2222222222222222,32.323232323232325,Implement / Fight
0.2222222222222222,33.333333333333336,Implement / Fight
0.2222222222222222,34.343434343434346,Implement / Fight
0.2222222222222222,35.35353535353536,Implement / Fight
0.2222222222222222,36.36363636363637,Implement / Fight
0.2222222222222222,37.37373737373738,Implement / Fight
0.2222222222222222,38.38383838383839,Absence of Pure Equilibrium
0.2222222222222222,39.3939393939394,Absence of Pure Equilibrium
0.2222222222222222,40.40404040404041,Absence of Pure Equilibrium
0.2222222222222222,41.41414141414142,Absence of Pure Equilibrium
0.2222222222222222,42.42424242424243,Absence of Pure Equilibrium
0.2222222222222222,43.43434343434344,Absence of Pure Equilibrium
0.2222222222222222,44.44444444444445,Absence of Pure Equilibrium
0.2222222222222222,45.45454545454546,Absence of Pure Equilibrium
0.2222222222222222,46.46464646464647,Absence of Pure Equilibrium
0.2222222222222222,47.47474747474748,Absence of Pure Equilibrium
0.2222222222222222,48.484848484848484,Absence of Pure Equilibrium
0.2222222222222222,49.494949494949495,Absence of Pure Equilibrium
0.2222222222222222,50.505050505050505,Absence of Pure Equilibrium
0.2222222222222222,51.515151515151516,Absence of Pure Equilibrium
0.2222222222222222,52.525252525252526,Absence of Pure Equilibrium
0.2222222222222222,53.535353535353536,Absence of Pure Equilibrium
0.2222222222222222,54.54545454545455,Absence of Pure Equilibrium
0.2222222222222222,55.55555555555556,Absence of Pure Equilibrium
0.2222222222222222,56.56565656565657,Absence of Pure Equilibrium
0.2222222222222222,57.57575757575758,Absence of Pure Equilibrium
0.2222222222222222,58.58585858585859,Absence of Pure Equilibrium
0.2222222222222222,59.5959595959596,Absence of Pure Equilibrium
0.2222222222222222,60.60606060606061,Absence of Pure Equilibrium
0.2222222222222222,61.61616161616162,Absence of Pure Equilibrium
0.2222222222222222,62.62626262626263,Absence of Pure Equilibrium
0.2222222222222222,63.63636363636364,Absence of Pure Equilibrium
0.2222222222222222,64.64646464646465,Absence of Pure Equilibrium
0.2222222222222222,65.65656565656566,Absence of Pure Equilibrium
0.2222222222222222,66.66666666666667,Absence of Pure Equilibrium
0.2222222222222222,67.67676767676768,Absence of Pure Equilibrium
0.2222222222222222,68.68686868686869,Absence of Pure Equilibrium
0.2222222222222222,69.6969696969697,Absence of Pure Equilibrium
0.2222222222222222,70.70707070707071,Absence of Pure Equilibrium
0.2222222222222222,71.71717171717172,Absence of Pure Equilibrium
0.2222222222222222,72.72727272727273,Absence of Pure Equilibrium
0.2222222222222222,73.73737373737374,Absence of Pure Equilibrium
0.2222222222222222,74.74747474747475,Absence of Pure Equilibrium
0.2222222222222222,75.75757575757576,Absence of Pure Equilibrium
0.2222222222222222,76.76767676767678,Absence of Pure Equilibrium
0.2222222222222222,77.77777777777779,Absence of Pure Equilibrium
0.2222222222222222,78.7878787878788,Absence of Pure Equilibrium
0.2222222222222222,79.7979797979798,Absence of Pure Equilibrium
0.2222222222222222,80.80808080808082,Absence of Pure Equilibrium
0.2222222222222222,81.81818181818183,Absence of Pure Equilibrium
0.2222222222222222,82.82828282828284,Absence of Pure Equilibrium
0.2222222222222222,83.83838383838385,Absence of Pure Equilibrium
0.2222222222222222,84.84848484848486,Absence of Pure Equilibrium
0.2222222222222222,85.85858585858587,Absence of Pure Equilibrium
0.2222222222222222,86.86868686868688,Absence of Pure Equilibrium
0.2222222222222222,87.87878787878789,Absence of Pure Equilibrium
0.2222222222222222,88.8888888888889,Absence of Pure Equilibrium
0.2222222222222222,89.89898989898991,Absence of Pure Equilibrium
0.2222222222222222,90.90909090909092,Absence of Pure Equilibrium
0.2222222222222222,91.91919191919193,Absence of Pure Equilibrium
0.2222222222222222,92.92929292929294,Absence of Pure Equilibrium
0.2222222222222222,93.93939393939395,Absence of Pure Equilibrium
0.2222222222222222,94.94949494949496,Absence of Pure Equilibrium
0.2222222222222222,95.95959595959597,Absence of Pure Equilibrium
0.2222222222222222,96.96969696969697,Absence of Pure Equilibrium
0.2222222222222222,97.97979797979798,Absence of Pure Equilibrium
0.2222222222222222,98.98989898989899,Absence of Pure Equilibrium
0.2222222222222222,100.0,Absence of Pure Equilibrium
0.4444444444444444,0.0,Implement / Fight
0.4444444444444444,1.0101010101010102,Implement / Fight
0.4444444444444444,2.0202020202020203,Implement / Fight
0.4444444444444444,3.0303030303030303,Implement / Fight
0.4444444444444444,4.040404040404041,Implement / Fight
0.4444444444444444,5.050505050505051,Implement / Fight
0.4444444444444444,6.0606060606060606,Implement / Fight
0.4444444444444444,7.070707070707071,Implement / Fight
0.4444444444444444,8.080808080808081,Implement / Fight
0.4444444444444444,9.090909090909092,Implement / Fight
0.4444444444444444,10.101010101010102,Implement / Fight
0.4444444444444444,11.111111111111112,Implement / Fight
0.4444444444444444,12.121212121212121,Implement / Fight
0.4444444444444444,13.131313131313131,Implement / Fight
0.4444444444444444,14.141414141414142,Implement / Fight
0.4444444444444444,15.151515151515152,Implement / Fight
0.4444444444444444,16.161616161616163,Implement / Fight
0.4444444444444444,17.171717171717173,Implement / Fight
0.4444444444444444,18.181818181818183,Implement / Fight
0.4444444444444444,19.191919191919194,Implement / Fight
0.4444444444444444,20.202020202020204,Implement / Fight
0.4444444444444444,21.212121212121215,Implement / Fight
0.4444444444444444,22.222222222222225,Implement / Fight
0.4444444444444444,23.232323232323235,Implement / Fight
0.4444444444444444,24.242424242424242,Implement / Fight
0.4444444444444444,25.252525252525253,Implement / Fight
0.4444444444444444,26.262626262626263,Implement / Fight
0.4444444444444444,27.272727272727273,Implement / Fight
0.4444444444444444,28.282828282828284,Implement / Fight
0.4444444444444444,29.292929292929294,Implement / Fight
0.4444444444444444,30.303030303030305,Implement / Fight
0.4444444444444444,31.313131313131315,Implement / Fight
0.4444444444444444,32.323232323232325,Implement / Fight
0.4444444444444444,33.333333333333336,Implement / Fight
0.4444444444444444,34.343434343434346,Implement / Fight
0.4444444444444444,35.35353535353536,Implement / Fight
0.4444444444444444,36.36363636363637,Implement / Fight
0.4444444444444444,37.37373737373738,Implement / Fight
0.4444444444444444,38.38383838383839,Absence of Pure Equilibrium
0.4444444444444444,39.3939393939394,Absence of Pure Equilibrium
0.4444444444444444,40.40404040404041,Absence of Pure Equilibrium
0.4444444444444444,41.41414141414142,Absence of Pure Equilibrium
0.4444444444444444,42.42424242424243,Absence of Pure Equilibrium
0.4444444444444444,43.43434343434344,Absence of Pure Equilibrium
0.4444444444444444,44.44444444444445,Absence of Pure Equilibrium
0.4444444444444444,45.45454545454546,Absence of Pure Equilibrium
0.4444444444444444,46.46464646464647,Absence of Pure Equilibrium
0.4444444444444444,47.47474747474748,Absence of Pure Equilibrium
0.4444444444444444,48.484848484848484,Absence of Pure Equilibrium
0.4444444444444444,49.494949494949495,Absence of Pure Equilibrium
0.4444444444444444,50.505050505050505,Absence of Pure Equilibrium
0.4444444444444444,51.515151515151516,Absence of Pure Equilibrium
0.4444444444444444,52.525252525252526,Absence of Pure Equilibrium
0.4444444444444444,53.535353535353536,Absence of Pure Equilibrium
0.4444444444444444,54.54545454545455,Absence of Pure Equilibrium
0.4444444444444444,55.55555555555556,Absence of Pure Equilibrium
0.4444444444444444,56.56565656565657,Absence of Pure Equilibrium
0.4444444444444444,57.57575757575758,Absence of Pure Equilibrium
0.4444444444444444,58.58585858585859,Absence of Pure Equilibrium
0.4444444444444444,59.5959595959596,Absence of Pure Equilibrium
0.4444444444444444,60.60606060606061,Absence of Pure Equilibrium
0.4444444444444444,61.61616161616162,Absence of Pure Equilibrium
0.4444444444444444,62.62626262626263,Absence of Pure Equilibrium
0.4444444444444444,63.63636363636364,Absence of Pure Equilibrium
0.4444444444444444,64.64646464646465,Absence of Pure Equilibrium
0.4444444444444444,65.65656565656566,Absence of Pure Equilibrium
0.4444444444444444,66.66666666666667,Absence of Pure Equilibrium
0.4444444444444444,67.67676767676768,Absence of Pure Equilibrium
0.4444444444444444,68.68686868686869,Absence of Pure Equilibrium
0.4444444444444444,69.6969696969697,Absence of Pure Equilibrium
0.4444444444444444,70.70707070707071,Absence of Pure Equilibrium
0.4444444444444444,71.71717171717172,Absence of Pure Equilibrium
0.4444444444444444,72.72727272727273,Absence of Pure Equilibrium
0.4444444444444444,73.73737373737374,Absence of Pure Equilibrium
0.4444444444444444,74.74747474747475,Absence of Pure Equilibrium
0.4444444444444444,75.75757575757576,Absence of Pure Equilibrium
0.4444444444444444,76.76767676767678,Absence of Pure Equilibrium
0.4444444444444444,77.77777777777779,Absence of Pure Equilibrium
0.4444444444444444,78.7878787878788,Absence of Pure Equilibrium
0.4444444444444444,79.7979797979798,Absence of Pure Equilibrium
0.4444444444444444,80.80808080808082,Absence of Pure Equilibrium
0.4444444444444444,81.81818181818183,Absence of Pure Equilibrium
0.4444444444444444,82.82828282828284,Absence of Pure Equilibrium
0.4444444444444444,83.83838383838385,Absence of Pure Equilibrium
0.4444444444444444,84.84848484848486,Absence of Pure Equilibrium
0.4444444444444444,85.85858585858587,Absence of Pure Equilibrium
0.4444444444444444,86.86868686868688,Absence of Pure Equilibrium
0.4444444444444444,87.87878787878789,Absence of Pure Equilibrium
0.4444444444444444,88.8888888888889,Absence of Pure Equilibrium
0.4444444444444444,89.89898989898991,Absence of Pure Equilibrium
0.4444444444444444,90.90909090909092,Absence of Pure Equilibrium
0.4444444444444444,91.91919191919193,Absence of Pure Equilibrium
0.4444444444444444,92.92929292929294,Absence of Pure Equilibrium
0.4444444444444444,93.93939393939395,Absence of Pure Equilibrium
0.4444444444444444,94.94949494949496,Absence of Pure Equilibrium
0.4444444444444444,95.95959595959597,Absence of Pure Equilibrium
0.4444444444444444,96.96969696969697,Absence of Pure Equilibrium
0.4444444444444444,97.97979797979798,Absence of Pure Equilibrium
0.4444444444444444,98.98989898989899,Absence of Pure Equilibrium
0.4444444444444444,100.0,Absence of Pure Equilibrium
0.6666666666666666,0.0,Implement / Fight
0.6666666666666666,1.0101010101010102,Implement / Fight
0.6666666666666666,2.0202020202020203,Implement / Fight
0.6666666666666666,3.0303030303030303,Implement / Fight
0.6666666666666666,4.040404040404041,Implement / Fight
0.6666666666666666,5.050505050505051,Implement / Fight
0.6666666666666666,6.0606060606060606,Implement / Fight
0.6666666666666666,7.070707070707071,Implement / Fight
0.6666666666666666,8.080808080808081,Implement / Fight
0.6666666666666666,9.090909090909092,Implement / Fight
0.6666666666666666,10.101010101010102,Implement / Fight
0.6666666666666666,11.111111111111112,Implement / Fight
0.6666666666666666,12.121212121212121,Implement / Fight
0.6666666666666666,13.131313131313131,Implement / Fight
0.6666666666666666,14.141414141414142,Implement / Fight
0.6666666666666666,15.151515151515152,Implement / Fight
0.6666666666666666,16.161616161616163,Implement / Fight
0.6666666666666666,17.171717171717173,Implement / Fight
0.6666666666666666,18.181818181818183,Implement / Fight
0.6666666666666666,19.191919191919194,Implement / Fight
0.6666666666666666,20.202020202020204,Implement / Fight
0.6666666666666666,21.212121212121215,Implement / Fight
0.6666666666666666,22.222222222222225,Implement / Fight
0.6666666666666666,23.232323232323235,Implement / Fight
0.6666666666666666,24.242424242424242,Implement / Fight
0.6666666666666666,25.252525252525253,Implement / Fight
0.6666666666666666,26.262626262626263,Implement / Fight
0.6666666666666666,27.272727272727273,Implement / Fight
0.6666666666666666,28.282828282828284,Implement / Fight
0.6666666666666666,29.292929292929294,Implement / Fight
0.6666666666666666,30.303030303030305,Implement / Fight
0.6666666666666666,31.313131313131315,Implement / Fight
0.6666666666666666,32.323232323232325,Implement / Fight
0.6666666666666666,33.333333333333336,Implement / Fight
0.6666666666666666,34.343434343434346,Implement / Fight
0.6666666666666666,35.35353535353536,Implement / Fight
0.6666666666666666,36.36363636363637,Implement / Fight
0.6666666666666666,37.37373737373738,Implement / Fight
0.6666666666666666,38.38383838383839,Absence of Pure Equilibrium
0.6666666666666666,39.3939393939394,Absence of Pure Equilibrium
0.6666666666666666,40.40404040404041,Absence of Pure Equilibrium
0.6666666666666666,41.41414141414142,Absence of Pure Equilibrium
0.6666666666666666,42.42424242424243,Absence of Pure Equilibrium
0.6666666666666666,43.43434343434344,Absence of Pure Equilibrium
0.6666666666666666,44.44444444444445,Absence of Pure Equilibrium
0.6666666666666666,45.45454545454546,Absence of Pure Equilibrium
0.6666666666666666,46.46464646464647,Absence of Pure Equilibrium
0.6666666666666666,47.47474747474748,Absence of Pure Equilibrium
0.6666666666666666,48.484848484848484,Absence of Pure Equilibrium
0.6666666666666666,49.494949494949495,Absence of Pure Equilibrium
0.6666666666666666,50.505050505050505,Absence of Pure Equilibrium
0.6666666666666666,51.515151515151516,Absence of Pure Equilibrium
0.6666666666666666,52.525252525252526,Absence of Pure Equilibrium
0.6666666666666666,53.535353535353536,Absence of Pure Equilibrium
0.6666666666666666,54.54545454545455,Absence of Pure Equilibrium
0.6666666666666666,55.55555555555556,Absence of Pure Equilibrium
0.6666666666666666,56.56565656565657,Absence of Pure Equilibrium
0.6666666666666666,57.57575757575758,Absence of Pure Equilibrium
0.6666666666666666,58.58585858585859,Absence of Pure Equilibrium
0.6666666666666666,59.5959595959596,Absence of Pure Equilibrium
0.6666666666666666,60.60606060606061,Absence of Pure Equilibrium
0.6666666666666666,61.61616161616162,Absence of Pure Equilibrium
0.6666666666666666,62.62626262626263,Absence of Pure Equilibrium
0.6666666666666666,63.63636363636364,Absence of Pure Equilibrium
0.6666666666666666,64.64646464646465,Absence of Pure Equilibrium
0.6666666666666666,65.65656565656566,Absence of Pure Equilibrium
0.6666666666666666,66.66666666666667,Absence of Pure Equilibrium
0.6666666666666666,67.67676767676768,Absence of Pure Equilibrium
0.6666666666666666,68.68686868686869,Absence of Pure Equilibrium
0.6666666666666666,69.6969696969697,Absence of Pure Equilibrium
0.6666666666666666,70.70707070707071,Absence of Pure Equilibrium
0.6666666666666666,71.71717171717172,Absence of Pure Equilibrium
0.6666666666666666,72.72727272727273,Absence of Pure Equilibrium
0.6666666666666666,73.73737373737374,Absence of Pure Equilibrium
0.6666666666666666,74.74747474747475,Absence of Pure Equilibrium
0.6666666666666666,75.75757575757576,Absence of Pure Equilibrium
0.6666666666666666,76.76767676767678,Absence of Pure Equilibrium
0.6666666666666666,77.77777777777779,Absence of Pure Equilibrium
0.6666666666666666,78.7878787878788,Absence of Pure Equilibrium
0.6666666666666666,79.7979797979798,Absence of Pure Equilibrium
0.6666666666666666,80.80808080808082,Absence of Pure Equilibrium
0.6666666666666666,81.81818181818183,Absence of Pure Equilibrium
0.6666666666666666,82.82828282828284,Absence of Pure Equilibrium
0.6666666666666666,83.83838383838385,Absence of Pure Equilibrium
0.6666666666666666,84.84848484848486,Absence of Pure Equilibrium
0.6666666666666666,85.85858585858587,Absence of Pure Equilibrium
0.6666666666666666,86.86868686868688,Absence of Pure Equilibrium
0.6666666666666666,87.87878787878789,Absence of Pure Equilibrium
0.6666666666666666,88.8888888888889,Absence of Pure Equilibrium
0.6666666666666666,89.89898989898991,Absence of Pure Equilibrium
0.6666666666666666,90.90909090909092,Absence of Pure Equilibrium
0.6666666666666666,91.91919191919193,Absence of Pure Equilibrium
0.6666666666666666,92.92929292929294,Absence of Pure Equilibrium
0.6666666666666666,93.93939393939395,Absence of Pure Equilibrium
0.6666666666666666,94.94949494949496,Absence of Pure Equilibrium
0.6666666666666666,95.95959595959597,Absence of Pure Equilibrium
0.6666666666666666,96.96969696969697,Absence of Pure Equilibrium
0.6666666666666666,97.97979797979798,Absence of Pure Equilibrium
0.6666666666666666,98.98989898989899,Absence of Pure Equilibrium
0.6666666666666666,100.0,Absence of Pure Equilibrium
0.8888888888888888,0.0,Implement / Fight
0.8888888888888888,1.0101010101010102,Implement / Fight
0.8888888888888888,2.0202020202020203,Implement / Fight
0.8888888888888888,3.0303030303030303,Implement / Fight
0.8888888888888888,4.040404040404041,Implement / Fight
0.8888888888888888,5.050505050505051,Implement / Fight
0.8888888888888888,6.0606060606060606,Implement / Fight
0.8888888888888888,7.070707070707071,Implement / Fight
0.8888888888888888,8.080808080808081,Implement / Fight
0.8888888888888888,9.090909090909092,Implement / Fight
0.8888888888888888,10.101010101010102,Implement / Fight
0.8888888888888888,11.111111111111112,Implement / Fight
0.8888888888888888,12.121212121212121,Implement / Fight
0.8888888888888888,13.131313131313131,Implement / Fight
0.8888888888888888,14.141414141414142,Implement / Fight
0.8888888888888888,15.151515151515152,Implement / Fight
0.8888888888888888,16.161616161616163,Implement / Fight
0.8888888888888888,17.171717171717173,Implement / Fight
0.8888888888888888,18.181818181818183,Implement / Fight
0.8888888888888888,19.191919191919194,Implement / Fight
0.8888888888888888,20.202020202020204,Implement / Fight
0.8888888888888888,21.212121212121215,Implement / Fight
0.8888888888888888,22.222222222222225,Implement / Fight
0.8888888888888888,23.232323232323235,Implement / Fight
0.8888888888888888,24.242424242424242,Implement / Fight
0.8888888888888888,25.252525252525253,Implement / Fight
0.8888888888888888,26.262626262626263,Implement / Fight
0.8888888888888888,27.272727272727273,Implement / Fight
0.8888888888888888,28.282828282828284,Implement / Fight
0.8888888888888888,29.292929292929294,Implement / Fight
0.8888888888888888,30.303030303030305,Implement / Fight
0.8888888888888888,31.313131313131315,Implement / Fight
0.8888888888888888,32.323232323232325,Implement / Fight
0.8888888888888888,33.333333333333336,Implement / Fight
0.8888888888888888,34.343434343434346,Implement / Fight
0.8888888888888888,35.35353535353536,Implement / Fight
0.8888888888888888,36.36363636363637,Implement / Fight
0.8888888888888888,37.37373737373738,Implement / Fight
0.8888888888888888,38.38383838383839,Absence of Pure Equilibrium
0.8888888888888888,39.3939393939394,Absence of Pure Equilibrium
0.8888888888888888,40.40404040404041,Absence of Pure Equilibrium
0.8888888888888888,41.41414141414142,Absence of Pure Equilibrium
0.8888888888888888,42.42424242424243,Absence of Pure Equilibrium
0.8888888888888888,43.43434343434344,Absence of Pure Equilibrium
0.8888888888888888,44.44444444444445,Absence of Pure Equilibrium
0.8888888888888888,45.45454545454546,Absence of Pure Equilibrium
0.8888888888888888,46.46464646464647,Absence of Pure Equilibrium
0.8888888888888888,47.47474747474748,Absence of Pure Equilibrium
0.8888888888888888,48.484848484848484,Absence of Pure Equilibrium
0.8888888888888888,49.494949494949495,Absence of Pure Equilibrium
0.8888888888888888,50.505050505050505,Absence of Pure Equilibrium
0.8888888888888888,51.515151515151516,Absence of Pure Equilibrium
0.8888888888888888,52.525252525252526,Absence of Pure Equilibrium
0.8888888888888888,53.535353535353536,Absence of Pure Equilibrium
0.8888888888888888,54.54545454545455,Absence of Pure Equilibrium
0.8888888888888888,55.55555555555556,Absence of Pure Equilibrium
0.8888888888888888,56.56565656565657,Absence of Pure Equilibrium
0.8888888888888888,57.57575757575758,Absence of Pure Equilibrium
0.8888888888888888,58.58585858585859,Absence of Pure Equilibrium
0.8888888888888888,59.5959595959596,Absence of Pure Equilibrium
0.8888888888888888,60.60606060606061,Absence of Pure Equilibrium
0.8888888888888888,61.61616161616162,Absence of Pure Equilibrium
0.8888888888888888,62.62626262626263,Absence of Pure Equilibrium
0.8888888888888888,63.63636363636364,Absence of Pure Equilibrium
0.8888888888888888,64.64646464646465,Absence of Pure Equilibrium
0.8888888888888888,65.65656565656566,Absence of Pure Equilibrium
0.8888888888888888,66.66666666666667,Absence of Pure Equilibrium
0.8888888888888888,67.67676767676768,Absence of Pure Equilibrium
0.8888888888888888,68.68686868686869,Absence of Pure Equilibrium
0.8888888888888888,69.6969696969697,Absence of Pure Equilibrium
0.8888888888888888,70.70707070707071,Absence of Pure Equilibrium
0.8888888888888888,71.71717171717172,Absence of Pure Equilibrium
0.8888888888888888,72.72727272727273,Absence of Pure Equilibrium
0.8888888888888888,73.73737373737374,Absence of Pure Equilibrium
0.8888888888888888,74.74747474747475,Absence of Pure Equilibrium
0.8888888888888888,75.75757575757576,Absence of Pure Equilibrium
0.8888888888888888,76.76767676767678,Absence of Pure Equilibrium
0.8888888888888888,77.77777777777779,Absence of Pure Equilibrium
0.8888888888888888,78.7878787878788,Absence of Pure Equilibrium
0.8888888888888888,79.7979797979798,Absence of Pure Equilibrium
0.8888888888888888,80.80808080808082,Absence of Pure Equilibrium
0.8888888888888888,81.81818181818183,Absence of Pure Equilibrium
0.8888888888888888,82.82828282828284,Absence of Pure Equilibrium
0.8888888888888888,83.83838383838385,Absence of Pure Equilibrium
0.8888888888888888,84.84848484848486,Absence of Pure Equilibrium
0.8888888888888888,85.85858585858587,Absence of Pure Equilibrium
0.8888888888888888,86.86868686868688,Absence of Pure Equilibrium
0.8888888888888888,87.87878787878789,Absence of Pure Equilibrium
0.8888888888888888,88.8888888888889,Absence of Pure Equilibrium
0.8888888888888888,89.89898989898991,Absence of Pure Equilibrium
0.8888888888888888,90.90909090909092,Absence of Pure Equilibrium
0.8888888888888888,91.91919191919193,Absence of Pure Equilibrium
0.8888888888888888,92.92929292929294,Absence of Pure Equilibrium
0.8888888888888888,93.93939393939395,Absence of Pure Equilibrium
0.8888888888888888,94.94949494949496,Absence of Pure Equilibrium
0.8888888888888888,95.95959595959597,Absence of Pure Equilibrium
0.8888888888888888,96.96969696969697,Absence of Pure Equilibrium
0.8888888888888888,97.97979797979798,Absence of Pure Equilibrium
0.8888888888888888,98.98989898989899,Absence of Pure Equilibrium
0.8888888888888888,100.0,Absence of Pure Equilibrium
1.1111111111111112,0.0,Implement / Fight
1.1111111111111112,1.0101010101010102,Implement / Fight
1.1111111111111112,2.0202020202020203,Implement / Fight
1.1111111111111112,3.0303030303030303,Implement / Fight
1.1111111111111112,4.040404040404041,Implement / Fight
1.1111111111111112,5.050505050505051,Implement / Fight
1.1111111111111112,6.0606060606060606,Implement / Fight
1.1111111111111112,7.070707070707071,Implement / Fight
1.1111111111111112,8.080808080808081,Implement / Fight
1.1111111111111112,9.090909090909092,Implement / Fight
1.1111111111111112,10.101010101010102,Implement / Fight
1.1111111111111112,11.111111111111112,Implement / Fight
1.1111111111111112,12.121212121212121,Implement / Fight
1.1111111111111112,13.131313131313131,Implement / Fight
1.1111111111111112,14.141414141414142,Implement / Fight
1.1111111111111112,15.151515151515152,Implement / Fight
1.1111111111111112,16.161616161616163,Implement / Fight
1.1111111111111112,17.171717171717173,Implement / Fight
1.1111111111111112,18.181818181818183,Implement / Fight
1.1111111111111112,19.191919191919194,Implement / Fight
1.1111111111111112,20.202020202020204,Implement / Fight
1.1111111111111112,21.212121212121215,Implement / Fight
1.1111111111111112,22.222222222222225,Implement / Fight
1.1111111111111112,23.232323232323235,Implement / Fight
1.1111111111111112,24.242424242424242,Implement / Fight
1.1111111111111112,25.252525252525253,Implement / Fight
1.1111111111111112,26.262626262626263,Implement / Fight
1.1111111111111112,27.272727272727273,Implement / Fight
1.1111111111111112,28.282828282828284,Implement / Fight
1.1111111111111112,29.292929292929294,Implement / Fight
1.1111111111111112,30.303030303030305,Implement / Fight
1.1111111111111112,31.313131313131315,Implement / Fight
1.1111111111111112,32.323232323232325,Implement / Fight
1.1111111111111112,33.333333333333336,Implement / Fight
1.1111111111111112,34.343434343434346,Implement / Fight
1.1111111111111112,35.35353535353536,Implement / Fight
1.1111111111111112,36.36363636363637,Implement / Fight
1.1111111111111112,37.37373737373738,Implement / Fight
1.1111111111111112,38.38383838383839,Absence of Pure Equilibrium
1.1111111111111112,39.3939393939394,Absence of Pure Equilibrium
1.1111111111111112,40.40404040404041,Absence of Pure Equilibrium
1.1111111111111112,41.41414141414142,Absence of Pure Equilibrium
1.1111111111111112,42.42424242424243,Absence of Pure Equilibrium
1.1111111111111112,43.43434343434344,Absence of Pure Equilibrium
1.1111111111111112,44.44444444444445,Absence of Pure Equilibrium
1.1111111111111112,45.45454545454546,Absence of Pure Equilibrium
1.1111111111111112,46.46464646464647,Absence of Pure Equilibrium
1.1111111111111112,47.47474747474748,Absence of Pure Equilibrium
1.1111111111111112,48.484848484848484,Absence of Pure Equilibrium
1.1111111111111112,49.494949494949495,Absence of Pure Equilibrium
1.1111111111111112,50.505050505050505,Absence of Pure Equilibrium
1.1111111111111112,51.515151515151516,Absence of Pure Equilibrium
1.1111111111111112,52.525252525252526,Absence of Pure Equilibrium
1.1111111111111112,53.535353535353536,Absence of Pure Equilibrium
1.1111111111111112,54.54545454545455,Absence of Pure Equilibrium
1.1111111111111112,55.55555555555556,Absence of Pure Equilibrium
1.1111111111111112,56.56565656565657,Absence of Pure Equilibrium
1.1111111111111112,57.57575757575758,Absence of Pure Equilibrium
1.1111111111111112,58.58585858585859,Absence of Pure Equilibrium
1.1111111111111112,59.5959595959596,Absence of Pure Equilibrium
1.1111111111111112,60.60606060606061,Absence of Pure Equilibrium
1.1111111111111112,61.61616161616162,Absence of Pure Equilibrium
1.1111111111111112,62.62626262626263,Absence of Pure Equilibrium
1.1111111111111112,63.63636363636364,Absence of Pure Equilibrium
1.1111111111111112,64.64646464646465,Absence of Pure Equilibrium
1.1111111111111112,65.65656565656566,Absence of Pure Equilibrium
1.1111111111111112,66.66666666666667,Absence of Pure Equilibrium
1.1111111111111112,67.67676767676768,Absence of Pure Equilibrium
1.1111111111111112,68.68686868686869,Absence of Pure Equilibrium
1.1111111111111112,69.6969696969697,Absence of Pure Equilibrium
1.1111111111111112,70.70707070707071,Absence of Pure Equilibrium
1.1111111111111112,71.71717171717172,Absence of Pure Equilibrium
1.1111111111111112,72.72727272727273,Absence of Pure Equilibrium
1.1111111111111112,73.73737373737374,Absence of Pure Equilibrium
1.1111111111111112,74.74747474747475,Absence of Pure Equilibrium
1.1111111111111112,75.75757575757576,Absence of Pure Equilibrium
1.1111111111111112,76.76767676767678,Absence of Pure Equilibrium
1.1111111111111112,77.77777777777779,Absence of Pure Equilibrium
1.1111111111111112,78.7878787878788,Absence of Pure Equilibrium
1.1111111111111112,79.7979797979798,Absence of Pure Equilibrium
1.1111111111111112,80.80808080808082,Absence of Pure Equilibrium
1.1111111111111112,81.81818181818183,Absence of Pure Equilibrium
1.1111111111111112,82.82828282828284,Absence of Pure Equilibrium
1.1111111111111112,83.83838383838385,Absence of Pure Equilibrium
1.1111111111111112,84.84848484848486,Absence of Pure Equilibrium
1.1111111111111112,85.85858585858587,Absence of Pure Equilibrium
1.1111111111111112,86.86868686868688,Absence of Pure Equilibrium
1.1111111111111112,87.87878787878789,Absence of Pure Equilibrium
1.1111111111111112,88.8888888888889,Absence of Pure Equilibrium
1.1111111111111112,89.89898989898991,Absence of Pure Equilibrium
1.1111111111111112,90.90909090909092,Absence of Pure Equilibrium
1.1111111111111112,91.91919191919193,Absence of Pure Equilibrium
1.1111111111111112,92.92929292929294,Absence of Pure Equilibrium
1.1111111111111112,93.93939393939395,Absence of Pure Equilibrium
1.1111111111111112,94.94949494949496,Absence of Pure Equilibrium
1.1111111111111112,95.95959595959597,Absence of Pure Equilibrium
1.1111111111111112,96.96969696969697,Absence of Pure Equilibrium
1.1111111111111112,97.97979797979798,Absence of Pure Equilibrium
1.1111111111111112,98.98989898989899,Absence of Pure Equilibrium
1.1111111111111112,100.0,Absence of Pure Equilibrium
1.3333333333333333,0.0,Implement / Fight
1.3333333333333333,1.0101010101010102,Implement / Fight
1.3333333333333333,2.0202020202020203,Implement / Fight
1.3333333333333333,3.0303030303030303,Implement / Fight
1.3333333333333333,4.040404040404041,Implement / Fight
1.3333333333333333,5.050505050505051,Implement / Fight
1.3333333333333333,6.0606060606060606,Implement / Fight
1.3333333333333333,7.070707070707071,Implement / Fight
1.3333333333333333,8.080808080808081,Implement / Fight
1.3333333333333333,9.090909090909092,Implement / Fight
1.3333333333333333,10.101010101010102,Implement / Fight
1.3333333333333333,11.111111111111112,Implement / Fight
1.3333333333333333,12.121212121212121,Implement / Fight
1.3333333333333333,13.131313131313131,Implement / Fight
1.3333333333333333,14.141414141414142,Implement / Fight
1.3333333333333333,15.151515151515152,Implement / Fight
1.3333333333333333,16.161616161616163,Implement / Fight
1.3333333333333333,17.171717171717173,Implement / Fight
1.3333333333333333,18.181818181818183,Implement / Fight
1.3333333333333333,19.191919191919194,Implement / Fight
1.3333333333333333,20.202020202020204,Implement / Fight
1.3333333333333333,21.212121212121215,Implement / Fight
1.3333333333333333,22.222222222222225,Implement / Fight
1.3333333333333333,23.232323232323235,Implement / Fight
1.3333333333333333,24.242424242424242,Implement / Fight
1.3333333333333333,25.252525252525253,Implement / Fight
1.3333333333333333,26.262626262626263,Implement / Fight
1.3333333333333333,27.272727272727273,Implement / Fight
1.3333333333333333,28.282828282828284,Implement / Fight
1.3333333333333333,29.292929292929294,Implement / Fight
1.3333333333333333,30.303030303030305,Implement / Fight
1.3333333333333333,31.313131313131315,Implement / Fight
1.3333333333333333,32.323232323232325,Implement / Fight
1.3333333333333333,33.333333333333336,Implement / Fight
1.3333333333333333,34.343434343434346,Implement / Fight
1.3333333333333333,35.35353535353536,Implement / Fight
1.3333333333333333,36.36363636363637,Implement / Fight
1.3333333333333333,37.37373737373738,Implement / Fight
1.3333333333333333,38.38383838383839,Absence of Pure Equilibrium
1.3333333333333333,39.3939393939394,Absence of Pure Equilibrium
1.3333333333333333,40.40404040404041,Absence of Pure Equilibrium
1.3333333333333333,41.41414141414142,Absence of Pure Equilibrium
1.3333333333333333,42.42424242424243,Absence of Pure Equilibrium
1.3333333333333333,43.43434343434344,Absence of Pure Equilibrium
1.3333333333333333,44.44444444444445,Absence of Pure Equilibrium
1.3333333333333333,45.45454545454546,Absence of Pure Equilibrium
1.3333333333333333,46.46464646464647,Absence of Pure Equilibrium
1.3333333333333333,47.47474747474748,Absence of Pure Equilibrium
1.3333333333333333,48.484848484848484,Absence of Pure Equilibrium
1.3333333333333333,49.494949494949495,Absence of Pure Equilibrium
1.3333333333333333,50.505050505050505,Absence of Pure Equilibrium
1.3333333333333333,51.515151515151516,Absence of Pure Equilibrium
1.3333333333333333,52.525252525252526,Absence of Pure Equilibrium
1.3333333333333333,53.535353535353536,Absence of Pure Equilibrium
1.3333333333333333,54.54545454545455,Absence of Pure Equilibrium
1.3333333333333333,55.55555555555556,Absence of Pure Equilibrium
1.3333333333333333,56.56565656565657,Absence of Pure Equilibrium
1.3333333333333333,57.57575757575758,Absence of Pure Equilibrium
1.3333333333333333,58.58585858585859,Absence of Pure Equilibrium
1.3333333333333333,59.5959595959596,Absence of Pure Equilibrium
1.3333333333333333,60.60606060606061,Absence of Pure Equilibrium
1.3333333333333333,61.61616161616162,Absence of Pure Equilibrium
1.3333333333333333,62.62626262626263,Absence of Pure Equilibrium
1.3333333333333333,63.63636363636364,Absence of Pure Equilibrium
1.3333333333333333,64.64646464646465,Absence of Pure Equilibrium
1.3333333333333333,65.65656565656566,Absence of Pure Equilibrium
1.3333333333333333,66.66666666666667,Absence of Pure Equilibrium
1.3333333333333333,67.67676767676768,Absence of Pure Equilibrium
1.3333333333333333,68.68686868686869,Absence of Pure Equilibrium
1.3333333333333333,69.6969696969697,Absence of Pure Equilibrium
1.3333333333333333,70.70707070707071,Absence of Pure Equilibrium
1.3333333333333333,71.71717171717172,Absence of Pure Equilibrium
1.3333333333333333,72.72727272727273,Absence of Pure Equilibrium
1.3333333333333333,73.73737373737374,Absence of Pure Equilibrium
1.3333333333333333,74.74747474747475,Absence of Pure Equilibrium
1.3333333333333333,75.75757575757576,Absence of Pure Equilibrium
1.3333333333333333,76.76767676767678,Absence of Pure Equilibrium
1.3333333333333333,77.77777777777779,Absence of Pure Equilibrium
1.3333333333333333,78.7878787878788,Absence of Pure Equilibrium
1.3333333333333333,79.7979797979798,Absence of Pure Equilibrium
1.3333333333333333,80.80808080808082,Absence of Pure Equilibrium
1.3333333333333333,81.81818181818183,Absence of Pure Equilibrium
1.3333333333333333,82.82828282828284,Absence of Pure Equilibrium
1.3333333333333333,83.83838383838385,Absence of Pure Equilibrium
1.3333333333333333,84.84848484848486,Absence of Pure Equilibrium
1.3333333333333333,85.85858585858587,Absence of Pure Equilibrium
1.3333333333333333,86.86868686868688,Absence of Pure Equilibrium
1.3333333333333333,87.87878787878789,Absence of Pure Equilibrium
1.3333333333333333,88.8888888888889,Absence of Pure Equilibrium
1.3333333333333333,89.89898989898991,Absence of Pure Equilibrium
1.3333333333333333,90.90909090909092,Absence of Pure Equilibrium
1.3333333333333333,91.91919191919193,Absence of Pure Equilibrium
1.3333333333333333,92.92929292929294,Absence of Pure Equilibrium
1.3333333333333333,93.93939393939395,Absence of Pure Equilibrium
1.3333333333333333,94.94949494949496,Absence of Pure Equilibrium
1.3333333333333333,95.95959595959597,Absence of Pure Equilibrium
1.3333333333333333,96.96969696969697,Absence of Pure Equilibrium
1.3333333333333333,97.97979797979798,Absence of Pure Equilibrium
1.3333333333333333,98.98989898989899,Absence of Pure Equilibrium
1.3333333333333333,100.0,Absence of Pure Equilibrium
1.5555555555555554,0.0,Implement / Fight
1.5555555555555554,1.0101010101010102,Implement / Fight
1.5555555555555554,2.0202020202020203,Implement / Fight
1.5555555555555554,3.0303030303030303,Implement / Fight
1.5555555555555554,4.040404040404041,Implement / Fight
1.5555555555555554,5.050505050505051,Implement / Fight
1.5555555555555554,6.0606060606060606,Implement / Fight
1.5555555555555554,7.070707070707071,Implement / Fight
1.5555555555555554,8.080808080808081,Implement / Fight
1.5555555555555554,9.090909090909092,Implement / Fight
1.5555555555555554,10.101010101010102,Implement / Fight
1.5555555555555554,11.111111111111112,Implement / Fight
1.5555555555555554,12.121212121212121,Implement / Fight
1.5555555555555554,13.131313131313131,Implement / Fight
1.5555555555555554,14.141414141414142,Implement / Fight
1.5555555555555554,15.151515151515152,Implement / Fight
1.5555555555555554,16.161616161616163,Implement / Fight
1.5555555555555554,17.171717171717173,Implement / Fight
1.5555555555555554,18.181818181818183,Implement / Fight
1.5555555555555554,19.191919191919194,Implement / Fight
1.5555555555555554,20.202020202020204,Implement / Fight
1.5555555555555554,21.212121212121215,Implement / Fight
1.5555555555555554,22.222222222222225,Implement / Fight
1.5555555555555554,23.232323232323235,Implement / Fight
1.5555555555555554,24.242424242424242,Implement / Fight
1.5555555555555554,25.252525252525253,Implement / Fight
1.5555555555555554,26.262626262626263,Implement / Fight
1.5555555555555554,27.272727272727273,Implement / Fight
1.5555555555555554,28.282828282828284,Implement / Fight
1.5555555555555554,29.292929292929294,Implement / Fight
1.5555555555555554,30.303030303030305,Implement / Fight
1.5555555555555554,31.313131313131315,Implement / Fight
1.5555555555555554,32.323232323232325,Implement / Fight
1.5555555555555554,33.333333333333336,Implement / Fight
1.5555555555555554,34.343434343434346,Implement / Fight
1.5555555555555554,35.35353535353536,Implement / Fight
1.5555555555555554,36.36363636363637,Implement / Fight
1.5555555555555554,37.37373737373738,Implement / Fight
1.5555555555555554,38.38383838383839,Absence of Pure Equilibrium
1.5555555555555554,39.3939393939394,Absence of Pure Equilibrium
1.5555555555555554,40.40404040404041,Absence of Pure Equilibrium
1.5555555555555554,41.41414141414142,Absence of Pure Equilibrium
1.5555555555555554,42.42424242424243,Absence of Pure Equilibrium
1.5555555555555554,43.43434343434344,Absence of Pure Equilibrium
1.5555555555555554,44.44444444444445,Absence of Pure Equilibrium
1.5555555555555554,45.45454545454546,Absence of Pure Equilibrium
1.5555555555555554,46.46464646464647,Absence of Pure Equilibrium
1.5555555555555554,47.47474747474748,Absence of Pure Equilibrium
1.5555555555555554,48.484848484848484,Absence of Pure Equilibrium
1.5555555555555554,49.494949494949495,Absence of Pure Equilibrium
1.5555555555555554,50.505050505050505,Absence of Pure Equilibrium
1.5555555555555554,51.515151515151516,Absence of Pure Equilibrium
1.5555555555555554,52.525252525252526,Absence of Pure Equilibrium
1.5555555555555554,53.535353535353536,Absence of Pure Equilibrium
1.5555555555555554,54.54545454545455,Absence of Pure Equilibrium
1.5555555555555554,55.55555555555556,Absence of Pure Equilibrium
1.5555555555555554,56.56565656565657,Absence of Pure Equilibrium
1.5555555555555554,57.57575757575758,Absence of Pure Equilibrium
1.5555555555555554,58.58585858585859,Absence of Pure Equilibrium
1.5555555555555554,59.5959595959596,Absence of Pure Equilibrium
1.5555555555555554,60.60606060606061,Absence of Pure Equilibrium
1.5555555555555554,61.61616161616162,Absence of Pure Equilibrium
1.5555555555555554,62.62626262626263,Absence of Pure Equilibrium
1.5555555555555554,63.63636363636364,Absence of Pure Equilibrium
1.5555555555555554,64.64646464646465,Absence of Pure Equilibrium
1.5555555555555554,65.65656565656566,Absence of Pure Equilibrium
1.5555555555555554,66.66666666666667,Absence of Pure Equilibrium
1.5555555555555554,67.67676767676768,Absence of Pure Equilibrium
1.5555555555555554,68.68686868686869,Absence of Pure Equilibrium
1.5555555555555554,69.6969696969697,Absence of Pure Equilibrium
1.5555555555555554,70.70707070707071,Absence of Pure Equilibrium
1.5555555555555554,71.71717171717172,Absence of Pure Equilibrium
1.5555555555555554,72.72727272727273,Absence of Pure Equilibrium
1.5555555555555554,73.73737373737374,Absence of Pure Equilibrium
1.5555555555555554,74.74747474747475,Absence of Pure Equilibrium
1.5555555555555554,75.75757575757576,Absence of Pure Equilibrium
1.5555555555555554,76.76767676767678,Absence of Pure Equilibrium
1.5555555555555554,77.77777777777779,Absence of Pure Equilibrium
1.5555555555555554,78.7878787878788,Absence of Pure Equilibrium
1.5555555555555554,79.7979797979798,Absence of Pure Equilibrium
1.5555555555555554,80.80808080808082,Absence of Pure Equilibrium
1.5555555555555554,81.81818181818183,Absence of Pure Equilibrium
1.5555555555555554,82.82828282828284,Absence of Pure Equilibrium
1.5555555555555554,83.83838383838385,Absence of Pure Equilibrium
1.5555555555555554,84.84848484848486,Absence of Pure Equilibrium
1.5555555555555554,85.85858585858587,Absence of Pure Equilibrium
1.5555555555555554,86.86868686868688,Absence of Pure Equilibrium
1.5555555555555554,87.87878787878789,Absence of Pure Equilibrium
1.5555555555555554,88.8888888888889,Absence of Pure Equilibrium
1.5555555555555554,89.89898989898991,Absence of Pure Equilibrium
1.5555555555555554,90.90909090909092,Absence of Pure Equilibrium
1.5555555555555554,91.91919191919193,Absence of Pure Equilibrium
1.5555555555555554,92.92929292929294,Absence of Pure Equilibrium
1.5555555555555554,93.93939393939395,Absence of Pure Equilibrium
1.5555555555555554,94.94949494949496,Absence of Pure Equilibrium
1.5555555555555554,95.95959595959597,Absence of Pure Equilibrium
1.5555555555555554,96.96969696969697,Absence of Pure Equilibrium
1.5555555555555554,97.97979797979798,Absence of Pure Equilibrium
1.5555555555555554,98.98989898989899,Absence of Pure Equilibrium
1.5555555555555554,100.0,Absence of Pure Equilibrium
1.7777777777777777,0.0,Implement / Fight
1.7777777777777777,1.0101010101010102,Implement / Fight
1.7777777777777777,2.0202020202020203,Implement / Fight
1.7777777777777777,3.0303030303030303,Implement / Fight
1.7777777777777777,4.040404040404041,Implement / Fight
1.7777777777777777,5.050505050505051,Implement / Fight
1.7777777777777777,6.0606060606060606,Implement / Fight
1.7777777777777777,7.070707070707071,Implement / Fight
1.7777777777777777,8.080808080808081,Implement / Fight
1.7777777777777777,9.090909090909092,Implement / Fight
1.7777777777777777,10.101010101010102,Implement / Fight
1.7777777777777777,11.111111111111112,Implement / Fight
1.7777777777777777,12.121212121212121,Implement / Fight
1.7777777777777777,13.131313131313131,Implement / Fight
1.7777777777777777,14.141414141414142,Implement / Fight
1.7777777777777777,15.151515151515152,Implement / Fight
1.7777777777777777,16.161616161616163,Implement / Fight
1.7777777777777777,17.171717171717173,Implement / Fight
1.7777777777777777,18.181818181818183,Implement / Fight
1.7777777777777777,19.191919191919194,Implement / Fight
1.7777777777777777,20.202020202020204,Implement / Fight
1.7777777777777777,21.212121212121215,Implement / Fight
1.7777777777777777,22.222222222222225,Implement / Fight
1.7777777777777777,23.232323232323235,Implement / Fight
1.7777777777777777,24.242424242424242,Implement / Fight
1.7777777777777777,25.252525252525253,Implement / Fight
1.7777777777777777,26.262626262626263,Implement / Fight
1.7777777777777777,27.272727272727273,Implement / Fight
1.7777777777777777,28.282828282828284,Implement / Fight
1.7777777777777777,29.292929292929294,Implement / Fight
1.7777777777777777,30.303030303030305,Implement / Fight
1.7777777777777777,31.313131313131315,Implement / Fight
1.7777777777777777,32.323232323232325,Implement / Fight
1.7777777777777777,33.333333333333336,Implement / Fight
1.7777777777777777,34.343434343434346,Implement / Fight
1.7777777777777777,35.35353535353536,Implement / Fight
1.7777777777777777,36.36363636363637,Implement / Fight
1.7777777777777777,37.37373737373738,Implement / Fight
1.7777777777777777,38.38383838383839,Absence of Pure Equilibrium
1.7777777777777777,39.3939393939394,Absence of Pure Equilibrium
1.7777777777777777,40.40404040404041,Absence of Pure Equilibrium
1.7777777777777777,41.41414141414142,Absence of Pure Equilibrium
1.7777777777777777,42.42424242424243,Absence of Pure Equilibrium
1.7777777777777777,43.43434343434344,Absence of Pure Equilibrium
1.7777777777777777,44.44444444444445,Absence of Pure Equilibrium
1.7777777777777777,45.45454545454546,Absence of Pure Equilibrium
1.7777777777777777,46.46464646464647,Absence of Pure Equilibrium
1.7777777777777777,47.47474747474748,Absence of Pure Equilibrium
1.7777777777777777,48.484848484848484,Absence of Pure Equilibrium
1.7777777777777777,49.494949494949495,Absence of Pure Equilibrium
1.7777777777777777,50.505050505050505,Absence of Pure Equilibrium
1.7777777777777777,51.515151515151516,Absence of Pure Equilibrium
1.7777777777777777,52.525252525252526,Absence of Pure Equilibrium
1.7777777777777777,53.535353535353536,Absence of Pure Equilibrium
1.7777777777777777,54.54545454545455,Absence of Pure Equilibrium
1.7777777777777777,55.55555555555556,Absence of Pure Equilibrium
1.7777777777777777,56.56565656565657,Absence of Pure Equilibrium
1.7777777777777777,57.57575757575758,Absence of Pure Equilibrium
1.7777777777777777,58.58585858585859,Absence of Pure Equilibrium
1.7777777777777777,59.5959595959596,Absence of Pure Equilibrium
1.7777777777777777,60.60606060606061,Absence of Pure Equilibrium
1.7777777777777777,61.61616161616162,Absence of Pure Equilibrium
1.7777777777777777,62.62626262626263,Absence of Pure Equilibrium
1.7777777777777777,63.63636363636364,Absence of Pure Equilibrium
1.7777777777777777,64.64646464646465,Absence of Pure Equilibrium
1.7777777777777777,65.65656565656566,Absence of Pure Equilibrium
1.7777777777777777,66.66666666666667,Absence of Pure Equilibrium
1.7777777777777777,67.67676767676768,Absence of Pure Equilibrium
1.7777777777777777,68.68686868686869,Absence of Pure Equilibrium
1.7777777777777777,69.6969696969697,Absence of Pure Equilibrium
1.7777777777777777,70.70707070707071,Absence of Pure Equilibrium
1.7777777777777777,71.71717171717172,Absence of Pure Equilibrium
1.7777777777777777,72.72727272727273,Absence of Pure Equilibrium
1.7777777777777777,73.73737373737374,Absence of Pure Equilibrium
1.7777777777777777,74.74747474747475,Absence of Pure Equilibrium
1.7777777777777777,75.75757575757576,Absence of Pure Equilibrium
1.7777777777777777,76.76767676767678,Absence of Pure Equilibrium
1.7777777777777777,77.77777777777779,Absence of Pure Equilibrium
1.7777777777777777,78.7878787878788,Absence of Pure Equilibrium
1.7777777777777777,79.7979797979798,Absence of Pure Equilibrium
1.7777777777777777,80.80808080808082,Absence of Pure Equilibrium
1.7777777777777777,81.81818181818183,Absence of Pure Equilibrium
1.7777777777777777,82.82828282828284,Absence of Pure Equilibrium
1.7777777777777777,83.83838383838385,Absence of Pure Equilibrium
1.7777777777777777,84.84848484848486,Absence of Pure Equilibrium
1.7777777777777777,85.85858585858587,Absence of Pure Equilibrium
1.7777777777777777,86.86868686868688,Absence of Pure Equilibrium
1.7777777777777777,87.87878787878789,Absence of Pure Equilibrium
1.7777777777777777,88.8888888888889,Absence of Pure Equilibrium
1.7777777777777777,89.89898989898991,Absence of Pure Equilibrium
1.7777777777777777,90.90909090909092,Absence of Pure Equilibrium
1.7777777777777777,91.91919191919193,Absence of Pure Equilibrium
1.7777777777777777,92.92929292929294,Absence of Pure Equilibrium
1.7777777777777777,93.93939393939395,Absence of Pure Equilibrium
1.7777777777777777,94.94949494949496,Absence of Pure Equilibrium
1.7777777777777777,95.95959595959597,Absence of Pure Equilibrium
1.7777777777777777,96.96969696969697,Absence of Pure Equilibrium
1.7777777777777777,97.97979797979798,Absence of Pure Equilibrium
1.7777777777777777,98.98989898989899,Absence of Pure Equilibrium
1.7777777777777777,100.0,Absence of Pure Equilibrium
2.0,0.0,Implement / Fight
2.0,1.0101010101010102,Implement / Fight
2.0,2.0202020202020203,Implement / Fight
2.0,3.0303030303030303,Implement / Fight
2.0,4.040404040404041,Implement / Fight
2.0,5.050505050505051,Implement / Fight
2.0,6.0606060606060606,Implement / Fight
2.0,7.070707070707071,Implement / Fight
2.0,8.080808080808081,Implement / Fight
2.0,9.090909090909092,Implement / Fight
2.0,10.101010101010102,Implement / Fight
2.0,11.111111111111112,Implement / Fight
2.0,12.121212121212121,Implement / Fight
2.0,13.131313131313131,Implement / Fight
2.0,14.141414141414142,Implement / Fight
2.0,15.151515151515152,Implement / Fight
2.0,16.161616161616163,Implement / Fight
2.0,17.171717171717173,Implement / Fight
2.0,18.181818181818183,Implement / Fight
2.0,19.191919191919194,Implement / Fight
2.0,20.202020202020204,Implement / Fight
2.0,21.212121212121215,Implement / Fight
2.0,22.222222222222225,Implement / Fight
2.0,23.232323232323235,Implement / Fight
2.0,24.242424242424242,Implement / Fight
2.0,25.252525252525253,Implement / Fight
2.0,26.262626262626263,Implement / Fight
2.0,27.272727272727273,Implement / Fight
2.0,28.282828282828284,Implement / Fight
2.0,29.292929292929294,Implement / Fight
2.0,30.303030303030305,Implement / Fight
2.0,31.313131313131315,Implement / Fight
2.0,32.323232323232325,Implement / Fight
2.0,33.333333333333336,Implement / Fight
2.0,34.343434343434346,Implement / Fight
2.0,35.35353535353536,Implement / Fight
2.0,36.36363636363637,Implement / Fight
2.0,37.37373737373738,Implement / Fight
2.0,38.38383838383839,Absence of Pure Equilibrium
2.0,39.3939393939394,Absence of Pure Equilibrium
2.0,40.40404040404041,Absence of Pure Equilibrium
2.0,41.41414141414142,Absence of Pure Equilibrium
2.0,42.42424242424243,Absence of Pure Equilibrium
2.0,43.43434343434344,Absence of Pure Equilibrium
2.0,44.44444444444445,Absence of Pure Equilibrium
2.0,45.45454545454546,Absence of Pure Equilibrium
2.0,46.46464646464647,Absence of Pure Equilibrium
2.0,47.47474747474748,Absence of Pure Equilibrium
2.0,48.484848484848484,Absence of Pure Equilibrium
2.0,49.494949494949495,Absence of Pure Equilibrium
2.0,50.505050505050505,Absence of Pure Equilibrium
2.0,51.515151515151516,Absence of Pure Equilibrium
2.0,52.525252525252526,Absence of Pure Equilibrium
2.0,53.535353535353536,Absence of Pure Equilibrium
2.0,54.54545454545455,Absence of Pure Equilibrium
2.0,55.55555555555556,Absence of Pure Equilibrium
2.0,56.56565656565657,Absence of Pure Equilibrium
2.0,57.57575757575758,Absence of Pure Equilibrium
2.0,58.58585858585859,Absence of Pure Equilibrium
2.0,59.5959595959596,Absence of Pure Equilibrium
2.0,60.60606060606061,Absence of Pure Equilibrium
2.0,61.61616161616162,Absence of Pure Equilibrium
2.0,62.62626262626263,Absence of Pure Equilibrium
2.0,63.63636363636364,Absence of Pure Equilibrium
2.0,64.64646464646465,Absence of Pure Equilibrium
2.0,65.65656565656566,Absence of Pure Equilibrium
2.0,66.66666666666667,Absence of Pure Equilibrium
2.0,67.67676767676768,Absence of Pure Equilibrium
2.0,68.68686868686869,Absence of Pure Equilibrium
2.0,69.6969696969697,Absence of Pure Equilibrium
2.0,70.70707070707071,Absence of Pure Equilibrium
2.0,71.71717171717172,Absence of Pure Equilibrium
2.0,72.72727272727273,Absence of Pure Equilibrium
2.0,73.73737373737374,Absence of Pure Equilibrium
2.0,74.74747474747475,Absence of Pure Equilibrium
2.0,75.75757575757576,Absence of Pure Equilibrium
2.0,76.76767676767678,Absence of Pure Equilibrium
2.0,77.77777777777779,Absence of Pure Equilibrium
2.0,78.7878787878788,Absence of Pure Equilibrium
2.0,79.7979797979798,Absence of Pure Equilibrium
2.0,80.80808080808082,Absence of Pure Equilibrium
2.0,81.81818181818183,Absence of Pure Equilibrium
2.0,82.82828282828284,Absence of Pure Equilibrium
2.0,83.83838383838385,Absence of Pure Equilibrium
2.0,84.84848484848486,Absence of Pure Equilibrium
2.0,85.85858585858587,Absence of Pure Equilibrium
2.0,86.86868686868688,Absence of Pure Equilibrium
2.0,87.87878787878789,Absence of Pure Equilibrium
2.0,88.8888888888889,Absence of Pure Equilibrium
2.0,89.89898989898991,Absence of Pure Equilibrium
2.0,90.90909090909092,Absence of Pure Equilibrium
2.0,91.91919191919193,Absence of Pure Equilibrium
2.0,92.92929292929294,Absence of Pure Equilibrium
2.0,93.93939393939395,Absence of Pure Equilibrium
2.0,94.94949494949496,Absence of Pure Equilibrium
2.0,95.95959595959597,Absence of Pure Equilibrium
2.0,96.96969696969697,Absence of Pure Equilibrium
2.0,97.97979797979798,Absence of Pure Equilibrium
2.0,98.98989898989899,Absence of Pure Equilibrium
2.0,100.0,Absence of Pure Equilibrium
2.2222222222222223,0.0,Implement / Fight
2.2222222222222223,1.0101010101010102,Implement / Fight
2.2222222222222223,2.0202020202020203,Implement / Fight
2.2222222222222223,3.0303030303030303,Implement / Fight
2.2222222222222223,4.040404040404041,Implement / Fight
2.2222222222222223,5.050505050505051,Implement / Fight
2.2222222222222223,6.0606060606060606,Implement / Fight
2.2222222222222223,7.070707070707071,Implement / Fight
2.2222222222222223,8.080808080808081,Implement / Fight
2.2222222222222223,9.090909090909092,Implement / Fight
2.2222222222222223,10.101010101010102,Implement / Fight
2.2222222222222223,11.111111111111112,Implement / Fight
2.2222222222222223,12.121212121212121,Implement / Fight
2.2222222222222223,13.131313131313131,Implement / Fight
2.2222222222222223,14.141414141414142,Implement / Fight
2.2222222222222223,15.151515151515152,Implement / Fight
2.2222222222222223,16.161616161616163,Implement / Fight
2.2222222222222223,17.171717171717173,Implement / Fight
2.2222222222222223,18.181818181818183,Implement / Fight
2.2222222222222223,19.191919191919194,Implement / Fight
2.2222222222222223,20.202020202020204,Implement / Fight
2.2222222222222223,21.212121212121215,Implement / Fight
2.2222222222222223,22.222222222222225,Implement / Fight
2.2222222222222223,23.232323232323235,Implement / Fight
2.2222222222222223,24.242424242424242,Implement / Fight
2.2222222222222223,25.252525252525253,Implement / Fight
2.2222222222222223,26.262626262626263,Implement / Fight
2.2222222222222223,27.272727272727273,Implement / Fight
2.2222222222222223,28.282828282828284,Implement / Fight
2.2222222222222223,29.292929292929294,Implement / Fight
2.2222222222222223,30.303030303030305,Implement / Fight
2.2222222222222223,31.313131313131315,Implement / Fight
2.2222222222222223,32.323232323232325,Implement / Fight
2.2222222222222223,33.333333333333336,Implement / Fight
2.2222222222222223,34.343434343434346,Implement / Fight
2.2222222222222223,35.35353535353536,Implement / Fight
2.2222222222222223,36.36363636363637,Implement / Fight
2.2222222222222223,37.37373737373738,Implement / Fight
2.2222222222222223,38.38383838383839,Absence of Pure Equilibrium
2.2222222222222223,39.3939393939394,Absence of Pure Equilibrium
2.2222222222222223,40.40404040404041,Absence of Pure Equilibrium
2.2222222222222223,41.41414141414142,Absence of Pure Equilibrium
2.2222222222222223,42.42424242424243,Absence of Pure Equilibrium
2.2222222222222223,43.43434343434344,Absence of Pure Equilibrium
2.2222222222222223,44.44444444444445,Absence of Pure Equilibrium
2.2222222222222223,45.45454545454546,Absence of Pure Equilibrium
2.2222222222222223,46.46464646464647,Absence of Pure Equilibrium
2.2222222222222223,47.47474747474748,Absence of Pure Equilibrium
2.2222222222222223,48.484848484848484,Absence of Pure Equilibrium
2.2222222222222223,49.494949494949495,Absence of Pure Equilibrium
2.2222222222222223,50.505050505050505,Absence of Pure Equilibrium
2.2222222222222223,51.515151515151516,Absence of Pure Equilibrium
2.2222222222222223,52.525252525252526,Absence of Pure Equilibrium
2.2222222222222223,53.535353535353536,Absence of Pure Equilibrium
2.2222222222222223,54.54545454545455,Absence of Pure Equilibrium
2.2222222222222223,55.55555555555556,Absence of Pure Equilibrium
2.2222222222222223,56.56565656565657,Absence of Pure Equilibrium
2.2222222222222223,57.57575757575758,Absence of Pure Equilibrium
2.2222222222222223,58.58585858585859,Absence of Pure Equilibrium
2.2222222222222223,59.5959595959596,Absence of Pure Equilibrium
2.2222222222222223,60.60606060606061,Absence of Pure Equilibrium
2.2222222222222223,61.61616161616162,Absence of Pure Equilibrium
2.2222222222222223,62.62626262626263,Absence of Pure Equilibrium
2.2222222222222223,63.63636363636364,Absence of Pure Equilibrium
2.2222222222222223,64.64646464646465,Absence of Pure Equilibrium
2.2222222222222223,65.65656565656566,Absence of Pure Equilibrium
2.2222222222222223,66.66666666666667,Absence of Pure Equilibrium
2.2222222222222223,67.67676767676768,Absence of Pure Equilibrium
2.2222222222222223,68.68686868686869,Absence of Pure Equilibrium
2.2222222222222223,69.6969696969697,Absence of Pure Equilibrium
2.2222222222222223,70.70707070707071,Absence of Pure Equilibrium
2.2222222222222223,71.71717171717172,Absence of Pure Equilibrium
2.2222222222222223,72.72727272727273,Absence of Pure Equilibrium
2.2222222222222223,73.73737373737374,Absence of Pure Equilibrium
2.2222222222222223,74.74747474747475,Absence of Pure Equilibrium
2.2222222222222223,75.75757575757576,Absence of Pure Equilibrium
2.2222222222222223,76.76767676767678,Absence of Pure Equilibrium
2.2222222222222223,77.77777777777779,Absence of Pure Equilibrium
2.2222222222222223,78.7878787878788,Absence of Pure Equilibrium
2.2222222222222223,79.7979797979798,Absence of Pure Equilibrium
2.2222222222222223,80.80808080808082,Absence of Pure Equilibrium
2.2222222222222223,81.81818181818183,Absence of Pure Equilibrium
2.2222222222222223,82.82828282828284,Absence of Pure Equilibrium
2.2222222222222223,83.83838383838385,Absence of Pure Equilibrium
2.2222222222222223,84.84848484848486,Absence of Pure Equilibrium
2.2222222222222223,85.85858585858587,Absence of Pure Equilibrium
2.2222222222222223,86.86868686868688,Absence of Pure Equilibrium
2.2222222222222223,87.87878787878789,Absence of Pure Equilibrium
2.2222222222222223,88.8888888888889,Absence of Pure Equilibrium
2.2222222222222223,89.89898989898991,Absence of Pure Equilibrium
2.2222222222222223,90.90909090909092,Absence of Pure Equilibrium
2.2222222222222223,91.91919191919193,Absence of Pure Equilibrium
2.2222222222222223,92.92929292929294,Absence of Pure Equilibrium
2.2222222222222223,93.93939393939395,Absence of Pure Equilibrium
2.2222222222222223,94.94949494949496,Absence of Pure Equilibrium
2.2222222222222223,95.95959595959597,Absence of Pure Equilibrium
2.2222222222222223,96.96969696969697,Absence of Pure Equilibrium
2.2222222222222223,97.97979797979798,Absence of Pure Equilibrium
2.2222222222222223,98.98989898989899,Absence of Pure Equilibrium
2.2222222222222223,100.0,Absence of Pure Equilibrium
2.444444444444444,0.0,Implement / Fight
2.444444444444444,1.0101010101010102,Implement / Fight
2.444444444444444,2.0202020202020203,Implement / Fight
2.444444444444444,3.0303030303030303,Implement / Fight
2.444444444444444,4.040404040404041,Implement / Fight
2.444444444444444,5.050505050505051,Implement / Fight
2.444444444444444,6.0606060606060606,Implement / Fight
2.444444444444444,7.070707070707071,Implement / Fight
2.444444444444444,8.080808080808081,Implement / Fight
2.444444444444444,9.090909090909092,Implement / Fight
2.444444444444444,10.101010101010102,Implement / Fight
2.444444444444444,11.111111111111112,Implement / Fight
2.444444444444444,12.121212121212121,Implement / Fight
2.444444444444444,13.131313131313131,Implement / Fight
2.444444444444444,14.141414141414142,Implement / Fight
2.444444444444444,15.151515151515152,Implement / Fight
2.444444444444444,16.161616161616163,Implement / Fight
2.444444444444444,17.171717171717173,Implement / Fight
2.444444444444444,18.181818181818183,Implement / Fight
2.444444444444444,19.191919191919194,Implement / Fight
2.444444444444444,20.202020202020204,Implement / Fight
2.444444444444444,21.212121212121215,Implement / Fight
2.444444444444444,22.222222222222225,Implement / Fight
2.444444444444444,23.232323232323235,Implement / Fight
2.444444444444444,24.242424242424242,Implement / Fight
2.444444444444444,25.252525252525253,Implement / Fight
2.444444444444444,26.262626262626263,Implement / Fight
2.444444444444444,27.272727272727273,Implement / Fight
2.444444444444444,28.282828282828284,Implement / Fight
2.444444444444444,29.292929292929294,Implement / Fight
2.444444444444444,30.303030303030305,Implement / Fight
2.444444444444444,31.313131313131315,Implement / Fight
2.444444444444444,32.323232323232325,Implement / Fight
2.444444444444444,33.333333333333336,Implement / Fight
2.444444444444444,34.343434343434346,Implement / Fight
2.444444444444444,35.35353535353536,Implement / Fight
2.444444444444444,36.36363636363637,Implement / Fight
2.444444444444444,37.37373737373738,Implement / Fight
2.444444444444444,38.38383838383839,Absence of Pure Equilibrium
2.444444444444444,39.3939393939394,Absence of Pure Equilibrium
2.444444444444444,40.40404040404041,Absence of Pure Equilibrium
2.444444444444444,41.41414141414142,Absence of Pure Equilibrium
2.444444444444444,42.42424242424243,Absence of Pure Equilibrium
2.444444444444444,43.43434343434344,Absence of Pure Equilibrium
2.444444444444444,44.44444444444445,Absence of Pure Equilibrium
2.444444444444444,45.45454545454546,Absence of Pure Equilibrium
2.444444444444444,46.46464646464647,Absence of Pure Equilibrium
2.444444444444444,47.47474747474748,Absence of Pure Equilibrium
2.444444444444444,48.484848484848484,Absence of Pure Equilibrium
2.444444444444444,49.494949494949495,Absence of Pure Equilibrium
2.444444444444444,50.505050505050505,Absence of Pure Equilibrium
2.444444444444444,51.515151515151516,Absence of Pure Equilibrium
2.444444444444444,52.525252525252526,Absence of Pure Equilibrium
2.444444444444444,53.535353535353536,Absence of Pure Equilibrium
2.444444444444444,54.54545454545455,Absence of Pure Equilibrium
2.444444444444444,55.55555555555556,Absence of Pure Equilibrium
2.444444444444444,56.56565656565657,Absence of Pure Equilibrium
2.444444444444444,57.57575757575758,Absence of Pure Equilibrium
2.444444444444444,58.58585858585859,Absence of Pure Equilibrium
2.444444444444444,59.5959595959596,Absence of Pure Equilibrium
2.444444444444444,60.60606060606061,Absence of Pure Equilibrium
2.444444444444444,61.61616161616162,Absence of Pure Equilibrium
2.444444444444444,62.62626262626263,Absence of Pure Equilibrium
2.444444444444444,63.63636363636364,Absence of Pure Equilibrium
2.444444444444444,64.64646464646465,Absence of Pure Equilibrium
2.444444444444444,65.65656565656566,Absence of Pure Equilibrium
2.444444444444444,66.66666666666667,Absence of Pure Equilibrium
2.444444444444444,67.67676767676768,Absence of Pure Equilibrium
2.444444444444444,68.68686868686869,Absence of Pure Equilibrium
2.444444444444444,69.6969696969697,Absence of Pure Equilibrium
2.444444444444444,70.70707070707071,Absence of Pure Equilibrium
2.444444444444444,71.71717171717172,Absence of Pure Equilibrium
2.444444444444444,72.72727272727273,Absence of Pure Equilibrium
2.444444444444444,73.73737373737374,Absence of Pure Equilibrium
2.444444444444444,74.74747474747475,Absence of Pure Equilibrium
2.444444444444444,75.75757575757576,Absence of Pure Equilibrium
2.444444444444444,76.76767676767678,Absence of Pure Equilibrium
2.444444444444444,77.77777777777779,Absence of Pure Equilibrium
2.444444444444444,78.7878787878788,Absence of Pure Equilibrium
2.444444444444444,79.7979797979798,Absence of Pure Equilibrium
2.444444444444444,80.80808080808082,Absence of Pure Equilibrium
2.444444444444444,81.81818181818183,Absence of Pure Equilibrium
2.444444444444444,82.82828282828284,Absence of Pure Equilibrium
2.444444444444444,83.83838383838385,Absence of Pure Equilibrium
2.444444444444444,84.84848484848486,Absence of Pure Equilibrium
2.444444444444444,85.85858585858587,Absence of Pure Equilibrium
2.444444444444444,86.86868686868688,Absence of Pure Equilibrium
2.444444444444444,87.87878787878789,Absence of Pure Equilibrium
2.444444444444444,88.8888888888889,Absence of Pure Equilibrium
2.444444444444444,89.89898989898991,Absence of Pure Equilibrium
2.444444444444444,90.90909090909092,Absence of Pure Equilibrium
2.444444444444444,91.91919191919193,Absence of Pure Equilibrium
2.444444444444444,92.92929292929294,Absence of Pure Equilibrium
2.444444444444444,93.93939393939395,Absence of Pure Equilibrium
2.444444444444444,94.94949494949496,Absence of Pure Equilibrium
2.444444444444444,95.95959595959597,Absence of Pure Equilibrium
2.444444444444444,96.96969696969697,Absence of Pure Equilibrium
2.444444444444444,97.97979797979798,Absence of Pure Equilibrium
2.444444444444444,98.98989898989899,Absence of Pure Equilibrium
2.444444444444444,100.0,Absence of Pure Equilibrium
2.6666666666666665,0.0,Implement / Fight
2.6666666666666665,1.0101010101010102,Implement / Fight
2.6666666666666665,2.0202020202020203,Implement / Fight
2.6666666666666665,3.0303030303030303,Implement / Fight
2.6666666666666665,4.040404040404041,Implement / Fight
2.6666666666666665,5.050505050505051,Implement / Fight
2.6666666666666665,6.0606060606060606,Implement / Fight
2.6666666666666665,7.070707070707071,Implement / Fight
2.6666666666666665,8.080808080808081,Implement / Fight
2.6666666666666665,9.090909090909092,Implement / Fight
2.6666666666666665,10.101010101010102,Implement / Fight
2.6666666666666665,11.111111111111112,Implement / Fight
2.6666666666666665,12.121212121212121,Implement / Fight
2.6666666666666665,13.131313131313131,Implement / Fight
2.6666666666666665,14.141414141414142,Implement / Fight
2.6666666666666665,15.151515151515152,Implement / Fight
2.6666666666666665,16.161616161616163,Implement / Fight
2.6666666666666665,17.171717171717173,Implement / Fight
2.6666666666666665,18.181818181818183,Implement / Fight
2.6666666666666665,19.191919191919194,Implement / Fight
2.6666666666666665,20.202020202020204,Implement / Fight
2.6666666666666665,21.212121212121215,Implement / Fight
2.6666666666666665,22.222222222222225,Implement / Fight
2.6666666666666665,23.232323232323235,Implement / Fight
2.6666666666666665,24.242424242424242,Implement / Fight
2.6666666666666665,25.252525252525253,Implement / Fight
2.6666666666666665,26.262626262626263,Implement / Fight
2.6666666666666665,27.272727272727273,Implement / Fight
2.6666666666666665,28.282828282828284,Implement / Fight
2.6666666666666665,29.292929292929294,Implement / Fight
2.6666666666666665,30.303030303030305,Implement / Fight
2.6666666666666665,31.313131313131315,Implement / Fight
2.6666666666666665,32.323232323232325,Implement / Fight
2.6666666666666665,33.333333333333336,Implement / Fight
2.6666666666666665,34.343434343434346,Implement / Fight
2.6666666666666665,35.35353535353536,Implement / Fight
2.6666666666666665,36.36363636363637,Implement / Fight
2.6666666666666665,37.37373737373738,Implement / Fight
2.6666666666666665,38.38383838383839,Absence of Pure Equilibrium
2.6666666666666665,39.3939393939394,Absence of Pure Equilibrium
2.6666666666666665,40.40404040404041,Absence of Pure Equilibrium
2.6666666666666665,41.41414141414142,Absence of Pure Equilibrium
2.6666666666666665,42.42424242424243,Absence of Pure Equilibrium
2.6666666666666665,43.43434343434344,Absence of Pure Equilibrium
2.6666666666666665,44.44444444444445,Absence of Pure Equilibrium
2.6666666666666665,45.45454545454546,Absence of Pure Equilibrium
2.6666666666666665,46.46464646464647,Absence of Pure Equilibrium
2.6666666666666665,47.47474747474748,Absence of Pure Equilibrium
2.6666666666666665,48.484848484848484,Absence of Pure Equilibrium
2.6666666666666665,49.494949494949495,Absence of Pure Equilibrium
2.6666666666666665,50.505050505050505,Absence of Pure Equilibrium
2.6666666666666665,51.515151515151516,Absence of Pure Equilibrium
2.6666666666666665,52.525252525252526,Absence of Pure Equilibrium
2.6666666666666665,53.535353535353536,Absence of Pure Equilibrium
2.6666666666666665,54.54545454545455,Absence of Pure Equilibrium
2.6666666666666665,55.55555555555556,Absence of Pure Equilibrium
2.6666666666666665,56.56565656565657,Absence of Pure Equilibrium
2.6666666666666665,57.57575757575758,Absence of Pure Equilibrium
2.6666666666666665,58.58585858585859,Absence of Pure Equilibrium
2.6666666666666665,59.5959595959596,Absence of Pure Equilibrium
2.6666666666666665,60.60606060606061,Absence of Pure Equilibrium
2.6666666666666665,61.61616161616162,Absence of Pure Equilibrium
2.6666666666666665,62.62626262626263,Absence of Pure Equilibrium
2.6666666666666665,63.63636363636364,Absence of Pure Equilibrium
2.6666666666666665,64.64646464646465,Absence of Pure Equilibrium
2.6666666666666665,65.65656565656566,Absence of Pure Equilibrium
2.6666666666666665,66.66666666666667,Absence of Pure Equilibrium
2.6666666666666665,67.67676767676768,Absence of Pure Equilibrium
2.6666666666666665,68.68686868686869,Absence of Pure Equilibrium
2.6666666666666665,69.6969696969697,Absence of Pure Equilibrium
2.6666666666666665,70.70707070707071,Absence of Pure Equilibrium
2.6666666666666665,71.71717171717172,Absence of Pure Equilibrium
2.6666666666666665,72.72727272727273,Absence of Pure Equilibrium
2.6666666666666665,73.73737373737374,Absence of Pure Equilibrium
2.6666666666666665,74.74747474747475,Absence of Pure Equilibrium
2.6666666666666665,75.75757575757576,Absence of Pure Equilibrium
2.6666666666666665,76.76767676767678,Absence of Pure Equilibrium
2.6666666666666665,77.77777777777779,Absence of Pure Equilibrium
2.6666666666666665,78.7878787878788,Absence of Pure Equilibrium
2.6666666666666665,79.7979797979798,Absence of Pure Equilibrium
2.6666666666666665,80.80808080808082,Absence of Pure Equilibrium
2.6666666666666665,81.81818181818183,Absence of Pure Equilibrium
2.6666666666666665,82.82828282828284,Absence of Pure Equilibrium
2.6666666666666665,83.83838383838385,Absence of Pure Equilibrium
2.6666666666666665,84.84848484848486,Absence of Pure Equilibrium
2.6666666666666665,85.85858585858587,Absence of Pure Equilibrium
2.6666666666666665,86.86868686868688,Absence of Pure Equilibrium
2.6666666666666665,87.87878787878789,Absence of Pure Equilibrium
2.6666666666666665,88.8888888888889,Absence of Pure Equilibrium
2.6666666666666665,89.89898989898991,Absence of Pure Equilibrium
2.6666666666666665,90.90909090909092,Absence of Pure Equilibrium
2.6666666666666665,91.91919191919193,Absence of Pure Equilibrium
2.6666666666666665,92.92929292929294,Absence of Pure Equilibrium
2.6666666666666665,93.93939393939395,Absence of Pure Equilibrium
2.6666666666666665,94.94949494949496,Absence of Pure Equilibrium
2.6666666666666665,95.95959595959597,Absence of Pure Equilibrium
2.6666666666666665,96.96969696969697,Absence of Pure Equilibrium
2.6666666666666665,97.97979797979798,Absence of Pure Equilibrium
2.6666666666666665,98.98989898989899,Absence of Pure Equilibrium
2.6666666666666665,100.0,Absence of Pure Equilibrium
2.888888888888889,0.0,Implement / Fight
2.888888888888889,1.0101010101010102,Implement / Fight
2.888888888888889,2.0202020202020203,Implement / Fight
2.888888888888889,3.0303030303030303,Implement / Fight
2.888888888888889,4.040404040404041,Implement / Fight
2.888888888888889,5.050505050505051,Implement / Fight
2.888888888888889,6.0606060606060606,Implement / Fight
2.888888888888889,7.070707070707071,Implement / Fight
2.888888888888889,8.080808080808081,Implement / Fight
2.888888888888889,9.090909090909092,Implement / Fight
2.888888888888889,10.101010101010102,Implement / Fight
2.888888888888889,11.111111111111112,Implement / Fight
2.888888888888889,12.121212121212121,Implement / Fight
2.888888888888889,13.131313131313131,Implement / Fight
2.888888888888889,14.141414141414142,Implement / Fight
2.888888888888889,15.151515151515152,Implement / Fight
2.888888888888889,16.161616161616163,Implement / Fight
2.888888888888889,17.171717171717173,Implement / Fight
2.888888888888889,18.181818181818183,Implement / Fight
2.888888888888889,19.191919191919194,Implement / Fight
2.888888888888889,20.202020202020204,Implement / Fight
2.888888888888889,21.212121212121215,Implement / Fight
2.888888888888889,22.222222222222225,Implement / Fight
2.888888888888889,23.232323232323235,Implement / Fight
2.888888888888889,24.242424242424242,Implement / Fight
2.888888888888889,25.252525252525253,Implement / Fight
2.888888888888889,26.262626262626263,Implement / Fight
2.888888888888889,27.272727272727273,Implement / Fight
2.888888888888889,28.282828282828284,Implement / Fight
2.888888888888889,29.292929292929294,Implement / Fight
2.888888888888889,30.303030303030305,Implement / Fight
2.888888888888889,31.313131313131315,Implement / Fight
2.888888888888889,32.323232323232325,Implement / Fight
2.888888888888889,33.333333333333336,Implement / Fight
2.888888888888889,34.343434343434346,Implement / Fight
2.888888888888889,35.35353535353536,Implement / Fight
2.888888888888889,36.36363636363637,Implement / Fight
2.888888888888889,37.37373737373738,Implement / Fight
2.888888888888889,38.38383838383839,Absence of Pure Equilibrium
2.888888888888889,39.3939393939394,Absence of Pure Equilibrium
2.888888888888889,40.40404040404041,Absence of Pure Equilibrium
2.888888888888889,41.41414141414142,Absence of Pure Equilibrium
2.888888888888889,42.42424242424243,Absence of Pure Equilibrium
2.888888888888889,43.43434343434344,Absence of Pure Equilibrium
2.888888888888889,44.44444444444445,Absence of Pure Equilibrium
2.888888888888889,45.45454545454546,Absence of Pure Equilibrium
2.888888888888889,46.46464646464647,Absence of Pure Equilibrium
2.888888888888889,47.47474747474748,Absence of Pure Equilibrium
2.888888888888889,48.484848484848484,Absence of Pure Equilibrium
2.888888888888889,49.494949494949495,Absence of Pure Equilibrium
2.888888888888889,50.505050505050505,Absence of Pure Equilibrium
2.888888888888889,51.515151515151516,Absence of Pure Equilibrium
2.888888888888889,52.525252525252526,Absence of Pure Equilibrium
2.888888888888889,53.535353535353536,Absence of Pure Equilibrium
2.888888888888889,54.54545454545455,Absence of Pure Equilibrium
2.888888888888889,55.55555555555556,Absence of Pure Equilibrium
2.888888888888889,56.56565656565657,Absence of Pure Equilibrium
2.888888888888889,57.57575757575758,Absence of Pure Equilibrium
2.888888888888889,58.58585858585859,Absence of Pure Equilibrium
2.888888888888889,59.5959595959596,Absence of Pure Equilibrium
2.888888888888889,60.60606060606061,Absence of Pure Equilibrium
2.888888888888889,61.61616161616162,Absence of Pure Equilibrium
2.888888888888889,62.62626262626263,Absence of Pure Equilibrium
2.888888888888889,63.63636363636364,Absence of Pure Equilibrium
2.888888888888889,64.64646464646465,Absence of Pure Equilibrium
2.888888888888889,65.65656565656566,Absence of Pure Equilibrium
2.888888888888889,66.66666666666667,Absence of Pure Equilibrium
2.888888888888889,67.67676767676768,Absence of Pure Equilibrium
2.888888888888889,68.68686868686869,Absence of Pure Equilibrium
2.888888888888889,69.6969696969697,Absence of Pure Equilibrium
2.888888888888889,70.70707070707071,Absence of Pure Equilibrium
2.888888888888889,71.71717171717172,Absence of Pure Equilibrium
2.888888888888889,72.72727272727273,Absence of Pure Equilibrium
2.888888888888889,73.73737373737374,Absence of Pure Equilibrium
2.888888888888889,74.74747474747475,Absence of Pure Equilibrium
2.888888888888889,75.75757575757576,Absence of Pure Equilibrium
2.888888888888889,76.76767676767678,Absence of Pure Equilibrium
2.888888888888889,77.77777777777779,Absence of Pure Equilibrium
2.888888888888889,78.7878787878788,Absence of Pure Equilibrium
2.888888888888889,79.7979797979798,Absence of Pure Equilibrium
2.888888888888889,80.80808080808082,Absence of Pure Equilibrium
2.888888888888889,81.81818181818183,Absence of Pure Equilibrium
2.888888888888889,82.82828282828284,Absence of Pure Equilibrium
2.888888888888889,83.83838383838385,Absence of Pure Equilibrium
2.888888888888889,84.84848484848486,Absence of Pure Equilibrium
2.888888888888889,85.85858585858587,Absence of Pure Equilibrium
2.888888888888889,86.86868686868688,Absence of Pure Equilibrium
2.888888888888889,87.87878787878789,Absence of Pure Equilibrium
2.888888888888889,88.8888888888889,Absence of Pure Equilibrium
2.888888888888889,89.89898989898991,Absence of Pure Equilibrium
2.888888888888889,90.90909090909092,Absence of Pure Equilibrium
2.888888888888889,91.91919191919193,Absence of Pure Equilibrium
2.888888888888889,92.92929292929294,Absence of Pure Equilibrium
2.888888888888889,93.93939393939395,Absence of Pure Equilibrium
2.888888888888889,94.94949494949496,Absence of Pure Equilibrium
2.888888888888889,95.95959595959597,Absence of Pure Equilibrium
2.888888888888889,96.96969696969697,Absence of Pure Equilibrium
2.888888888888889,97.97979797979798,Absence of Pure Equilibrium
2.888888888888889,98.98989898989899,Absence of Pure Equilibrium
2.888888888888889,100.0,Absence of Pure Equilibrium
3.1111111111111107,0.0,Implement / Fight
3.1111111111111107,1.0101010101010102,Implement / Fight
3.1111111111111107,2.0202020202020203,Implement / Fight
3.1111111111111107,3.0303030303030303,Implement / Fight
3.1111111111111107,4.040404040404041,Implement / Fight
3.1111111111111107,5.050505050505051,Implement / Fight
3.1111111111111107,6.0606060606060606,Implement / Fight
3.1111111111111107,7.070707070707071,Implement / Fight
3.1111111111111107,8.080808080808081,Implement / Fight
3.1111111111111107,9.090909090909092,Implement / Fight
3.1111111111111107,10.101010101010102,Implement / Fight
3.1111111111111107,11.111111111111112,Implement / Fight
3.1111111111111107,12.121212121212121,Implement / Fight
3.1111111111111107,13.131313131313131,Implement / Fight
3.1111111111111107,14.141414141414142,Implement / Fight
3.1111111111111107,15.151515151515152,Implement / Fight
3.1111111111111107,16.161616161616163,Implement / Fight
3.1111111111111107,17.171717171717173,Implement / Fight
3.1111111111111107,18.181818181818183,Implement / Fight
3.1111111111111107,19.191919191919194,Implement / Fight
3.1111111111111107,20.202020202020204,Implement / Fight
3.1111111111111107,21.212121212121215,Implement / Fight
3.1111111111111107,22.222222222222225,Implement / Fight
3.1111111111111107,23.232323232323235,Implement / Fight
3.1111111111111107,24.242424242424242,Implement / Fight
3.1111111111111107,25.252525252525253,Implement / Fight
3.1111111111111107,26.262626262626263,Implement / Fight
3.1111111111111107,27.272727272727273,Implement / Fight
3.1111111111111107,28.282828282828284,Implement / Fight
3.1111111111111107,29.292929292929294,Implement / Fight
3.1111111111111107,30.303030303030305,Implement / Fight
3.1111111111111107,31.313131313131315,Implement / Fight
3.1111111111111107,32.323232323232325,Implement / Fight
3.1111111111111107,33.333333333333336,Implement / Fight
3.1111111111111107,34.343434343434346,Implement / Fight
3.1111111111111107,35.35353535353536,Implement / Fight
3.1111111111111107,36.36363636363637,Implement / Fight
3.1111111111111107,37.37373737373738,Implement / Fight
3.1111111111111107,38.38383838383839,Absence of Pure Equilibrium
3.1111111111111107,39.3939393939394,Absence of Pure Equilibrium
3.1111111111111107,40.40404040404041,Absence of Pure Equilibrium
3.1111111111111107,41.41414141414142,Absence of Pure Equilibrium
3.1111111111111107,42.42424242424243,Absence of Pure Equilibrium
3.1111111111111107,43.43434343434344,Absence of Pure Equilibrium
3.1111111111111107,44.44444444444445,Absence of Pure Equilibrium
3.1111111111111107,45.45454545454546,Absence of Pure Equilibrium
3.1111111111111107,46.46464646464647,Absence of Pure Equilibrium
3.1111111111111107,47.47474747474748,Absence of Pure Equilibrium
3.1111111111111107,48.484848484848484,Absence of Pure Equilibrium
3.1111111111111107,49.494949494949495,Absence of Pure Equilibrium
3.1111111111111107,50.505050505050505,Absence of Pure Equilibrium
3.1111111111111107,51.515151515151516,Absence of Pure Equilibrium
3.1111111111111107,52.525252525252526,Absence of Pure Equilibrium
3.1111111111111107,53.535353535353536,Absence of Pure Equilibrium
3.1111111111111107,54.54545454545455,Absence of Pure Equilibrium
3.1111111111111107,55.55555555555556,Absence of Pure Equilibrium
3.1111111111111107,56.56565656565657,Absence of Pure Equilibrium
3.1111111111111107,57.57575757575758,Absence of Pure Equilibrium
3.1111111111111107,58.58585858585859,Absence of Pure Equilibrium
3.1111111111111107,59.5959595959596,Absence of Pure Equilibrium
3.1111111111111107,60.60606060606061,Absence of Pure Equilibrium
3.1111111111111107,61.61616161616162,Absence of Pure Equilibrium
3.1111111111111107,62.62626262626263,Absence of Pure Equilibrium
3.1111111111111107,63.63636363636364,Absence of Pure Equilibrium
3.1111111111111107,64.64646464646465,Absence of Pure Equilibrium
3.1111111111111107,65.65656565656566,Absence of Pure Equilibrium
3.1111111111111107,66.66666666666667,Absence of Pure Equilibrium
3.1111111111111107,67.67676767676768,Absence of Pure Equilibrium
3.1111111111111107,68.68686868686869,Absence of Pure Equilibrium
3.1111111111111107,69.6969696969697,Absence of Pure Equilibrium
3.1111111111111107,70.70707070707071,Absence of Pure Equilibrium
3.1111111111111107,71.71717171717172,Absence of Pure Equilibrium
3.1111111111111107,72.72727272727273,Absence of Pure Equilibrium
3.1111111111111107,73.73737373737374,Absence of Pure Equilibrium
3.1111111111111107,74.74747474747475,Absence of Pure Equilibrium
3.1111111111111107,75.75757575757576,Absence of Pure Equilibrium
3.1111111111111107,76.76767676767678,Absence of Pure Equilibrium
3.1111111111111107,77.77777777777779,Absence of Pure Equilibrium
3.1111111111111107,78.7878787878788,Absence of Pure Equilibrium
3.1111111111111107,79.7979797979798,Absence of Pure Equilibrium
3.1111111111111107,80.80808080808082,Absence of Pure Equilibrium
3.1111111111111107,81.81818181818183,Absence of Pure Equilibrium
3.1111111111111107,82.82828282828284,Absence of Pure Equilibrium
3.1111111111111107,83.83838383838385,Absence of Pure Equilibrium
3.1111111111111107,84.84848484848486,Absence of Pure Equilibrium
3.1111111111111107,85.85858585858587,Absence of Pure Equilibrium
3.1111111111111107,86.86868686868688,Absence of Pure Equilibrium
3.1111111111111107,87.87878787878789,Absence of Pure Equilibrium
3.1111111111111107,88.8888888888889,Absence of Pure Equilibrium
3.1111111111111107,89.89898989898991,Absence of Pure Equilibrium
3.1111111111111107,90.90909090909092,Absence of Pure Equilibrium
3.1111111111111107,91.91919191919193,Absence of Pure Equilibrium
3.1111111111111107,92.92929292929294,Absence of Pure Equilibrium
3.1111111111111107,93.93939393939395,Absence of Pure Equilibrium
3.1111111111111107,94.94949494949496,Absence of Pure Equilibrium
3.1111111111111107,95.95959595959597,Absence of Pure Equilibrium
3.1111111111111107,96.96969696969697,Absence of Pure Equilibrium
3.1111111111111107,97.97979797979798,Absence of Pure Equilibrium
3.1111111111111107,98.98989898989899,Absence of Pure Equilibrium
3.1111111111111107,100.0,Absence of Pure Equilibrium
3.333333333333333,0.0,Implement / Fight
3.333333333333333,1.0101010101010102,Implement / Fight
3.333333333333333,2.0202020202020203,Implement / Fight
3.333333333333333,3.0303030303030303,Implement / Fight
3.333333333333333,4.040404040404041,Implement / Fight
3.333333333333333,5.050505050505051,Implement / Fight
3.333333333333333,6.0606060606060606,Implement / Fight
3.333333333333333,7.070707070707071,Implement / Fight
3.333333333333333,8.080808080808081,Implement / Fight
3.333333333333333,9.090909090909092,Implement / Fight
3.333333333333333,10.101010101010102,Implement / Fight
3.333333333333333,11.111111111111112,Implement / Fight
3.333333333333333,12.121212121212121,Implement / Fight
3.333333333333333,13.131313131313131,Implement / Fight
3.333333333333333,14.141414141414142,Implement / Fight
3.333333333333333,15.151515151515152,Implement / Fight
3.333333333333333,16.161616161616163,Implement / Fight
3.333333333333333,17.171717171717173,Implement / Fight
3.333333333333333,18.181818181818183,Implement / Fight
3.333333333333333,19.191919191919194,Implement / Fight
3.333333333333333,20.202020202020204,Implement / Fight
3.333333333333333,21.212121212121215,Implement / Fight
3.333333333333333,22.222222222222225,Implement / Fight
3.333333333333333,23.232323232323235,Implement / Fight
3.333333333333333,24.242424242424242,Implement / Fight
3.333333333333333,25.252525252525253,Implement / Fight
3.333333333333333,26.262626262626263,Implement / Fight
3.333333333333333,27.272727272727273,Implement / Fight
3.333333333333333,28.282828282828284,Implement / Fight
3.333333333333333,29.292929292929294,Implement / Fight
3.333333333333333,30.303030303030305,Implement / Fight
3.333333333333333,31.313131313131315,Implement / Fight
3.333333333333333,32.323232323232325,Implement / Fight
3.333333333333333,33.333333333333336,Implement / Fight
3.333333333333333,34.343434343434346,Implement / Fight
3.333333333333333,35.35353535353536,Implement / Fight
3.333333333333333,36.36363636363637,Implement / Fight
3.333333333333333,37.37373737373738,Implement / Fight
3.333333333333333,38.38383838383839,Absence of Pure Equilibrium
3.333333333333333,39.3939393939394,Absence of Pure Equilibrium
3.333333333333333,40.40404040404041,Absence of Pure Equilibrium
3.333333333333333,41.41414141414142,Absence of Pure Equilibrium
3.333333333333333,42.42424242424243,Absence of Pure Equilibrium
3.333333333333333,43.43434343434344,Absence of Pure Equilibrium
3.333333333333333,44.44444444444445,Absence of Pure Equilibrium
3.333333333333333,45.45454545454546,Absence of Pure Equilibrium
3.333333333333333,46.46464646464647,Absence of Pure Equilibrium
3.333333333333333,47.47474747474748,Absence of Pure Equilibrium
3.333333333333333,48.484848484848484,Absence of Pure Equilibrium
3.333333333333333,49.494949494949495,Absence of Pure Equilibrium
3.333333333333333,50.505050505050505,Absence of Pure Equilibrium
3.333333333333333,51.515151515151516,Absence of Pure Equilibrium
3.333333333333333,52.525252525252526,Absence of Pure Equilibrium
3.333333333333333,53.535353535353536,Absence of Pure Equilibrium
3.333333333333333,54.54545454545455,Absence of Pure Equilibrium
3.333333333333333,55.55555555555556,Absence of Pure Equilibrium
3.333333333333333,56.56565656565657,Absence of Pure Equilibrium
3.333333333333333,57.57575757575758,Absence of Pure Equilibrium
3.333333333333333,58.58585858585859,Absence of Pure Equilibrium
3.333333333333333,59.5959595959596,Absence of Pure Equilibrium
3.333333333333333,60.60606060606061,Absence of Pure Equilibrium
3.333333333333333,61.61616161616162,Absence of Pure Equilibrium
3.333333333333333,62.62626262626263,Absence of Pure Equilibrium
3.333333333333333,63.63636363636364,Absence of Pure Equilibrium
3.333333333333333,64.64646464646465,Absence of Pure Equilibrium
3.333333333333333,65.65656565656566,Absence of Pure Equilibrium
3.333333333333333,66.66666666666667,Absence of Pure Equilibrium
3.333333333333333,67.67676767676768,Absence of Pure Equilibrium
3.333333333333333,68.68686868686869,Absence of Pure Equilibrium
3.333333333333333,69.6969696969697,Absence of Pure Equilibrium
3.333333333333333,70.70707070707071,Absence of Pure Equilibrium
3.333333333333333,71.71717171717172,Absence of Pure Equilibrium
3.333333333333333,72.72727272727273,Absence of Pure Equilibrium
3.333333333333333,73.73737373737374,Absence of Pure Equilibrium
3.333333333333333,74.74747474747475,Absence of Pure Equilibrium
3.333333333333333,75.75757575757576,Absence of Pure Equilibrium
3.333333333333333,76.76767676767678,Absence of Pure Equilibrium
3.333333333333333,77.77777777777779,Absence of Pure Equilibrium
3.333333333333333,78.7878787878788,Absence of Pure Equilibrium
3.333333333333333,79.7979797979798,Absence of Pure Equilibrium
3.333333333333333,80.80808080808082,Absence of Pure Equilibrium
3.333333333333333,81.81818181818183,Absence of Pure Equilibrium
3.333333333333333,82.82828282828284,Absence of Pure Equilibrium
3.333333333333333,83.83838383838385,Absence of Pure Equilibrium
3.333333333333333,84.84848484848486,Absence of Pure Equilibrium
3.333333333333333,85.85858585858587,Absence of Pure Equilibrium
3.333333333333333,86.86868686868688,Absence of Pure Equilibrium
3.333333333333333,87.87878787878789,Absence of Pure Equilibrium
3.333333333333333,88.8888888888889,Absence of Pure Equilibrium
3.333333333333333,89.89898989898991,Absence of Pure Equilibrium
3.333333333333333,90.90909090909092,Absence of Pure Equilibrium
3.333333333333333,91.91919191919193,Absence of Pure Equilibrium
3.333333333333333,92.92929292929294,Absence of Pure Equilibrium
3.333333333333333,93.93939393939395,Absence of Pure Equilibrium
3.333333333333333,94.94949494949496,Absence of Pure Equilibrium
3.333333333333333,95.95959595959597,Absence of Pure Equilibrium
3.333333333333333,96.96969696969697,Absence of Pure Equilibrium
3.333333333333333,97.97979797979798,Absence of Pure Equilibrium
3.333333333333333,98.98989898989899,Absence of Pure Equilibrium
3.333333333333333,100.0,Absence of Pure Equilibrium
3.5555555555555554,0.0,Implement / Fight
3.5555555555555554,1.0101010101010102,Implement / Fight
3.5555555555555554,2.0202020202020203,Implement / Fight
3.5555555555555554,3.0303030303030303,Implement / Fight
3.5555555555555554,4.040404040404041,Implement / Fight
3.5555555555555554,5.050505050505051,Implement / Fight
3.5555555555555554,6.0606060606060606,Implement / Fight
3.5555555555555554,7.070707070707071,Implement / Fight
3.5555555555555554,8.080808080808081,Implement / Fight
3.5555555555555554,9.090909090909092,Implement / Fight
3.5555555555555554,10.101010101010102,Implement / Fight
3.5555555555555554,11.111111111111112,Implement / Fight
3.5555555555555554,12.121212121212121,Implement / Fight
3.5555555555555554,13.131313131313131,Implement / Fight
3.5555555555555554,14.141414141414142,Implement / Fight
3.5555555555555554,15.151515151515152,Implement / Fight
3.5555555555555554,16.161616161616163,Implement / Fight
3.5555555555555554,17.171717171717173,Implement / Fight
3.5555555555555554,18.181818181818183,Implement / Fight
3.5555555555555554,19.191919191919194,Implement / Fight
3.5555555555555554,20.202020202020204,Implement / Fight
3.5555555555555554,21.212121212121215,Implement / Fight
3.5555555555555554,22.222222222222225,Implement / Fight
3.5555555555555554,23.232323232323235,Implement / Fight
3.5555555555555554,24.242424242424242,Implement / Fight
3.5555555555555554,25.252525252525253,Implement / Fight
3.5555555555555554,26.262626262626263,Implement / Fight
3.5555555555555554,27.272727272727273,Implement / Fight
3.5555555555555554,28.282828282828284,Implement / Fight
3.5555555555555554,29.292929292929294,Implement / Fight
3.5555555555555554,30.303030303030305,Implement / Fight
3.5555555555555554,31.313131313131315,Implement / Fight
3.5555555555555554,32.323232323232325,Implement / Fight
3.5555555555555554,33.333333333333336,Implement / Fight
3.5555555555555554,34.343434343434346,Implement / Fight
3.5555555555555554,35.35353535353536,Implement / Fight
3.5555555555555554,36.36363636363637,Implement / Fight
3.5555555555555554,37.37373737373738,Implement / Fight
3.5555555555555554,38.38383838383839,Absence of Pure Equilibrium
3.5555555555555554,39.3939393939394,Absence of Pure Equilibrium
3.5555555555555554,40.40404040404041,Absence of Pure Equilibrium
3.5555555555555554,41.41414141414142,Absence of Pure Equilibrium
3.5555555555555554,42.42424242424243,Absence of Pure Equilibrium
3.5555555555555554,43.43434343434344,Absence of Pure Equilibrium
3.5555555555555554,44.44444444444445,Absence of Pure Equilibrium
3.5555555555555554,45.45454545454546,Absence of Pure Equilibrium
3.5555555555555554,46.46464646464647,Absence of Pure Equilibrium
3.5555555555555554,47.47474747474748,Absence of Pure Equilibrium
3.5555555555555554,48.484848484848484,Absence of Pure Equilibrium
3.5555555555555554,49.494949494949495,Absence of Pure Equilibrium
3.5555555555555554,50.505050505050505,Absence of Pure Equilibrium
3.5555555555555554,51.515151515151516,Absence of Pure Equilibrium
3.5555555555555554,52.525252525252526,Absence of Pure Equilibrium
3.5555555555555554,53.535353535353536,Absence of Pure Equilibrium
3.5555555555555554,54.54545454545455,Absence of Pure Equilibrium
3.5555555555555554,55.55555555555556,Absence of Pure Equilibrium
3.5555555555555554,56.56565656565657,Absence of Pure Equilibrium
3.5555555555555554,57.57575757575758,Absence of Pure Equilibrium
3.5555555555555554,58.58585858585859,Absence of Pure Equilibrium
3.5555555555555554,59.5959595959596,Absence of Pure Equilibrium
3.5555555555555554,60.60606060606061,Absence of Pure Equilibrium
3.5555555555555554,61.61616161616162,Absence of Pure Equilibrium
3.5555555555555554,62.62626262626263,Absence of Pure Equilibrium
3.5555555555555554,63.63636363636364,Absence of Pure Equilibrium
3.5555555555555554,64.64646464646465,Absence of Pure Equilibrium
3.5555555555555554,65.65656565656566,Absence of Pure Equilibrium
3.5555555555555554,66.66666666666667,Absence of Pure Equilibrium
3.5555555555555554,67.67676767676768,Absence of Pure Equilibrium
3.5555555555555554,68.68686868686869,Absence of Pure Equilibrium
3.5555555555555554,69.6969696969697,Absence of Pure Equilibrium
3.5555555555555554,70.70707070707071,Absence of Pure Equilibrium
3.5555555555555554,71.71717171717172,Absence of Pure Equilibrium
3.5555555555555554,72.72727272727273,Absence of Pure Equilibrium
3.5555555555555554,73.73737373737374,Absence of Pure Equilibrium
3.5555555555555554,74.74747474747475,Absence of Pure Equilibrium
3.5555555555555554,75.75757575757576,Absence of Pure Equilibrium
3.5555555555555554,76.76767676767678,Absence of Pure Equilibrium
3.5555555555555554,77.77777777777779,Absence of Pure Equilibrium
3.5555555555555554,78.7878787878788,Absence of Pure Equilibrium
3.5555555555555554,79.7979797979798,Absence of Pure Equilibrium
3.5555555555555554,80.80808080808082,Absence of Pure Equilibrium
3.5555555555555554,81.81818181818183,Absence of Pure Equilibrium
3.5555555555555554,82.82828282828284,Absence of Pure Equilibrium
3.5555555555555554,83.83838383838385,Absence of Pure Equilibrium
3.5555555555555554,84.84848484848486,Absence of Pure Equilibrium
3.5555555555555554,85.85858585858587,Absence of Pure Equilibrium
3.5555555555555554,86.86868686868688,Absence of Pure Equilibrium
3.5555555555555554,87.87878787878789,Absence of Pure Equilibrium
3.5555555555555554,88.8888888888889,Absence of Pure Equilibrium
3.5555555555555554,89.89898989898991,Absence of Pure Equilibrium
3.5555555555555554,90.90909090909092,Absence of Pure Equilibrium
3.5555555555555554,91.91919191919193,Absence of Pure Equilibrium
3.5555555555555554,92.92929292929294,Absence of Pure Equilibrium
3.5555555555555554,93.93939393939395,Absence of Pure Equilibrium
3.5555555555555554,94.94949494949496,Absence of Pure Equilibrium
3.5555555555555554,95.95959595959597,Absence of Pure Equilibrium
3.5555555555555554,96.96969696969697,Absence of Pure Equilibrium
3.5555555555555554,97.97979797979798,Absence of Pure Equilibrium
3.5555555555555554,98.98989898989899,Absence of Pure Equilibrium
3.5555555555555554,100.0,Absence of Pure Equilibrium
3.7777777777777777,0.0,Implement / Fight
3.7777777777777777,1.0101010101010102,Implement / Fight
3.7777777777777777,2.0202020202020203,Implement / Fight
3.7777777777777777,3.0303030303030303,Implement / Fight
3.7777777777777777,4.040404040404041,Implement / Fight
3.7777777777777777,5.050505050505051,Implement / Fight
3.7777777777777777,6.0606060606060606,Implement / Fight
3.7777777777777777,7.070707070707071,Implement / Fight
3.7777777777777777,8.080808080808081,Implement / Fight
3.7777777777777777,9.090909090909092,Implement / Fight
3.7777777777777777,10.101010101010102,Implement / Fight
3.7777777777777777,11.111111111111112,Implement / Fight
3.7777777777777777,12.121212121212121,Implement / Fight
3.7777777777777777,13.131313131313131,Implement / Fight
3.7777777777777777,14.141414141414142,Implement / Fight
3.7777777777777777,15.151515151515152,Implement / Fight
3.7777777777777777,16.161616161616163,Implement / Fight
3.7777777777777777,17.171717171717173,Implement / Fight
3.7777777777777777,18.181818181818183,Implement / Fight
3.7777777777777777,19.191919191919194,Implement / Fight
3.7777777777777777,20.202020202020204,Implement / Fight
3.7777777777777777,21.212121212121215,Implement / Fight
3.7777777777777777,22.222222222222225,Implement / Fight
3.7777777777777777,23.232323232323235,Implement / Fight
3.7777777777777777,24.242424242424242,Implement / Fight
3.7777777777777777,25.252525252525253,Implement / Fight
3.7777777777777777,26.262626262626263,Implement / Fight
3.7777777777777777,27.272727272727273,Implement / Fight
3.7777777777777777,28.282828282828284,Implement / Fight
3.7777777777777777,29.292929292929294,Implement / Fight
3.7777777777777777,30.303030303030305,Implement / Fight
3.7777777777777777,31.313131313131315,Implement / Fight
3.7777777777777777,32.323232323232325,Implement / Fight
3.7777777777777777,33.333333333333336,Implement / Fight
3.7777777777777777,34.343434343434346,Implement / Fight
3.7777777777777777,35.35353535353536,Implement / Fight
3.7777777777777777,36.36363636363637,Implement / Fight
3.7777777777777777,37.37373737373738,Implement / Fight
3.7777777777777777,38.38383838383839,Absence of Pure Equilibrium
3.7777777777777777,39.3939393939394,Absence of Pure Equilibrium
3.7777777777777777,40.40404040404041,Absence of Pure Equilibrium
3.7777777777777777,41.41414141414142,Absence of Pure Equilibrium
3.7777777777777777,42.42424242424243,Absence of Pure Equilibrium
3.7777777777777777,43.43434343434344,Absence of Pure Equilibrium
3.7777777777777777,44.44444444444445,Absence of Pure Equilibrium
3.7777777777777777,45.45454545454546,Absence of Pure Equilibrium
3.7777777777777777,46.46464646464647,Absence of Pure Equilibrium
3.7777777777777777,47.47474747474748,Absence of Pure Equilibrium
3.7777777777777777,48.484848484848484,Absence of Pure Equilibrium
3.7777777777777777,49.494949494949495,Absence of Pure Equilibrium
3.7777777777777777,50.505050505050505,Absence of Pure Equilibrium
3.7777777777777777,51.515151515151516,Absence of Pure Equilibrium
3.7777777777777777,52.525252525252526,Absence of Pure Equilibrium
3.7777777777777777,53.535353535353536,Absence of Pure Equilibrium
3.7777777777777777,54.54545454545455,Absence of Pure Equilibrium
3.7777777777777777,55.55555555555556,Absence of Pure Equilibrium
3.7777777777777777,56.56565656565657,Absence of Pure Equilibrium
3.7777777777777777,57.57575757575758,Absence of Pure Equilibrium
3.7777777777777777,58.58585858585859,Absence of Pure Equilibrium
3.7777777777777777,59.5959595959596,Absence of Pure Equilibrium
3.7777777777777777,60.60606060606061,Absence of Pure Equilibrium
3.7777777777777777,61.61616161616162,Absence of Pure Equilibrium
3.7777777777777777,62.62626262626263,Absence of Pure Equilibrium
3.7777777777777777,63.63636363636364,Absence of Pure Equilibrium
3.7777777777777777,64.64646464646465,Absence of Pure Equilibrium
3.7777777777777777,65.65656565656566,Absence of Pure Equilibrium
3.7777777777777777,66.66666666666667,Absence of Pure Equilibrium
3.7777777777777777,67.67676767676768,Absence of Pure Equilibrium
3.7777777777777777,68.68686868686869,Absence of Pure Equilibrium
3.7777777777777777,69.6969696969697,Absence of Pure Equilibrium
3.7777777777777777,70.70707070707071,Absence of Pure Equilibrium
3.7777777777777777,71.71717171717172,Absence of Pure Equilibrium
3.7777777777777777,72.72727272727273,Absence of Pure Equilibrium
3.7777777777777777,73.73737373737374,Absence of Pure Equilibrium
3.7777777777777777,74.74747474747475,Absence of Pure Equilibrium
3.7777777777777777,75.75757575757576,Absence of Pure Equilibrium
3.7777777777777777,76.76767676767678,Absence of Pure Equilibrium
3.7777777777777777,77.77777777777779,Absence of Pure Equilibrium
3.7777777777777777,78.7878787878788,Absence of Pure Equilibrium
3.7777777777777777,79.7979797979798,Absence of Pure Equilibrium
3.7777777777777777,80.80808080808082,Absence of Pure Equilibrium
3.7777777777777777,81.81818181818183,Absence of Pure Equilibrium
3.7777777777777777,82.82828282828284,Absence of Pure Equilibrium
3.7777777777777777,83.83838383838385,Absence of Pure Equilibrium
3.7777777777777777,84.84848484848486,Absence of Pure Equilibrium
3.7777777777777777,85.85858585858587,Absence of Pure Equilibrium
3.7777777777777777,86.86868686868688,Absence of Pure Equilibrium
3.7777777777777777,87.87878787878789,Absence of Pure Equilibrium
3.7777777777777777,88.8888888888889,Absence of Pure Equilibrium
3.7777777777777777,89.89898989898991,Absence of Pure Equilibrium
3.7777777777777777,90.90909090909092,Absence of Pure Equilibrium
3.7777777777777777,91.91919191919193,Absence of Pure Equilibrium
3.7777777777777777,92.92929292929294,Absence of Pure Equilibrium
3.7777777777777777,93.93939393939395,Absence of Pure Equilibrium
3.7777777777777777,94.94949494949496,Absence of Pure Equilibrium
3.7777777777777777,95.95959595959597,Absence of Pure Equilibrium
3.7777777777777777,96.96969696969697,Absence of Pure Equilibrium
3.7777777777777777,97.97979797979798,Absence of Pure Equilibrium
3.7777777777777777,98.98989898989899,Absence of Pure Equilibrium
3.7777777777777777,100.0,Absence of Pure Equilibrium
4.0,0.0,Implement / Fight
4.0,1.0101010101010102,Implement / Fight
4.0,2.0202020202020203,Implement / Fight
4.0,3.0303030303030303,Implement / Fight
4.0,4.040404040404041,Implement / Fight
4.0,5.050505050505051,Implement / Fight
4.0,6.0606060606060606,Implement / Fight
4.0,7.070707070707071,Implement / Fight
4.0,8.080808080808081,Implement / Fight
4.0,9.090909090909092,Implement / Fight
4.0,10.101010101010102,Implement / Fight
4.0,11.111111111111112,Implement / Fight
4.0,12.121212121212121,Implement / Fight
4.0,13.131313131313131,Implement / Fight
4.0,14.141414141414142,Implement / Fight
4.0,15.151515151515152,Implement / Fight
4.0,16.161616161616163,Implement / Fight
4.0,17.171717171717173,Implement / Fight
4.0,18.181818181818183,Implement / Fight
4.0,19.191919191919194,Implement / Fight
4.0,20.202020202020204,Implement / Fight
4.0,21.212121212121215,Implement / Fight
4.0,22.222222222222225,Implement / Fight
4.0,23.232323232323235,Implement / Fight
4.0,24.242424242424242,Implement / Fight
4.0,25.252525252525253,Implement / Fight
4.0,26.262626262626263,Implement / Fight
4.0,27.272727272727273,Implement / Fight
4.0,28.282828282828284,Implement / Fight
4.0,29.292929292929294,Implement / Fight
4.0,30.303030303030305,Implement / Fight
4.0,31.313131313131315,Implement / Fight
4.0,32.323232323232325,Implement / Fight
4.0,33.333333333333336,Implement / Fight
4.0,34.343434343434346,Implement / Fight
4.0,35.35353535353536,Implement / Fight
4.0,36.36363636363637,Implement / Fight
4.0,37.37373737373738,Implement / Fight
4.0,38.38383838383839,Absence of Pure Equilibrium
4.0,39.3939393939394,Absence of Pure Equilibrium
4.0,40.40404040404041,Absence of Pure Equilibrium
4.0,41.41414141414142,Absence of Pure Equilibrium
4.0,42.42424242424243,Absence of Pure Equilibrium
4.0,43.43434343434344,Absence of Pure Equilibrium
4.0,44.44444444444445,Absence of Pure Equilibrium
4.0,45.45454545454546,Absence of Pure Equilibrium
4.0,46.46464646464647,Absence of Pure Equilibrium
4.0,47.47474747474748,Absence of Pure Equilibrium
4.0,48.484848484848484,Absence of Pure Equilibrium
4.0,49.494949494949495,Absence of Pure Equilibrium
4.0,50.505050505050505,Absence of Pure Equilibrium
4.0,51.515151515151516,Absence of Pure Equilibrium
4.0,52.525252525252526,Absence of Pure Equilibrium
4.0,53.535353535353536,Absence of Pure Equilibrium
4.0,54.54545454545455,Absence of Pure Equilibrium
4.0,55.55555555555556,Absence of Pure Equilibrium
4.0,56.56565656565657,Absence of Pure Equilibrium
4.0,57.57575757575758,Absence of Pure Equilibrium
4.0,58.58585858585859,Absence of Pure Equilibrium
4.0,59.5959595959596,Absence of Pure Equilibrium
4.0,60.60606060606061,Absence of Pure Equilibrium
4.0,61.61616161616162,Absence of Pure Equilibrium
4.0,62.62626262626263,Absence of Pure Equilibrium
4.0,63.63636363636364,Absence of Pure Equilibrium
4.0,64.64646464646465,Absence of Pure Equilibrium
4.0,65.65656565656566,Absence of Pure Equilibrium
4.0,66.66666666666667,Absence of Pure Equilibrium
4.0,67.67676767676768,Absence of Pure Equilibrium
4.0,68.68686868686869,Absence of Pure Equilibrium
4.0,69.6969696969697,Absence of Pure Equilibrium
4.0,70.70707070707071,Absence of Pure Equilibrium
4.0,71.71717171717172,Absence of Pure Equilibrium
4.0,72.72727272727273,Absence of Pure Equilibrium
4.0,73.73737373737374,Absence of Pure Equilibrium
4.0,74.74747474747475,Absence of Pure Equilibrium
4.0,75.75757575757576,Absence of Pure Equilibrium
4.0,76.76767676767678,Absence of Pure Equilibrium
4.0,77.77777777777779,Absence of Pure Equilibrium
4.0,78.7878787878788,Absence of Pure Equilibrium
4.0,79.7979797979798,Absence of Pure Equilibrium
4.0,80.80808080808082,Absence of Pure Equilibrium
4.0,81.81818181818183,Absence of Pure Equilibrium
4.0,82.82828282828284,Absence of Pure Equilibrium
4.0,83.83838383838385,Absence of Pure Equilibrium
4.0,84.84848484848486,Absence of Pure Equilibrium
4.0,85.85858585858587,Absence of Pure Equilibrium
4.0,86.86868686868688,Absence of Pure Equilibrium
4.0,87.87878787878789,Absence of Pure Equilibrium
4.0,88.8888888888889,Absence of Pure Equilibrium
4.0,89.89898989898991,Absence of Pure Equilibrium
4.0,90.90909090909092,Absence of Pure Equilibrium
4.0,91.91919191919193,Absence of Pure Equilibrium
4.0,92.92929292929294,Absence of Pure Equilibrium
4.0,93.93939393939395,Absence of Pure Equilibrium
4.0,94.94949494949496,Absence of Pure Equilibrium
4.0,95.95959595959597,Absence of Pure Equilibrium
4.0,96.96969696969697,Absence of Pure Equilibrium
4.0,97.97979797979798,Absence of Pure Equilibrium
4.0,98.98989898989899,Absence of Pure Equilibrium
4.0,100.0,Absence of Pure Equilibrium
4.222222222222222,0.0,Implement / Fight
4.222222222222222,1.0101010101010102,Implement / Fight
4.222222222222222,2.0202020202020203,Implement / Fight
4.222222222222222,3.0303030303030303,Implement / Fight
4.222222222222222,4.040404040404041,Implement / Fight
4.222222222222222,5.050505050505051,Implement / Fight
4.222222222222222,6.0606060606060606,Implement / Fight
4.222222222222222,7.070707070707071,Implement / Fight
4.222222222222222,8.080808080808081,Implement / Fight
4.222222222222222,9.090909090909092,Implement / Fight
4.222222222222222,10.101010101010102,Implement / Fight
4.222222222222222,11.111111111111112,Implement / Fight
4.222222222222222,12.121212121212121,Implement / Fight
4.222222222222222,13.131313131313131,Implement / Fight
4.222222222222222,14.141414141414142,Implement / Fight
4.222222222222222,15.151515151515152,Implement / Fight
4.222222222222222,16.161616161616163,Implement / Fight
4.222222222222222,17.171717171717173,Implement / Fight
4.222222222222222,18.181818181818183,Implement / Fight
4.222222222222222,19.191919191919194,Implement / Fight
4.222222222222222,20.202020202020204,Implement / Fight
4.222222222222222,21.212121212121215,Implement / Fight
4.222222222222222,22.222222222222225,Implement / Fight
4.222222222222222,23.232323232323235,Implement / Fight
4.222222222222222,24.242424242424242,Implement / Fight
4.222222222222222,25.252525252525253,Implement / Fight
4.222222222222222,26.262626262626263,Implement / Fight
4.222222222222222,27.272727272727273,Implement / Fight
4.222222222222222,28.282828282828284,Implement / Fight
4.222222222222222,29.292929292929294,Implement / Fight
4.222222222222222,30.303030303030305,Implement / Fight
4.222222222222222,31.313131313131315,Implement / Fight
4.222222222222222,32.323232323232325,Implement / Fight
4.222222222222222,33.333333333333336,Implement / Fight
4.222222222222222,34.343434343434346,Implement / Fight
4.222222222222222,35.35353535353536,Implement / Fight
4.222222222222222,36.36363636363637,Implement / Fight
4.222222222222222,37.37373737373738,Implement / Fight
4.222222222222222,38.38383838383839,Absence of Pure Equilibrium
4.222222222222222,39.3939393939394,Absence of Pure Equilibrium
4.222222222222222,40.40404040404041,Absence of Pure Equilibrium
4.222222222222222,41.41414141414142,Absence of Pure Equilibrium
4.222222222222222,42.42424242424243,Absence of Pure Equilibrium
4.222222222222222,43.43434343434344,Absence of Pure Equilibrium
4.222222222222222,44.44444444444445,Absence of Pure Equilibrium
4.222222222222222,45.45454545454546,Absence of Pure Equilibrium
4.222222222222222,46.46464646464647,Absence of Pure Equilibrium
4.222222222222222,47.47474747474748,Absence of Pure Equilibrium
4.222222222222222,48.484848484848484,Absence of Pure Equilibrium
4.222222222222222,49.494949494949495,Absence of Pure Equilibrium
4.222222222222222,50.505050505050505,Absence of Pure Equilibrium
4.222222222222222,51.515151515151516,Absence of Pure Equilibrium
4.222222222222222,52.525252525252526,Absence of Pure Equilibrium
4.222222222222222,53.535353535353536,Absence of Pure Equilibrium
4.222222222222222,54.54545454545455,Absence of Pure Equilibrium
4.222222222222222,55.55555555555556,Absence of Pure Equilibrium
4.222222222222222,56.56565656565657,Absence of Pure Equilibrium
4.222222222222222,57.57575757575758,Absence of Pure Equilibrium
4.222222222222222,58.58585858585859,Absence of Pure Equilibrium
4.222222222222222,59.5959595959596,Absence of Pure Equilibrium
4.222222222222222,60.60606060606061,Absence of Pure Equilibrium
4.222222222222222,61.61616161616162,Absence of Pure Equilibrium
4.222222222222222,62.62626262626263,Absence of Pure Equilibrium
4.222222222222222,63.63636363636364,Absence of Pure Equilibrium
4.222222222222222,64.64646464646465,Absence of Pure Equilibrium
4.222222222222222,65.65656565656566,Absence of Pure Equilibrium
4.222222222222222,66.66666666666667,Absence of Pure Equilibrium
4.222222222222222,67.67676767676768,Absence of Pure Equilibrium
4.222222222222222,68.68686868686869,Absence of Pure Equilibrium
4.222222222222222,69.6969696969697,Absence of Pure Equilibrium
4.222222222222222,70.70707070707071,Absence of Pure Equilibrium
4.222222222222222,71.71717171717172,Absence of Pure Equilibrium
4.222222222222222,72.72727272727273,Absence of Pure Equilibrium
4.222222222222222,73.73737373737374,Absence of Pure Equilibrium
4.222222222222222,74.74747474747475,Absence of Pure Equilibrium
4.222222222222222,75.75757575757576,Absence of Pure Equilibrium
4.222222222222222,76.76767676767678,Absence of Pure Equilibrium
4.222222222222222,77.77777777777779,Absence of Pure Equilibrium
4.222222222222222,78.7878787878788,Absence of Pure Equilibrium
4.222222222222222,79.7979797979798,Absence of Pure Equilibrium
4.222222222222222,80.80808080808082,Absence of Pure Equilibrium
4.222222222222222,81.81818181818183,Absence of Pure Equilibrium
4.222222222222222,82.82828282828284,Absence of Pure Equilibrium
4.222222222222222,83.83838383838385,Absence of Pure Equilibrium
4.222222222222222,84.84848484848486,Absence of Pure Equilibrium
4.222222222222222,85.85858585858587,Absence of Pure Equilibrium
4.222222222222222,86.86868686868688,Absence of Pure Equilibrium
4.222222222222222,87.87878787878789,Absence of Pure Equilibrium
4.222222222222222,88.8888888888889,Absence of Pure Equilibrium
4.222222222222222,89.89898989898991,Absence of Pure Equilibrium
4.222222222222222,90.90909090909092,Absence of Pure Equilibrium
4.222222222222222,91.91919191919193,Absence of Pure Equilibrium
4.222222222222222,92.92929292929294,Absence of Pure Equilibrium
4.222222222222222,93.93939393939395,Absence of Pure Equilibrium
4.222222222222222,94.94949494949496,Absence of Pure Equilibrium
4.222222222222222,95.95959595959597,Absence of Pure Equilibrium
4.222222222222222,96.96969696969697,Absence of Pure Equilibrium
4.222222222222222,97.97979797979798,Absence of Pure Equilibrium
4.222222222222222,98.98989898989899,Absence of Pure Equilibrium
4.222222222222222,100.0,Absence of Pure Equilibrium
4.444444444444445,0.0,Implement / Accept
4.444444444444445,1.0101010101010102,Implement / Accept
4.444444444444445,2.0202020202020203,Implement / Accept
4.444444444444445,3.0303030303030303,Implement / Accept
4.444444444444445,4.040404040404041,Implement / Accept
4.444444444444445,5.050505050505051,Implement / Accept
4.444444444444445,6.0606060606060606,Implement / Accept
4.444444444444445,7.070707070707071,Implement / Accept
4.444444444444445,8.080808080808081,Implement / Accept
4.444444444444445,9.090909090909092,Implement / Accept
4.444444444444445,10.101010101010102,Implement / Accept
4.444444444444445,11.111111111111112,Implement / Accept
4.444444444444445,12.121212121212121,Implement / Accept
4.444444444444445,13.131313131313131,Implement / Accept
4.444444444444445,14.141414141414142,Implement / Accept
4.444444444444445,15.151515151515152,Implement / Accept
4.444444444444445,16.161616161616163,Implement / Accept
4.444444444444445,17.171717171717173,Implement / Accept
4.444444444444445,18.181818181818183,Implement / Accept
4.444444444444445,19.191919191919194,Implement / Accept
4.444444444444445,20.202020202020204,Implement / Accept
4.444444444444445,21.212121212121215,Implement / Accept
4.444444444444445,22.222222222222225,Implement / Accept
4.444444444444445,23.232323232323235,Implement / Accept
4.444444444444445,24.242424242424242,Implement / Accept
4.444444444444445,25.252525252525253,Implement / Accept
4.444444444444445,26.262626262626263,Implement / Accept
4.444444444444445,27.272727272727273,Implement / Accept
4.444444444444445,28.282828282828284,Implement / Accept
4.444444444444445,29.292929292929294,Implement / Accept
4.444444444444445,30.303030303030305,Implement / Accept
4.444444444444445,31.313131313131315,Implement / Accept
4.444444444444445,32.323232323232325,Implement / Accept
4.444444444444445,33.333333333333336,Implement / Accept
4.444444444444445,34.343434343434346,Implement / Accept
4.444444444444445,35.35353535353536,Implement / Accept
4.444444444444445,36.36363636363637,Implement / Accept
4.444444444444445,37.37373737373738,Implement / Accept
4.444444444444445,38.38383838383839,Implement / Accept
4.444444444444445,39.3939393939394,Implement / Accept
4.444444444444445,40.40404040404041,Implement / Accept
4.444444444444445,41.41414141414142,Implement / Accept
4.444444444444445,42.42424242424243,Implement / Accept
4.444444444444445,43.43434343434344,Implement / Accept
4.444444444444445,44.44444444444445,Implement / Accept
4.444444444444445,45.45454545454546,Implement / Accept
4.444444444444445,46.46464646464647,Implement / Accept
4.444444444444445,47.47474747474748,Implement / Accept
4.444444444444445,48.484848484848484,Implement / Accept
4.444444444444445,49.494949494949495,Implement / Accept
4.444444444444445,50.505050505050505,Implement / Accept
4.444444444444445,51.515151515151516,Implement / Accept
4.444444444444445,52.525252525252526,Implement / Accept
4.444444444444445,53.535353535353536,Implement / Accept
4.444444444444445,54.54545454545455,Implement / Accept
4.444444444444445,55.55555555555556,Implement / Accept
4.444444444444445,56.56565656565657,Implement / Accept
4.444444444444445,57.57575757575758,Implement / Accept
4.444444444444445,58.58585858585859,Implement / Accept
4.444444444444445,59.5959595959596,Implement / Accept
4.444444444444445,60.60606060606061,Implement / Accept
4.444444444444445,61.61616161616162,Implement / Accept
4.444444444444445,62.62626262626263,Implement / Accept
4.444444444444445,63.63636363636364,Implement / Accept
4.444444444444445,64.64646464646465,Implement / Accept
4.444444444444445,65.65656565656566,Implement / Accept
4.444444444444445,66.66666666666667,Implement / Accept
4.444444444444445,67.67676767676768,Implement / Accept
4.444444444444445,68.68686868686869,Implement / Accept
4.444444444444445,69.6969696969697,Implement / Accept
4.444444444444445,70.70707070707071,Implement / Accept
4.444444444444445,71.71717171717172,Implement / Accept
4.444444444444445,72.72727272727273,Implement / Accept
4.444444444444445,73.73737373737374,Implement / Accept
4.444444444444445,74.74747474747475,Implement / Accept
4.444444444444445,75.75757575757576,Implement / Accept
4.444444444444445,76.76767676767678,Implement / Accept
4.444444444444445,77.77777777777779,Implement / Accept
4.444444444444445,78.7878787878788,Implement / Accept
4.444444444444445,79.7979797979798,Implement / Accept
4.444444444444445,80.80808080808082,Implement / Accept
4.444444444444445,81.81818181818183,Implement / Accept
4.444444444444445,82.82828282828284,Implement / Accept
4.444444444444445,83.83838383838385,Implement / Accept
4.444444444444445,84.84848484848486,Implement / Accept
4.444444444444445,85.85858585858587,Implement / Accept
4.444444444444445,86.86868686868688,Implement / Accept
4.444444444444445,87.87878787878789,Implement / Accept
4.444444444444445,88.8888888888889,Implement / Accept
4.444444444444445,89.89898989898991,Implement / Accept
4.444444444444445,90.90909090909092,Implement / Accept
4.444444444444445,91.91919191919193,Implement / Accept
4.444444444444445,92.92929292929294,Implement / Accept
4.444444444444445,93.93939393939395,Implement / Accept
4.444444444444445,94.94949494949496,Implement / Accept
4.444444444444445,95.95959595959597,Implement / Accept
4.444444444444445,96.96969696969697,Implement / Accept
4.444444444444445,97.97979797979798,Implement / Accept
4.444444444444445,98.98989898989899,Implement / Accept
4.444444444444445,100.0,Implement / Accept
4.666666666666666,0.0,Implement / Accept
4.666666666666666,1.0101010101010102,Implement / Accept
4.666666666666666,2.0202020202020203,Implement / Accept
4.666666666666666,3.0303030303030303,Implement / Accept
4.666666666666666,4.040404040404041,Implement / Accept
4.666666666666666,5.050505050505051,Implement / Accept
4.666666666666666,6.0606060606060606,Implement / Accept
4.666666666666666,7.070707070707071,Implement / Accept
4.666666666666666,8.080808080808081,Implement / Accept
4.666666666666666,9.090909090909092,Implement / Accept
4.666666666666666,10.101010101010102,Implement / Accept
4.666666666666666,11.111111111111112,Implement / Accept
4.666666666666666,12.121212121212121,Implement / Accept
4.666666666666666,13.131313131313131,Implement / Accept
4.666666666666666,14.141414141414142,Implement / Accept
4.666666666666666,15.151515151515152,Implement / Accept
4.666666666666666,16.161616161616163,Implement / Accept
4.666666666666666,17.171717171717173,Implement / Accept
4.666666666666666,18.181818181818183,Implement / Accept
4.666666666666666,19.191919191919194,Implement / Accept
4.666666666666666,20.202020202020204,Implement / Accept
4.666666666666666,21.212121212121215,Implement / Accept
4.666666666666666,22.222222222222225,Implement / Accept
4.666666666666666,23.232323232323235,Implement / Accept
4.666666666666666,24.242424242424242,Implement / Accept
4.666666666666666,25.252525252525253,Implement / Accept
4.666666666666666,26.262626262626263,Implement / Accept
4.666666666666666,27.272727272727273,Implement / Accept
4.666666666666666,28.282828282828284,Implement / Accept
4.666666666666666,29.292929292929294,Implement / Accept
4.666666666666666,30.303030303030305,Implement / Accept
4.666666666666666,31.313131313131315,Implement / Accept
4.666666666666666,32.323232323232325,Implement / Accept
4.666666666666666,33.333333333333336,Implement / Accept
4.666666666666666,34.343434343434346,Implement / Accept
4.666666666666666,35.35353535353536,Implement / Accept
4.666666666666666,36.36363636363637,Implement / Accept
4.666666666666666,37.37373737373738,Implement / Accept
4.666666666666666,38.38383838383839,Implement / Accept
4.666666666666666,39.3939393939394,Implement / Accept
4.666666666666666,40.40404040404041,Implement / Accept
4.666666666666666,41.41414141414142,Implement / Accept
4.666666666666666,42.42424242424243,Implement / Accept
4.666666666666666,43.43434343434344,Implement / Accept
4.666666666666666,44.44444444444445,Implement / Accept
4.666666666666666,45.45454545454546,Implement / Accept
4.666666666666666,46.46464646464647,Implement / Accept
4.666666666666666,47.47474747474748,Implement / Accept
4.666666666666666,48.484848484848484,Implement / Accept
4.666666666666666,49.494949494949495,Implement / Accept
4.666666666666666,50.505050505050505,Implement / Accept
4.666666666666666,51.515151515151516,Implement / Accept
4.666666666666666,52.525252525252526,Implement / Accept
4.666666666666666,53.535353535353536,Implement / Accept
4.666666666666666,54.54545454545455,Implement / Accept
4.666666666666666,55.55555555555556,Implement / Accept
4.666666666666666,56.56565656565657,Implement / Accept
4.666666666666666,57.57575757575758,Implement / Accept
4.666666666666666,58.58585858585859,Implement / Accept
4.666666666666666,59.5959595959596,Implement / Accept
4.666666666666666,60.60606060606061,Implement / Accept
4.666666666666666,61.61616161616162,Implement / Accept
4.666666666666666,62.62626262626263,Implement / Accept
4.666666666666666,63.63636363636364,Implement / Accept
4.666666666666666,64.64646464646465,Implement / Accept
4.666666666666666,65.65656565656566,Implement / Accept
4.666666666666666,66.66666666666667,Implement / Accept
4.666666666666666,67.67676767676768,Implement / Accept
4.666666666666666,68.68686868686869,Implement / Accept
4.666666666666666,69.6969696969697,Implement / Accept
4.666666666666666,70.70707070707071,Implement / Accept
4.666666666666666,71.71717171717172,Implement / Accept
4.666666666666666,72.72727272727273,Implement / Accept
4.666666666666666,73.73737373737374,Implement / Accept
4.666666666666666,74.74747474747475,Implement / Accept
4.666666666666666,75.75757575757576,Implement / Accept
4.666666666666666,76.76767676767678,Implement / Accept
4.666666666666666,77.77777777777779,Implement / Accept
4.666666666666666,78.7878787878788,Implement / Accept
4.666666666666666,79.7979797979798,Implement / Accept
4.666666666666666,80.80808080808082,Implement / Accept
4.666666666666666,81.81818181818183,Implement / Accept
4.666666666666666,82.82828282828284,Implement / Accept
4.666666666666666,83.83838383838385,Implement / Accept
4.666666666666666,84.84848484848486,Implement / Accept
4.666666666666666,85.85858585858587,Implement / Accept
4.666666666666666,86.86868686868688,Implement / Accept
4.666666666666666,87.87878787878789,Implement / Accept
4.666666666666666,88.8888888888889,Implement / Accept
4.666666666666666,89.89898989898991,Implement / Accept
4.666666666666666,90.90909090909092,Implement / Accept
4.666666666666666,91.91919191919193,Implement / Accept
4.666666666666666,92.92929292929294,Implement / Accept
4.666666666666666,93.93939393939395,Implement / Accept
4.666666666666666,94.94949494949496,Implement / Accept
4.666666666666666,95.95959595959597,Implement / Accept
4.666666666666666,96.96969696969697,Implement / Accept
4.666666666666666,97.97979797979798,Implement / Accept
4.666666666666666,98.98989898989899,Implement / Accept
4.666666666666666,100.0,Implement / Accept
4.888888888888888,0.0,Implement / Accept
4.888888888888888,1.0101010101010102,Implement / Accept
4.888888888888888,2.0202020202020203,Implement / Accept
4.888888888888888,3.0303030303030303,Implement / Accept
4.888888888888888,4.040404040404041,Implement / Accept
4.888888888888888,5.050505050505051,Implement / Accept
4.888888888888888,6.0606060606060606,Implement / Accept
4.888888888888888,7.070707070707071,Implement / Accept
4.888888888888888,8.080808080808081,Implement / Accept
4.888888888888888,9.090909090909092,Implement / Accept
4.888888888888888,10.101010101010102,Implement / Accept
4.888888888888888,11.111111111111112,Implement / Accept
4.888888888888888,12.121212121212121,Implement / Accept
4.888888888888888,13.131313131313131,Implement / Accept
4.888888888888888,14.141414141414142,Implement / Accept
4.888888888888888,15.151515151515152,Implement / Accept
4.888888888888888,16.161616161616163,Implement / Accept
4.888888888888888,17.171717171717173,Implement / Accept
4.888888888888888,18.181818181818183,Implement / Accept
4.888888888888888,19.191919191919194,Implement / Accept
4.888888888888888,20.202020202020204,Implement / Accept
4.888888888888888,21.212121212121215,Implement / Accept
4.888888888888888,22.222222222222225,Implement / Accept
4.888888888888888,23.232323232323235,Implement / Accept
4.888888888888888,24.242424242424242,Implement / Accept
4.888888888888888,25.252525252525253,Implement / Accept
4.888888888888888,26.262626262626263,Implement / Accept
4.888888888888888,27.272727272727273,Implement / Accept
4.888888888888888,28.282828282828284,Implement / Accept
4.888888888888888,29.292929292929294,Implement / Accept
4.888888888888888,30.303030303030305,Implement / Accept
4.888888888888888,31.313131313131315,Implement / Accept
4.888888888888888,32.323232323232325,Implement / Accept
4.888888888888888,33.333333333333336,Implement / Accept
4.888888888888888,34.343434343434346,Implement / Accept
4.888888888888888,35.35353535353536,Implement / Accept
4.888888888888888,36.36363636363637,Implement / Accept
4.888888888888888,37.37373737373738,Implement / Accept
4.888888888888888,38.38383838383839,Implement / Accept
4.888888888888888,39.3939393939394,Implement / Accept
4.888888888888888,40.40404040404041,Implement / Accept
4.888888888888888,41.41414141414142,Implement / Accept
4.888888888888888,42.42424242424243,Implement / Accept
4.888888888888888,43.43434343434344,Implement / Accept
4.888888888888888,44.44444444444445,Implement / Accept
4.888888888888888,45.45454545454546,Implement / Accept
4.888888888888888,46.46464646464647,Implement / Accept
4.888888888888888,47.47474747474748,Implement / Accept
4.888888888888888,48.484848484848484,Implement / Accept
4.888888888888888,49.494949494949495,Implement / Accept
4.888888888888888,50.505050505050505,Implement / Accept
4.888888888888888,51.515151515151516,Implement / Accept
4.888888888888888,52.525252525252526,Implement / Accept
4.888888888888888,53.535353535353536,Implement / Accept
4.888888888888888,54.54545454545455,Implement / Accept
4.888888888888888,55.55555555555556,Implement / Accept
4.888888888888888,56.56565656565657,Implement / Accept
4.888888888888888,57.57575757575758,Implement / Accept
4.888888888888888,58.58585858585859,Implement / Accept
4.888888888888888,59.5959595959596,Implement / Accept
4.888888888888888,60.60606060606061,Implement / Accept
4.888888888888888,61.61616161616162,Implement / Accept
4.888888888888888,62.62626262626263,Implement / Accept
4.888888888888888,63.63636363636364,Implement / Accept
4.888888888888888,64.64646464646465,Implement / Accept
4.888888888888888,65.65656565656566,Implement / Accept
4.888888888888888,66.66666666666667,Implement / Accept
4.888888888888888,67.67676767676768,Implement / Accept
4.888888888888888,68.68686868686869,Implement / Accept
4.888888888888888,69.6969696969697,Implement / Accept
4.888888888888888,70.70707070707071,Implement / Accept
4.888888888888888,71.71717171717172,Implement / Accept
4.888888888888888,72.72727272727273,Implement / Accept
4.888888888888888,73.73737373737374,Implement / Accept
4.888888888888888,74.74747474747475,Implement / Accept
4.888888888888888,75.75757575757576,Implement / Accept
4.888888888888888,76.76767676767678,Implement / Accept
4.888888888888888,77.77777777777779,Implement / Accept
4.888888888888888,78.7878787878788,Implement / Accept
4.888888888888888,79.7979797979798,Implement / Accept
4.888888888888888,80.80808080808082,Implement / Accept
4.888888888888888,81.81818181818183,Implement / Accept
4.888888888888888,82.82828282828284,Implement / Accept
4.888888888888888,83.83838383838385,Implement / Accept
4.888888888888888,84.84848484848486,Implement / Accept
4.888888888888888,85.85858585858587,Implement / Accept
4.888888888888888,86.86868686868688,Implement / Accept
4.888888888888888,87.87878787878789,Implement / Accept
4.888888888888888,88.8888888888889,Implement / Accept
4.888888888888888,89.89898989898991,Implement / Accept
4.888888888888888,90.90909090909092,Implement / Accept
4.888888888888888,91.91919191919193,Implement / Accept
4.888888888888888,92.92929292929294,Implement / Accept
4.888888888888888,93.93939393939395,Implement / Accept
4.888888888888888,94.94949494949496,Implement / Accept
4.888888888888888,95.95959595959597,Implement / Accept
4.888888888888888,96.96969696969697,Implement / Accept
4.888888888888888,97.97979797979798,Implement / Accept
4.888888888888888,98.98989898989899,Implement / Accept
4.888888888888888,100.0,Implement / Accept
5.111111111111111,0.0,Implement / Accept
5.111111111111111,1.0101010101010102,Implement / Accept
5.111111111111111,2.0202020202020203,Implement / Accept
5.111111111111111,3.0303030303030303,Implement / Accept
5.111111111111111,4.040404040404041,Implement / Accept
5.111111111111111,5.050505050505051,Implement / Accept
5.111111111111111,6.0606060606060606,Implement / Accept
5.111111111111111,7.070707070707071,Implement / Accept
5.111111111111111,8.080808080808081,Implement / Accept
5.111111111111111,9.090909090909092,Implement / Accept
5.111111111111111,10.101010101010102,Implement / Accept
5.111111111111111,11.111111111111112,Implement / Accept
5.111111111111111,12.121212121212121,Implement / Accept
5.111111111111111,13.131313131313131,Implement / Accept
5.111111111111111,14.141414141414142,Implement / Accept
5.111111111111111,15.151515151515152,Implement / Accept
5.111111111111111,16.161616161616163,Implement / Accept
5.111111111111111,17.171717171717173,Implement / Accept
5.111111111111111,18.181818181818183,Implement / Accept
5.111111111111111,19.191919191919194,Implement / Accept
5.111111111111111,20.202020202020204,Implement / Accept
5.111111111111111,21.212121212121215,Implement / Accept
5.111111111111111,22.222222222222225,Implement / Accept
5.111111111111111,23.232323232323235,Implement / Accept
5.111111111111111,24.242424242424242,Implement / Accept
5.111111111111111,25.252525252525253,Implement / Accept
5.111111111111111,26.262626262626263,Implement / Accept
5.111111111111111,27.272727272727273,Implement / Accept
5.111111111111111,28.282828282828284,Implement / Accept
5.111111111111111,29.292929292929294,Implement / Accept
5.111111111111111,30.303030303030305,Implement / Accept
5.111111111111111,31.313131313131315,Implement / Accept
5.111111111111111,32.323232323232325,Implement / Accept
5.111111111111111,33.333333333333336,Implement / Accept
5.111111111111111,34.343434343434346,Implement / Accept
5.111111111111111,35.35353535353536,Implement / Accept
5.111111111111111,36.36363636363637,Implement / Accept
5.111111111111111,37.37373737373738,Implement / Accept
5.111111111111111,38.38383838383839,Implement / Accept
5.111111111111111,39.3939393939394,Implement / Accept
5.111111111111111,40.40404040404041,Implement / Accept
5.111111111111111,41.41414141414142,Implement / Accept
5.111111111111111,42.42424242424243,Implement / Accept
5.111111111111111,43.43434343434344,Implement / Accept
5.111111111111111,44.44444444444445,Implement / Accept
5.111111111111111,45.45454545454546,Implement / Accept
5.111111111111111,46.46464646464647,Implement / Accept
5.111111111111111,47.47474747474748,Implement / Accept
5.111111111111111,48.484848484848484,Implement / Accept
5.111111111111111,49.494949494949495,Implement / Accept
5.111111111111111,50.505050505050505,Implement / Accept
5.111111111111111,51.515151515151516,Implement / Accept
5.111111111111111,52.525252525252526,Implement / Accept
5.111111111111111,53.535353535353536,Implement / Accept
5.111111111111111,54.54545454545455,Implement / Accept
5.111111111111111,55.55555555555556,Implement / Accept
5.111111111111111,56.56565656565657,Implement / Accept
5.111111111111111,57.57575757575758,Implement / Accept
5.111111111111111,58.58585858585859,Implement / Accept
5.111111111111111,59.5959595959596,Implement / Accept
5.111111111111111,60.60606060606061,Implement / Accept
5.111111111111111,61.61616161616162,Implement / Accept
5.111111111111111,62.62626262626263,Implement / Accept
5.111111111111111,63.63636363636364,Implement / Accept
5.111111111111111,64.64646464646465,Implement / Accept
5.111111111111111,65.65656565656566,Implement / Accept
5.111111111111111,66.66666666666667,Implement / Accept
5.111111111111111,67.67676767676768,Implement / Accept
5.111111111111111,68.68686868686869,Implement / Accept
5.111111111111111,69.6969696969697,Implement / Accept
5.111111111111111,70.70707070707071,Implement / Accept
5.111111111111111,71.71717171717172,Implement / Accept
5.111111111111111,72.72727272727273,Implement / Accept
5.111111111111111,73.73737373737374,Implement / Accept
5.111111111111111,74.74747474747475,Implement / Accept
5.111111111111111,75.75757575757576,Implement / Accept
5.111111111111111,76.76767676767678,Implement / Accept
5.111111111111111,77.77777777777779,Implement / Accept
5.111111111111111,78.7878787878788,Implement / Accept
5.111111111111111,79.7979797979798,Implement / Accept
5.111111111111111,80.80808080808082,Implement / Accept
5.111111111111111,81.81818181818183,Implement / Accept
5.111111111111111,82.82828282828284,Implement / Accept
5.111111111111111,83.83838383838385,Implement / Accept
5.111111111111111,84.84848484848486,Implement / Accept
5.111111111111111,85.85858585858587,Implement / Accept
5.111111111111111,86.86868686868688,Implement / Accept
5.111111111111111,87.87878787878789,Implement / Accept
5.111111111111111,88.8888888888889,Implement / Accept
5.111111111111111,89.89898989898991,Implement / Accept
5.111111111111111,90.90909090909092,Implement / Accept
5.111111111111111,91.91919191919193,Implement / Accept
5.111111111111111,92.92929292929294,Implement / Accept
5.111111111111111,93.93939393939395,Implement / Accept
5.111111111111111,94.94949494949496,Implement / Accept
5.111111111111111,95.95959595959597,Implement / Accept
5.111111111111111,96.96969696969697,Implement / Accept
5.111111111111111,97.97979797979798,Implement / Accept
5.111111111111111,98.98989898989899,Implement / Accept
5.111111111111111,100.0,Implement / Accept
5.333333333333333,0.0,Implement / Accept
5.333333333333333,1.0101010101010102,Implement / Accept
5.333333333333333,2.0202020202020203,Implement / Accept
5.333333333333333,3.0303030303030303,Implement / Accept
5.333333333333333,4.040404040404041,Implement / Accept
5.333333333333333,5.050505050505051,Implement / Accept
5.333333333333333,6.0606060606060606,Implement / Accept
5.333333333333333,7.070707070707071,Implement / Accept
5.333333333333333,8.080808080808081,Implement / Accept
5.333333333333333,9.090909090909092,Implement / Accept
5.333333333333333,10.101010101010102,Implement / Accept
5.333333333333333,11.111111111111112,Implement / Accept
5.333333333333333,12.121212121212121,Implement / Accept
5.333333333333333,13.131313131313131,Implement / Accept
5.333333333333333,14.141414141414142,Implement / Accept
5.333333333333333,15.151515151515152,Implement / Accept
5.333333333333333,16.161616161616163,Implement / Accept
5.333333333333333,17.171717171717173,Implement / Accept
5.333333333333333,18.181818181818183,Implement / Accept
5.333333333333333,19.191919191919194,Implement / Accept
5.333333333333333,20.202020202020204,Implement / Accept
5.333333333333333,21.212121212121215,Implement / Accept
5.333333333333333,22.222222222222225,Implement / Accept
5.333333333333333,23.232323232323235,Implement / Accept
5.333333333333333,24.242424242424242,Implement / Accept
5.333333333333333,25.252525252525253,Implement / Accept
5.333333333333333,26.262626262626263,Implement / Accept
5.333333333333333,27.272727272727273,Implement / Accept
5.333333333333333,28.282828282828284,Implement / Accept
5.333333333333333,29.292929292929294,Implement / Accept
5.333333333333333,30.303030303030305,Implement / Accept
5.333333333333333,31.313131313131315,Implement / Accept
5.333333333333333,32.323232323232325,Implement / Accept
5.333333333333333,33.333333333333336,Implement / Accept
5.333333333333333,34.343434343434346,Implement / Accept
5.333333333333333,35.35353535353536,Implement / Accept
5.333333333333333,36.36363636363637,Implement / Accept
5.333333333333333,37.37373737373738,Implement / Accept
5.333333333333333,38.38383838383839,Implement / Accept
5.333333333333333,39.3939393939394,Implement / Accept
5.333333333333333,40.40404040404041,Implement / Accept
5.333333333333333,41.41414141414142,Implement / Accept
5.333333333333333,42.42424242424243,Implement / Accept
5.333333333333333,43.43434343434344,Implement / Accept
5.333333333333333,44.44444444444445,Implement / Accept
5.333333333333333,45.45454545454546,Implement / Accept
5.333333333333333,46.46464646464647,Implement / Accept
5.333333333333333,47.47474747474748,Implement / Accept
5.333333333333333,48.484848484848484,Implement / Accept
5.333333333333333,49.494949494949495,Implement / Accept
5.333333333333333,50.505050505050505,Implement / Accept
5.333333333333333,51.515151515151516,Implement / Accept
5.333333333333333,52.525252525252526,Implement / Accept
5.333333333333333,53.535353535353536,Implement / Accept
5.333333333333333,54.54545454545455,Implement / Accept
5.333333333333333,55.55555555555556,Implement / Accept
5.333333333333333,56.56565656565657,Implement / Accept
5.333333333333333,57.57575757575758,Implement / Accept
5.333333333333333,58.58585858585859,Implement / Accept
5.333333333333333,59.5959595959596,Implement / Accept
5.333333333333333,60.60606060606061,Implement / Accept
5.333333333333333,61.61616161616162,Implement / Accept
5.333333333333333,62.62626262626263,Implement / Accept
5.333333333333333,63.63636363636364,Implement / Accept
5.333333333333333,64.64646464646465,Implement / Accept
5.333333333333333,65.65656565656566,Implement / Accept
5.333333333333333,66.66666666666667,Implement / Accept
5.333333333333333,67.67676767676768,Implement / Accept
5.333333333333333,68.68686868686869,Implement / Accept
5.333333333333333,69.6969696969697,Implement / Accept
5.333333333333333,70.70707070707071,Implement / Accept
5.333333333333333,71.71717171717172,Implement / Accept
5.333333333333333,72.72727272727273,Implement / Accept
5.333333333333333,73.73737373737374,Implement / Accept
5.333333333333333,74.74747474747475,Implement / Accept
5.333333333333333,75.75757575757576,Implement / Accept
5.333333333333333,76.76767676767678,Implement / Accept
5.333333333333333,77.77777777777779,Implement / Accept
5.333333333333333,78.7878787878788,Implement / Accept
5.333333333333333,79.7979797979798,Implement / Accept
5.333333333333333,80.80808080808082,Implement / Accept
5.333333333333333,81.81818181818183,Implement / Accept
5.333333333333333,82.82828282828284,Implement / Accept
5.333333333333333,83.83838383838385,Implement / Accept
5.333333333333333,84.84848484848486,Implement / Accept
5.333333333333333,85.85858585858587,Implement / Accept
5.333333333333333,86.86868686868688,Implement / Accept
5.333333333333333,87.87878787878789,Implement / Accept
5.333333333333333,88.8888888888889,Implement / Accept
5.333333333333333,89.89898989898991,Implement / Accept
5.333333333333333,90.90909090909092,Implement / Accept
5.333333333333333,91.91919191919193,Implement / Accept
5.333333333333333,92.92929292929294,Implement / Accept
5.333333333333333,93.93939393939395,Implement / Accept
5.333333333333333,94.94949494949496,Implement / Accept
5.333333333333333,95.95959595959597,Implement / Accept
5.333333333333333,96.96969696969697,Implement / Accept
5.333333333333333,97.97979797979798,Implement / Accept
5.333333333333333,98.98989898989899,Implement / Accept
5.333333333333333,100.0,Implement / Accept
5.555555555555555,0.0,Implement / Accept
5.555555555555555,1.0101010101010102,Implement / Accept
5.555555555555555,2.0202020202020203,Implement / Accept
5.555555555555555,3.0303030303030303,Implement / Accept
5.555555555555555,4.040404040404041,Implement / Accept
5.555555555555555,5.050505050505051,Implement / Accept
5.555555555555555,6.0606060606060606,Implement / Accept
5.555555555555555,7.070707070707071,Implement / Accept
5.555555555555555,8.080808080808081,Implement / Accept
5.555555555555555,9.090909090909092,Implement / Accept
5.555555555555555,10.101010101010102,Implement / Accept
5.555555555555555,11.111111111111112,Implement / Accept
5.555555555555555,12.121212121212121,Implement / Accept
5.555555555555555,13.131313131313131,Implement / Accept
5.555555555555555,14.141414141414142,Implement / Accept
5.555555555555555,15.151515151515152,Implement / Accept
5.555555555555555,16.161616161616163,Implement / Accept
5.555555555555555,17.171717171717173,Implement / Accept
5.555555555555555,18.181818181818183,Implement / Accept
5.555555555555555,19.191919191919194,Implement / Accept
5.555555555555555,20.202020202020204,Implement / Accept
5.555555555555555,21.212121212121215,Implement / Accept
5.555555555555555,22.222222222222225,Implement / Accept
5.555555555555555,23.232323232323235,Implement / Accept
5.555555555555555,24.242424242424242,Implement / Accept
5.555555555555555,25.252525252525253,Implement / Accept
5.555555555555555,26.262626262626263,Implement / Accept
5.555555555555555,27.272727272727273,Implement / Accept
5.555555555555555,28.282828282828284,Implement / Accept
5.555555555555555,29.292929292929294,Implement / Accept
5.555555555555555,30.303030303030305,Implement / Accept
5.555555555555555,31.313131313131315,Implement / Accept
5.555555555555555,32.323232323232325,Implement / Accept
5.555555555555555,33.333333333333336,Implement / Accept
5.555555555555555,34.343434343434346,Implement / Accept
5.555555555555555,35.35353535353536,Implement / Accept
5.555555555555555,36.36363636363637,Implement / Accept
5.555555555555555,37.37373737373738,Implement / Accept
5.555555555555555,38.38383838383839,Implement / Accept
5.555555555555555,39.3939393939394,Implement / Accept
5.555555555555555,40.40404040404041,Implement / Accept
5.555555555555555,41.41414141414142,Implement / Accept
5.555555555555555,42.42424242424243,Implement / Accept
5.555555555555555,43.43434343434344,Implement / Accept
5.555555555555555,44.44444444444445,Implement / Accept
5.555555555555555,45.45454545454546,Implement / Accept
5.555555555555555,46.46464646464647,Implement / Accept
5.555555555555555,47.47474747474748,Implement / Accept
5.555555555555555,48.484848484848484,Implement / Accept
5.555555555555555,49.494949494949495,Implement / Accept
5.555555555555555,50.505050505050505,Implement / Accept
5.555555555555555,51.515151515151516,Implement / Accept
5.555555555555555,52.525252525252526,Implement / Accept
5.555555555555555,53.535353535353536,Implement / Accept
5.555555555555555,54.54545454545455,Implement / Accept
5.555555555555555,55.55555555555556,Implement / Accept
5.555555555555555,56.56565656565657,Implement / Accept
5.555555555555555,57.57575757575758,Implement / Accept
5.555555555555555,58.58585858585859,Implement / Accept
5.555555555555555,59.5959595959596,Implement / Accept
5.555555555555555,60.60606060606061,Implement / Accept
5.555555555555555,61.61616161616162,Implement / Accept
5.555555555555555,62.62626262626263,Implement / Accept
5.555555555555555,63.63636363636364,Implement / Accept
5.555555555555555,64.64646464646465,Implement / Accept
5.555555555555555,65.65656565656566,Implement / Accept
5.555555555555555,66.66666666666667,Implement / Accept
5.555555555555555,67.67676767676768,Implement / Accept
5.555555555555555,68.68686868686869,Implement / Accept
5.555555555555555,69.6969696969697,Implement / Accept
5.555555555555555,70.70707070707071,Implement / Accept
5.555555555555555,71.71717171717172,Implement / Accept
5.555555555555555,72.72727272727273,Implement / Accept
5.555555555555555,73.73737373737374,Implement / Accept
5.555555555555555,74.74747474747475,Implement / Accept
5.555555555555555,75.75757575757576,Implement / Accept
5.555555555555555,76.76767676767678,Implement / Accept
5.555555555555555,77.77777777777779,Implement / Accept
5.555555555555555,78.7878787878788,Implement / Accept
5.555555555555555,79.7979797979798,Implement / Accept
5.555555555555555,80.80808080808082,Implement / Accept
5.555555555555555,81.81818181818183,Implement / Accept
5.555555555555555,82.82828282828284,Implement / Accept
5.555555555555555,83.83838383838385,Implement / Accept
5.555555555555555,84.84848484848486,Implement / Accept
5.555555555555555,85.85858585858587,Implement / Accept
5.555555555555555,86.86868686868688,Implement / Accept
5.555555555555555,87.87878787878789,Implement / Accept
5.555555555555555,88.8888888888889,Implement / Accept
5.555555555555555,89.89898989898991,Implement / Accept
5.555555555555555,90.90909090909092,Implement / Accept
5.555555555555555,91.91919191919193,Implement / Accept
5.555555555555555,92.92929292929294,Implement / Accept
5.555555555555555,93.93939393939395,Implement / Accept
5.555555555555555,94.94949494949496,Implement / Accept
5.555555555555555,95.95959595959597,Implement / Accept
5.555555555555555,96.96969696969697,Implement / Accept
5.555555555555555,97.97979797979798,Implement / Accept
5.555555555555555,98.98989898989899,Implement / Accept
5.555555555555555,100.0,Implement / Accept
5.777777777777778,0.0,Implement / Accept
5.777777777777778,1.0101010101010102,Implement / Accept
5.777777777777778,2.0202020202020203,Implement / Accept
5.777777777777778,3.0303030303030303,Implement / Accept
5.777777777777778,4.040404040404041,Implement / Accept
5.777777777777778,5.050505050505051,Implement / Accept
5.777777777777778,6.0606060606060606,Implement / Accept
5.777777777777778,7.070707070707071,Implement / Accept
5.777777777777778,8.080808080808081,Implement / Accept
5.777777777777778,9.090909090909092,Implement / Accept
5.777777777777778,10.101010101010102,Implement / Accept
5.777777777777778,11.111111111111112,Implement / Accept
5.777777777777778,12.121212121212121,Implement / Accept
5.777777777777778,13.131313131313131,Implement / Accept
5.777777777777778,14.141414141414142,Implement / Accept
5.777777777777778,15.151515151515152,Implement / Accept
5.777777777777778,16.161616161616163,Implement / Accept
5.777777777777778,17.171717171717173,Implement / Accept
5.777777777777778,18.181818181818183,Implement / Accept
5.777777777777778,19.191919191919194,Implement / Accept
5.777777777777778,20.202020202020204,Implement / Accept
5.777777777777778,21.212121212121215,Implement / Accept
5.777777777777778,22.222222222222225,Implement / Accept
5.777777777777778,23.232323232323235,Implement / Accept
5.777777777777778,24.242424242424242,Implement / Accept
5.777777777777778,25.252525252525253,Implement / Accept
5.777777777777778,26.262626262626263,Implement / Accept
5.777777777777778,27.272727272727273,Implement / Accept
5.777777777777778,28.282828282828284,Implement / Accept
5.777777777777778,29.292929292929294,Implement / Accept
5.777777777777778,30.303030303030305,Implement / Accept
5.777777777777778,31.313131313131315,Implement / Accept
5.777777777777778,32.323232323232325,Implement / Accept
5.777777777777778,33.333333333333336,Implement / Accept
5.777777777777778,34.343434343434346,Implement / Accept
5.777777777777778,35.35353535353536,Implement / Accept
5.777777777777778,36.36363636363637,Implement / Accept
5.777777777777778,37.37373737373738,Implement / Accept
5.777777777777778,38.38383838383839,Implement / Accept
5.777777777777778,39.3939393939394,Implement / Accept
5.777777777777778,40.40404040404041,Implement / Accept
5.777777777777778,41.41414141414142,Implement / Accept
5.777777777777778,42.42424242424243,Implement / Accept
5.777777777777778,43.43434343434344,Implement / Accept
5.777777777777778,44.44444444444445,Implement / Accept
5.777777777777778,45.45454545454546,Implement / Accept
5.777777777777778,46.46464646464647,Implement / Accept
5.777777777777778,47.47474747474748,Implement / Accept
5.777777777777778,48.484848484848484,Implement / Accept
5.777777777777778,49.494949494949495,Implement / Accept
5.777777777777778,50.505050505050505,Implement / Accept
5.777777777777778,51.515151515151516,Implement / Accept
5.777777777777778,52.525252525252526,Implement / Accept
5.777777777777778,53.535353535353536,Implement / Accept
5.777777777777778,54.54545454545455,Implement / Accept
5.777777777777778,55.55555555555556,Implement / Accept
5.777777777777778,56.56565656565657,Implement / Accept
5.777777777777778,57.57575757575758,Implement / Accept
5.777777777777778,58.58585858585859,Implement / Accept
5.777777777777778,59.5959595959596,Implement / Accept
5.777777777777778,60.60606060606061,Implement / Accept
5.777777777777778,61.61616161616162,Implement / Accept
5.777777777777778,62.62626262626263,Implement / Accept
5.777777777777778,63.63636363636364,Implement / Accept
5.777777777777778,64.64646464646465,Implement / Accept
5.777777777777778,65.65656565656566,Implement / Accept
5.777777777777778,66.66666666666667,Implement / Accept
5.777777777777778,67.67676767676768,Implement / Accept
5.777777777777778,68.68686868686869,Implement / Accept
5.777777777777778,69.6969696969697,Implement / Accept
5.777777777777778,70.70707070707071,Implement / Accept
5.777777777777778,71.71717171717172,Implement / Accept
5.777777777777778,72.72727272727273,Implement / Accept
5.777777777777778,73.73737373737374,Implement / Accept
5.777777777777778,74.74747474747475,Implement / Accept
5.777777777777778,75.75757575757576,Implement / Accept
5.777777777777778,76.76767676767678,Implement / Accept
5.777777777777778,77.77777777777779,Implement / Accept
5.777777777777778,78.7878787878788,Implement / Accept
5.777777777777778,79.7979797979798,Implement / Accept
5.777777777777778,80.80808080808082,Implement / Accept
5.777777777777778,81.81818181818183,Implement / Accept
5.777777777777778,82.82828282828284,Implement / Accept
5.777777777777778,83.83838383838385,Implement / Accept
5.777777777777778,84.84848484848486,Implement / Accept
5.777777777777778,85.85858585858587,Implement / Accept
5.777777777777778,86.86868686868688,Implement / Accept
5.777777777777778,87.87878787878789,Implement / Accept
5.777777777777778,88.8888888888889,Implement / Accept
5.777777777777778,89.89898989898991,Implement / Accept
5.777777777777778,90.90909090909092,Implement / Accept
5.777777777777778,91.91919191919193,Implement / Accept
5.777777777777778,92.92929292929294,Implement / Accept
5.777777777777778,93.93939393939395,Implement / Accept
5.777777777777778,94.94949494949496,Implement / Accept
5.777777777777778,95.95959595959597,Implement / Accept
5.777777777777778,96.96969696969697,Implement / Accept
5.777777777777778,97.97979797979798,Implement / Accept
5.777777777777778,98.98989898989899,Implement / Accept
5.777777777777778,100.0,Implement / Accept
6.0,0.0,Implement / Accept
6.0,1.0101010101010102,Implement / Accept
6.0,2.0202020202020203,Implement / Accept
6.0,3.0303030303030303,Implement / Accept
6.0,4.040404040404041,Implement / Accept
6.0,5.050505050505051,Implement / Accept
6.0,6.0606060606060606,Implement / Accept
6.0,7.070707070707071,Implement / Accept
6.0,8.080808080808081,Implement / Accept
6.0,9.090909090909092,Implement / Accept
6.0,10.101010101010102,Implement / Accept
6.0,11.111111111111112,Implement / Accept
6.0,12.121212121212121,Implement / Accept
6.0,13.131313131313131,Implement / Accept
6.0,14.141414141414142,Implement / Accept
6.0,15.151515151515152,Implement / Accept
6.0,16.161616161616163,Implement / Accept
6.0,17.171717171717173,Implement / Accept
6.0,18.181818181818183,Implement / Accept
6.0,19.191919191919194,Implement / Accept
6.0,20.202020202020204,Implement / Accept
6.0,21.212121212121215,Implement / Accept
6.0,22.222222222222225,Implement / Accept
6.0,23.232323232323235,Implement / Accept
6.0,24.242424242424242,Implement / Accept
6.0,25.252525252525253,Implement / Accept
6.0,26.262626262626263,Implement / Accept
6.0,27.272727272727273,Implement / Accept
6.0,28.282828282828284,Implement / Accept
6.0,29.292929292929294,Implement / Accept
6.0,30.303030303030305,Implement / Accept
6.0,31.313131313131315,Implement / Accept
6.0,32.323232323232325,Implement / Accept
6.0,33.333333333333336,Implement / Accept
6.0,34.343434343434346,Implement / Accept
6.0,35.35353535353536,Implement / Accept
6.0,36.36363636363637,Implement / Accept
6.0,37.37373737373738,Implement / Accept
6.0,38.38383838383839,Implement / Accept
6.0,39.3939393939394,Implement / Accept
6.0,40.40404040404041,Implement / Accept
6.0,41.41414141414142,Implement / Accept
6.0,42.42424242424243,Implement / Accept
6.0,43.43434343434344,Implement / Accept
6.0,44.44444444444445,Implement / Accept
6.0,45.45454545454546,Implement / Accept
6.0,46.46464646464647,Implement / Accept
6.0,47.47474747474748,Implement / Accept
6.0,48.484848484848484,Implement / Accept
6.0,49.494949494949495,Implement / Accept
6.0,50.505050505050505,Implement / Accept
6.0,51.515151515151516,Implement / Accept
6.0,52.525252525252526,Implement / Accept
6.0,53.535353535353536,Implement / Accept
6.0,54.54545454545455,Implement / Accept
6.0,55.55555555555556,Implement / Accept
6.0,56.56565656565657,Implement / Accept
6.0,57.57575757575758,Implement / Accept
6.0,58.58585858585859,Implement / Accept
6.0,59.5959595959596,Implement / Accept
6.0,60.60606060606061,Implement / Accept
6.0,61.61616161616162,Implement / Accept
6.0,62.62626262626263,Implement / Accept
6.0,63.63636363636364,Implement / Accept
6.0,64.64646464646465,Implement / Accept
6.0,65.65656565656566,Implement / Accept
6.0,66.66666666666667,Implement / Accept
6.0,67.67676767676768,Implement / Accept
6.0,68.68686868686869,Implement / Accept
6.0,69.6969696969697,Implement / Accept
6.0,70.70707070707071,Implement / Accept
6.0,71.71717171717172,Implement / Accept
6.0,72.72727272727273,Implement / Accept
6.0,73.73737373737374,Implement / Accept
6.0,74.74747474747475,Implement / Accept
6.0,75.75757575757576,Implement / Accept
6.0,76.76767676767678,Implement / Accept
6.0,77.77777777777779,Implement / Accept
6.0,78.7878787878788,Implement / Accept
6.0,79.7979797979798,Implement / Accept
6.0,80.80808080808082,Implement / Accept
6.0,81.81818181818183,Implement / Accept
6.0,82.82828282828284,Implement / Accept
6.0,83.83838383838385,Implement / Accept
6.0,84.84848484848486,Implement / Accept
6.0,85.85858585858587,Implement / Accept
6.0,86.86868686868688,Implement / Accept
6.0,87.87878787878789,Implement / Accept
6.0,88.8888888888889,Implement / Accept
6.0,89.89898989898991,Implement / Accept
6.0,90.90909090909092,Implement / Accept
6.0,91.91919191919193,Implement / Accept
6.0,92.92929292929294,Implement / Accept
6.0,93.93939393939395,Implement / Accept
6.0,94.94949494949496,Implement / Accept
6.0,95.95959595959597,Implement / Accept
6.0,96.96969696969697,Implement / Accept
6.0,97.97979797979798,Implement / Accept
6.0,98.98989898989899,Implement / Accept
6.0,100.0,Implement / Accept
6.222222222222221,0.0,Implement / Accept
6.222222222222221,1.0101010101010102,Implement / Accept
6.222222222222221,2.0202020202020203,Implement / Accept
6.222222222222221,3.0303030303030303,Implement / Accept
6.222222222222221,4.040404040404041,Implement / Accept
6.222222222222221,5.050505050505051,Implement / Accept
6.222222222222221,6.0606060606060606,Implement / Accept
6.222222222222221,7.070707070707071,Implement / Accept
6.222222222222221,8.080808080808081,Implement / Accept
6.222222222222221,9.090909090909092,Implement / Accept
6.222222222222221,10.101010101010102,Implement / Accept
6.222222222222221,11.111111111111112,Implement / Accept
6.222222222222221,12.121212121212121,Implement / Accept
6.222222222222221,13.131313131313131,Implement / Accept
6.222222222222221,14.141414141414142,Implement / Accept
6.222222222222221,15.151515151515152,Implement / Accept
6.222222222222221,16.161616161616163,Implement / Accept
6.222222222222221,17.171717171717173,Implement / Accept
6.222222222222221,18.181818181818183,Implement / Accept
6.222222222222221,19.191919191919194,Implement / Accept
6.222222222222221,20.202020202020204,Implement / Accept
6.222222222222221,21.212121212121215,Implement / Accept
6.222222222222221,22.222222222222225,Implement / Accept
6.222222222222221,23.232323232323235,Implement / Accept
6.222222222222221,24.242424242424242,Implement / Accept
6.222222222222221,25.252525252525253,Implement / Accept
6.222222222222221,26.262626262626263,Implement / Accept
6.222222222222221,27.272727272727273,Implement / Accept
6.222222222222221,28.282828282828284,Implement / Accept
6.222222222222221,29.292929292929294,Implement / Accept
6.222222222222221,30.303030303030305,Implement / Accept
6.222222222222221,31.313131313131315,Implement / Accept
6.222222222222221,32.323232323232325,Implement / Accept
6.222222222222221,33.333333333333336,Implement / Accept
6.222222222222221,34.343434343434346,Implement / Accept
6.222222222222221,35.35353535353536,Implement / Accept
6.222222222222221,36.36363636363637,Implement / Accept
6.222222222222221,37.37373737373738,Implement / Accept
6.222222222222221,38.38383838383839,Implement / Accept
6.222222222222221,39.3939393939394,Implement / Accept
6.222222222222221,40.40404040404041,Implement / Accept
6.222222222222221,41.41414141414142,Implement / Accept
6.222222222222221,42.42424242424243,Implement / Accept
6.222222222222221,43.43434343434344,Implement / Accept
6.222222222222221,44.44444444444445,Implement / Accept
6.222222222222221,45.45454545454546,Implement / Accept
6.222222222222221,46.46464646464647,Implement / Accept
6.222222222222221,47.47474747474748,Implement / Accept
6.222222222222221,48.484848484848484,Implement / Accept
6.222222222222221,49.494949494949495,Implement / Accept
6.222222222222221,50.505050505050505,Implement / Accept
6.222222222222221,51.515151515151516,Implement / Accept
6.222222222222221,52.525252525252526,Implement / Accept
6.222222222222221,53.535353535353536,Implement / Accept
6.222222222222221,54.54545454545455,Implement / Accept
6.222222222222221,55.55555555555556,Implement / Accept
6.222222222222221,56.56565656565657,Implement / Accept
6.222222222222221,57.57575757575758,Implement / Accept
6.222222222222221,58.58585858585859,Implement / Accept
6.222222222222221,59.5959595959596,Implement / Accept
6.222222222222221,60.60606060606061,Implement / Accept
6.222222222222221,61.61616161616162,Implement / Accept
6.222222222222221,62.62626262626263,Implement / Accept
6.222222222222221,63.63636363636364,Implement / Accept
6.222222222222221,64.64646464646465,Implement / Accept
6.222222222222221,65.65656565656566,Implement / Accept
6.222222222222221,66.66666666666667,Implement / Accept
6.222222222222221,67.67676767676768,Implement / Accept
6.222222222222221,68.68686868686869,Implement / Accept
6.222222222222221,69.6969696969697,Implement / Accept
6.222222222222221,70.70707070707071,Implement / Accept
6.222222222222221,71.71717171717172,Implement / Accept
6.222222222222221,72.72727272727273,Implement / Accept
6.222222222222221,73.73737373737374,Implement / Accept
6.222222222222221,74.74747474747475,Implement / Accept
6.222222222222221,75.75757575757576,Implement / Accept
6.222222222222221,76.76767676767678,Implement / Accept
6.222222222222221,77.77777777777779,Implement / Accept
6.222222222222221,78.7878787878788,Implement / Accept
6.222222222222221,79.7979797979798,Implement / Accept
6.222222222222221,80.80808080808082,Implement / Accept
6.222222222222221,81.81818181818183,Implement / Accept
6.222222222222221,82.82828282828284,Implement / Accept
6.222222222222221,83.83838383838385,Implement / Accept
6.222222222222221,84.84848484848486,Implement / Accept
6.222222222222221,85.85858585858587,Implement / Accept
6.222222222222221,86.86868686868688,Implement / Accept
6.222222222222221,87.87878787878789,Implement / Accept
6.222222222222221,88.8888888888889,Implement / Accept
6.222222222222221,89.89898989898991,Implement / Accept
6.222222222222221,90.90909090909092,Implement / Accept
6.222222222222221,91.91919191919193,Implement / Accept
6.222222222222221,92.92929292929294,Implement / Accept
6.222222222222221,93.93939393939395,Implement / Accept
6.222222222222221,94.94949494949496,Implement / Accept
6.222222222222221,95.95959595959597,Implement / Accept
6.222222222222221,96.96969696969697,Implement / Accept
6.222222222222221,97.97979797979798,Implement / Accept
6.222222222222221,98.98989898989899,Implement / Accept
6.222222222222221,100.0,Implement / Accept
6.444444444444444,0.0,Implement / Accept
6.444444444444444,1.0101010101010102,Implement / Accept
6.444444444444444,2.0202020202020203,Implement / Accept
6.444444444444444,3.0303030303030303,Implement / Accept
6.444444444444444,4.040404040404041,Implement / Accept
6.444444444444444,5.050505050505051,Implement / Accept
6.444444444444444,6.0606060606060606,Implement / Accept
6.444444444444444,7.070707070707071,Implement / Accept
6.444444444444444,8.080808080808081,Implement / Accept
6.444444444444444,9.090909090909092,Implement / Accept
6.444444444444444,10.101010101010102,Implement / Accept
6.444444444444444,11.111111111111112,Implement / Accept
6.444444444444444,12.121212121212121,Implement / Accept
6.444444444444444,13.131313131313131,Implement / Accept
6.444444444444444,14.141414141414142,Implement / Accept
6.444444444444444,15.151515151515152,Implement / Accept
6.444444444444444,16.161616161616163,Implement / Accept
6.444444444444444,17.171717171717173,Implement / Accept
6.444444444444444,18.181818181818183,Implement / Accept
6.444444444444444,19.191919191919194,Implement / Accept
6.444444444444444,20.202020202020204,Implement / Accept
6.444444444444444,21.212121212121215,Implement / Accept
6.444444444444444,22.222222222222225,Implement / Accept
6.444444444444444,23.232323232323235,Implement / Accept
6.444444444444444,24.242424242424242,Implement / Accept
6.444444444444444,25.252525252525253,Implement / Accept
6.444444444444444,26.262626262626263,Implement / Accept
6.444444444444444,27.272727272727273,Implement / Accept
6.444444444444444,28.282828282828284,Implement / Accept
6.444444444444444,29.292929292929294,Implement / Accept
6.444444444444444,30.303030303030305,Implement / Accept
6.444444444444444,31.313131313131315,Implement / Accept
6.444444444444444,32.323232323232325,Implement / Accept
6.444444444444444,33.333333333333336,Implement / Accept
6.444444444444444,34.343434343434346,Implement / Accept
6.444444444444444,35.35353535353536,Implement / Accept
6.444444444444444,36.36363636363637,Implement / Accept
6.444444444444444,37.37373737373738,Implement / Accept
6.444444444444444,38.38383838383839,Implement / Accept
6.444444444444444,39.3939393939394,Implement / Accept
6.444444444444444,40.40404040404041,Implement / Accept
6.444444444444444,41.41414141414142,Implement / Accept
6.444444444444444,42.42424242424243,Implement / Accept
6.444444444444444,43.43434343434344,Implement / Accept
6.444444444444444,44.44444444444445,Implement / Accept
6.444444444444444,45.45454545454546,Implement / Accept
6.444444444444444,46.46464646464647,Implement / Accept
6.444444444444444,47.47474747474748,Implement / Accept
6.444444444444444,48.484848484848484,Implement / Accept
6.444444444444444,49.494949494949495,Implement / Accept
6.444444444444444,50.505050505050505,Implement / Accept
6.444444444444444,51.515151515151516,Implement / Accept
6.444444444444444,52.525252525252526,Implement / Accept
6.444444444444444,53.535353535353536,Implement / Accept
6.444444444444444,54.54545454545455,Implement / Accept
6.444444444444444,55.55555555555556,Implement / Accept
6.444444444444444,56.56565656565657,Implement / Accept
6.444444444444444,57.57575757575758,Implement / Accept
6.444444444444444,58.58585858585859,Implement / Accept
6.444444444444444,59.5959595959596,Implement / Accept
6.444444444444444,60.60606060606061,Implement / Accept
6.444444444444444,61.61616161616162,Implement / Accept
6.444444444444444,62.62626262626263,Implement / Accept
6.444444444444444,63.63636363636364,Implement / Accept
6.444444444444444,64.64646464646465,Implement / Accept
6.444444444444444,65.65656565656566,Implement / Accept
6.444444444444444,66.66666666666667,Implement / Accept
6.444444444444444,67.67676767676768,Implement / Accept
6.444444444444444,68.68686868686869,Implement / Accept
6.444444444444444,69.6969696969697,Implement / Accept
6.444444444444444,70.70707070707071,Implement / Accept
6.444444444444444,71.71717171717172,Implement / Accept
6.444444444444444,72.72727272727273,Implement / Accept
6.444444444444444,73.73737373737374,Implement / Accept
6.444444444444444,74.74747474747475,Implement / Accept
6.444444444444444,75.75757575757576,Implement / Accept
6.444444444444444,76.76767676767678,Implement / Accept
6.444444444444444,77.77777777777779,Implement / Accept
6.444444444444444,78.7878787878788,Implement / Accept
6.444444444444444,79.7979797979798,Implement / Accept
6.444444444444444,80.80808080808082,Implement / Accept
6.444444444444444,81.81818181818183,Implement / Accept
6.444444444444444,82.82828282828284,Implement / Accept
6.444444444444444,83.83838383838385,Implement / Accept
6.444444444444444,84.84848484848486,Implement / Accept
6.444444444444444,85.85858585858587,Implement / Accept
6.444444444444444,86.86868686868688,Implement / Accept
6.444444444444444,87.87878787878789,Implement / Accept
6.444444444444444,88.8888888888889,Implement / Accept
6.444444444444444,89.89898989898991,Implement / Accept
6.444444444444444,90.90909090909092,Implement / Accept
6.444444444444444,91.91919191919193,Implement / Accept
6.444444444444444,92.92929292929294,Implement / Accept
6.444444444444444,93.93939393939395,Implement / Accept
6.444444444444444,94.94949494949496,Implement / Accept
6.444444444444444,95.95959595959597,Implement / Accept
6.444444444444444,96.96969696969697,Implement / Accept
6.444444444444444,97.97979797979798,Implement / Accept
6.444444444444444,98.98989898989899,Implement / Accept
6.444444444444444,100.0,Implement / Accept
6.666666666666666,0.0,Implement / Accept
6.666666666666666,1.0101010101010102,Implement / Accept
6.666666666666666,2.0202020202020203,Implement / Accept
6.666666666666666,3.0303030303030303,Implement / Accept
6.666666666666666,4.040404040404041,Implement / Accept
6.666666666666666,5.050505050505051,Implement / Accept
6.666666666666666,6.0606060606060606,Implement / Accept
6.666666666666666,7.070707070707071,Implement / Accept
6.666666666666666,8.080808080808081,Implement / Accept
6.666666666666666,9.090909090909092,Implement / Accept
6.666666666666666,10.101010101010102,Implement / Accept
6.666666666666666,11.111111111111112,Implement / Accept
6.666666666666666,12.121212121212121,Implement / Accept
6.666666666666666,13.131313131313131,Implement / Accept
6.666666666666666,14.141414141414142,Implement / Accept
6.666666666666666,15.151515151515152,Implement / Accept
6.666666666666666,16.161616161616163,Implement / Accept
6.666666666666666,17.171717171717173,Implement / Accept
6.666666666666666,18.181818181818183,Implement / Accept
6.666666666666666,19.191919191919194,Implement / Accept
6.666666666666666,20.202020202020204,Implement / Accept
6.666666666666666,21.212121212121215,Implement / Accept
6.666666666666666,22.222222222222225,Implement / Accept
6.666666666666666,23.232323232323235,Implement / Accept
6.666666666666666,24.242424242424242,Implement / Accept
6.666666666666666,25.252525252525253,Implement / Accept
6.666666666666666,26.262626262626263,Implement / Accept
6.666666666666666,27.272727272727273,Implement / Accept
6.666666666666666,28.282828282828284,Implement / Accept
6.666666666666666,29.292929292929294,Implement / Accept
6.666666666666666,30.303030303030305,Implement / Accept
6.666666666666666,31.313131313131315,Implement / Accept
6.666666666666666,32.323232323232325,Implement / Accept
6.666666666666666,33.333333333333336,Implement / Accept
6.666666666666666,34.343434343434346,Implement / Accept
6.666666666666666,35.35353535353536,Implement / Accept
6.666666666666666,36.36363636363637,Implement / Accept
6.666666666666666,37.37373737373738,Implement / Accept
6.666666666666666,38.38383838383839,Implement / Accept
6.666666666666666,39.3939393939394,Implement / Accept
6.666666666666666,40.40404040404041,Implement / Accept
6.666666666666666,41.41414141414142,Implement / Accept
6.666666666666666,42.42424242424243,Implement / Accept
6.666666666666666,43.43434343434344,Implement / Accept
6.666666666666666,44.44444444444445,Implement / Accept
6.666666666666666,45.45454545454546,Implement / Accept
6.666666666666666,46.46464646464647,Implement / Accept
6.666666666666666,47.47474747474748,Implement / Accept
6.666666666666666,48.484848484848484,Implement / Accept
6.666666666666666,49.494949494949495,Implement / Accept
6.666666666666666,50.505050505050505,Implement / Accept
6.666666666666666,51.515151515151516,Implement / Accept
6.666666666666666,52.525252525252526,Implement / Accept
6.666666666666666,53.535353535353536,Implement / Accept
6.666666666666666,54.54545454545455,Implement / Accept
6.666666666666666,55.55555555555556,Implement / Accept
6.666666666666666,56.56565656565657,Implement / Accept
6.666666666666666,57.57575757575758,Implement / Accept
6.666666666666666,58.58585858585859,Implement / Accept
6.666666666666666,59.5959595959596,Implement / Accept
6.666666666666666,60.60606060606061,Implement / Accept
6.666666666666666,61.61616161616162,Implement / Accept
6.666666666666666,62.62626262626263,Implement / Accept
6.666666666666666,63.63636363636364,Implement / Accept
6.666666666666666,64.64646464646465,Implement / Accept
6.666666666666666,65.65656565656566,Implement / Accept
6.666666666666666,66.66666666666667,Implement / Accept
6.666666666666666,67.67676767676768,Implement / Accept
6.666666666666666,68.68686868686869,Implement / Accept
6.666666666666666,69.6969696969697,Implement / Accept
6.666666666666666,70.70707070707071,Implement / Accept
6.666666666666666,71.71717171717172,Implement / Accept
6.666666666666666,72.72727272727273,Implement / Accept
6.666666666666666,73.73737373737374,Implement / Accept
6.666666666666666,74.74747474747475,Implement / Accept
6.666666666666666,75.75757575757576,Implement / Accept
6.666666666666666,76.76767676767678,Implement / Accept
6.666666666666666,77.77777777777779,Implement / Accept
6.666666666666666,78.7878787878788,Implement / Accept
6.666666666666666,79.7979797979798,Implement / Accept
6.666666666666666,80.80808080808082,Implement / Accept
6.666666666666666,81.81818181818183,Implement / Accept
6.666666666666666,82.82828282828284,Implement / Accept
6.666666666666666,83.83838383838385,Implement / Accept
6.666666666666666,84.84848484848486,Implement / Accept
6.666666666666666,85.85858585858587,Implement / Accept
6.666666666666666,86.86868686868688,Implement / Accept
6.666666666666666,87.87878787878789,Implement / Accept
6.666666666666666,88.8888888888889,Implement / Accept
6.666666666666666,89.89898989898991,Implement / Accept
6.666666666666666,90.90909090909092,Implement / Accept
6.666666666666666,91.91919191919193,Implement / Accept
6.666666666666666,92.92929292929294,Implement / Accept
6.666666666666666,93.93939393939395,Implement / Accept
6.666666666666666,94.94949494949496,Implement / Accept
6.666666666666666,95.95959595959597,Implement / Accept
6.666666666666666,96.96969696969697,Implement / Accept
6.666666666666666,97.97979797979798,Implement / Accept
6.666666666666666,98.98989898989899,Implement / Accept
6.666666666666666,100.0,Implement / Accept
6.888888888888888,0.0,Implement / Accept
6.888888888888888,1.0101010101010102,Implement / Accept
6.888888888888888,2.0202020202020203,Implement / Accept
6.888888888888888,3.0303030303030303,Implement / Accept
6.888888888888888,4.040404040404041,Implement / Accept
6.888888888888888,5.050505050505051,Implement / Accept
6.888888888888888,6.0606060606060606,Implement / Accept
6.888888888888888,7.070707070707071,Implement / Accept
6.888888888888888,8.080808080808081,Implement / Accept
6.888888888888888,9.090909090909092,Implement / Accept
6.888888888888888,10.101010101010102,Implement / Accept
6.888888888888888,11.111111111111112,Implement / Accept
6.888888888888888,12.121212121212121,Implement / Accept
6.888888888888888,13.131313131313131,Implement / Accept
6.888888888888888,14.141414141414142,Implement / Accept
6.888888888888888,15.151515151515152,Implement / Accept
6.888888888888888,16.161616161616163,Implement / Accept
6.888888888888888,17.171717171717173,Implement / Accept
6.888888888888888,18.181818181818183,Implement / Accept
6.888888888888888,19.191919191919194,Implement / Accept
6.888888888888888,20.202020202020204,Implement / Accept
6.888888888888888,21.212121212121215,Implement / Accept
6.888888888888888,22.222222222222225,Implement / Accept
6.888888888888888,23.232323232323235,Implement / Accept
6.888888888888888,24.242424242424242,Implement / Accept
6.888888888888888,25.252525252525253,Implement / Accept
6.888888888888888,26.262626262626263,Implement / Accept
6.888888888888888,27.272727272727273,Implement / Accept
6.888888888888888,28.282828282828284,Implement / Accept
6.888888888888888,29.292929292929294,Implement / Accept
6.888888888888888,30.303030303030305,Implement / Accept
6.888888888888888,31.313131313131315,Implement / Accept
6.888888888888888,32.323232323232325,Implement / Accept
6.888888888888888,33.333333333333336,Implement / Accept
6.888888888888888,34.343434343434346,Implement / Accept
6.888888888888888,35.35353535353536,Implement / Accept
6.888888888888888,36.36363636363637,Implement / Accept
6.888888888888888,37.37373737373738,Implement / Accept
6.888888888888888,38.38383838383839,Implement / Accept
6.888888888888888,39.3939393939394,Implement / Accept
6.888888888888888,40.40404040404041,Implement / Accept
6.888888888888888,41.41414141414142,Implement / Accept
6.888888888888888,42.42424242424243,Implement / Accept
6.888888888888888,43.43434343434344,Implement / Accept
6.888888888888888,44.44444444444445,Implement / Accept
6.888888888888888,45.45454545454546,Implement / Accept
6.888888888888888,46.46464646464647,Implement / Accept
6.888888888888888,47.47474747474748,Implement / Accept
6.888888888888888,48.484848484848484,Implement / Accept
6.888888888888888,49.494949494949495,Implement / Accept
6.888888888888888,50.505050505050505,Implement / Accept
6.888888888888888,51.515151515151516,Implement / Accept
6.888888888888888,52.525252525252526,Implement / Accept
6.888888888888888,53.535353535353536,Implement / Accept
6.888888888888888,54.54545454545455,Implement / Accept
6.888888888888888,55.55555555555556,Implement / Accept
6.888888888888888,56.56565656565657,Implement / Accept
6.888888888888888,57.57575757575758,Implement / Accept
6.888888888888888,58.58585858585859,Implement / Accept
6.888888888888888,59.5959595959596,Implement / Accept
6.888888888888888,60.60606060606061,Implement / Accept
6.888888888888888,61.61616161616162,Implement / Accept
6.888888888888888,62.62626262626263,Implement / Accept
6.888888888888888,63.63636363636364,Implement / Accept
6.888888888888888,64.64646464646465,Implement / Accept
6.888888888888888,65.65656565656566,Implement / Accept
6.888888888888888,66.66666666666667,Implement / Accept
6.888888888888888,67.67676767676768,Implement / Accept
6.888888888888888,68.68686868686869,Implement / Accept
6.888888888888888,69.6969696969697,Implement / Accept
6.888888888888888,70.70707070707071,Implement / Accept
6.888888888888888,71.71717171717172,Implement / Accept
6.888888888888888,72.72727272727273,Implement / Accept
6.888888888888888,73.73737373737374,Implement / Accept
6.888888888888888,74.74747474747475,Implement / Accept
6.888888888888888,75.75757575757576,Implement / Accept
6.888888888888888,76.76767676767678,Implement / Accept
6.888888888888888,77.77777777777779,Implement / Accept
6.888888888888888,78.7878787878788,Implement / Accept
6.888888888888888,79.7979797979798,Implement / Accept
6.888888888888888,80.80808080808082,Implement / Accept
6.888888888888888,81.81818181818183,Implement / Accept
6.888888888888888,82.82828282828284,Implement / Accept
6.888888888888888,83.83838383838385,Implement / Accept
6.888888888888888,84.84848484848486,Implement / Accept
6.888888888888888,85.85858585858587,Implement / Accept
6.888888888888888,86.86868686868688,Implement / Accept
6.888888888888888,87.87878787878789,Implement / Accept
6.888888888888888,88.8888888888889,Implement / Accept
6.888888888888888,89.89898989898991,Implement / Accept
6.888888888888888,90.90909090909092,Implement / Accept
6.888888888888888,91.91919191919193,Implement / Accept
6.888888888888888,92.92929292929294,Implement / Accept
6.888888888888888,93.93939393939395,Implement / Accept
6.888888888888888,94.94949494949496,Implement / Accept
6.888888888888888,95.95959595959597,Implement / Accept
6.888888888888888,96.96969696969697,Implement / Accept
6.888888888888888,97.97979797979798,Implement / Accept
6.888888888888888,98.98989898989899,Implement / Accept
6.888888888888888,100.0,Implement / Accept
7.111111111111111,0.0,Implement / Accept
7.111111111111111,1.0101010101010102,Implement / Accept
7.111111111111111,2.0202020202020203,Implement / Accept
7.111111111111111,3.0303030303030303,Implement / Accept
7.111111111111111,4.040404040404041,Implement / Accept
7.111111111111111,5.050505050505051,Implement / Accept
7.111111111111111,6.0606060606060606,Implement / Accept
7.111111111111111,7.070707070707071,Implement / Accept
7.111111111111111,8.080808080808081,Implement / Accept
7.111111111111111,9.090909090909092,Implement / Accept
7.111111111111111,10.101010101010102,Implement / Accept
7.111111111111111,11.111111111111112,Implement / Accept
7.111111111111111,12.121212121212121,Implement / Accept
7.111111111111111,13.131313131313131,Implement / Accept
7.111111111111111,14.141414141414142,Implement / Accept
7.111111111111111,15.151515151515152,Implement / Accept
7.111111111111111,16.161616161616163,Implement / Accept
7.111111111111111,17.171717171717173,Implement / Accept
7.111111111111111,18.181818181818183,Implement / Accept
7.111111111111111,19.191919191919194,Implement / Accept
7.111111111111111,20.202020202020204,Implement / Accept
7.111111111111111,21.212121212121215,Implement / Accept
7.111111111111111,22.222222222222225,Implement / Accept
7.111111111111111,23.232323232323235,Implement / Accept
7.111111111111111,24.242424242424242,Implement / Accept
7.111111111111111,25.252525252525253,Implement / Accept
7.111111111111111,26.262626262626263,Implement / Accept
7.111111111111111,27.272727272727273,Implement / Accept
7.111111111111111,28.282828282828284,Implement / Accept
7.111111111111111,29.292929292929294,Implement / Accept
7.111111111111111,30.303030303030305,Implement / Accept
7.111111111111111,31.313131313131315,Implement / Accept
7.111111111111111,32.323232323232325,Implement / Accept
7.111111111111111,33.333333333333336,Implement / Accept
7.111111111111111,34.343434343434346,Implement / Accept
7.111111111111111,35.35353535353536,Implement / Accept
7.111111111111111,36.36363636363637,Implement / Accept
7.111111111111111,37.37373737373738,Implement / Accept
7.111111111111111,38.38383838383839,Implement / Accept
7.111111111111111,39.3939393939394,Implement / Accept
7.111111111111111,40.40404040404041,Implement / Accept
7.111111111111111,41.41414141414142,Implement / Accept
7.111111111111111,42.42424242424243,Implement / Accept
7.111111111111111,43.43434343434344,Implement / Accept
7.111111111111111,44.44444444444445,Implement / Accept
7.111111111111111,45.45454545454546,Implement / Accept
7.111111111111111,46.46464646464647,Implement / Accept
7.111111111111111,47.47474747474748,Implement / Accept
7.111111111111111,48.484848484848484,Implement / Accept
7.111111111111111,49.494949494949495,Implement / Accept
7.111111111111111,50.505050505050505,Implement / Accept
7.111111111111111,51.515151515151516,Implement / Accept
7.111111111111111,52.525252525252526,Implement / Accept
7.111111111111111,53.535353535353536,Implement / Accept
7.111111111111111,54.54545454545455,Implement / Accept
7.111111111111111,55.55555555555556,Implement / Accept
7.111111111111111,56.56565656565657,Implement / Accept
7.111111111111111,57.57575757575758,Implement / Accept
7.111111111111111,58.58585858585859,Implement / Accept
7.111111111111111,59.5959595959596,Implement / Accept
7.111111111111111,60.60606060606061,Implement / Accept
7.111111111111111,61.61616161616162,Implement / Accept
7.111111111111111,62.62626262626263,Implement / Accept
7.111111111111111,63.63636363636364,Implement / Accept
7.111111111111111,64.64646464646465,Implement / Accept
7.111111111111111,65.65656565656566,Implement / Accept
7.111111111111111,66.66666666666667,Implement / Accept
7.111111111111111,67.67676767676768,Implement / Accept
7.111111111111111,68.68686868686869,Implement / Accept
7.111111111111111,69.6969696969697,Implement / Accept
7.111111111111111,70.70707070707071,Implement / Accept
7.111111111111111,71.71717171717172,Implement / Accept
7.111111111111111,72.72727272727273,Implement / Accept
7.111111111111111,73.73737373737374,Implement / Accept
7.111111111111111,74.74747474747475,Implement / Accept
7.111111111111111,75.75757575757576,Implement / Accept
7.111111111111111,76.76767676767678,Implement / Accept
7.111111111111111,77.77777777777779,Implement / Accept
7.111111111111111,78.7878787878788,Implement / Accept
7.111111111111111,79.7979797979798,Implement / Accept
7.111111111111111,80.80808080808082,Implement / Accept
7.111111111111111,81.81818181818183,Implement / Accept
7.111111111111111,82.82828282828284,Implement / Accept
7.111111111111111,83.83838383838385,Implement / Accept
7.111111111111111,84.84848484848486,Implement / Accept
7.111111111111111,85.85858585858587,Implement / Accept
7.111111111111111,86.86868686868688,Implement / Accept
7.111111111111111,87.87878787878789,Implement / Accept
7.111111111111111,88.8888888888889,Implement / Accept
7.111111111111111,89.89898989898991,Implement / Accept
7.111111111111111,90.90909090909092,Implement / Accept
7.111111111111111,91.91919191919193,Implement / Accept
7.111111111111111,92.92929292929294,Implement / Accept
7.111111111111111,93.93939393939395,Implement / Accept
7.111111111111111,94.94949494949496,Implement / Accept
7.111111111111111,95.95959595959597,Implement / Accept
7.111111111111111,96.96969696969697,Implement / Accept
7.111111111111111,97.97979797979798,Implement / Accept
7.111111111111111,98.98989898989899,Implement / Accept
7.111111111111111,100.0,Implement / Accept
7.333333333333333,0.0,Implement / Accept
7.333333333333333,1.0101010101010102,Implement / Accept
7.333333333333333,2.0202020202020203,Implement / Accept
7.333333333333333,3.0303030303030303,Implement / Accept
7.333333333333333,4.040404040404041,Implement / Accept
7.333333333333333,5.050505050505051,Implement / Accept
7.333333333333333,6.0606060606060606,Implement / Accept
7.333333333333333,7.070707070707071,Implement / Accept
7.333333333333333,8.080808080808081,Implement / Accept
7.333333333333333,9.090909090909092,Implement / Accept
7.333333333333333,10.101010101010102,Implement / Accept
7.333333333333333,11.111111111111112,Implement / Accept
7.333333333333333,12.121212121212121,Implement / Accept
7.333333333333333,13.131313131313131,Implement / Accept
7.333333333333333,14.141414141414142,Implement / Accept
7.333333333333333,15.151515151515152,Implement / Accept
7.333333333333333,16.161616161616163,Implement / Accept
7.333333333333333,17.171717171717173,Implement / Accept
7.333333333333333,18.181818181818183,Implement / Accept
7.333333333333333,19.191919191919194,Implement / Accept
7.333333333333333,20.202020202020204,Implement / Accept
7.333333333333333,21.212121212121215,Implement / Accept
7.333333333333333,22.222222222222225,Implement / Accept
7.333333333333333,23.232323232323235,Implement / Accept
7.333333333333333,24.242424242424242,Implement / Accept
7.333333333333333,25.252525252525253,Implement / Accept
7.333333333333333,26.262626262626263,Implement / Accept
7.333333333333333,27.272727272727273,Implement / Accept
7.333333333333333,28.282828282828284,Implement / Accept
7.333333333333333,29.292929292929294,Implement / Accept
7.333333333333333,30.303030303030305,Implement / Accept
7.333333333333333,31.313131313131315,Implement / Accept
7.333333333333333,32.323232323232325,Implement / Accept
7.333333333333333,33.333333333333336,Implement / Accept
7.333333333333333,34.343434343434346,Implement / Accept
7.333333333333333,35.35353535353536,Implement / Accept
7.333333333333333,36.36363636363637,Implement / Accept
7.333333333333333,37.37373737373738,Implement / Accept
7.333333333333333,38.38383838383839,Implement / Accept
7.333333333333333,39.3939393939394,Implement / Accept
7.333333333333333,40.40404040404041,Implement / Accept
7.333333333333333,41.41414141414142,Implement / Accept
7.333333333333333,42.42424242424243,Implement / Accept
7.333333333333333,43.43434343434344,Implement / Accept
7.333333333333333,44.44444444444445,Implement / Accept
7.333333333333333,45.45454545454546,Implement / Accept
7.333333333333333,46.46464646464647,Implement / Accept
7.333333333333333,47.47474747474748,Implement / Accept
7.333333333333333,48.484848484848484,Implement / Accept
7.333333333333333,49.494949494949495,Implement / Accept
7.333333333333333,50.505050505050505,Implement / Accept
7.333333333333333,51.515151515151516,Implement / Accept
7.333333333333333,52.525252525252526,Implement / Accept
7.333333333333333,53.535353535353536,Implement / Accept
7.333333333333333,54.54545454545455,Implement / Accept
7.333333333333333,55.55555555555556,Implement / Accept
7.333333333333333,56.56565656565657,Implement / Accept
7.333333333333333,57.57575757575758,Implement / Accept
7.333333333333333,58.58585858585859,Implement / Accept
7.333333333333333,59.5959595959596,Implement / Accept
7.333333333333333,60.60606060606061,Implement / Accept
7.333333333333333,61.61616161616162,Implement / Accept
7.333333333333333,62.62626262626263,Implement / Accept
7.333333333333333,63.63636363636364,Implement / Accept
7.333333333333333,64.64646464646465,Implement / Accept
7.333333333333333,65.65656565656566,Implement / Accept
7.333333333333333,66.66666666666667,Implement / Accept
7.333333333333333,67.67676767676768,Implement / Accept
7.333333333333333,68.68686868686869,Implement / Accept
7.333333333333333,69.6969696969697,Implement / Accept
7.333333333333333,70.70707070707071,Implement / Accept
7.333333333333333,71.71717171717172,Implement / Accept
7.333333333333333,72.72727272727273,Implement / Accept
7.333333333333333,73.73737373737374,Implement / Accept
7.333333333333333,74.74747474747475,Implement / Accept
7.333333333333333,75.75757575757576,Implement / Accept
7.333333333333333,76.76767676767678,Implement / Accept
7.333333333333333,77.77777777777779,Implement / Accept
7.333333333333333,78.7878787878788,Implement / Accept
7.333333333333333,79.7979797979798,Implement / Accept
7.333333333333333,80.80808080808082,Implement / Accept
7.333333333333333,81.81818181818183,Implement / Accept
7.333333333333333,82.82828282828284,Implement / Accept
7.333333333333333,83.83838383838385,Implement / Accept
7.333333333333333,84.84848484848486,Implement / Accept
7.333333333333333,85.85858585858587,Implement / Accept
7.333333333333333,86.86868686868688,Implement / Accept
7.333333333333333,87.87878787878789,Implement / Accept
7.333333333333333,88.8888888888889,Implement / Accept
7.333333333333333,89.89898989898991,Implement / Accept
7.333333333333333,90.90909090909092,Implement / Accept
7.333333333333333,91.91919191919193,Implement / Accept
7.333333333333333,92.92929292929294,Implement / Accept
7.333333333333333,93.93939393939395,Implement / Accept
7.333333333333333,94.94949494949496,Implement / Accept
7.333333333333333,95.95959595959597,Implement / Accept
7.333333333333333,96.96969696969697,Implement / Accept
7.333333333333333,97.97979797979798,Implement / Accept
7.333333333333333,98.98989898989899,Implement / Accept
7.333333333333333,100.0,Implement / Accept
7.555555555555555,0.0,Implement / Accept
7.555555555555555,1.0101010101010102,Implement / Accept
7.555555555555555,2.0202020202020203,Implement / Accept
7.555555555555555,3.0303030303030303,Implement / Accept
7.555555555555555,4.040404040404041,Implement / Accept
7.555555555555555,5.050505050505051,Implement / Accept
7.555555555555555,6.0606060606060606,Implement / Accept
7.555555555555555,7.070707070707071,Implement / Accept
7.555555555555555,8.080808080808081,Implement / Accept
7.555555555555555,9.090909090909092,Implement / Accept
7.555555555555555,10.101010101010102,Implement / Accept
7.555555555555555,11.111111111111112,Implement / Accept
7.555555555555555,12.121212121212121,Implement / Accept
7.555555555555555,13.131313131313131,Implement / Accept
7.555555555555555,14.141414141414142,Implement / Accept
7.555555555555555,15.151515151515152,Implement / Accept
7.555555555555555,16.161616161616163,Implement / Accept
7.555555555555555,17.171717171717173,Implement / Accept
7.555555555555555,18.181818181818183,Implement / Accept
7.555555555555555,19.191919191919194,Implement / Accept
7.555555555555555,20.202020202020204,Implement / Accept
7.555555555555555,21.212121212121215,Implement / Accept
7.555555555555555,22.222222222222225,Implement / Accept
7.555555555555555,23.232323232323235,Implement / Accept
7.555555555555555,24.242424242424242,Implement / Accept
7.555555555555555,25.252525252525253,Implement / Accept
7.555555555555555,26.262626262626263,Implement / Accept
7.555555555555555,27.272727272727273,Implement / Accept
7.555555555555555,28.282828282828284,Implement / Accept
7.555555555555555,29.292929292929294,Implement / Accept
7.555555555555555,30.303030303030305,Implement / Accept
7.555555555555555,31.313131313131315,Implement / Accept
7.555555555555555,32.323232323232325,Implement / Accept
7.555555555555555,33.333333333333336,Implement / Accept
7.555555555555555,34.343434343434346,Implement / Accept
7.555555555555555,35.35353535353536,Implement / Accept
7.555555555555555,36.36363636363637,Implement / Accept
7.555555555555555,37.37373737373738,Implement / Accept
7.555555555555555,38.38383838383839,Implement / Accept
7.555555555555555,39.3939393939394,Implement / Accept
7.555555555555555,40.40404040404041,Implement / Accept
7.555555555555555,41.41414141414142,Implement / Accept
7.555555555555555,42.42424242424243,Implement / Accept
7.555555555555555,43.43434343434344,Implement / Accept
7.555555555555555,44.44444444444445,Implement / Accept
7.555555555555555,45.45454545454546,Implement / Accept
7.555555555555555,46.46464646464647,Implement / Accept
7.555555555555555,47.47474747474748,Implement / Accept
7.555555555555555,48.484848484848484,Implement / Accept
7.555555555555555,49.494949494949495,Implement / Accept
7.555555555555555,50.505050505050505,Implement / Accept
7.555555555555555,51.515151515151516,Implement / Accept
7.555555555555555,52.525252525252526,Implement / Accept
7.555555555555555,53.535353535353536,Implement / Accept
7.555555555555555,54.54545454545455,Implement / Accept
7.555555555555555,55.55555555555556,Implement / Accept
7.555555555555555,56.56565656565657,Implement / Accept
7.555555555555555,57.57575757575758,Implement / Accept
7.555555555555555,58.58585858585859,Implement / Accept
7.555555555555555,59.5959595959596,Implement / Accept
7.555555555555555,60.60606060606061,Implement / Accept
7.555555555555555,61.61616161616162,Implement / Accept
7.555555555555555,62.62626262626263,Implement / Accept
7.555555555555555,63.63636363636364,Implement / Accept
7.555555555555555,64.64646464646465,Implement / Accept
7.555555555555555,65.65656565656566,Implement / Accept
7.555555555555555,66.66666666666667,Implement / Accept
7.555555555555555,67.67676767676768,Implement / Accept
7.555555555555555,68.68686868686869,Implement / Accept
7.555555555555555,69.6969696969697,Implement / Accept
7.555555555555555,70.70707070707071,Implement / Accept
7.555555555555555,71.71717171717172,Implement / Accept
7.555555555555555,72.72727272727273,Implement / Accept
7.555555555555555,73.73737373737374,Implement / Accept
7.555555555555555,74.74747474747475,Implement / Accept
7.555555555555555,75.75757575757576,Implement / Accept
7.555555555555555,76.76767676767678,Implement / Accept
7.555555555555555,77.77777777777779,Implement / Accept
7.555555555555555,78.7878787878788,Implement / Accept
7.555555555555555,79.7979797979798,Implement / Accept
7.555555555555555,80.80808080808082,Implement / Accept
7.555555555555555,81.81818181818183,Implement / Accept
7.555555555555555,82.82828282828284,Implement / Accept
7.555555555555555,83.83838383838385,Implement / Accept
7.555555555555555,84.84848484848486,Implement / Accept
7.555555555555555,85.85858585858587,Implement / Accept
7.555555555555555,86.86868686868688,Implement / Accept
7.555555555555555,87.87878787878789,Implement / Accept
7.555555555555555,88.8888888888889,Implement / Accept
7.555555555555555,89.89898989898991,Implement / Accept
7.555555555555555,90.90909090909092,Implement / Accept
7.555555555555555,91.91919191919193,Implement / Accept
7.555555555555555,92.92929292929294,Implement / Accept
7.555555555555555,93.93939393939395,Implement / Accept
7.555555555555555,94.94949494949496,Implement / Accept
7.555555555555555,95.95959595959597,Implement / Accept
7.555555555555555,96.96969696969697,Implement / Accept
7.555555555555555,97.97979797979798,Implement / Accept
7.555555555555555,98.98989898989899,Implement / Accept
7.555555555555555,100.0,Implement / Accept
7.777777777777778,0.0,Implement / Accept
7.777777777777778,1.0101010101010102,Implement / Accept
7.777777777777778,2.0202020202020203,Implement / Accept
7.777777777777778,3.0303030303030303,Implement / Accept
7.777777777777778,4.040404040404041,Implement / Accept
7.777777777777778,5.050505050505051,Implement / Accept
7.777777777777778,6.0606060606060606,Implement / Accept
7.777777777777778,7.070707070707071,Implement / Accept
7.777777777777778,8.080808080808081,Implement / Accept
7.777777777777778,9.090909090909092,Implement / Accept
7.777777777777778,10.101010101010102,Implement / Accept
7.777777777777778,11.111111111111112,Implement / Accept
7.777777777777778,12.121212121212121,Implement / Accept
7.777777777777778,13.131313131313131,Implement / Accept
7.777777777777778,14.141414141414142,Implement / Accept
7.777777777777778,15.151515151515152,Implement / Accept
7.777777777777778,16.161616161616163,Implement / Accept
7.777777777777778,17.171717171717173,Implement / Accept
7.777777777777778,18.181818181818183,Implement / Accept
7.777777777777778,19.191919191919194,Implement / Accept
7.777777777777778,20.202020202020204,Implement / Accept
7.777777777777778,21.212121212121215,Implement / Accept
7.777777777777778,22.222222222222225,Implement / Accept
7.777777777777778,23.232323232323235,Implement / Accept
7.777777777777778,24.242424242424242,Implement / Accept
7.777777777777778,25.252525252525253,Implement / Accept
7.777777777777778,26.262626262626263,Implement / Accept
7.777777777777778,27.272727272727273,Implement / Accept
7.777777777777778,28.282828282828284,Implement / Accept
7.777777777777778,29.292929292929294,Implement / Accept
7.777777777777778,30.303030303030305,Implement / Accept
7.777777777777778,31.313131313131315,Implement / Accept
7.777777777777778,32.323232323232325,Implement / Accept
7.777777777777778,33.333333333333336,Implement / Accept
7.777777777777778,34.343434343434346,Implement / Accept
7.777777777777778,35.35353535353536,Implement / Accept
7.777777777777778,36.36363636363637,Implement / Accept
7.777777777777778,37.37373737373738,Implement / Accept
7.777777777777778,38.38383838383839,Implement / Accept
7.777777777777778,39.3939393939394,Implement / Accept
7.777777777777778,40.40404040404041,Implement / Accept
7.777777777777778,41.41414141414142,Implement / Accept
7.777777777777778,42.42424242424243,Implement / Accept
7.777777777777778,43.43434343434344,Implement / Accept
7.777777777777778,44.44444444444445,Implement / Accept
7.777777777777778,45.45454545454546,Implement / Accept
7.777777777777778,46.46464646464647,Implement / Accept
7.777777777777778,47.47474747474748,Implement / Accept
7.777777777777778,48.484848484848484,Implement / Accept
7.777777777777778,49.494949494949495,Implement / Accept
7.777777777777778,50.505050505050505,Implement / Accept
7.777777777777778,51.515151515151516,Implement / Accept
7.777777777777778,52.525252525252526,Implement / Accept
7.777777777777778,53.535353535353536,Implement / Accept
7.777777777777778,54.54545454545455,Implement / Accept
7.777777777777778,55.55555555555556,Implement / Accept
7.777777777777778,56.56565656565657,Implement / Accept
7.777777777777778,57.57575757575758,Implement / Accept
7.777777777777778,58.58585858585859,Implement / Accept
7.777777777777778,59.5959595959596,Implement / Accept
7.777777777777778,60.60606060606061,Implement / Accept
7.777777777777778,61.61616161616162,Implement / Accept
7.777777777777778,62.62626262626263,Implement / Accept
7.777777777777778,63.63636363636364,Implement / Accept
7.777777777777778,64.64646464646465,Implement / Accept
7.777777777777778,65.65656565656566,Implement / Accept
7.777777777777778,66.66666666666667,Implement / Accept
7.777777777777778,67.67676767676768,Implement / Accept
7.777777777777778,68.68686868686869,Implement / Accept
7.777777777777778,69.6969696969697,Implement / Accept
7.777777777777778,70.70707070707071,Implement / Accept
7.777777777777778,71.71717171717172,Implement / Accept
7.777777777777778,72.72727272727273,Implement / Accept
7.777777777777778,73.73737373737374,Implement / Accept
7.777777777777778,74.74747474747475,Implement / Accept
7.777777777777778,75.75757575757576,Implement / Accept
7.777777777777778,76.76767676767678,Implement / Accept
7.777777777777778,77.77777777777779,Implement / Accept
7.777777777777778,78.7878787878788,Implement / Accept
7.777777777777778,79.7979797979798,Implement / Accept
7.777777777777778,80.80808080808082,Implement / Accept
7.777777777777778,81.81818181818183,Implement / Accept
7.777777777777778,82.82828282828284,Implement / Accept
7.777777777777778,83.83838383838385,Implement / Accept
7.777777777777778,84.84848484848486,Implement / Accept
7.777777777777778,85.85858585858587,Implement / Accept
7.777777777777778,86.86868686868688,Implement / Accept
7.777777777777778,87.87878787878789,Implement / Accept
7.777777777777778,88.8888888888889,Implement / Accept
7.777777777777778,89.89898989898991,Implement / Accept
7.777777777777778,90.90909090909092,Implement / Accept
7.777777777777778,91.91919191919193,Implement / Accept
7.777777777777778,92.92929292929294,Implement / Accept
7.777777777777778,93.93939393939395,Implement / Accept
7.777777777777778,94.94949494949496,Implement / Accept
7.777777777777778,95.95959595959597,Implement / Accept
7.777777777777778,96.96969696969697,Implement / Accept
7.777777777777778,97.97979797979798,Implement / Accept
7.777777777777778,98.98989898989899,Implement / Accept
7.777777777777778,100.0,Implement / Accept
8.0,0.0,Implement / Accept
8.0,1.0101010101010102,Implement / Accept
8.0,2.0202020202020203,Implement / Accept
8.0,3.0303030303030303,Implement / Accept
8.0,4.040404040404041,Implement / Accept
8.0,5.050505050505051,Implement / Accept
8.0,6.0606060606060606,Implement / Accept
8.0,7.070707070707071,Implement / Accept
8.0,8.080808080808081,Implement / Accept
8.0,9.090909090909092,Implement / Accept
8.0,10.101010101010102,Implement / Accept
8.0,11.111111111111112,Implement / Accept
8.0,12.121212121212121,Implement / Accept
8.0,13.131313131313131,Implement / Accept
8.0,14.141414141414142,Implement / Accept
8.0,15.151515151515152,Implement / Accept
8.0,16.161616161616163,Implement / Accept
8.0,17.171717171717173,Implement / Accept
8.0,18.181818181818183,Implement / Accept
8.0,19.191919191919194,Implement / Accept
8.0,20.202020202020204,Implement / Accept
8.0,21.212121212121215,Implement / Accept
8.0,22.222222222222225,Implement / Accept
8.0,23.232323232323235,Implement / Accept
8.0,24.242424242424242,Implement / Accept
8.0,25.252525252525253,Implement / Accept
8.0,26.262626262626263,Implement / Accept
8.0,27.272727272727273,Implement / Accept
8.0,28.282828282828284,Implement / Accept
8.0,29.292929292929294,Implement / Accept
8.0,30.303030303030305,Implement / Accept
8.0,31.313131313131315,Implement / Accept
8.0,32.323232323232325,Implement / Accept
8.0,33.333333333333336,Implement / Accept
8.0,34.343434343434346,Implement / Accept
8.0,35.35353535353536,Implement / Accept
8.0,36.36363636363637,Implement / Accept
8.0,37.37373737373738,Implement / Accept
8.0,38.38383838383839,Implement / Accept
8.0,39.3939393939394,Implement / Accept
8.0,40.40404040404041,Implement / Accept
8.0,41.41414141414142,Implement / Accept
8.0,42.42424242424243,Implement / Accept
8.0,43.43434343434344,Implement / Accept
8.0,44.44444444444445,Implement / Accept
8.0,45.45454545454546,Implement / Accept
8.0,46.46464646464647,Implement / Accept
8.0,47.47474747474748,Implement / Accept
8.0,48.484848484848484,Implement / Accept
8.0,49.494949494949495,Implement / Accept
8.0,50.505050505050505,Implement / Accept
8.0,51.515151515151516,Implement / Accept
8.0,52.525252525252526,Implement / Accept
8.0,53.535353535353536,Implement / Accept
8.0,54.54545454545455,Implement / Accept
8.0,55.55555555555556,Implement / Accept
8.0,56.56565656565657,Implement / Accept
8.0,57.57575757575758,Implement / Accept
8.0,58.58585858585859,Implement / Accept
8.0,59.5959595959596,Implement / Accept
8.0,60.60606060606061,Implement / Accept
8.0,61.61616161616162,Implement / Accept
8.0,62.62626262626263,Implement / Accept
8.0,63.63636363636364,Implement / Accept
8.0,64.64646464646465,Implement / Accept
8.0,65.65656565656566,Implement / Accept
8.0,66.66666666666667,Implement / Accept
8.0,67.67676767676768,Implement / Accept
8.0,68.68686868686869,Implement / Accept
8.0,69.6969696969697,Implement / Accept
8.0,70.70707070707071,Implement / Accept
8.0,71.71717171717172,Implement / Accept
8.0,72.72727272727273,Implement / Accept
8.0,73.73737373737374,Implement / Accept
8.0,74.74747474747475,Implement / Accept
8.0,75.75757575757576,Implement / Accept
8.0,76.76767676767678,Implement / Accept
8.0,77.77777777777779,Implement / Accept
8.0,78.7878787878788,Implement / Accept
8.0,79.7979797979798,Implement / Accept
8.0,80.80808080808082,Implement / Accept
8.0,81.81818181818183,Implement / Accept
8.0,82.82828282828284,Implement / Accept
8.0,83.83838383838385,Implement / Accept
8.0,84.84848484848486,Implement / Accept
8.0,85.85858585858587,Implement / Accept
8.0,86.86868686868688,Implement / Accept
8.0,87.87878787878789,Implement / Accept
8.0,88.8888888888889,Implement / Accept
8.0,89.89898989898991,Implement / Accept
8.0,90.90909090909092,Implement / Accept
8.0,91.91919191919193,Implement / Accept
8.0,92.92929292929294,Implement / Accept
8.0,93.93939393939395,Implement / Accept
8.0,94.94949494949496,Implement / Accept
8.0,95.95959595959597,Implement / Accept
8.0,96.96969696969697,Implement / Accept
8.0,97.97979797979798,Implement / Accept
8.0,98.98989898989899,Implement / Accept
8.0,100.0,Implement / Accept
8.222222222222221,0.0,Implement / Accept
8.222222222222221,1.0101010101010102,Implement / Accept
8.222222222222221,2.0202020202020203,Implement / Accept
8.222222222222221,3.0303030303030303,Implement / Accept
8.222222222222221,4.040404040404041,Implement / Accept
8.222222222222221,5.050505050505051,Implement / Accept
8.222222222222221,6.0606060606060606,Implement / Accept
8.222222222222221,7.070707070707071,Implement / Accept
8.222222222222221,8.080808080808081,Implement / Accept
8.222222222222221,9.090909090909092,Implement / Accept
8.222222222222221,10.101010101010102,Implement / Accept
8.222222222222221,11.111111111111112,Implement / Accept
8.222222222222221,12.121212121212121,Implement / Accept
8.222222222222221,13.131313131313131,Implement / Accept
8.222222222222221,14.141414141414142,Implement / Accept
8.222222222222221,15.151515151515152,Implement / Accept
8.222222222222221,16.161616161616163,Implement / Accept
8.222222222222221,17.171717171717173,Implement / Accept
8.222222222222221,18.181818181818183,Implement / Accept
8.222222222222221,19.191919191919194,Implement / Accept
8.222222222222221,20.202020202020204,Implement / Accept
8.222222222222221,21.212121212121215,Implement / Accept
8.222222222222221,22.222222222222225,Implement / Accept
8.222222222222221,23.232323232323235,Implement / Accept
8.222222222222221,24.242424242424242,Implement / Accept
8.222222222222221,25.252525252525253,Implement / Accept
8.222222222222221,26.262626262626263,Implement / Accept
8.222222222222221,27.272727272727273,Implement / Accept
8.222222222222221,28.282828282828284,Implement / Accept
8.222222222222221,29.292929292929294,Implement / Accept
8.222222222222221,30.303030303030305,Implement / Accept
8.222222222222221,31.313131313131315,Implement / Accept
8.222222222222221,32.323232323232325,Implement / Accept
8.222222222222221,33.333333333333336,Implement / Accept
8.222222222222221,34.343434343434346,Implement / Accept
8.222222222222221,35.35353535353536,Implement / Accept
8.222222222222221,36.36363636363637,Implement / Accept
8.222222222222221,37.37373737373738,Implement / Accept
8.222222222222221,38.38383838383839,Implement / Accept
8.222222222222221,39.3939393939394,Implement / Accept
8.222222222222221,40.40404040404041,Implement / Accept
8.222222222222221,41.41414141414142,Implement / Accept
8.222222222222221,42.42424242424243,Implement / Accept
8.222222222222221,43.43434343434344,Implement / Accept
8.222222222222221,44.44444444444445,Implement / Accept
8.222222222222221,45.45454545454546,Implement / Accept
8.222222222222221,46.46464646464647,Implement / Accept
8.222222222222221,47.47474747474748,Implement / Accept
8.222222222222221,48.484848484848484,Implement / Accept
8.222222222222221,49.494949494949495,Implement / Accept
8.222222222222221,50.505050505050505,Implement / Accept
8.222222222222221,51.515151515151516,Implement / Accept
8.222222222222221,52.525252525252526,Implement / Accept
8.222222222222221,53.535353535353536,Implement / Accept
8.222222222222221,54.54545454545455,Implement / Accept
8.222222222222221,55.55555555555556,Implement / Accept
8.222222222222221,56.56565656565657,Implement / Accept
8.222222222222221,57.57575757575758,Implement / Accept
8.222222222222221,58.58585858585859,Implement / Accept
8.222222222222221,59.5959595959596,Implement / Accept
8.222222222222221,60.60606060606061,Implement / Accept
8.222222222222221,61.61616161616162,Implement / Accept
8.222222222222221,62.62626262626263,Implement / Accept
8.222222222222221,63.63636363636364,Implement / Accept
8.222222222222221,64.64646464646465,Implement / Accept
8.222222222222221,65.65656565656566,Implement / Accept
8.222222222222221,66.66666666666667,Implement / Accept
8.222222222222221,67.67676767676768,Implement / Accept
8.222222222222221,68.68686868686869,Implement / Accept
8.222222222222221,69.6969696969697,Implement / Accept
8.222222222222221,70.70707070707071,Implement / Accept
8.222222222222221,71.71717171717172,Implement / Accept
8.222222222222221,72.72727272727273,Implement / Accept
8.222222222222221,73.73737373737374,Implement / Accept
8.222222222222221,74.74747474747475,Implement / Accept
8.222222222222221,75.75757575757576,Implement / Accept
8.222222222222221,76.76767676767678,Implement / Accept
8.222222222222221,77.77777777777779,Implement / Accept
8.222222222222221,78.7878787878788,Implement / Accept
8.222222222222221,79.7979797979798,Implement / Accept
8.222222222222221,80.80808080808082,Implement / Accept
8.222222222222221,81.81818181818183,Implement / Accept
8.222222222222221,82.82828282828284,Implement / Accept
8.222222222222221,83.83838383838385,Implement / Accept
8.222222222222221,84.84848484848486,Implement / Accept
8.222222222222221,85.85858585858587,Implement / Accept
8.222222222222221,86.86868686868688,Implement / Accept
8.222222222222221,87.87878787878789,Implement / Accept
8.222222222222221,88.8888888888889,Implement / Accept
8.222222222222221,89.89898989898991,Implement / Accept
8.222222222222221,90.90909090909092,Implement / Accept
8.222222222222221,91.91919191919193,Implement / Accept
8.222222222222221,92.92929292929294,Implement / Accept
8.222222222222221,93.93939393939395,Implement / Accept
8.222222222222221,94.94949494949496,Implement / Accept
8.222222222222221,95.95959595959597,Implement / Accept
8.222222222222221,96.96969696969697,Implement / Accept
8.222222222222221,97.97979797979798,Implement / Accept
8.222222222222221,98.98989898989899,Implement / Accept
8.222222222222221,100.0,Implement / Accept
8.444444444444445,0.0,Implement / Accept
8.444444444444445,1.0101010101010102,Implement / Accept
8.444444444444445,2.0202020202020203,Implement / Accept
8.444444444444445,3.0303030303030303,Implement / Accept
8.444444444444445,4.040404040404041,Implement / Accept
8.444444444444445,5.050505050505051,Implement / Accept
8.444444444444445,6.0606060606060606,Implement / Accept
8.444444444444445,7.070707070707071,Implement / Accept
8.444444444444445,8.080808080808081,Implement / Accept
8.444444444444445,9.090909090909092,Implement / Accept
8.444444444444445,10.101010101010102,Implement / Accept
8.444444444444445,11.111111111111112,Implement / Accept
8.444444444444445,12.121212121212121,Implement / Accept
8.444444444444445,13.131313131313131,Implement / Accept
8.444444444444445,14.141414141414142,Implement / Accept
8.444444444444445,15.151515151515152,Implement / Accept
8.444444444444445,16.161616161616163,Implement / Accept
8.444444444444445,17.171717171717173,Implement / Accept
8.444444444444445,18.181818181818183,Implement / Accept
8.444444444444445,19.191919191919194,Implement / Accept
8.444444444444445,20.202020202020204,Implement / Accept
8.444444444444445,21.212121212121215,Implement / Accept
8.444444444444445,22.222222222222225,Implement / Accept
8.444444444444445,23.232323232323235,Implement / Accept
8.444444444444445,24.242424242424242,Implement / Accept
8.444444444444445,25.252525252525253,Implement / Accept
8.444444444444445,26.262626262626263,Implement / Accept
8.444444444444445,27.272727272727273,Implement / Accept
8.444444444444445,28.282828282828284,Implement / Accept
8.444444444444445,29.292929292929294,Implement / Accept
8.444444444444445,30.303030303030305,Implement / Accept
8.444444444444445,31.313131313131315,Implement / Accept
8.444444444444445,32.323232323232325,Implement / Accept
8.444444444444445,33.333333333333336,Implement / Accept
8.444444444444445,34.343434343434346,Implement / Accept
8.444444444444445,35.35353535353536,Implement / Accept
8.444444444444445,36.36363636363637,Implement / Accept
8.444444444444445,37.37373737373738,Implement / Accept
8.444444444444445,38.38383838383839,Implement / Accept
8.444444444444445,39.3939393939394,Implement / Accept
8.444444444444445,40.40404040404041,Implement / Accept
8.444444444444445,41.41414141414142,Implement / Accept
8.444444444444445,42.42424242424243,Implement / Accept
8.444444444444445,43.43434343434344,Implement / Accept
8.444444444444445,44.44444444444445,Implement / Accept
8.444444444444445,45.45454545454546,Implement / Accept
8.444444444444445,46.46464646464647,Implement / Accept
8.444444444444445,47.47474747474748,Implement / Accept
8.444444444444445,48.484848484848484,Implement / Accept
8.444444444444445,49.494949494949495,Implement / Accept
8.444444444444445,50.505050505050505,Implement / Accept
8.444444444444445,51.515151515151516,Implement / Accept
8.444444444444445,52.525252525252526,Implement / Accept
8.444444444444445,53.535353535353536,Implement / Accept
8.444444444444445,54.54545454545455,Implement / Accept
8.444444444444445,55.55555555555556,Implement / Accept
8.444444444444445,56.56565656565657,Implement / Accept
8.444444444444445,57.57575757575758,Implement / Accept
8.444444444444445,58.58585858585859,Implement / Accept
8.444444444444445,59.5959595959596,Implement / Accept
8.444444444444445,60.60606060606061,Implement / Accept
8.444444444444445,61.61616161616162,Implement / Accept
8.444444444444445,62.62626262626263,Implement / Accept
8.444444444444445,63.63636363636364,Implement / Accept
8.444444444444445,64.64646464646465,Implement / Accept
8.444444444444445,65.65656565656566,Implement / Accept
8.444444444444445,66.66666666666667,Implement / Accept
8.444444444444445,67.67676767676768,Implement / Accept
8.444444444444445,68.68686868686869,Implement / Accept
8.444444444444445,69.6969696969697,Implement / Accept
8.444444444444445,70.70707070707071,Implement / Accept
8.444444444444445,71.71717171717172,Implement / Accept
8.444444444444445,72.72727272727273,Implement / Accept
8.444444444444445,73.73737373737374,Implement / Accept
8.444444444444445,74.74747474747475,Implement / Accept
8.444444444444445,75.75757575757576,Implement / Accept
8.444444444444445,76.76767676767678,Implement / Accept
8.444444444444445,77.77777777777779,Implement / Accept
8.444444444444445,78.7878787878788,Implement / Accept
8.444444444444445,79.7979797979798,Implement / Accept
8.444444444444445,80.80808080808082,Implement / Accept
8.444444444444445,81.81818181818183,Implement / Accept
8.444444444444445,82.82828282828284,Implement / Accept
8.444444444444445,83.83838383838385,Implement / Accept
8.444444444444445,84.84848484848486,Implement / Accept
8.444444444444445,85.85858585858587,Implement / Accept
8.444444444444445,86.86868686868688,Implement / Accept
8.444444444444445,87.87878787878789,Implement / Accept
8.444444444444445,88.8888888888889,Implement / Accept
8.444444444444445,89.89898989898991,Implement / Accept
8.444444444444445,90.90909090909092,Implement / Accept
8.444444444444445,91.91919191919193,Implement / Accept
8.444444444444445,92.92929292929294,Implement / Accept
8.444444444444445,93.93939393939395,Implement / Accept
8.444444444444445,94.94949494949496,Implement / Accept
8.444444444444445,95.95959595959597,Implement / Accept
8.444444444444445,96.96969696969697,Implement / Accept
8.444444444444445,97.97979797979798,Implement / Accept
8.444444444444445,98.98989898989899,Implement / Accept
8.444444444444445,100.0,Implement / Accept
8.666666666666666,0.0,Implement / Accept
8.666666666666666,1.0101010101010102,Implement / Accept
8.666666666666666,2.0202020202020203,Implement / Accept
8.666666666666666,3.0303030303030303,Implement / Accept
8.666666666666666,4.040404040404041,Implement / Accept
8.666666666666666,5.050505050505051,Implement / Accept
8.666666666666666,6.0606060606060606,Implement / Accept
8.666666666666666,7.070707070707071,Implement / Accept
8.666666666666666,8.080808080808081,Implement / Accept
8.666666666666666,9.090909090909092,Implement / Accept
8.666666666666666,10.101010101010102,Implement / Accept
8.666666666666666,11.111111111111112,Implement / Accept
8.666666666666666,12.121212121212121,Implement / Accept
8.666666666666666,13.131313131313131,Implement / Accept
8.666666666666666,14.141414141414142,Implement / Accept
8.666666666666666,15.151515151515152,Implement / Accept
8.666666666666666,16.161616161616163,Implement / Accept
8.666666666666666,17.171717171717173,Implement / Accept
8.666666666666666,18.181818181818183,Implement / Accept
8.666666666666666,19.191919191919194,Implement / Accept
8.666666666666666,20.202020202020204,Implement / Accept
8.666666666666666,21.212121212121215,Implement / Accept
8.666666666666666,22.222222222222225,Implement / Accept
8.666666666666666,23.232323232323235,Implement / Accept
8.666666666666666,24.242424242424242,Implement / Accept
8.666666666666666,25.252525252525253,Implement / Accept
8.666666666666666,26.262626262626263,Implement / Accept
8.666666666666666,27.272727272727273,Implement / Accept
8.666666666666666,28.282828282828284,Implement / Accept
8.666666666666666,29.292929292929294,Implement / Accept
8.666666666666666,30.303030303030305,Implement / Accept
8.666666666666666,31.313131313131315,Implement / Accept
8.666666666666666,32.323232323232325,Implement / Accept
8.666666666666666,33.333333333333336,Implement / Accept
8.666666666666666,34.343434343434346,Implement / Accept
8.666666666666666,35.35353535353536,Implement / Accept
8.666666666666666,36.36363636363637,Implement / Accept
8.666666666666666,37.37373737373738,Implement / Accept
8.666666666666666,38.38383838383839,Implement / Accept
8.666666666666666,39.3939393939394,Implement / Accept
8.666666666666666,40.40404040404041,Implement / Accept
8.666666666666666,41.41414141414142,Implement / Accept
8.666666666666666,42.42424242424243,Implement / Accept
8.666666666666666,43.43434343434344,Implement / Accept
8.666666666666666,44.44444444444445,Implement / Accept
8.666666666666666,45.45454545454546,Implement / Accept
8.666666666666666,46.46464646464647,Implement / Accept
8.666666666666666,47.47474747474748,Implement / Accept
8.666666666666666,48.484848484848484,Implement / Accept
8.666666666666666,49.494949494949495,Implement / Accept
8.666666666666666,50.505050505050505,Implement / Accept
8.666666666666666,51.515151515151516,Implement / Accept
8.666666666666666,52.525252525252526,Implement / Accept
8.666666666666666,53.535353535353536,Implement / Accept
8.666666666666666,54.54545454545455,Implement / Accept
8.666666666666666,55.55555555555556,Implement / Accept
8.666666666666666,56.56565656565657,Implement / Accept
8.666666666666666,57.57575757575758,Implement / Accept
8.666666666666666,58.58585858585859,Implement / Accept
8.666666666666666,59.5959595959596,Implement / Accept
8.666666666666666,60.60606060606061,Implement / Accept
8.666666666666666,61.61616161616162,Implement / Accept
8.666666666666666,62.62626262626263,Implement / Accept
8.666666666666666,63.63636363636364,Implement / Accept
8.666666666666666,64.64646464646465,Implement / Accept
8.666666666666666,65.65656565656566,Implement / Accept
8.666666666666666,66.66666666666667,Implement / Accept
8.666666666666666,67.67676767676768,Implement / Accept
8.666666666666666,68.68686868686869,Implement / Accept
8.666666666666666,69.6969696969697,Implement / Accept
8.666666666666666,70.70707070707071,Implement / Accept
8.666666666666666,71.71717171717172,Implement / Accept
8.666666666666666,72.72727272727273,Implement / Accept
8.666666666666666,73.73737373737374,Implement / Accept
8.666666666666666,74.74747474747475,Implement / Accept
8.666666666666666,75.75757575757576,Implement / Accept
8.666666666666666,76.76767676767678,Implement / Accept
8.666666666666666,77.77777777777779,Implement / Accept
8.666666666666666,78.7878787878788,Implement / Accept
8.666666666666666,79.7979797979798,Implement / Accept
8.666666666666666,80.80808080808082,Implement / Accept
8.666666666666666,81.81818181818183,Implement / Accept
8.666666666666666,82.82828282828284,Implement / Accept
8.666666666666666,83.83838383838385,Implement / Accept
8.666666666666666,84.84848484848486,Implement / Accept
8.666666666666666,85.85858585858587,Implement / Accept
8.666666666666666,86.86868686868688,Implement / Accept
8.666666666666666,87.87878787878789,Implement / Accept
8.666666666666666,88.8888888888889,Implement / Accept
8.666666666666666,89.89898989898991,Implement / Accept
8.666666666666666,90.90909090909092,Implement / Accept
8.666666666666666,91.91919191919193,Implement / Accept
8.666666666666666,92.92929292929294,Implement / Accept
8.666666666666666,93.93939393939395,Implement / Accept
8.666666666666666,94.94949494949496,Implement / Accept
8.666666666666666,95.95959595959597,Implement / Accept
8.666666666666666,96.96969696969697,Implement / Accept
8.666666666666666,97.97979797979798,Implement / Accept
8.666666666666666,98.98989898989899,Implement / Accept
8.666666666666666,100.0,Implement / Accept
8.88888888888889,0.0,Implement / Accept
8.88888888888889,1.0101010101010102,Implement / Accept
8.88888888888889,2.0202020202020203,Implement / Accept
8.88888888888889,3.0303030303030303,Implement / Accept
8.88888888888889,4.040404040404041,Implement / Accept
8.88888888888889,5.050505050505051,Implement / Accept
8.88888888888889,6.0606060606060606,Implement / Accept
8.88888888888889,7.070707070707071,Implement / Accept
8.88888888888889,8.080808080808081,Implement / Accept
8.88888888888889,9.090909090909092,Implement / Accept
8.88888888888889,10.101010101010102,Implement / Accept
8.88888888888889,11.111111111111112,Implement / Accept
8.88888888888889,12.121212121212121,Implement / Accept
8.88888888888889,13.131313131313131,Implement / Accept
8.88888888888889,14.141414141414142,Implement / Accept
8.88888888888889,15.151515151515152,Implement / Accept
8.88888888888889,16.161616161616163,Implement / Accept
8.88888888888889,17.171717171717173,Implement / Accept
8.88888888888889,18.181818181818183,Implement / Accept
8.88888888888889,19.191919191919194,Implement / Accept
8.88888888888889,20.202020202020204,Implement / Accept
8.88888888888889,21.212121212121215,Implement / Accept
8.88888888888889,22.222222222222225,Implement / Accept
8.88888888888889,23.232323232323235,Implement / Accept
8.88888888888889,24.242424242424242,Implement / Accept
8.88888888888889,25.252525252525253,Implement / Accept
8.88888888888889,26.262626262626263,Implement / Accept
8.88888888888889,27.272727272727273,Implement / Accept
8.88888888888889,28.282828282828284,Implement / Accept
8.88888888888889,29.292929292929294,Implement / Accept
8.88888888888889,30.303030303030305,Implement / Accept
8.88888888888889,31.313131313131315,Implement / Accept
8.88888888888889,32.323232323232325,Implement / Accept
8.88888888888889,33.333333333333336,Implement / Accept
8.88888888888889,34.343434343434346,Implement / Accept
8.88888888888889,35.35353535353536,Implement / Accept
8.88888888888889,36.36363636363637,Implement / Accept
8.88888888888889,37.37373737373738,Implement / Accept
8.88888888888889,38.38383838383839,Implement / Accept
8.88888888888889,39.3939393939394,Implement / Accept
8.88888888888889,40.40404040404041,Implement / Accept
8.88888888888889,41.41414141414142,Implement / Accept
8.88888888888889,42.42424242424243,Implement / Accept
8.88888888888889,43.43434343434344,Implement / Accept
8.88888888888889,44.44444444444445,Implement / Accept
8.88888888888889,45.45454545454546,Implement / Accept
8.88888888888889,46.46464646464647,Implement / Accept
8.88888888888889,47.47474747474748,Implement / Accept
8.88888888888889,48.484848484848484,Implement / Accept
8.88888888888889,49.494949494949495,Implement / Accept
8.88888888888889,50.505050505050505,Implement / Accept
8.88888888888889,51.515151515151516,Implement / Accept
8.88888888888889,52.525252525252526,Implement / Accept
8.88888888888889,53.535353535353536,Implement / Accept
8.88888888888889,54.54545454545455,Implement / Accept
8.88888888888889,55.55555555555556,Implement / Accept
8.88888888888889,56.56565656565657,Implement / Accept
8.88888888888889,57.57575757575758,Implement / Accept
8.88888888888889,58.58585858585859,Implement / Accept
8.88888888888889,59.5959595959596,Implement / Accept
8.88888888888889,60.60606060606061,Implement / Accept
8.88888888888889,61.61616161616162,Implement / Accept
8.88888888888889,62.62626262626263,Implement / Accept
8.88888888888889,63.63636363636364,Implement / Accept
8.88888888888889,64.64646464646465,Implement / Accept
8.88888888888889,65.65656565656566,Implement / Accept
8.88888888888889,66.66666666666667,Implement / Accept
8.88888888888889,67.67676767676768,Implement / Accept
8.88888888888889,68.68686868686869,Implement / Accept
8.88888888888889,69.6969696969697,Implement / Accept
8.88888888888889,70.70707070707071,Implement / Accept
8.88888888888889,71.71717171717172,Implement / Accept
8.88888888888889,72.72727272727273,Implement / Accept
8.88888888888889,73.73737373737374,Implement / Accept
8.88888888888889,74.74747474747475,Implement / Accept
8.88888888888889,75.75757575757576,Implement / Accept
8.88888888888889,76.76767676767678,Implement / Accept
8.88888888888889,77.77777777777779,Implement / Accept
8.88888888888889,78.7878787878788,Implement / Accept
8.88888888888889,79.7979797979798,Implement / Accept
8.88888888888889,80.80808080808082,Implement / Accept
8.88888888888889,81.81818181818183,Implement / Accept
8.88888888888889,82.82828282828284,Implement / Accept
8.88888888888889,83.83838383838385,Implement / Accept
8.88888888888889,84.84848484848486,Implement / Accept
8.88888888888889,85.85858585858587,Implement / Accept
8.88888888888889,86.86868686868688,Implement / Accept
8.88888888888889,87.87878787878789,Implement / Accept
8.88888888888889,88.8888888888889,Implement / Accept
8.88888888888889,89.89898989898991,Implement / Accept
8.88888888888889,90.90909090909092,Implement / Accept
8.88888888888889,91.91919191919193,Implement / Accept
8.88888888888889,92.92929292929294,Implement / Accept
8.88888888888889,93.93939393939395,Implement / Accept
8.88888888888889,94.94949494949496,Implement / Accept
8.88888888888889,95.95959595959597,Implement / Accept
8.88888888888889,96.96969696969697,Implement / Accept
8.88888888888889,97.97979797979798,Implement / Accept
8.88888888888889,98.98989898989899,Implement / Accept
8.88888888888889,100.0,Implement / Accept
9.11111111111111,0.0,Implement / Accept
9.11111111111111,1.0101010101010102,Implement / Accept
9.11111111111111,2.0202020202020203,Implement / Accept
9.11111111111111,3.0303030303030303,Implement / Accept
9.11111111111111,4.040404040404041,Implement / Accept
9.11111111111111,5.050505050505051,Implement / Accept
9.11111111111111,6.0606060606060606,Implement / Accept
9.11111111111111,7.070707070707071,Implement / Accept
9.11111111111111,8.080808080808081,Implement / Accept
9.11111111111111,9.090909090909092,Implement / Accept
9.11111111111111,10.101010101010102,Implement / Accept
9.11111111111111,11.111111111111112,Implement / Accept
9.11111111111111,12.121212121212121,Implement / Accept
9.11111111111111,13.131313131313131,Implement / Accept
9.11111111111111,14.141414141414142,Implement / Accept
9.11111111111111,15.151515151515152,Implement / Accept
9.11111111111111,16.161616161616163,Implement / Accept
9.11111111111111,17.171717171717173,Implement / Accept
9.11111111111111,18.181818181818183,Implement / Accept
9.11111111111111,19.191919191919194,Implement / Accept
9.11111111111111,20.202020202020204,Implement / Accept
9.11111111111111,21.212121212121215,Implement / Accept
9.11111111111111,22.222222222222225,Implement / Accept
9.11111111111111,23.232323232323235,Implement / Accept
9.11111111111111,24.242424242424242,Implement / Accept
9.11111111111111,25.252525252525253,Implement / Accept
9.11111111111111,26.262626262626263,Implement / Accept
9.11111111111111,27.272727272727273,Implement / Accept
9.11111111111111,28.282828282828284,Implement / Accept
9.11111111111111,29.292929292929294,Implement / Accept
9.11111111111111,30.303030303030305,Implement / Accept
9.11111111111111,31.313131313131315,Implement / Accept
9.11111111111111,32.323232323232325,Implement / Accept
9.11111111111111,33.333333333333336,Implement / Accept
9.11111111111111,34.343434343434346,Implement / Accept
9.11111111111111,35.35353535353536,Implement / Accept
9.11111111111111,36.36363636363637,Implement / Accept
9.11111111111111,37.37373737373738,Implement / Accept
9.11111111111111,38.38383838383839,Implement / Accept
9.11111111111111,39.3939393939394,Implement / Accept
9.11111111111111,40.40404040404041,Implement / Accept
9.11111111111111,41.41414141414142,Implement / Accept
9.11111111111111,42.42424242424243,Implement / Accept
9.11111111111111,43.43434343434344,Implement / Accept
9.11111111111111,44.44444444444445,Implement / Accept
9.11111111111111,45.45454545454546,Implement / Accept
9.11111111111111,46.46464646464647,Implement / Accept
9.11111111111111,47.47474747474748,Implement / Accept
9.11111111111111,48.484848484848484,Implement / Accept
9.11111111111111,49.494949494949495,Implement / Accept
9.11111111111111,50.505050505050505,Implement / Accept
9.11111111111111,51.515151515151516,Implement / Accept
9.11111111111111,52.525252525252526,Implement / Accept
9.11111111111111,53.535353535353536,Implement / Accept
9.11111111111111,54.54545454545455,Implement / Accept
9.11111111111111,55.55555555555556,Implement / Accept
9.11111111111111,56.56565656565657,Implement / Accept
9.11111111111111,57.57575757575758,Implement / Accept
9.11111111111111,58.58585858585859,Implement / Accept
9.11111111111111,59.5959595959596,Implement / Accept
9.11111111111111,60.60606060606061,Implement / Accept
9.11111111111111,61.61616161616162,Implement / Accept
9.11111111111111,62.62626262626263,Implement / Accept
9.11111111111111,63.63636363636364,Implement / Accept
9.11111111111111,64.64646464646465,Implement / Accept
9.11111111111111,65.65656565656566,Implement / Accept
9.11111111111111,66.66666666666667,Implement / Accept
9.11111111111111,67.67676767676768,Implement / Accept
9.11111111111111,68.68686868686869,Implement / Accept
9.11111111111111,69.6969696969697,Implement / Accept
9.11111111111111,70.70707070707071,Implement / Accept
9.11111111111111,71.71717171717172,Implement / Accept
9.11111111111111,72.72727272727273,Implement / Accept
9.11111111111111,73.73737373737374,Implement / Accept
9.11111111111111,74.74747474747475,Implement / Accept
9.11111111111111,75.75757575757576,Implement / Accept
9.11111111111111,76.76767676767678,Implement / Accept
9.11111111111111,77.77777777777779,Implement / Accept
9.11111111111111,78.7878787878788,Implement / Accept
9.11111111111111,79.7979797979798,Implement / Accept
9.11111111111111,80.80808080808082,Implement / Accept
9.11111111111111,81.81818181818183,Implement / Accept
9.11111111111111,82.82828282828284,Implement / Accept
9.11111111111111,83.83838383838385,Implement / Accept
9.11111111111111,84.84848484848486,Implement / Accept
9.11111111111111,85.85858585858587,Implement / Accept
9.11111111111111,86.86868686868688,Implement / Accept
9.11111111111111,87.87878787878789,Implement / Accept
9.11111111111111,88.8888888888889,Implement / Accept
9.11111111111111,89.89898989898991,Implement / Accept
9.11111111111111,90.90909090909092,Implement / Accept
9.11111111111111,91.91919191919193,Implement / Accept
9.11111111111111,92.92929292929294,Implement / Accept
9.11111111111111,93.93939393939395,Implement / Accept
9.11111111111111,94.94949494949496,Implement / Accept
9.11111111111111,95.95959595959597,Implement / Accept
9.11111111111111,96.96969696969697,Implement / Accept
9.11111111111111,97.97979797979798,Implement / Accept
9.11111111111111,98.98989898989899,Implement / Accept
9.11111111111111,100.0,Implement / Accept
9.333333333333332,0.0,Implement / Accept
9.333333333333332,1.0101010101010102,Implement / Accept
9.333333333333332,2.0202020202020203,Implement / Accept
9.333333333333332,3.0303030303030303,Implement / Accept
9.333333333333332,4.040404040404041,Implement / Accept
9.333333333333332,5.050505050505051,Implement / Accept
9.333333333333332,6.0606060606060606,Implement / Accept
9.333333333333332,7.070707070707071,Implement / Accept
9.333333333333332,8.080808080808081,Implement / Accept
9.333333333333332,9.090909090909092,Implement / Accept
9.333333333333332,10.101010101010102,Implement / Accept
9.333333333333332,11.111111111111112,Implement / Accept
9.333333333333332,12.121212121212121,Implement / Accept
9.333333333333332,13.131313131313131,Implement / Accept
9.333333333333332,14.141414141414142,Implement / Accept
9.333333333333332,15.151515151515152,Implement / Accept
9.333333333333332,16.161616161616163,Implement / Accept
9.333333333333332,17.171717171717173,Implement / Accept
9.333333333333332,18.181818181818183,Implement / Accept
9.333333333333332,19.191919191919194,Implement / Accept
9.333333333333332,20.202020202020204,Implement / Accept
9.333333333333332,21.212121212121215,Implement / Accept
9.333333333333332,22.222222222222225,Implement / Accept
9.333333333333332,23.232323232323235,Implement / Accept
9.333333333333332,24.242424242424242,Implement / Accept
9.333333333333332,25.252525252525253,Implement / Accept
9.333333333333332,26.262626262626263,Implement / Accept
9.333333333333332,27.272727272727273,Implement / Accept
9.333333333333332,28.282828282828284,Implement / Accept
9.333333333333332,29.292929292929294,Implement / Accept
9.333333333333332,30.303030303030305,Implement / Accept
9.333333333333332,31.313131313131315,Implement / Accept
9.333333333333332,32.323232323232325,Implement / Accept
9.333333333333332,33.333333333333336,Implement / Accept
9.333333333333332,34.343434343434346,Implement / Accept
9.333333333333332,35.35353535353536,Implement / Accept
9.333333333333332,36.36363636363637,Implement / Accept
9.333333333333332,37.37373737373738,Implement / Accept
9.333333333333332,38.38383838383839,Implement / Accept
9.333333333333332,39.3939393939394,Implement / Accept
9.333333333333332,40.40404040404041,Implement / Accept
9.333333333333332,41.41414141414142,Implement / Accept
9.333333333333332,42.42424242424243,Implement / Accept
9.333333333333332,43.43434343434344,Implement / Accept
9.333333333333332,44.44444444444445,Implement / Accept
9.333333333333332,45.45454545454546,Implement / Accept
9.333333333333332,46.46464646464647,Implement / Accept
9.333333333333332,47.47474747474748,Implement / Accept
9.333333333333332,48.484848484848484,Implement / Accept
9.333333333333332,49.494949494949495,Implement / Accept
9.333333333333332,50.505050505050505,Implement / Accept
9.333333333333332,51.515151515151516,Implement / Accept
9.333333333333332,52.525252525252526,Implement / Accept
9.333333333333332,53.535353535353536,Implement / Accept
9.333333333333332,54.54545454545455,Implement / Accept
9.333333333333332,55.55555555555556,Implement / Accept
9.333333333333332,56.56565656565657,Implement / Accept
9.333333333333332,57.57575757575758,Implement / Accept
9.333333333333332,58.58585858585859,Implement / Accept
9.333333333333332,59.5959595959596,Implement / Accept
9.333333333333332,60.60606060606061,Implement / Accept
9.333333333333332,61.61616161616162,Implement / Accept
9.333333333333332,62.62626262626263,Implement / Accept
9.333333333333332,63.63636363636364,Implement / Accept
9.333333333333332,64.64646464646465,Implement / Accept
9.333333333333332,65.65656565656566,Implement / Accept
9.333333333333332,66.66666666666667,Implement / Accept
9.333333333333332,67.67676767676768,Implement / Accept
9.333333333333332,68.68686868686869,Implement / Accept
9.333333333333332,69.6969696969697,Implement / Accept
9.333333333333332,70.70707070707071,Implement / Accept
9.333333333333332,71.71717171717172,Implement / Accept
9.333333333333332,72.72727272727273,Implement / Accept
9.333333333333332,73.73737373737374,Implement / Accept
9.333333333333332,74.74747474747475,Implement / Accept
9.333333333333332,75.75757575757576,Implement / Accept
9.333333333333332,76.76767676767678,Implement / Accept
9.333333333333332,77.77777777777779,Implement / Accept
9.333333333333332,78.7878787878788,Implement / Accept
9.333333333333332,79.7979797979798,Implement / Accept
9.333333333333332,80.80808080808082,Implement / Accept
9.333333333333332,81.81818181818183,Implement / Accept
9.333333333333332,82.82828282828284,Implement / Accept
9.333333333333332,83.83838383838385,Implement / Accept
9.333333333333332,84.84848484848486,Implement / Accept
9.333333333333332,85.85858585858587,Implement / Accept
9.333333333333332,86.86868686868688,Implement / Accept
9.333333333333332,87.87878787878789,Implement / Accept
9.333333333333332,88.8888888888889,Implement / Accept
9.333333333333332,89.89898989898991,Implement / Accept
9.333333333333332,90.90909090909092,Implement / Accept
9.333333333333332,91.91919191919193,Implement / Accept
9.333333333333332,92.92929292929294,Implement / Accept
9.333333333333332,93.93939393939395,Implement / Accept
9.333333333333332,94.94949494949496,Implement / Accept
9.333333333333332,95.95959595959597,Implement / Accept
9.333333333333332,96.96969696969697,Implement / Accept
9.333333333333332,97.97979797979798,Implement / Accept
9.333333333333332,98.98989898989899,Implement / Accept
9.333333333333332,100.0,Implement / Accept
9.555555555555555,0.0,Implement / Accept
9.555555555555555,1.0101010101010102,Implement / Accept
9.555555555555555,2.0202020202020203,Implement / Accept
9.555555555555555,3.0303030303030303,Implement / Accept
9.555555555555555,4.040404040404041,Implement / Accept
9.555555555555555,5.050505050505051,Implement / Accept
9.555555555555555,6.0606060606060606,Implement / Accept
9.555555555555555,7.070707070707071,Implement / Accept
9.555555555555555,8.080808080808081,Implement / Accept
9.555555555555555,9.090909090909092,Implement / Accept
9.555555555555555,10.101010101010102,Implement / Accept
9.555555555555555,11.111111111111112,Implement / Accept
9.555555555555555,12.121212121212121,Implement / Accept
9.555555555555555,13.131313131313131,Implement / Accept
9.555555555555555,14.141414141414142,Implement / Accept
9.555555555555555,15.151515151515152,Implement / Accept
9.555555555555555,16.161616161616163,Implement / Accept
9.555555555555555,17.171717171717173,Implement / Accept
9.555555555555555,18.181818181818183,Implement / Accept
9.555555555555555,19.191919191919194,Implement / Accept
9.555555555555555,20.202020202020204,Implement / Accept
9.555555555555555,21.212121212121215,Implement / Accept
9.555555555555555,22.222222222222225,Implement / Accept
9.555555555555555,23.232323232323235,Implement / Accept
9.555555555555555,24.242424242424242,Implement / Accept
9.555555555555555,25.252525252525253,Implement / Accept
9.555555555555555,26.262626262626263,Implement / Accept
9.555555555555555,27.272727272727273,Implement / Accept
9.555555555555555,28.282828282828284,Implement / Accept
9.555555555555555,29.292929292929294,Implement / Accept
9.555555555555555,30.303030303030305,Implement / Accept
9.555555555555555,31.313131313131315,Implement / Accept
9.555555555555555,32.323232323232325,Implement / Accept
9.555555555555555,33.333333333333336,Implement / Accept
9.555555555555555,34.343434343434346,Implement / Accept
9.555555555555555,35.35353535353536,Implement / Accept
9.555555555555555,36.36363636363637,Implement / Accept
9.555555555555555,37.37373737373738,Implement / Accept
9.555555555555555,38.38383838383839,Implement / Accept
9.555555555555555,39.3939393939394,Implement / Accept
9.555555555555555,40.40404040404041,Implement / Accept
9.555555555555555,41.41414141414142,Implement / Accept
9.555555555555555,42.42424242424243,Implement / Accept
9.555555555555555,43.43434343434344,Implement / Accept
9.555555555555555,44.44444444444445,Implement / Accept
9.555555555555555,45.45454545454546,Implement / Accept
9.555555555555555,46.46464646464647,Implement / Accept
9.555555555555555,47.47474747474748,Implement / Accept
9.555555555555555,48.484848484848484,Implement / Accept
9.555555555555555,49.494949494949495,Implement / Accept
9.555555555555555,50.505050505050505,Implement / Accept
9.555555555555555,51.515151515151516,Implement / Accept
9.555555555555555,52.525252525252526,Implement / Accept
9.555555555555555,53.535353535353536,Implement / Accept
9.555555555555555,54.54545454545455,Implement / Accept
9.555555555555555,55.55555555555556,Implement / Accept
9.555555555555555,56.56565656565657,Implement / Accept
9.555555555555555,57.57575757575758,Implement / Accept
9.555555555555555,58.58585858585859,Implement / Accept
9.555555555555555,59.5959595959596,Implement / Accept
9.555555555555555,60.60606060606061,Implement / Accept
9.555555555555555,61.61616161616162,Implement / Accept
9.555555555555555,62.62626262626263,Implement / Accept
9.555555555555555,63.63636363636364,Implement / Accept
9.555555555555555,64.64646464646465,Implement / Accept
9.555555555555555,65.65656565656566,Implement / Accept
9.555555555555555,66.66666666666667,Implement / Accept
9.555555555555555,67.67676767676768,Implement / Accept
9.555555555555555,68.68686868686869,Implement / Accept
9.555555555555555,69.6969696969697,Implement / Accept
9.555555555555555,70.70707070707071,Implement / Accept
9.555555555555555,71.71717171717172,Implement / Accept
9.555555555555555,72.72727272727273,Implement / Accept
9.555555555555555,73.73737373737374,Implement / Accept
9.555555555555555,74.74747474747475,Implement / Accept
9.555555555555555,75.75757575757576,Implement / Accept
9.555555555555555,76.76767676767678,Implement / Accept
9.555555555555555,77.77777777777779,Implement / Accept
9.555555555555555,78.7878787878788,Implement / Accept
9.555555555555555,79.7979797979798,Implement / Accept
9.555555555555555,80.80808080808082,Implement / Accept
9.555555555555555,81.81818181818183,Implement / Accept
9.555555555555555,82.82828282828284,Implement / Accept
9.555555555555555,83.83838383838385,Implement / Accept
9.555555555555555,84.84848484848486,Implement / Accept
9.555555555555555,85.85858585858587,Implement / Accept
9.555555555555555,86.86868686868688,Implement / Accept
9.555555555555555,87.87878787878789,Implement / Accept
9.555555555555555,88.8888888888889,Implement / Accept
9.555555555555555,89.89898989898991,Implement / Accept
9.555555555555555,90.90909090909092,Implement / Accept
9.555555555555555,91.91919191919193,Implement / Accept
9.555555555555555,92.92929292929294,Implement / Accept
9.555555555555555,93.93939393939395,Implement / Accept
9.555555555555555,94.94949494949496,Implement / Accept
9.555555555555555,95.95959595959597,Implement / Accept
9.555555555555555,96.96969696969697,Implement / Accept
9.555555555555555,97.97979797979798,Implement / Accept
9.555555555555555,98.98989898989899,Implement / Accept
9.555555555555555,100.0,Implement / Accept
9.777777777777777,0.0,Implement / Accept
9.777777777777777,1.0101010101010102,Implement / Accept
9.777777777777777,2.0202020202020203,Implement / Accept
9.777777777777777,3.0303030303030303,Implement / Accept
9.777777777777777,4.040404040404041,Implement / Accept
9.777777777777777,5.050505050505051,Implement / Accept
9.777777777777777,6.0606060606060606,Implement / Accept
9.777777777777777,7.070707070707071,Implement / Accept
9.777777777777777,8.080808080808081,Implement / Accept
9.777777777777777,9.090909090909092,Implement / Accept
9.777777777777777,10.101010101010102,Implement / Accept
9.777777777777777,11.111111111111112,Implement / Accept
9.777777777777777,12.121212121212121,Implement / Accept
9.777777777777777,13.131313131313131,Implement / Accept
9.777777777777777,14.141414141414142,Implement / Accept
9.777777777777777,15.151515151515152,Implement / Accept
9.777777777777777,16.161616161616163,Implement / Accept
9.777777777777777,17.171717171717173,Implement / Accept
9.777777777777777,18.181818181818183,Implement / Accept
9.777777777777777,19.191919191919194,Implement / Accept
9.777777777777777,20.202020202020204,Implement / Accept
9.777777777777777,21.212121212121215,Implement / Accept
9.777777777777777,22.222222222222225,Implement / Accept
9.777777777777777,23.232323232323235,Implement / Accept
9.777777777777777,24.242424242424242,Implement / Accept
9.777777777777777,25.252525252525253,Implement / Accept
9.777777777777777,26.262626262626263,Implement / Accept
9.777777777777777,27.272727272727273,Implement / Accept
9.777777777777777,28.282828282828284,Implement / Accept
9.777777777777777,29.292929292929294,Implement / Accept
9.777777777777777,30.303030303030305,Implement / Accept
9.777777777777777,31.313131313131315,Implement / Accept
9.777777777777777,32.323232323232325,Implement / Accept
9.777777777777777,33.333333333333336,Implement / Accept
9.777777777777777,34.343434343434346,Implement / Accept
9.777777777777777,35.35353535353536,Implement / Accept
9.777777777777777,36.36363636363637,Implement / Accept
9.777777777777777,37.37373737373738,Implement / Accept
9.777777777777777,38.38383838383839,Implement / Accept
9.777777777777777,39.3939393939394,Implement / Accept
9.777777777777777,40.40404040404041,Implement / Accept
9.777777777777777,41.41414141414142,Implement / Accept
9.777777777777777,42.42424242424243,Implement / Accept
9.777777777777777,43.43434343434344,Implement / Accept
9.777777777777777,44.44444444444445,Implement / Accept
9.777777777777777,45.45454545454546,Implement / Accept
9.777777777777777,46.46464646464647,Implement / Accept
9.777777777777777,47.47474747474748,Implement / Accept
9.777777777777777,48.484848484848484,Implement / Accept
9.777777777777777,49.494949494949495,Implement / Accept
9.777777777777777,50.505050505050505,Implement / Accept
9.777777777777777,51.515151515151516,Implement / Accept
9.777777777777777,52.525252525252526,Implement / Accept
9.777777777777777,53.535353535353536,Implement / Accept
9.777777777777777,54.54545454545455,Implement / Accept
9.777777777777777,55.55555555555556,Implement / Accept
9.777777777777777,56.56565656565657,Implement / Accept
9.777777777777777,57.57575757575758,Implement / Accept
9.777777777777777,58.58585858585859,Implement / Accept
9.777777777777777,59.5959595959596,Implement / Accept
9.777777777777777,60.60606060606061,Implement / Accept
9.777777777777777,61.61616161616162,Implement / Accept
9.777777777777777,62.62626262626263,Implement / Accept
9.777777777777777,63.63636363636364,Implement / Accept
9.777777777777777,64.64646464646465,Implement / Accept
9.777777777777777,65.65656565656566,Implement / Accept
9.777777777777777,66.66666666666667,Implement / Accept
9.777777777777777,67.67676767676768,Implement / Accept
9.777777777777777,68.68686868686869,Implement / Accept
9.777777777777777,69.6969696969697,Implement / Accept
9.777777777777777,70.70707070707071,Implement / Accept
9.777777777777777,71.71717171717172,Implement / Accept
9.777777777777777,72.72727272727273,Implement / Accept
9.777777777777777,73.73737373737374,Implement / Accept
9.777777777777777,74.74747474747475,Implement / Accept
9.777777777777777,75.75757575757576,Implement / Accept
9.777777777777777,76.76767676767678,Implement / Accept
9.777777777777777,77.77777777777779,Implement / Accept
9.777777777777777,78.7878787878788,Implement / Accept
9.777777777777777,79.7979797979798,Implement / Accept
9.777777777777777,80.80808080808082,Implement / Accept
9.777777777777777,81.81818181818183,Implement / Accept
9.777777777777777,82.82828282828284,Implement / Accept
9.777777777777777,83.83838383838385,Implement / Accept
9.777777777777777,84.84848484848486,Implement / Accept
9.777777777777777,85.85858585858587,Implement / Accept
9.777777777777777,86.86868686868688,Implement / Accept
9.777777777777777,87.87878787878789,Implement / Accept
9.777777777777777,88.8888888888889,Implement / Accept
9.777777777777777,89.89898989898991,Implement / Accept
9.777777777777777,90.90909090909092,Implement / Accept
9.777777777777777,91.91919191919193,Implement / Accept
9.777777777777777,92.92929292929294,Implement / Accept
9.777777777777777,93.93939393939395,Implement / Accept
9.777777777777777,94.94949494949496,Implement / Accept
9.777777777777777,95.95959595959597,Implement / Accept
9.777777777777777,96.96969696969697,Implement / Accept
9.777777777777777,97.97979797979798,Implement / Accept
9.777777777777777,98.98989898989899,Implement / Accept
9.777777777777777,100.0,Implement / Accept
10.0,0.0,Implement / Accept
10.0,1.0101010101010102,Implement / Accept
10.0,2.0202020202020203,Implement / Accept
10.0,3.0303030303030303,Implement / Accept
10.0,4.040404040404041,Implement / Accept
10.0,5.050505050505051,Implement / Accept
10.0,6.0606060606060606,Implement / Accept
10.0,7.070707070707071,Implement / Accept
10.0,8.080808080808081,Implement / Accept
10.0,9.090909090909092,Implement / Accept
10.0,10.101010101010102,Implement / Accept
10.0,11.111111111111112,Implement / Accept
10.0,12.121212121212121,Implement / Accept
10.0,13.131313131313131,Implement / Accept
10.0,14.141414141414142,Implement / Accept
10.0,15.151515151515152,Implement / Accept
10.0,16.161616161616163,Implement / Accept
10.0,17.171717171717173,Implement / Accept
10.0,18.181818181818183,Implement / Accept
10.0,19.191919191919194,Implement / Accept
10.0,20.202020202020204,Implement / Accept
10.0,21.212121212121215,Implement / Accept
10.0,22.222222222222225,Implement / Accept
10.0,23.232323232323235,Implement / Accept
10.0,24.242424242424242,Implement / Accept
10.0,25.252525252525253,Implement / Accept
10.0,26.262626262626263,Implement / Accept
10.0,27.272727272727273,Implement / Accept
10.0,28.282828282828284,Implement / Accept
10.0,29.292929292929294,Implement / Accept
10.0,30.303030303030305,Implement / Accept
10.0,31.313131313131315,Implement / Accept
10.0,32.323232323232325,Implement / Accept
10.0,33.333333333333336,Implement / Accept
10.0,34.343434343434346,Implement / Accept
10.0,35.35353535353536,Implement / Accept
10.0,36.36363636363637,Implement / Accept
10.0,37.37373737373738,Implement / Accept
10.0,38.38383838383839,Implement / Accept
10.0,39.3939393939394,Implement / Accept
10.0,40.40404040404041,Implement / Accept
10.0,41.41414141414142,Implement / Accept
10.0,42.42424242424243,Implement / Accept
10.0,43.43434343434344,Implement / Accept
10.0,44.44444444444445,Implement / Accept
10.0,45.45454545454546,Implement / Accept
10.0,46.46464646464647,Implement / Accept
10.0,47.47474747474748,Implement / Accept
10.0,48.484848484848484,Implement / Accept
10.0,49.494949494949495,Implement / Accept
10.0,50.505050505050505,Implement / Accept
10.0,51.515151515151516,Implement / Accept
10.0,52.525252525252526,Implement / Accept
10.0,53.535353535353536,Implement / Accept
10.0,54.54545454545455,Implement / Accept
10.0,55.55555555555556,Implement / Accept
10.0,56.56565656565657,Implement / Accept
10.0,57.57575757575758,Implement / Accept
10.0,58.58585858585859,Implement / Accept
10.0,59.5959595959596,Implement / Accept
10.0,60.60606060606061,Implement / Accept
10.0,61.61616161616162,Implement / Accept
10.0,62.62626262626263,Implement / Accept
10.0,63.63636363636364,Implement / Accept
10.0,64.64646464646465,Implement / Accept
10.0,65.65656565656566,Implement / Accept
10.0,66.66666666666667,Implement / Accept
10.0,67.67676767676768,Implement / Accept
10.0,68.68686868686869,Implement / Accept
10.0,69.6969696969697,Implement / Accept
10.0,70.70707070707071,Implement / Accept
10.0,71.71717171717172,Implement / Accept
10.0,72.72727272727273,Implement / Accept
10.0,73.73737373737374,Implement / Accept
10.0,74.74747474747475,Implement / Accept
10.0,75.75757575757576,Implement / Accept
10.0,76.76767676767678,Implement / Accept
10.0,77.77777777777779,Implement / Accept
10.0,78.7878787878788,Implement / Accept
10.0,79.7979797979798,Implement / Accept
10.0,80.80808080808082,Implement / Accept
10.0,81.81818181818183,Implement / Accept
10.0,82.82828282828284,Implement / Accept
10.0,83.83838383838385,Implement / Accept
10.0,84.84848484848486,Implement / Accept
10.0,85.85858585858587,Implement / Accept
10.0,86.86868686868688,Implement / Accept
10.0,87.87878787878789,Implement / Accept
10.0,88.8888888888889,Implement / Accept
10.0,89.89898989898991,Implement / Accept
10.0,90.90909090909092,Implement / Accept
10.0,91.91919191919193,Implement / Accept
10.0,92.92929292929294,Implement / Accept
10.0,93.93939393939395,Implement / Accept
10.0,94.94949494949496,Implement / Accept
10.0,95.95959595959597,Implement / Accept
10.0,96.96969696969697,Implement / Accept
10.0,97.97979797979798,Implement / Accept
10.0,98.98989898989899,Implement / Accept
10.0,100.0,Implement / Accept
10.222222222222221,0.0,Implement / Accept
10.222222222222221,1.0101010101010102,Implement / Accept
10.222222222222221,2.0202020202020203,Implement / Accept
10.222222222222221,3.0303030303030303,Implement / Accept
10.222222222222221,4.040404040404041,Implement / Accept
10.222222222222221,5.050505050505051,Implement / Accept
10.222222222222221,6.0606060606060606,Implement / Accept
10.222222222222221,7.070707070707071,Implement / Accept
10.222222222222221,8.080808080808081,Implement / Accept
10.222222222222221,9.090909090909092,Implement / Accept
10.222222222222221,10.101010101010102,Implement / Accept
10.222222222222221,11.111111111111112,Implement / Accept
10.222222222222221,12.121212121212121,Implement / Accept
10.222222222222221,13.131313131313131,Implement / Accept
10.222222222222221,14.141414141414142,Implement / Accept
10.222222222222221,15.151515151515152,Implement / Accept
10.222222222222221,16.161616161616163,Implement / Accept
10.222222222222221,17.171717171717173,Implement / Accept
10.222222222222221,18.181818181818183,Implement / Accept
10.222222222222221,19.191919191919194,Implement / Accept
10.222222222222221,20.202020202020204,Implement / Accept
10.222222222222221,21.212121212121215,Implement / Accept
10.222222222222221,22.222222222222225,Implement / Accept
10.222222222222221,23.232323232323235,Implement / Accept
10.222222222222221,24.242424242424242,Implement / Accept
10.222222222222221,25.252525252525253,Implement / Accept
10.222222222222221,26.262626262626263,Implement / Accept
10.222222222222221,27.272727272727273,Implement / Accept
10.222222222222221,28.282828282828284,Implement / Accept
10.222222222222221,29.292929292929294,Implement / Accept
10.222222222222221,30.303030303030305,Implement / Accept
10.222222222222221,31.313131313131315,Implement / Accept
10.222222222222221,32.323232323232325,Implement / Accept
10.222222222222221,33.333333333333336,Implement / Accept
10.222222222222221,34.343434343434346,Implement / Accept
10.222222222222221,35.35353535353536,Implement / Accept
10.222222222222221,36.36363636363637,Implement / Accept
10.222222222222221,37.37373737373738,Implement / Accept
10.222222222222221,38.38383838383839,Implement / Accept
10.222222222222221,39.3939393939394,Implement / Accept
10.222222222222221,40.40404040404041,Implement / Accept
10.222222222222221,41.41414141414142,Implement / Accept
10.222222222222221,42.42424242424243,Implement / Accept
10.222222222222221,43.43434343434344,Implement / Accept
10.222222222222221,44.44444444444445,Implement / Accept
10.222222222222221,45.45454545454546,Implement / Accept
10.222222222222221,46.46464646464647,Implement / Accept
10.222222222222221,47.47474747474748,Implement / Accept
10.222222222222221,48.484848484848484,Implement / Accept
10.222222222222221,49.494949494949495,Implement / Accept
10.222222222222221,50.505050505050505,Implement / Accept
10.222222222222221,51.515151515151516,Implement / Accept
10.222222222222221,52.525252525252526,Implement / Accept
10.222222222222221,53.535353535353536,Implement / Accept
10.222222222222221,54.54545454545455,Implement / Accept
10.222222222222221,55.55555555555556,Implement / Accept
10.222222222222221,56.56565656565657,Implement / Accept
10.222222222222221,57.57575757575758,Implement / Accept
10.222222222222221,58.58585858585859,Implement / Accept
10.222222222222221,59.5959595959596,Implement / Accept
10.222222222222221,60.60606060606061,Implement / Accept
10.222222222222221,61.61616161616162,Implement / Accept
10.222222222222221,62.62626262626263,Implement / Accept
10.222222222222221,63.63636363636364,Implement / Accept
10.222222222222221,64.64646464646465,Implement / Accept
10.222222222222221,65.65656565656566,Implement / Accept
10.222222222222221,66.66666666666667,Implement / Accept
10.222222222222221,67.67676767676768,Implement / Accept
10.222222222222221,68.68686868686869,Implement / Accept
10.222222222222221,69.6969696969697,Implement / Accept
10.222222222222221,70.70707070707071,Implement / Accept
10.222222222222221,71.71717171717172,Implement / Accept
10.222222222222221,72.72727272727273,Implement / Accept
10.222222222222221,73.73737373737374,Implement / Accept
10.222222222222221,74.74747474747475,Implement / Accept
10.222222222222221,75.75757575757576,Implement / Accept
10.222222222222221,76.76767676767678,Implement / Accept
10.222222222222221,77.77777777777779,Implement / Accept
10.222222222222221,78.7878787878788,Implement / Accept
10.222222222222221,79.7979797979798,Implement / Accept
10.222222222222221,80.80808080808082,Implement / Accept
10.222222222222221,81.81818181818183,Implement / Accept
10.222222222222221,82.82828282828284,Implement / Accept
10.222222222222221,83.83838383838385,Implement / Accept
10.222222222222221,84.84848484848486,Implement / Accept
10.222222222222221,85.85858585858587,Implement / Accept
10.222222222222221,86.86868686868688,Implement / Accept
10.222222222222221,87.87878787878789,Implement / Accept
10.222222222222221,88.8888888888889,Implement / Accept
10.222222222222221,89.89898989898991,Implement / Accept
10.222222222222221,90.90909090909092,Implement / Accept
10.222222222222221,91.91919191919193,Implement / Accept
10.222222222222221,92.92929292929294,Implement / Accept
10.222222222222221,93.93939393939395,Implement / Accept
10.222222222222221,94.94949494949496,Implement / Accept
10.222222222222221,95.95959595959597,Implement / Accept
10.222222222222221,96.96969696969697,Implement / Accept
10.222222222222221,97.97979797979798,Implement / Accept
10.222222222222221,98.98989898989899,Implement / Accept
10.222222222222221,100.0,Implement / Accept
10.444444444444445,0.0,Implement / Accept
10.444444444444445,1.0101010101010102,Implement / Accept
10.444444444444445,2.0202020202020203,Implement / Accept
10.444444444444445,3.0303030303030303,Implement / Accept
10.444444444444445,4.040404040404041,Implement / Accept
10.444444444444445,5.050505050505051,Implement / Accept
10.444444444444445,6.0606060606060606,Implement / Accept
10.444444444444445,7.070707070707071,Implement / Accept
10.444444444444445,8.080808080808081,Implement / Accept
10.444444444444445,9.090909090909092,Implement / Accept
10.444444444444445,10.101010101010102,Implement / Accept
10.444444444444445,11.111111111111112,Implement / Accept
10.444444444444445,12.121212121212121,Implement / Accept
10.444444444444445,13.131313131313131,Implement / Accept
10.444444444444445,14.141414141414142,Implement / Accept
10.444444444444445,15.151515151515152,Implement / Accept
10.444444444444445,16.161616161616163,Implement / Accept
10.444444444444445,17.171717171717173,Implement / Accept
10.444444444444445,18.181818181818183,Implement / Accept
10.444444444444445,19.191919191919194,Implement / Accept
10.444444444444445,20.202020202020204,Implement / Accept
10.444444444444445,21.212121212121215,Implement / Accept
10.444444444444445,22.222222222222225,Implement / Accept
10.444444444444445,23.232323232323235,Implement / Accept
10.444444444444445,24.242424242424242,Implement / Accept
10.444444444444445,25.252525252525253,Implement / Accept
10.444444444444445,26.262626262626263,Implement / Accept
10.444444444444445,27.272727272727273,Implement / Accept
10.444444444444445,28.282828282828284,Implement / Accept
10.444444444444445,29.292929292929294,Implement / Accept
10.444444444444445,30.303030303030305,Implement / Accept
10.444444444444445,31.313131313131315,Implement / Accept
10.444444444444445,32.323232323232325,Implement / Accept
10.444444444444445,33.333333333333336,Implement / Accept
10.444444444444445,34.343434343434346,Implement / Accept
10.444444444444445,35.35353535353536,Implement / Accept
10.444444444444445,36.36363636363637,Implement / Accept
10.444444444444445,37.37373737373738,Implement / Accept
10.444444444444445,38.38383838383839,Implement / Accept
10.444444444444445,39.3939393939394,Implement / Accept
10.444444444444445,40.40404040404041,Implement / Accept
10.444444444444445,41.41414141414142,Implement / Accept
10.444444444444445,42.42424242424243,Implement / Accept
10.444444444444445,43.43434343434344,Implement / Accept
10.444444444444445,44.44444444444445,Implement / Accept
10.444444444444445,45.45454545454546,Implement / Accept
10.444444444444445,46.46464646464647,Implement / Accept
10.444444444444445,47.47474747474748,Implement / Accept
10.444444444444445,48.484848484848484,Implement / Accept
10.444444444444445,49.494949494949495,Implement / Accept
10.444444444444445,50.505050505050505,Implement / Accept
10.444444444444445,51.515151515151516,Implement / Accept
10.444444444444445,52.525252525252526,Implement / Accept
10.444444444444445,53.535353535353536,Implement / Accept
10.444444444444445,54.54545454545455,Implement / Accept
10.444444444444445,55.55555555555556,Implement / Accept
10.444444444444445,56.56565656565657,Implement / Accept
10.444444444444445,57.57575757575758,Implement / Accept
10.444444444444445,58.58585858585859,Implement / Accept
10.444444444444445,59.5959595959596,Implement / Accept
10.444444444444445,60.60606060606061,Implement / Accept
10.444444444444445,61.61616161616162,Implement / Accept
10.444444444444445,62.62626262626263,Implement / Accept
10.444444444444445,63.63636363636364,Implement / Accept
10.444444444444445,64.64646464646465,Implement / Accept
10.444444444444445,65.65656565656566,Implement / Accept
10.444444444444445,66.66666666666667,Implement / Accept
10.444444444444445,67.67676767676768,Implement / Accept
10.444444444444445,68.68686868686869,Implement / Accept
10.444444444444445,69.6969696969697,Implement / Accept
10.444444444444445,70.70707070707071,Implement / Accept
10.444444444444445,71.71717171717172,Implement / Accept
10.444444444444445,72.72727272727273,Implement / Accept
10.444444444444445,73.73737373737374,Implement / Accept
10.444444444444445,74.74747474747475,Implement / Accept
10.444444444444445,75.75757575757576,Implement / Accept
10.444444444444445,76.76767676767678,Implement / Accept
10.444444444444445,77.77777777777779,Implement / Accept
10.444444444444445,78.7878787878788,Implement / Accept
10.444444444444445,79.7979797979798,Implement / Accept
10.444444444444445,80.80808080808082,Implement / Accept
10.444444444444445,81.81818181818183,Implement / Accept
10.444444444444445,82.82828282828284,Implement / Accept
10.444444444444445,83.83838383838385,Implement / Accept
10.444444444444445,84.84848484848486,Implement / Accept
10.444444444444445,85.85858585858587,Implement / Accept
10.444444444444445,86.86868686868688,Implement / Accept
10.444444444444445,87.87878787878789,Implement / Accept
10.444444444444445,88.8888888888889,Implement / Accept
10.444444444444445,89.89898989898991,Implement / Accept
10.444444444444445,90.90909090909092,Implement / Accept
10.444444444444445,91.91919191919193,Implement / Accept
10.444444444444445,92.92929292929294,Implement / Accept
10.444444444444445,93.93939393939395,Implement / Accept
10.444444444444445,94.94949494949496,Implement / Accept
10.444444444444445,95.95959595959597,Implement / Accept
10.444444444444445,96.96969696969697,Implement / Accept
10.444444444444445,97.97979797979798,Implement / Accept
10.444444444444445,98.98989898989899,Implement / Accept
10.444444444444445,100.0,Implement / Accept
10.666666666666666,0.0,Implement / Accept
10.666666666666666,1.0101010101010102,Implement / Accept
10.666666666666666,2.0202020202020203,Implement / Accept
10.666666666666666,3.0303030303030303,Implement / Accept
10.666666666666666,4.040404040404041,Implement / Accept
10.666666666666666,5.050505050505051,Implement / Accept
10.666666666666666,6.0606060606060606,Implement / Accept
10.666666666666666,7.070707070707071,Implement / Accept
10.666666666666666,8.080808080808081,Implement / Accept
10.666666666666666,9.090909090909092,Implement / Accept
10.666666666666666,10.101010101010102,Implement / Accept
10.666666666666666,11.111111111111112,Implement / Accept
10.666666666666666,12.121212121212121,Implement / Accept
10.666666666666666,13.131313131313131,Implement / Accept
10.666666666666666,14.141414141414142,Implement / Accept
10.666666666666666,15.151515151515152,Implement / Accept
10.666666666666666,16.161616161616163,Implement / Accept
10.666666666666666,17.171717171717173,Implement / Accept
10.666666666666666,18.181818181818183,Implement / Accept
10.666666666666666,19.191919191919194,Implement / Accept
10.666666666666666,20.202020202020204,Implement / Accept
10.666666666666666,21.212121212121215,Implement / Accept
10.666666666666666,22.222222222222225,Implement / Accept
10.666666666666666,23.232323232323235,Implement / Accept
10.666666666666666,24.242424242424242,Implement / Accept
10.666666666666666,25.252525252525253,Implement / Accept
10.666666666666666,26.262626262626263,Implement / Accept
10.666666666666666,27.272727272727273,Implement / Accept
10.666666666666666,28.282828282828284,Implement / Accept
10.666666666666666,29.292929292929294,Implement / Accept
10.666666666666666,30.303030303030305,Implement / Accept
10.666666666666666,31.313131313131315,Implement / Accept
10.666666666666666,32.323232323232325,Implement / Accept
10.666666666666666,33.333333333333336,Implement / Accept
10.666666666666666,34.343434343434346,Implement / Accept
10.666666666666666,35.35353535353536,Implement / Accept
10.666666666666666,36.36363636363637,Implement / Accept
10.666666666666666,37.37373737373738,Implement / Accept
10.666666666666666,38.38383838383839,Implement / Accept
10.666666666666666,39.3939393939394,Implement / Accept
10.666666666666666,40.40404040404041,Implement / Accept
10.666666666666666,41.41414141414142,Implement / Accept
10.666666666666666,42.42424242424243,Implement / Accept
10.666666666666666,43.43434343434344,Implement / Accept
10.666666666666666,44.44444444444445,Implement / Accept
10.666666666666666,45.45454545454546,Implement / Accept
10.666666666666666,46.46464646464647,Implement / Accept
10.666666666666666,47.47474747474748,Implement / Accept
10.666666666666666,48.484848484848484,Implement / Accept
10.666666666666666,49.494949494949495,Implement / Accept
10.666666666666666,50.505050505050505,Implement / Accept
10.666666666666666,51.515151515151516,Implement / Accept
10.666666666666666,52.525252525252526,Implement / Accept
10.666666666666666,53.535353535353536,Implement / Accept
10.666666666666666,54.54545454545455,Implement / Accept
10.666666666666666,55.55555555555556,Implement / Accept
10.666666666666666,56.56565656565657,Implement / Accept
10.666666666666666,57.57575757575758,Implement / Accept
10.666666666666666,58.58585858585859,Implement / Accept
10.666666666666666,59.5959595959596,Implement / Accept
10.666666666666666,60.60606060606061,Implement / Accept
10.666666666666666,61.61616161616162,Implement / Accept
10.666666666666666,62.62626262626263,Implement / Accept
10.666666666666666,63.63636363636364,Implement / Accept
10.666666666666666,64.64646464646465,Implement / Accept
10.666666666666666,65.65656565656566,Implement / Accept
10.666666666666666,66.66666666666667,Implement / Accept
10.666666666666666,67.67676767676768,Implement / Accept
10.666666666666666,68.68686868686869,Implement / Accept
10.666666666666666,69.6969696969697,Implement / Accept
10.666666666666666,70.70707070707071,Implement / Accept
10.666666666666666,71.71717171717172,Implement / Accept
10.666666666666666,72.72727272727273,Implement / Accept
10.666666666666666,73.73737373737374,Implement / Accept
10.666666666666666,74.74747474747475,Implement / Accept
10.666666666666666,75.75757575757576,Implement / Accept
10.666666666666666,76.76767676767678,Implement / Accept
10.666666666666666,77.77777777777779,Implement / Accept
10.666666666666666,78.7878787878788,Implement / Accept
10.666666666666666,79.7979797979798,Implement / Accept
10.666666666666666,80.80808080808082,Implement / Accept
10.666666666666666,81.81818181818183,Implement / Accept
10.666666666666666,82.82828282828284,Implement / Accept
10.666666666666666,83.83838383838385,Implement / Accept
10.666666666666666,84.84848484848486,Implement / Accept
10.666666666666666,85.85858585858587,Implement / Accept
10.666666666666666,86.86868686868688,Implement / Accept
10.666666666666666,87.87878787878789,Implement / Accept
10.666666666666666,88.8888888888889,Implement / Accept
10.666666666666666,89.89898989898991,Implement / Accept
10.666666666666666,90.90909090909092,Implement / Accept
10.666666666666666,91.91919191919193,Implement / Accept
10.666666666666666,92.92929292929294,Implement / Accept
10.666666666666666,93.93939393939395,Implement / Accept
10.666666666666666,94.94949494949496,Implement / Accept
10.666666666666666,95.95959595959597,Implement / Accept
10.666666666666666,96.96969696969697,Implement / Accept
10.666666666666666,97.97979797979798,Implement / Accept
10.666666666666666,98.98989898989899,Implement / Accept
10.666666666666666,100.0,Implement / Accept
10.888888888888888,0.0,Implement / Accept
10.888888888888888,1.0101010101010102,Implement / Accept
10.888888888888888,2.0202020202020203,Implement / Accept
10.888888888888888,3.0303030303030303,Implement / Accept
10.888888888888888,4.040404040404041,Implement / Accept
10.888888888888888,5.050505050505051,Implement / Accept
10.888888888888888,6.0606060606060606,Implement / Accept
10.888888888888888,7.070707070707071,Implement / Accept
10.888888888888888,8.080808080808081,Implement / Accept
10.888888888888888,9.090909090909092,Implement / Accept
10.888888888888888,10.101010101010102,Implement / Accept
10.888888888888888,11.111111111111112,Implement / Accept
10.888888888888888,12.121212121212121,Implement / Accept
10.888888888888888,13.131313131313131,Implement / Accept
10.888888888888888,14.141414141414142,Implement / Accept
10.888888888888888,15.151515151515152,Implement / Accept
10.888888888888888,16.161616161616163,Implement / Accept
10.888888888888888,17.171717171717173,Implement / Accept
10.888888888888888,18.181818181818183,Implement / Accept
10.888888888888888,19.191919191919194,Implement / Accept
10.888888888888888,20.202020202020204,Implement / Accept
10.888888888888888,21.212121212121215,Implement / Accept
10.888888888888888,22.222222222222225,Implement / Accept
10.888888888888888,23.232323232323235,Implement / Accept
10.888888888888888,24.242424242424242,Implement / Accept
10.888888888888888,25.252525252525253,Implement / Accept
10.888888888888888,26.262626262626263,Implement / Accept
10.888888888888888,27.272727272727273,Implement / Accept
10.888888888888888,28.282828282828284,Implement / Accept
10.888888888888888,29.292929292929294,Implement / Accept
10.888888888888888,30.303030303030305,Implement / Accept
10.888888888888888,31.313131313131315,Implement / Accept
10.888888888888888,32.323232323232325,Implement / Accept
10.888888888888888,33.333333333333336,Implement / Accept
10.888888888888888,34.343434343434346,Implement / Accept
10.888888888888888,35.35353535353536,Implement / Accept
10.888888888888888,36.36363636363637,Implement / Accept
10.888888888888888,37.37373737373738,Implement / Accept
10.888888888888888,38.38383838383839,Implement / Accept
10.888888888888888,39.3939393939394,Implement / Accept
10.888888888888888,40.40404040404041,Implement / Accept
10.888888888888888,41.41414141414142,Implement / Accept
10.888888888888888,42.42424242424243,Implement / Accept
10.888888888888888,43.43434343434344,Implement / Accept
10.888888888888888,44.44444444444445,Implement / Accept
10.888888888888888,45.45454545454546,Implement / Accept
10.888888888888888,46.46464646464647,Implement / Accept
10.888888888888888,47.47474747474748,Implement / Accept
10.888888888888888,48.484848484848484,Implement / Accept
10.888888888888888,49.494949494949495,Implement / Accept
10.888888888888888,50.505050505050505,Implement / Accept
10.888888888888888,51.515151515151516,Implement / Accept
10.888888888888888,52.525252525252526,Implement / Accept
10.888888888888888,53.535353535353536,Implement / Accept
10.888888888888888,54.54545454545455,Implement / Accept
10.888888888888888,55.55555555555556,Implement / Accept
10.888888888888888,56.56565656565657,Implement / Accept
10.888888888888888,57.57575757575758,Implement / Accept
10.888888888888888,58.58585858585859,Implement / Accept
10.888888888888888,59.5959595959596,Implement / Accept
10.888888888888888,60.60606060606061,Implement / Accept
10.888888888888888,61.61616161616162,Implement / Accept
10.888888888888888,62.62626262626263,Implement / Accept
10.888888888888888,63.63636363636364,Implement / Accept
10.888888888888888,64.64646464646465,Implement / Accept
10.888888888888888,65.65656565656566,Implement / Accept
10.888888888888888,66.66666666666667,Implement / Accept
10.888888888888888,67.67676767676768,Implement / Accept
10.888888888888888,68.68686868686869,Implement / Accept
10.888888888888888,69.6969696969697,Implement / Accept
10.888888888888888,70.70707070707071,Implement / Accept
10.888888888888888,71.71717171717172,Implement / Accept
10.888888888888888,72.72727272727273,Implement / Accept
10.888888888888888,73.73737373737374,Implement / Accept
10.888888888888888,74.74747474747475,Implement / Accept
10.888888888888888,75.75757575757576,Implement / Accept
10.888888888888888,76.76767676767678,Implement / Accept
10.888888888888888,77.77777777777779,Implement / Accept
10.888888888888888,78.7878787878788,Implement / Accept
10.888888888888888,79.7979797979798,Implement / Accept
10.888888888888888,80.80808080808082,Implement / Accept
10.888888888888888,81.81818181818183,Implement / Accept
10.888888888888888,82.82828282828284,Implement / Accept
10.888888888888888,83.83838383838385,Implement / Accept
10.888888888888888,84.84848484848486,Implement / Accept
10.888888888888888,85.85858585858587,Implement / Accept
10.888888888888888,86.86868686868688,Implement / Accept
10.888888888888888,87.87878787878789,Implement / Accept
10.888888888888888,88.8888888888889,Implement / Accept
10.888888888888888,89.89898989898991,Implement / Accept
10.888888888888888,90.90909090909092,Implement / Accept
10.888888888888888,91.91919191919193,Implement / Accept
10.888888888888888,92.92929292929294,Implement / Accept
10.888888888888888,93.93939393939395,Implement / Accept
10.888888888888888,94.94949494949496,Implement / Accept
10.888888888888888,95.95959595959597,Implement / Accept
10.888888888888888,96.96969696969697,Implement / Accept
10.888888888888888,97.97979797979798,Implement / Accept
10.888888888888888,98.98989898989899,Implement / Accept
10.888888888888888,100.0,Implement / Accept
11.11111111111111,0.0,Implement / Accept
11.11111111111111,1.0101010101010102,Implement / Accept
11.11111111111111,2.0202020202020203,Implement / Accept
11.11111111111111,3.0303030303030303,Implement / Accept
11.11111111111111,4.040404040404041,Implement / Accept
11.11111111111111,5.050505050505051,Implement / Accept
11.11111111111111,6.0606060606060606,Implement / Accept
11.11111111111111,7.070707070707071,Implement / Accept
11.11111111111111,8.080808080808081,Implement / Accept
11.11111111111111,9.090909090909092,Implement / Accept
11.11111111111111,10.101010101010102,Implement / Accept
11.11111111111111,11.111111111111112,Implement / Accept
11.11111111111111,12.121212121212121,Implement / Accept
11.11111111111111,13.131313131313131,Implement / Accept
11.11111111111111,14.141414141414142,Implement / Accept
11.11111111111111,15.151515151515152,Implement / Accept
11.11111111111111,16.161616161616163,Implement / Accept
11.11111111111111,17.171717171717173,Implement / Accept
11.11111111111111,18.181818181818183,Implement / Accept
11.11111111111111,19.191919191919194,Implement / Accept
11.11111111111111,20.202020202020204,Implement / Accept
11.11111111111111,21.212121212121215,Implement / Accept
11.11111111111111,22.222222222222225,Implement / Accept
11.11111111111111,23.232323232323235,Implement / Accept
11.11111111111111,24.242424242424242,Implement / Accept
11.11111111111111,25.252525252525253,Implement / Accept
11.11111111111111,26.262626262626263,Implement / Accept
11.11111111111111,27.272727272727273,Implement / Accept
11.11111111111111,28.282828282828284,Implement / Accept
11.11111111111111,29.292929292929294,Implement / Accept
11.11111111111111,30.303030303030305,Implement / Accept
11.11111111111111,31.313131313131315,Implement / Accept
11.11111111111111,32.323232323232325,Implement / Accept
11.11111111111111,33.333333333333336,Implement / Accept
11.11111111111111,34.343434343434346,Implement / Accept
11.11111111111111,35.35353535353536,Implement / Accept
11.11111111111111,36.36363636363637,Implement / Accept
11.11111111111111,37.37373737373738,Implement / Accept
11.11111111111111,38.38383838383839,Implement / Accept
11.11111111111111,39.3939393939394,Implement / Accept
11.11111111111111,40.40404040404041,Implement / Accept
11.11111111111111,41.41414141414142,Implement / Accept
11.11111111111111,42.42424242424243,Implement / Accept
11.11111111111111,43.43434343434344,Implement / Accept
11.11111111111111,44.44444444444445,Implement / Accept
11.11111111111111,45.45454545454546,Implement / Accept
11.11111111111111,46.46464646464647,Implement / Accept
11.11111111111111,47.47474747474748,Implement / Accept
11.11111111111111,48.484848484848484,Implement / Accept
11.11111111111111,49.494949494949495,Implement / Accept
11.11111111111111,50.505050505050505,Implement / Accept
11.11111111111111,51.515151515151516,Implement / Accept
11.11111111111111,52.525252525252526,Implement / Accept
11.11111111111111,53.535353535353536,Implement / Accept
11.11111111111111,54.54545454545455,Implement / Accept
11.11111111111111,55.55555555555556,Implement / Accept
11.11111111111111,56.56565656565657,Implement / Accept
11.11111111111111,57.57575757575758,Implement / Accept
11.11111111111111,58.58585858585859,Implement / Accept
11.11111111111111,59.5959595959596,Implement / Accept
11.11111111111111,60.60606060606061,Implement / Accept
11.11111111111111,61.61616161616162,Implement / Accept
11.11111111111111,62.62626262626263,Implement / Accept
11.11111111111111,63.63636363636364,Implement / Accept
11.11111111111111,64.64646464646465,Implement / Accept
11.11111111111111,65.65656565656566,Implement / Accept
11.11111111111111,66.66666666666667,Implement / Accept
11.11111111111111,67.67676767676768,Implement / Accept
11.11111111111111,68.68686868686869,Implement / Accept
11.11111111111111,69.6969696969697,Implement / Accept
11.11111111111111,70.70707070707071,Implement / Accept
11.11111111111111,71.71717171717172,Implement / Accept
11.11111111111111,72.72727272727273,Implement / Accept
11.11111111111111,73.73737373737374,Implement / Accept
11.11111111111111,74.74747474747475,Implement / Accept
11.11111111111111,75.75757575757576,Implement / Accept
11.11111111111111,76.76767676767678,Implement / Accept
11.11111111111111,77.77777777777779,Implement / Accept
11.11111111111111,78.7878787878788,Implement / Accept
11.11111111111111,79.7979797979798,Implement / Accept
11.11111111111111,80.80808080808082,Implement / Accept
11.11111111111111,81.81818181818183,Implement / Accept
11.11111111111111,82.82828282828284,Implement / Accept
11.11111111111111,83.83838383838385,Implement / Accept
11.11111111111111,84.84848484848486,Implement / Accept
11.11111111111111,85.85858585858587,Implement / Accept
11.11111111111111,86.86868686868688,Implement / Accept
11.11111111111111,87.87878787878789,Implement / Accept
11.11111111111111,88.8888888888889,Implement / Accept
11.11111111111111,89.89898989898991,Implement / Accept
11.11111111111111,90.90909090909092,Implement / Accept
11.11111111111111,91.91919191919193,Implement / Accept
11.11111111111111,92.92929292929294,Implement / Accept
11.11111111111111,93.93939393939395,Implement / Accept
11.11111111111111,94.94949494949496,Implement / Accept
11.11111111111111,95.95959595959597,Implement / Accept
11.11111111111111,96.96969696969697,Implement / Accept
11.11111111111111,97.97979797979798,Implement / Accept
11.11111111111111,98.98989898989899,Implement / Accept
11.11111111111111,100.0,Implement / Accept
11.333333333333332,0.0,Implement / Accept
11.333333333333332,1.0101010101010102,Implement / Accept
11.333333333333332,2.0202020202020203,Implement / Accept
11.333333333333332,3.0303030303030303,Implement / Accept
11.333333333333332,4.040404040404041,Implement / Accept
11.333333333333332,5.050505050505051,Implement / Accept
11.333333333333332,6.0606060606060606,Implement / Accept
11.333333333333332,7.070707070707071,Implement / Accept
11.333333333333332,8.080808080808081,Implement / Accept
11.333333333333332,9.090909090909092,Implement / Accept
11.333333333333332,10.101010101010102,Implement / Accept
11.333333333333332,11.111111111111112,Implement / Accept
11.333333333333332,12.121212121212121,Implement / Accept
11.333333333333332,13.131313131313131,Implement / Accept
11.333333333333332,14.141414141414142,Implement / Accept
11.333333333333332,15.151515151515152,Implement / Accept
11.333333333333332,16.161616161616163,Implement / Accept
11.333333333333332,17.171717171717173,Implement / Accept
11.333333333333332,18.181818181818183,Implement / Accept
11.333333333333332,19.191919191919194,Implement / Accept
11.333333333333332,20.202020202020204,Implement / Accept
11.333333333333332,21.212121212121215,Implement / Accept
11.333333333333332,22.222222222222225,Implement / Accept
11.333333333333332,23.232323232323235,Implement / Accept
11.333333333333332,24.242424242424242,Implement / Accept
11.333333333333332,25.252525252525253,Implement / Accept
11.333333333333332,26.262626262626263,Implement / Accept
11.333333333333332,27.272727272727273,Implement / Accept
11.333333333333332,28.282828282828284,Implement / Accept
11.333333333333332,29.292929292929294,Implement / Accept
11.333333333333332,30.303030303030305,Implement / Accept
11.333333333333332,31.313131313131315,Implement / Accept
11.333333333333332,32.323232323232325,Implement / Accept
11.333333333333332,33.333333333333336,Implement / Accept
11.333333333333332,34.343434343434346,Implement / Accept
11.333333333333332,35.35353535353536,Implement / Accept
11.333333333333332,36.36363636363637,Implement / Accept
11.333333333333332,37.37373737373738,Implement / Accept
11.333333333333332,38.38383838383839,Implement / Accept
11.333333333333332,39.3939393939394,Implement / Accept
11.333333333333332,40.40404040404041,Implement / Accept
11.333333333333332,41.41414141414142,Implement / Accept
11.333333333333332,42.42424242424243,Implement / Accept
11.333333333333332,43.43434343434344,Implement / Accept
11.333333333333332,44.44444444444445,Implement / Accept
11.333333333333332,45.45454545454546,Implement / Accept
11.333333333333332,46.46464646464647,Implement / Accept
11.333333333333332,47.47474747474748,Implement / Accept
11.333333333333332,48.484848484848484,Implement / Accept
11.333333333333332,49.494949494949495,Implement / Accept
11.333333333333332,50.505050505050505,Implement / Accept
11.333333333333332,51.515151515151516,Implement / Accept
11.333333333333332,52.525252525252526,Implement / Accept
11.333333333333332,53.535353535353536,Implement / Accept
11.333333333333332,54.54545454545455,Implement / Accept
11.333333333333332,55.55555555555556,Implement / Accept
11.333333333333332,56.56565656565657,Implement / Accept
11.333333333333332,57.57575757575758,Implement / Accept
11.333333333333332,58.58585858585859,Implement / Accept
11.333333333333332,59.5959595959596,Implement / Accept
11.333333333333332,60.60606060606061,Implement / Accept
11.333333333333332,61.61616161616162,Implement / Accept
11.333333333333332,62.62626262626263,Implement / Accept
11.333333333333332,63.63636363636364,Implement / Accept
11.333333333333332,64.64646464646465,Implement / Accept
11.333333333333332,65.65656565656566,Implement / Accept
11.333333333333332,66.66666666666667,Implement / Accept
11.333333333333332,67.67676767676768,Implement / Accept
11.333333333333332,68.68686868686869,Implement / Accept
11.333333333333332,69.6969696969697,Implement / Accept
11.333333333333332,70.70707070707071,Implement / Accept
11.333333333333332,71.71717171717172,Implement / Accept
11.333333333333332,72.72727272727273,Implement / Accept
11.333333333333332,73.73737373737374,Implement / Accept
11.333333333333332,74.74747474747475,Implement / Accept
11.333333333333332,75.75757575757576,Implement / Accept
11.333333333333332,76.76767676767678,Implement / Accept
11.333333333333332,77.77777777777779,Implement / Accept
11.333333333333332,78.7878787878788,Implement / Accept
11.333333333333332,79.7979797979798,Implement / Accept
11.333333333333332,80.80808080808082,Implement / Accept
11.333333333333332,81.81818181818183,Implement / Accept
11.333333333333332,82.82828282828284,Implement / Accept
11.333333333333332,83.83838383838385,Implement / Accept
11.333333333333332,84.84848484848486,Implement / Accept
11.333333333333332,85.85858585858587,Implement / Accept
11.333333333333332,86.86868686868688,Implement / Accept
11.333333333333332,87.87878787878789,Implement / Accept
11.333333333333332,88.8888888888889,Implement / Accept
11.333333333333332,89.89898989898991,Implement / Accept
11.333333333333332,90.90909090909092,Implement / Accept
11.333333333333332,91.91919191919193,Implement / Accept
11.333333333333332,92.92929292929294,Implement / Accept
11.333333333333332,93.93939393939395,Implement / Accept
11.333333333333332,94.94949494949496,Implement / Accept
11.333333333333332,95.95959595959597,Implement / Accept
11.333333333333332,96.96969696969697,Implement / Accept
11.333333333333332,97.97979797979798,Implement / Accept
11.333333333333332,98.98989898989899,Implement / Accept
11.333333333333332,100.0,Implement / Accept
11.555555555555555,0.0,Implement / Accept
11.555555555555555,1.0101010101010102,Implement / Accept
11.555555555555555,2.0202020202020203,Implement / Accept
11.555555555555555,3.0303030303030303,Implement / Accept
11.555555555555555,4.040404040404041,Implement / Accept
11.555555555555555,5.050505050505051,Implement / Accept
11.555555555555555,6.0606060606060606,Implement / Accept
11.555555555555555,7.070707070707071,Implement / Accept
11.555555555555555,8.080808080808081,Implement / Accept
11.555555555555555,9.090909090909092,Implement / Accept
11.555555555555555,10.101010101010102,Implement / Accept
11.555555555555555,11.111111111111112,Implement / Accept
11.555555555555555,12.121212121212121,Implement / Accept
11.555555555555555,13.131313131313131,Implement / Accept
11.555555555555555,14.141414141414142,Implement / Accept
11.555555555555555,15.151515151515152,Implement / Accept
11.555555555555555,16.161616161616163,Implement / Accept
11.555555555555555,17.171717171717173,Implement / Accept
11.555555555555555,18.181818181818183,Implement / Accept
11.555555555555555,19.191919191919194,Implement / Accept
11.555555555555555,20.202020202020204,Implement / Accept
11.555555555555555,21.212121212121215,Implement / Accept
11.555555555555555,22.222222222222225,Implement / Accept
11.555555555555555,23.232323232323235,Implement / Accept
11.555555555555555,24.242424242424242,Implement / Accept
11.555555555555555,25.252525252525253,Implement / Accept
11.555555555555555,26.262626262626263,Implement / Accept
11.555555555555555,27.272727272727273,Implement / Accept
11.555555555555555,28.282828282828284,Implement / Accept
11.555555555555555,29.292929292929294,Implement / Accept
11.555555555555555,30.303030303030305,Implement / Accept
11.555555555555555,31.313131313131315,Implement / Accept
11.555555555555555,32.323232323232325,Implement / Accept
11.555555555555555,33.333333333333336,Implement / Accept
11.555555555555555,34.343434343434346,Implement / Accept
11.555555555555555,35.35353535353536,Implement / Accept
11.555555555555555,36.36363636363637,Implement / Accept
11.555555555555555,37.37373737373738,Implement / Accept
11.555555555555555,38.38383838383839,Implement / Accept
11.555555555555555,39.3939393939394,Implement / Accept
11.555555555555555,40.40404040404041,Implement / Accept
11.555555555555555,41.41414141414142,Implement / Accept
11.555555555555555,42.42424242424243,Implement / Accept
11.555555555555555,43.43434343434344,Implement / Accept
11.555555555555555,44.44444444444445,Implement / Accept
11.555555555555555,45.45454545454546,Implement / Accept
11.555555555555555,46.46464646464647,Implement / Accept
11.555555555555555,47.47474747474748,Implement / Accept
11.555555555555555,48.484848484848484,Implement / Accept
11.555555555555555,49.494949494949495,Implement / Accept
11.555555555555555,50.505050505050505,Implement / Accept
11.555555555555555,51.515151515151516,Implement / Accept
11.555555555555555,52.525252525252526,Implement / Accept
11.555555555555555,53.535353535353536,Implement / Accept
11.555555555555555,54.54545454545455,Implement / Accept
11.555555555555555,55.55555555555556,Implement / Accept
11.555555555555555,56.56565656565657,Implement / Accept
11.555555555555555,57.57575757575758,Implement / Accept
11.555555555555555,58.58585858585859,Implement / Accept
11.555555555555555,59.5959595959596,Implement / Accept
11.555555555555555,60.60606060606061,Implement / Accept
11.555555555555555,61.61616161616162,Implement / Accept
11.555555555555555,62.62626262626263,Implement / Accept
11.555555555555555,63.63636363636364,Implement / Accept
11.555555555555555,64.64646464646465,Implement / Accept
11.555555555555555,65.65656565656566,Implement / Accept
11.555555555555555,66.66666666666667,Implement / Accept
11.555555555555555,67.67676767676768,Implement / Accept
11.555555555555555,68.68686868686869,Implement / Accept
11.555555555555555,69.6969696969697,Implement / Accept
11.555555555555555,70.70707070707071,Implement / Accept
11.555555555555555,71.71717171717172,Implement / Accept
11.555555555555555,72.72727272727273,Implement / Accept
11.555555555555555,73.73737373737374,Implement / Accept
11.555555555555555,74.74747474747475,Implement / Accept
11.555555555555555,75.75757575757576,Implement / Accept
11.555555555555555,76.76767676767678,Implement / Accept
11.555555555555555,77.77777777777779,Implement / Accept
11.555555555555555,78.7878787878788,Implement / Accept
11.555555555555555,79.7979797979798,Implement / Accept
11.555555555555555,80.80808080808082,Implement / Accept
11.555555555555555,81.81818181818183,Implement / Accept
11.555555555555555,82.82828282828284,Implement / Accept
11.555555555555555,83.83838383838385,Implement / Accept
11.555555555555555,84.84848484848486,Implement / Accept
11.555555555555555,85.85858585858587,Implement / Accept
11.555555555555555,86.86868686868688,Implement / Accept
11.555555555555555,87.87878787878789,Implement / Accept
11.555555555555555,88.8888888888889,Implement / Accept
11.555555555555555,89.89898989898991,Implement / Accept
11.555555555555555,90.90909090909092,Implement / Accept
11.555555555555555,91.91919191919193,Implement / Accept
11.555555555555555,92.92929292929294,Implement / Accept
11.555555555555555,93.93939393939395,Implement / Accept
11.555555555555555,94.94949494949496,Implement / Accept
11.555555555555555,95.95959595959597,Implement / Accept
11.555555555555555,96.96969696969697,Implement / Accept
11.555555555555555,97.97979797979798,Implement / Accept
11.555555555555555,98.98989898989899,Implement / Accept
11.555555555555555,100.0,Implement / Accept
11.777777777777777,0.0,Implement / Accept
11.777777777777777,1.0101010101010102,Implement / Accept
11.777777777777777,2.0202020202020203,Implement / Accept
11.777777777777777,3.0303030303030303,Implement / Accept
11.777777777777777,4.040404040404041,Implement / Accept
11.777777777777777,5.050505050505051,Implement / Accept
11.777777777777777,6.0606060606060606,Implement / Accept
11.777777777777777,7.070707070707071,Implement / Accept
11.777777777777777,8.080808080808081,Implement / Accept
11.777777777777777,9.090909090909092,Implement / Accept
11.777777777777777,10.101010101010102,Implement / Accept
11.777777777777777,11.111111111111112,Implement / Accept
11.777777777777777,12.121212121212121,Implement / Accept
11.777777777777777,13.131313131313131,Implement / Accept
11.777777777777777,14.141414141414142,Implement / Accept
11.777777777777777,15.151515151515152,Implement / Accept
11.777777777777777,16.161616161616163,Implement / Accept
11.777777777777777,17.171717171717173,Implement / Accept
11.777777777777777,18.181818181818183,Implement / Accept
11.777777777777777,19.191919191919194,Implement / Accept
11.777777777777777,20.202020202020204,Implement / Accept
11.777777777777777,21.212121212121215,Implement / Accept
11.777777777777777,22.222222222222225,Implement / Accept
11.777777777777777,23.232323232323235,Implement / Accept
11.777777777777777,24.242424242424242,Implement / Accept
11.777777777777777,25.252525252525253,Implement / Accept
11.777777777777777,26.262626262626263,Implement / Accept
11.777777777777777,27.272727272727273,Implement / Accept
11.777777777777777,28.282828282828284,Implement / Accept
11.777777777777777,29.292929292929294,Implement / Accept
11.777777777777777,30.303030303030305,Implement / Accept
11.777777777777777,31.313131313131315,Implement / Accept
11.777777777777777,32.323232323232325,Implement / Accept
11.777777777777777,33.333333333333336,Implement / Accept
11.777777777777777,34.343434343434346,Implement / Accept
11.777777777777777,35.35353535353536,Implement / Accept
11.777777777777777,36.36363636363637,Implement / Accept
11.777777777777777,37.37373737373738,Implement / Accept
11.777777777777777,38.38383838383839,Implement / Accept
11.777777777777777,39.3939393939394,Implement / Accept
11.777777777777777,40.40404040404041,Implement / Accept
11.777777777777777,41.41414141414142,Implement / Accept
11.777777777777777,42.42424242424243,Implement / Accept
11.777777777777777,43.43434343434344,Implement / Accept
11.777777777777777,44.44444444444445,Implement / Accept
11.777777777777777,45.45454545454546,Implement / Accept
11.777777777777777,46.46464646464647,Implement / Accept
11.777777777777777,47.47474747474748,Implement / Accept
11.777777777777777,48.484848484848484,Implement / Accept
11.777777777777777,49.494949494949495,Implement / Accept
11.777777777777777,50.505050505050505,Implement / Accept
11.777777777777777,51.515151515151516,Implement / Accept
11.777777777777777,52.525252525252526,Implement / Accept
11.777777777777777,53.535353535353536,Implement / Accept
11.777777777777777,54.54545454545455,Implement / Accept
11.777777777777777,55.55555555555556,Implement / Accept
11.777777777777777,56.56565656565657,Implement / Accept
11.777777777777777,57.57575757575758,Implement / Accept
11.777777777777777,58.58585858585859,Implement / Accept
11.777777777777777,59.5959595959596,Implement / Accept
11.777777777777777,60.60606060606061,Implement / Accept
11.777777777777777,61.61616161616162,Implement / Accept
11.777777777777777,62.62626262626263,Implement / Accept
11.777777777777777,63.63636363636364,Implement / Accept
11.777777777777777,64.64646464646465,Implement / Accept
11.777777777777777,65.65656565656566,Implement / Accept
11.777777777777777,66.66666666666667,Implement / Accept
11.777777777777777,67.67676767676768,Implement / Accept
11.777777777777777,68.68686868686869,Implement / Accept
11.777777777777777,69.6969696969697,Implement / Accept
11.777777777777777,70.70707070707071,Implement / Accept
11.777777777777777,71.71717171717172,Implement / Accept
11.777777777777777,72.72727272727273,Implement / Accept
11.777777777777777,73.73737373737374,Implement / Accept
11.777777777777777,74.74747474747475,Implement / Accept
11.777777777777777,75.75757575757576,Implement / Accept
11.777777777777777,76.76767676767678,Implement / Accept
11.777777777777777,77.77777777777779,Implement / Accept
11.777777777777777,78.7878787878788,Implement / Accept
11.777777777777777,79.7979797979798,Implement / Accept
11.777777777777777,80.80808080808082,Implement / Accept
11.777777777777777,81.81818181818183,Implement / Accept
11.777777777777777,82.82828282828284,Implement / Accept
11.777777777777777,83.83838383838385,Implement / Accept
11.777777777777777,84.84848484848486,Implement / Accept
11.777777777777777,85.85858585858587,Implement / Accept
11.777777777777777,86.86868686868688,Implement / Accept
11.777777777777777,87.87878787878789,Implement / Accept
11.777777777777777,88.8888888888889,Implement / Accept
11.777777777777777,89.89898989898991,Implement / Accept
11.777777777777777,90.90909090909092,Implement / Accept
11.777777777777777,91.91919191919193,Implement / Accept
11.777777777777777,92.92929292929294,Implement / Accept
11.777777777777777,93.93939393939395,Implement / Accept
11.777777777777777,94.94949494949496,Implement / Accept
11.777777777777777,95.95959595959597,Implement / Accept
11.777777777777777,96.96969696969697,Implement / Accept
11.777777777777777,97.97979797979798,Implement / Accept
11.777777777777777,98.98989898989899,Implement / Accept
11.777777777777777,100.0,Implement / Accept
12.0,0.0,Implement / Accept
12.0,1.0101010101010102,Implement / Accept
12.0,2.0202020202020203,Implement / Accept
12.0,3.0303030303030303,Implement / Accept
12.0,4.040404040404041,Implement / Accept
12.0,5.050505050505051,Implement / Accept
12.0,6.0606060606060606,Implement / Accept
12.0,7.070707070707071,Implement / Accept
12.0,8.080808080808081,Implement / Accept
12.0,9.090909090909092,Implement / Accept
12.0,10.101010101010102,Implement / Accept
12.0,11.111111111111112,Implement / Accept
12.0,12.121212121212121,Implement / Accept
12.0,13.131313131313131,Implement / Accept
12.0,14.141414141414142,Implement / Accept
12.0,15.151515151515152,Implement / Accept
12.0,16.161616161616163,Implement / Accept
12.0,17.171717171717173,Implement / Accept
12.0,18.181818181818183,Implement / Accept
12.0,19.191919191919194,Implement / Accept
12.0,20.202020202020204,Implement / Accept
12.0,21.212121212121215,Implement / Accept
12.0,22.222222222222225,Implement / Accept
12.0,23.232323232323235,Implement / Accept
12.0,24.242424242424242,Implement / Accept
12.0,25.252525252525253,Implement / Accept
12.0,26.262626262626263,Implement / Accept
12.0,27.272727272727273,Implement / Accept
12.0,28.282828282828284,Implement / Accept
12.0,29.292929292929294,Implement / Accept
12.0,30.303030303030305,Implement / Accept
12.0,31.313131313131315,Implement / Accept
12.0,32.323232323232325,Implement / Accept
12.0,33.333333333333336,Implement / Accept
12.0,34.343434343434346,Implement / Accept
12.0,35.35353535353536,Implement / Accept
12.0,36.36363636363637,Implement / Accept
12.0,37.37373737373738,Implement / Accept
12.0,38.38383838383839,Implement / Accept
12.0,39.3939393939394,Implement / Accept
12.0,40.40404040404041,Implement / Accept
12.0,41.41414141414142,Implement / Accept
12.0,42.42424242424243,Implement / Accept
12.0,43.43434343434344,Implement / Accept
12.0,44.44444444444445,Implement / Accept
12.0,45.45454545454546,Implement / Accept
12.0,46.46464646464647,Implement / Accept
12.0,47.47474747474748,Implement / Accept
12.0,48.484848484848484,Implement / Accept
12.0,49.494949494949495,Implement / Accept
12.0,50.505050505050505,Implement / Accept
12.0,51.515151515151516,Implement / Accept
12.0,52.525252525252526,Implement / Accept
12.0,53.535353535353536,Implement / Accept
12.0,54.54545454545455,Implement / Accept
12.0,55.55555555555556,Implement / Accept
12.0,56.56565656565657,Implement / Accept
12.0,57.57575757575758,Implement / Accept
12.0,58.58585858585859,Implement / Accept
12.0,59.5959595959596,Implement / Accept
12.0,60.60606060606061,Implement / Accept
12.0,61.61616161616162,Implement / Accept
12.0,62.62626262626263,Implement / Accept
12.0,63.63636363636364,Implement / Accept
12.0,64.64646464646465,Implement / Accept
12.0,65.65656565656566,Implement / Accept
12.0,66.66666666666667,Implement / Accept
12.0,67.67676767676768,Implement / Accept
12.0,68.68686868686869,Implement / Accept
12.0,69.6969696969697,Implement / Accept
12.0,70.70707070707071,Implement / Accept
12.0,71.71717171717172,Implement / Accept
12.0,72.72727272727273,Implement / Accept
12.0,73.73737373737374,Implement / Accept
12.0,74.74747474747475,Implement / Accept
12.0,75.75757575757576,Implement / Accept
12.0,76.76767676767678,Implement / Accept
12.0,77.77777777777779,Implement / Accept
12.0,78.7878787878788,Implement / Accept
12.0,79.7979797979798,Implement / Accept
12.0,80.80808080808082,Implement / Accept
12.0,81.81818181818183,Implement / Accept
12.0,82.82828282828284,Implement / Accept
12.0,83.83838383838385,Implement / Accept
12.0,84.84848484848486,Implement / Accept
12.0,85.85858585858587,Implement / Accept
12.0,86.86868686868688,Implement / Accept
12.0,87.87878787878789,Implement / Accept
12.0,88.8888888888889,Implement / Accept
12.0,89.89898989898991,Implement / Accept
12.0,90.90909090909092,Implement / Accept
12.0,91.91919191919193,Implement / Accept
12.0,92.92929292929294,Implement / Accept
12.0,93.93939393939395,Implement / Accept
12.0,94.94949494949496,Implement / Accept
12.0,95.95959595959597,Implement / Accept
12.0,96.96969696969697,Implement / Accept
12.0,97.97979797979798,Implement / Accept
12.0,98.98989898989899,Implement / Accept
12.0,100.0,Implement / Accept
12.222222222222221,0.0,Implement / Accept
12.222222222222221,1.0101010101010102,Implement / Accept
12.222222222222221,2.0202020202020203,Implement / Accept
12.222222222222221,3.0303030303030303,Implement / Accept
12.222222222222221,4.040404040404041,Implement / Accept
12.222222222222221,5.050505050505051,Implement / Accept
12.222222222222221,6.0606060606060606,Implement / Accept
12.222222222222221,7.070707070707071,Implement / Accept
12.222222222222221,8.080808080808081,Implement / Accept
12.222222222222221,9.090909090909092,Implement / Accept
12.222222222222221,10.101010101010102,Implement / Accept
12.222222222222221,11.111111111111112,Implement / Accept
12.222222222222221,12.121212121212121,Implement / Accept
12.222222222222221,13.131313131313131,Implement / Accept
12.222222222222221,14.141414141414142,Implement / Accept
12.222222222222221,15.151515151515152,Implement / Accept
12.222222222222221,16.161616161616163,Implement / Accept
12.222222222222221,17.171717171717173,Implement / Accept
12.222222222222221,18.181818181818183,Implement / Accept
12.222222222222221,19.191919191919194,Implement / Accept
12.222222222222221,20.202020202020204,Implement / Accept
12.222222222222221,21.212121212121215,Implement / Accept
12.222222222222221,22.222222222222225,Implement / Accept
12.222222222222221,23.232323232323235,Implement / Accept
12.222222222222221,24.242424242424242,Implement / Accept
12.222222222222221,25.252525252525253,Implement / Accept
12.222222222222221,26.262626262626263,Implement / Accept
12.222222222222221,27.272727272727273,Implement / Accept
12.222222222222221,28.282828282828284,Implement / Accept
12.222222222222221,29.292929292929294,Implement / Accept
12.222222222222221,30.303030303030305,Implement / Accept
12.222222222222221,31.313131313131315,Implement / Accept
12.222222222222221,32.323232323232325,Implement / Accept
12.222222222222221,33.333333333333336,Implement / Accept
12.222222222222221,34.343434343434346,Implement / Accept
12.222222222222221,35.35353535353536,Implement / Accept
12.222222222222221,36.36363636363637,Implement / Accept
12.222222222222221,37.37373737373738,Implement / Accept
12.222222222222221,38.38383838383839,Implement / Accept
12.222222222222221,39.3939393939394,Implement / Accept
12.222222222222221,40.40404040404041,Implement / Accept
12.222222222222221,41.41414141414142,Implement / Accept
12.222222222222221,42.42424242424243,Implement / Accept
12.222222222222221,43.43434343434344,Implement / Accept
12.222222222222221,44.44444444444445,Implement / Accept
12.222222222222221,45.45454545454546,Implement / Accept
12.222222222222221,46.46464646464647,Implement / Accept
12.222222222222221,47.47474747474748,Implement / Accept
12.222222222222221,48.484848484848484,Implement / Accept
12.222222222222221,49.494949494949495,Implement / Accept
12.222222222222221,50.505050505050505,Implement / Accept
12.222222222222221,51.515151515151516,Implement / Accept
12.222222222222221,52.525252525252526,Implement / Accept
12.222222222222221,53.535353535353536,Implement / Accept
12.222222222222221,54.54545454545455,Implement / Accept
12.222222222222221,55.55555555555556,Implement / Accept
12.222222222222221,56.56565656565657,Implement / Accept
12.222222222222221,57.57575757575758,Implement / Accept
12.222222222222221,58.58585858585859,Implement / Accept
12.222222222222221,59.5959595959596,Implement / Accept
12.222222222222221,60.60606060606061,Implement / Accept
12.222222222222221,61.61616161616162,Implement / Accept
12.222222222222221,62.62626262626263,Implement / Accept
12.222222222222221,63.63636363636364,Implement / Accept
12.222222222222221,64.64646464646465,Implement / Accept
12.222222222222221,65.65656565656566,Implement / Accept
12.222222222222221,66.66666666666667,Implement / Accept
12.222222222222221,67.67676767676768,Implement / Accept
12.222222222222221,68.68686868686869,Implement / Accept
12.222222222222221,69.6969696969697,Implement / Accept
12.222222222222221,70.70707070707071,Implement / Accept
12.222222222222221,71.71717171717172,Implement / Accept
12.222222222222221,72.72727272727273,Implement / Accept
12.222222222222221,73.73737373737374,Implement / Accept
12.222222222222221,74.74747474747475,Implement / Accept
12.222222222222221,75.75757575757576,Implement / Accept
12.222222222222221,76.76767676767678,Implement / Accept
12.222222222222221,77.77777777777779,Implement / Accept
12.222222222222221,78.7878787878788,Implement / Accept
12.222222222222221,79.7979797979798,Implement / Accept
12.222222222222221,80.80808080808082,Implement / Accept
12.222222222222221,81.81818181818183,Implement / Accept
12.222222222222221,82.82828282828284,Implement / Accept
12.222222222222221,83.83838383838385,Implement / Accept
12.222222222222221,84.84848484848486,Implement / Accept
12.222222222222221,85.85858585858587,Implement / Accept
12.222222222222221,86.86868686868688,Implement / Accept
12.222222222222221,87.87878787878789,Implement / Accept
12.222222222222221,88.8888888888889,Implement / Accept
12.222222222222221,89.89898989898991,Implement / Accept
12.222222222222221,90.90909090909092,Implement / Accept
12.222222222222221,91.91919191919193,Implement / Accept
12.222222222222221,92.92929292929294,Implement / Accept
12.222222222222221,93.93939393939395,Implement / Accept
12.222222222222221,94.94949494949496,Implement / Accept
12.222222222222221,95.95959595959597,Implement / Accept
12.222222222222221,96.96969696969697,Implement / Accept
12.222222222222221,97.97979797979798,Implement / Accept
12.222222222222221,98.98989898989899,Implement / Accept
12.222222222222221,100.0,Implement / Accept
12.444444444444443,0.0,Implement / Accept
12.444444444444443,1.0101010101010102,Implement / Accept
12.444444444444443,2.0202020202020203,Implement / Accept
12.444444444444443,3.0303030303030303,Implement / Accept
12.444444444444443,4.040404040404041,Implement / Accept
12.444444444444443,5.050505050505051,Implement / Accept
12.444444444444443,6.0606060606060606,Implement / Accept
12.444444444444443,7.070707070707071,Implement / Accept
12.444444444444443,8.080808080808081,Implement / Accept
12.444444444444443,9.090909090909092,Implement / Accept
12.444444444444443,10.101010101010102,Implement / Accept
12.444444444444443,11.111111111111112,Implement / Accept
12.444444444444443,12.121212121212121,Implement / Accept
12.444444444444443,13.131313131313131,Implement / Accept
12.444444444444443,14.141414141414142,Implement / Accept
12.444444444444443,15.151515151515152,Implement / Accept
12.444444444444443,16.161616161616163,Implement / Accept
12.444444444444443,17.171717171717173,Implement / Accept
12.444444444444443,18.181818181818183,Implement / Accept
12.444444444444443,19.191919191919194,Implement / Accept
12.444444444444443,20.202020202020204,Implement / Accept
12.444444444444443,21.212121212121215,Implement / Accept
12.444444444444443,22.222222222222225,Implement / Accept
12.444444444444443,23.232323232323235,Implement / Accept
12.444444444444443,24.242424242424242,Implement / Accept
12.444444444444443,25.252525252525253,Implement / Accept
12.444444444444443,26.262626262626263,Implement / Accept
12.444444444444443,27.272727272727273,Implement / Accept
12.444444444444443,28.282828282828284,Implement / Accept
12.444444444444443,29.292929292929294,Implement / Accept
12.444444444444443,30.303030303030305,Implement / Accept
12.444444444444443,31.313131313131315,Implement / Accept
12.444444444444443,32.323232323232325,Implement / Accept
12.444444444444443,33.333333333333336,Implement / Accept
12.444444444444443,34.343434343434346,Implement / Accept
12.444444444444443,35.35353535353536,Implement / Accept
12.444444444444443,36.36363636363637,Implement / Accept
12.444444444444443,37.37373737373738,Implement / Accept
12.444444444444443,38.38383838383839,Implement / Accept
12.444444444444443,39.3939393939394,Implement / Accept
12.444444444444443,40.40404040404041,Implement / Accept
12.444444444444443,41.41414141414142,Implement / Accept
12.444444444444443,42.42424242424243,Implement / Accept
12.444444444444443,43.43434343434344,Implement / Accept
12.444444444444443,44.44444444444445,Implement / Accept
12.444444444444443,45.45454545454546,Implement / Accept
12.444444444444443,46.46464646464647,Implement / Accept
12.444444444444443,47.47474747474748,Implement / Accept
12.444444444444443,48.484848484848484,Implement / Accept
12.444444444444443,49.494949494949495,Implement / Accept
12.444444444444443,50.505050505050505,Implement / Accept
12.444444444444443,51.515151515151516,Implement / Accept
12.444444444444443,52.525252525252526,Implement / Accept
12.444444444444443,53.535353535353536,Implement / Accept
12.444444444444443,54.54545454545455,Implement / Accept
12.444444444444443,55.55555555555556,Implement / Accept
12.444444444444443,56.56565656565657,Implement / Accept
12.444444444444443,57.57575757575758,Implement / Accept
12.444444444444443,58.58585858585859,Implement / Accept
12.444444444444443,59.5959595959596,Implement / Accept
12.444444444444443,60.60606060606061,Implement / Accept
12.444444444444443,61.61616161616162,Implement / Accept
12.444444444444443,62.62626262626263,Implement / Accept
12.444444444444443,63.63636363636364,Implement / Accept
12.444444444444443,64.64646464646465,Implement / Accept
12.444444444444443,65.65656565656566,Implement / Accept
12.444444444444443,66.66666666666667,Implement / Accept
12.444444444444443,67.67676767676768,Implement / Accept
12.444444444444443,68.68686868686869,Implement / Accept
12.444444444444443,69.6969696969697,Implement / Accept
12.444444444444443,70.70707070707071,Implement / Accept
12.444444444444443,71.71717171717172,Implement / Accept
12.444444444444443,72.72727272727273,Implement / Accept
12.444444444444443,73.73737373737374,Implement / Accept
12.444444444444443,74.74747474747475,Implement / Accept
12.444444444444443,75.75757575757576,Implement / Accept
12.444444444444443,76.76767676767678,Implement / Accept
12.444444444444443,77.77777777777779,Implement / Accept
12.444444444444443,78.7878787878788,Implement / Accept
12.444444444444443,79.7979797979798,Implement / Accept
12.444444444444443,80.80808080808082,Implement / Accept
12.444444444444443,81.81818181818183,Implement / Accept
12.444444444444443,82.82828282828284,Implement / Accept
12.444444444444443,83.83838383838385,Implement / Accept
12.444444444444443,84.84848484848486,Implement / Accept
12.444444444444443,85.85858585858587,Implement / Accept
12.444444444444443,86.86868686868688,Implement / Accept
12.444444444444443,87.87878787878789,Implement / Accept
12.444444444444443,88.8888888888889,Implement / Accept
12.444444444444443,89.89898989898991,Implement / Accept
12.444444444444443,90.90909090909092,Implement / Accept
12.444444444444443,91.91919191919193,Implement / Accept
12.444444444444443,92.92929292929294,Implement / Accept
12.444444444444443,93.93939393939395,Implement / Accept
12.444444444444443,94.94949494949496,Implement / Accept
12.444444444444443,95.95959595959597,Implement / Accept
12.444444444444443,96.96969696969697,Implement / Accept
12.444444444444443,97.97979797979798,Implement / Accept
12.444444444444443,98.98989898989899,Implement / Accept
12.444444444444443,100.0,Implement / Accept
12.666666666666666,0.0,Implement / Accept
12.666666666666666,1.0101010101010102,Implement / Accept
12.666666666666666,2.0202020202020203,Implement / Accept
12.666666666666666,3.0303030303030303,Implement / Accept
12.666666666666666,4.040404040404041,Implement / Accept
12.666666666666666,5.050505050505051,Implement / Accept
12.666666666666666,6.0606060606060606,Implement / Accept
12.666666666666666,7.070707070707071,Implement / Accept
12.666666666666666,8.080808080808081,Implement / Accept
12.666666666666666,9.090909090909092,Implement / Accept
12.666666666666666,10.101010101010102,Implement / Accept
12.666666666666666,11.111111111111112,Implement / Accept
12.666666666666666,12.121212121212121,Implement / Accept
12.666666666666666,13.131313131313131,Implement / Accept
12.666666666666666,14.141414141414142,Implement / Accept
12.666666666666666,15.151515151515152,Implement / Accept
12.666666666666666,16.161616161616163,Implement / Accept
12.666666666666666,17.171717171717173,Implement / Accept
12.666666666666666,18.181818181818183,Implement / Accept
12.666666666666666,19.191919191919194,Implement / Accept
12.666666666666666,20.202020202020204,Implement / Accept
12.666666666666666,21.212121212121215,Implement / Accept
12.666666666666666,22.222222222222225,Implement / Accept
12.666666666666666,23.232323232323235,Implement / Accept
12.666666666666666,24.242424242424242,Implement / Accept
12.666666666666666,25.252525252525253,Implement / Accept
12.666666666666666,26.262626262626263,Implement / Accept
12.666666666666666,27.272727272727273,Implement / Accept
12.666666666666666,28.282828282828284,Implement / Accept
12.666666666666666,29.292929292929294,Implement / Accept
12.666666666666666,30.303030303030305,Implement / Accept
12.666666666666666,31.313131313131315,Implement / Accept
12.666666666666666,32.323232323232325,Implement / Accept
12.666666666666666,33.333333333333336,Implement / Accept
12.666666666666666,34.343434343434346,Implement / Accept
12.666666666666666,35.35353535353536,Implement / Accept
12.666666666666666,36.36363636363637,Implement / Accept
12.666666666666666,37.37373737373738,Implement / Accept
12.666666666666666,38.38383838383839,Implement / Accept
12.666666666666666,39.3939393939394,Implement / Accept
12.666666666666666,40.40404040404041,Implement / Accept
12.666666666666666,41.41414141414142,Implement / Accept
12.666666666666666,42.42424242424243,Implement / Accept
12.666666666666666,43.43434343434344,Implement / Accept
12.666666666666666,44.44444444444445,Implement / Accept
12.666666666666666,45.45454545454546,Implement / Accept
12.666666666666666,46.46464646464647,Implement / Accept
12.666666666666666,47.47474747474748,Implement / Accept
12.666666666666666,48.484848484848484,Implement / Accept
12.666666666666666,49.494949494949495,Implement / Accept
12.666666666666666,50.505050505050505,Implement / Accept
12.666666666666666,51.515151515151516,Implement / Accept
12.666666666666666,52.525252525252526,Implement / Accept
12.666666666666666,53.535353535353536,Implement / Accept
12.666666666666666,54.54545454545455,Implement / Accept
12.666666666666666,55.55555555555556,Implement / Accept
12.666666666666666,56.56565656565657,Implement / Accept
12.666666666666666,57.57575757575758,Implement / Accept
12.666666666666666,58.58585858585859,Implement / Accept
12.666666666666666,59.5959595959596,Implement / Accept
12.666666666666666,60.60606060606061,Implement / Accept
12.666666666666666,61.61616161616162,Implement / Accept
12.666666666666666,62.62626262626263,Implement / Accept
12.666666666666666,63.63636363636364,Implement / Accept
12.666666666666666,64.64646464646465,Implement / Accept
12.666666666666666,65.65656565656566,Implement / Accept
12.666666666666666,66.66666666666667,Implement / Accept
12.666666666666666,67.67676767676768,Implement / Accept
12.666666666666666,68.68686868686869,Implement / Accept
12.666666666666666,69.6969696969697,Implement / Accept
12.666666666666666,70.70707070707071,Implement / Accept
12.666666666666666,71.71717171717172,Implement / Accept
12.666666666666666,72.72727272727273,Implement / Accept
12.666666666666666,73.73737373737374,Implement / Accept
12.666666666666666,74.74747474747475,Implement / Accept
12.666666666666666,75.75757575757576,Implement / Accept
12.666666666666666,76.76767676767678,Implement / Accept
12.666666666666666,77.77777777777779,Implement / Accept
12.666666666666666,78.7878787878788,Implement / Accept
12.666666666666666,79.7979797979798,Implement / Accept
12.666666666666666,80.80808080808082,Implement / Accept
12.666666666666666,81.81818181818183,Implement / Accept
12.666666666666666,82.82828282828284,Implement / Accept
12.666666666666666,83.83838383838385,Implement / Accept
12.666666666666666,84.84848484848486,Implement / Accept
12.666666666666666,85.85858585858587,Implement / Accept
12.666666666666666,86.86868686868688,Implement / Accept
12.666666666666666,87.87878787878789,Implement / Accept
12.666666666666666,88.8888888888889,Implement / Accept
12.666666666666666,89.89898989898991,Implement / Accept
12.666666666666666,90.90909090909092,Implement / Accept
12.666666666666666,91.91919191919193,Implement / Accept
12.666666666666666,92.92929292929294,Implement / Accept
12.666666666666666,93.93939393939395,Implement / Accept
12.666666666666666,94.94949494949496,Implement / Accept
12.666666666666666,95.95959595959597,Implement / Accept
12.666666666666666,96.96969696969697,Implement / Accept
12.666666666666666,97.97979797979798,Implement / Accept
12.666666666666666,98.98989898989899,Implement / Accept
12.666666666666666,100.0,Implement / Accept
12.888888888888888,0.0,Implement / Accept
12.888888888888888,1.0101010101010102,Implement / Accept
12.888888888888888,2.0202020202020203,Implement / Accept
12.888888888888888,3.0303030303030303,Implement / Accept
12.888888888888888,4.040404040404041,Implement / Accept
12.888888888888888,5.050505050505051,Implement / Accept
12.888888888888888,6.0606060606060606,Implement / Accept
12.888888888888888,7.070707070707071,Implement / Accept
12.888888888888888,8.080808080808081,Implement / Accept
12.888888888888888,9.090909090909092,Implement / Accept
12.888888888888888,10.101010101010102,Implement / Accept
12.888888888888888,11.111111111111112,Implement / Accept
12.888888888888888,12.121212121212121,Implement / Accept
12.888888888888888,13.131313131313131,Implement / Accept
12.888888888888888,14.141414141414142,Implement / Accept
12.888888888888888,15.151515151515152,Implement / Accept
12.888888888888888,16.161616161616163,Implement / Accept
12.888888888888888,17.171717171717173,Implement / Accept
12.888888888888888,18.181818181818183,Implement / Accept
12.888888888888888,19.191919191919194,Implement / Accept
12.888888888888888,20.202020202020204,Implement / Accept
12.888888888888888,21.212121212121215,Implement / Accept
12.888888888888888,22.222222222222225,Implement / Accept
12.888888888888888,23.232323232323235,Implement / Accept
12.888888888888888,24.242424242424242,Implement / Accept
12.888888888888888,25.252525252525253,Implement / Accept
12.888888888888888,26.262626262626263,Implement / Accept
12.888888888888888,27.272727272727273,Implement / Accept
12.888888888888888,28.282828282828284,Implement / Accept
12.888888888888888,29.292929292929294,Implement / Accept
12.888888888888888,30.303030303030305,Implement / Accept
12.888888888888888,31.313131313131315,Implement / Accept
12.888888888888888,32.323232323232325,Implement / Accept
12.888888888888888,33.333333333333336,Implement / Accept
12.888888888888888,34.343434343434346,Implement / Accept
12.888888888888888,35.35353535353536,Implement / Accept
12.888888888888888,36.36363636363637,Implement / Accept
12.888888888888888,37.37373737373738,Implement / Accept
12.888888888888888,38.38383838383839,Implement / Accept
12.888888888888888,39.3939393939394,Implement / Accept
12.888888888888888,40.40404040404041,Implement / Accept
12.888888888888888,41.41414141414142,Implement / Accept
12.888888888888888,42.42424242424243,Implement / Accept
12.888888888888888,43.43434343434344,Implement / Accept
12.888888888888888,44.44444444444445,Implement / Accept
12.888888888888888,45.45454545454546,Implement / Accept
12.888888888888888,46.46464646464647,Implement / Accept
12.888888888888888,47.47474747474748,Implement / Accept
12.888888888888888,48.484848484848484,Implement / Accept
12.888888888888888,49.494949494949495,Implement / Accept
12.888888888888888,50.505050505050505,Implement / Accept
12.888888888888888,51.515151515151516,Implement / Accept
12.888888888888888,52.525252525252526,Implement / Accept
12.888888888888888,53.535353535353536,Implement / Accept
12.888888888888888,54.54545454545455,Implement / Accept
12.888888888888888,55.55555555555556,Implement / Accept
12.888888888888888,56.56565656565657,Implement / Accept
12.888888888888888,57.57575757575758,Implement / Accept
12.888888888888888,58.58585858585859,Implement / Accept
12.888888888888888,59.5959595959596,Implement / Accept
12.888888888888888,60.60606060606061,Implement / Accept
12.888888888888888,61.61616161616162,Implement / Accept
12.888888888888888,62.62626262626263,Implement / Accept
12.888888888888888,63.63636363636364,Implement / Accept
12.888888888888888,64.64646464646465,Implement / Accept
12.888888888888888,65.65656565656566,Implement / Accept
12.888888888888888,66.66666666666667,Implement / Accept
12.888888888888888,67.67676767676768,Implement / Accept
12.888888888888888,68.68686868686869,Implement / Accept
12.888888888888888,69.6969696969697,Implement / Accept
12.888888888888888,70.70707070707071,Implement / Accept
12.888888888888888,71.71717171717172,Implement / Accept
12.888888888888888,72.72727272727273,Implement / Accept
12.888888888888888,73.73737373737374,Implement / Accept
12.888888888888888,74.74747474747475,Implement / Accept
12.888888888888888,75.75757575757576,Implement / Accept
12.888888888888888,76.76767676767678,Implement / Accept
12.888888888888888,77.77777777777779,Implement / Accept
12.888888888888888,78.7878787878788,Implement / Accept
12.888888888888888,79.7979797979798,Implement / Accept
12.888888888888888,80.80808080808082,Implement / Accept
12.888888888888888,81.81818181818183,Implement / Accept
12.888888888888888,82.82828282828284,Implement / Accept
12.888888888888888,83.83838383838385,Implement / Accept
12.888888888888888,84.84848484848486,Implement / Accept
12.888888888888888,85.85858585858587,Implement / Accept
12.888888888888888,86.86868686868688,Implement / Accept
12.888888888888888,87.87878787878789,Implement / Accept
12.888888888888888,88.8888888888889,Implement / Accept
12.888888888888888,89.89898989898991,Implement / Accept
12.888888888888888,90.90909090909092,Implement / Accept
12.888888888888888,91.91919191919193,Implement / Accept
12.888888888888888,92.92929292929294,Implement / Accept
12.888888888888888,93.93939393939395,Implement / Accept
12.888888888888888,94.94949494949496,Implement / Accept
12.888888888888888,95.95959595959597,Implement / Accept
12.888888888888888,96.96969696969697,Implement / Accept
12.888888888888888,97.97979797979798,Implement / Accept
12.888888888888888,98.98989898989899,Implement / Accept
12.888888888888888,100.0,Implement / Accept
13.11111111111111,0.0,Implement / Accept
13.11111111111111,1.0101010101010102,Implement / Accept
13.11111111111111,2.0202020202020203,Implement / Accept
13.11111111111111,3.0303030303030303,Implement / Accept
13.11111111111111,4.040404040404041,Implement / Accept
13.11111111111111,5.050505050505051,Implement / Accept
13.11111111111111,6.0606060606060606,Implement / Accept
13.11111111111111,7.070707070707071,Implement / Accept
13.11111111111111,8.080808080808081,Implement / Accept
13.11111111111111,9.090909090909092,Implement / Accept
13.11111111111111,10.101010101010102,Implement / Accept
13.11111111111111,11.111111111111112,Implement / Accept
13.11111111111111,12.121212121212121,Implement / Accept
13.11111111111111,13.131313131313131,Implement / Accept
13.11111111111111,14.141414141414142,Implement / Accept
13.11111111111111,15.151515151515152,Implement / Accept
13.11111111111111,16.161616161616163,Implement / Accept
13.11111111111111,17.171717171717173,Implement / Accept
13.11111111111111,18.181818181818183,Implement / Accept
13.11111111111111,19.191919191919194,Implement / Accept
13.11111111111111,20.202020202020204,Implement / Accept
13.11111111111111,21.212121212121215,Implement / Accept
13.11111111111111,22.222222222222225,Implement / Accept
13.11111111111111,23.232323232323235,Implement / Accept
13.11111111111111,24.242424242424242,Implement / Accept
13.11111111111111,25.252525252525253,Implement / Accept
13.11111111111111,26.262626262626263,Implement / Accept
13.11111111111111,27.272727272727273,Implement / Accept
13.11111111111111,28.282828282828284,Implement / Accept
13.11111111111111,29.292929292929294,Implement / Accept
13.11111111111111,30.303030303030305,Implement / Accept
13.11111111111111,31.313131313131315,Implement / Accept
13.11111111111111,32.323232323232325,Implement / Accept
13.11111111111111,33.333333333333336,Implement / Accept
13.11111111111111,34.343434343434346,Implement / Accept
13.11111111111111,35.35353535353536,Implement / Accept
13.11111111111111,36.36363636363637,Implement / Accept
13.11111111111111,37.37373737373738,Implement / Accept
13.11111111111111,38.38383838383839,Implement / Accept
13.11111111111111,39.3939393939394,Implement / Accept
13.11111111111111,40.40404040404041,Implement / Accept
13.11111111111111,41.41414141414142,Implement / Accept
13.11111111111111,42.42424242424243,Implement / Accept
13.11111111111111,43.43434343434344,Implement / Accept
13.11111111111111,44.44444444444445,Implement / Accept
13.11111111111111,45.45454545454546,Implement / Accept
13.11111111111111,46.46464646464647,Implement / Accept
13.11111111111111,47.47474747474748,Implement / Accept
13.11111111111111,48.484848484848484,Implement / Accept
13.11111111111111,49.494949494949495,Implement / Accept
13.11111111111111,50.505050505050505,Implement / Accept
13.11111111111111,51.515151515151516,Implement / Accept
13.11111111111111,52.525252525252526,Implement / Accept
13.11111111111111,53.535353535353536,Implement / Accept
13.11111111111111,54.54545454545455,Implement / Accept
13.11111111111111,55.55555555555556,Implement / Accept
13.11111111111111,56.56565656565657,Implement / Accept
13.11111111111111,57.57575757575758,Implement / Accept
13.11111111111111,58.58585858585859,Implement / Accept
13.11111111111111,59.5959595959596,Implement / Accept
13.11111111111111,60.60606060606061,Implement / Accept
13.11111111111111,61.61616161616162,Implement / Accept
13.11111111111111,62.62626262626263,Implement / Accept
13.11111111111111,63.63636363636364,Implement / Accept
13.11111111111111,64.64646464646465,Implement / Accept
13.11111111111111,65.65656565656566,Implement / Accept
13.11111111111111,66.66666666666667,Implement / Accept
13.11111111111111,67.67676767676768,Implement / Accept
13.11111111111111,68.68686868686869,Implement / Accept
13.11111111111111,69.6969696969697,Implement / Accept
13.11111111111111,70.70707070707071,Implement / Accept
13.11111111111111,71.71717171717172,Implement / Accept
13.11111111111111,72.72727272727273,Implement / Accept
13.11111111111111,73.73737373737374,Implement / Accept
13.11111111111111,74.74747474747475,Implement / Accept
13.11111111111111,75.75757575757576,Implement / Accept
13.11111111111111,76.76767676767678,Implement / Accept
13.11111111111111,77.77777777777779,Implement / Accept
13.11111111111111,78.7878787878788,Implement / Accept
13.11111111111111,79.7979797979798,Implement / Accept
13.11111111111111,80.80808080808082,Implement / Accept
13.11111111111111,81.81818181818183,Implement / Accept
13.11111111111111,82.82828282828284,Implement / Accept
13.11111111111111,83.83838383838385,Implement / Accept
13.11111111111111,84.84848484848486,Implement / Accept
13.11111111111111,85.85858585858587,Implement / Accept
13.11111111111111,86.86868686868688,Implement / Accept
13.11111111111111,87.87878787878789,Implement / Accept
13.11111111111111,88.8888888888889,Implement / Accept
13.11111111111111,89.89898989898991,Implement / Accept
13.11111111111111,90.90909090909092,Implement / Accept
13.11111111111111,91.91919191919193,Implement / Accept
13.11111111111111,92.92929292929294,Implement / Accept
13.11111111111111,93.93939393939395,Implement / Accept
13.11111111111111,94.94949494949496,Implement / Accept
13.11111111111111,95.95959595959597,Implement / Accept
13.11111111111111,96.96969696969697,Implement / Accept
13.11111111111111,97.97979797979798,Implement / Accept
13.11111111111111,98.98989898989899,Implement / Accept
13.11111111111111,100.0,Implement / Accept
13.333333333333332,0.0,Implement / Accept
13.333333333333332,1.0101010101010102,Implement / Accept
13.333333333333332,2.0202020202020203,Implement / Accept
13.333333333333332,3.0303030303030303,Implement / Accept
13.333333333333332,4.040404040404041,Implement / Accept
13.333333333333332,5.050505050505051,Implement / Accept
13.333333333333332,6.0606060606060606,Implement / Accept
13.333333333333332,7.070707070707071,Implement / Accept
13.333333333333332,8.080808080808081,Implement / Accept
13.333333333333332,9.090909090909092,Implement / Accept
13.333333333333332,10.101010101010102,Implement / Accept
13.333333333333332,11.111111111111112,Implement / Accept
13.333333333333332,12.121212121212121,Implement / Accept
13.333333333333332,13.131313131313131,Implement / Accept
13.333333333333332,14.141414141414142,Implement / Accept
13.333333333333332,15.151515151515152,Implement / Accept
13.333333333333332,16.161616161616163,Implement / Accept
13.333333333333332,17.171717171717173,Implement / Accept
13.333333333333332,18.181818181818183,Implement / Accept
13.333333333333332,19.191919191919194,Implement / Accept
13.333333333333332,20.202020202020204,Implement / Accept
13.333333333333332,21.212121212121215,Implement / Accept
13.333333333333332,22.222222222222225,Implement / Accept
13.333333333333332,23.232323232323235,Implement / Accept
13.333333333333332,24.242424242424242,Implement / Accept
13.333333333333332,25.252525252525253,Implement / Accept
13.333333333333332,26.262626262626263,Implement / Accept
13.333333333333332,27.272727272727273,Implement / Accept
13.333333333333332,28.282828282828284,Implement / Accept
13.333333333333332,29.292929292929294,Implement / Accept
13.333333333333332,30.303030303030305,Implement / Accept
13.333333333333332,31.313131313131315,Implement / Accept
13.333333333333332,32.323232323232325,Implement / Accept
13.333333333333332,33.333333333333336,Implement / Accept
13.333333333333332,34.343434343434346,Implement / Accept
13.333333333333332,35.35353535353536,Implement / Accept
13.333333333333332,36.36363636363637,Implement / Accept
13.333333333333332,37.37373737373738,Implement / Accept
13.333333333333332,38.38383838383839,Implement / Accept
13.333333333333332,39.3939393939394,Implement / Accept
13.333333333333332,40.40404040404041,Implement / Accept
13.333333333333332,41.41414141414142,Implement / Accept
13.333333333333332,42.42424242424243,Implement / Accept
13.333333333333332,43.43434343434344,Implement / Accept
13.333333333333332,44.44444444444445,Implement / Accept
13.333333333333332,45.45454545454546,Implement / Accept
13.333333333333332,46.46464646464647,Implement / Accept
13.333333333333332,47.47474747474748,Implement / Accept
13.333333333333332,48.484848484848484,Implement / Accept
13.333333333333332,49.494949494949495,Implement / Accept
13.333333333333332,50.505050505050505,Implement / Accept
13.333333333333332,51.515151515151516,Implement / Accept
13.333333333333332,52.525252525252526,Implement / Accept
13.333333333333332,53.535353535353536,Implement / Accept
13.333333333333332,54.54545454545455,Implement / Accept
13.333333333333332,55.55555555555556,Implement / Accept
13.333333333333332,56.56565656565657,Implement / Accept
13.333333333333332,57.57575757575758,Implement / Accept
13.333333333333332,58.58585858585859,Implement / Accept
13.333333333333332,59.5959595959596,Implement / Accept
13.333333333333332,60.60606060606061,Implement / Accept
13.333333333333332,61.61616161616162,Implement / Accept
13.333333333333332,62.62626262626263,Implement / Accept
13.333333333333332,63.63636363636364,Implement / Accept
13.333333333333332,64.64646464646465,Implement / Accept
13.333333333333332,65.65656565656566,Implement / Accept
13.333333333333332,66.66666666666667,Implement / Accept
13.333333333333332,67.67676767676768,Implement / Accept
13.333333333333332,68.68686868686869,Implement / Accept
13.333333333333332,69.6969696969697,Implement / Accept
13.333333333333332,70.70707070707071,Implement / Accept
13.333333333333332,71.71717171717172,Implement / Accept
13.333333333333332,72.72727272727273,Implement / Accept
13.333333333333332,73.73737373737374,Implement / Accept
13.333333333333332,74.74747474747475,Implement / Accept
13.333333333333332,75.75757575757576,Implement / Accept
13.333333333333332,76.76767676767678,Implement / Accept
13.333333333333332,77.77777777777779,Implement / Accept
13.333333333333332,78.7878787878788,Implement / Accept
13.333333333333332,79.7979797979798,Implement / Accept
13.333333333333332,80.80808080808082,Implement / Accept
13.333333333333332,81.81818181818183,Implement / Accept
13.333333333333332,82.82828282828284,Implement / Accept
13.333333333333332,83.83838383838385,Implement / Accept
13.333333333333332,84.84848484848486,Implement / Accept
13.333333333333332,85.85858585858587,Implement / Accept
13.333333333333332,86.86868686868688,Implement / Accept
13.333333333333332,87.87878787878789,Implement / Accept
13.333333333333332,88.8888888888889,Implement / Accept
13.333333333333332,89.89898989898991,Implement / Accept
13.333333333333332,90.90909090909092,Implement / Accept
13.333333333333332,91.91919191919193,Implement / Accept
13.333333333333332,92.92929292929294,Implement / Accept
13.333333333333332,93.93939393939395,Implement / Accept
13.333333333333332,94.94949494949496,Implement / Accept
13.333333333333332,95.95959595959597,Implement / Accept
13.333333333333332,96.96969696969697,Implement / Accept
13.333333333333332,97.97979797979798,Implement / Accept
13.333333333333332,98.98989898989899,Implement / Accept
13.333333333333332,100.0,Implement / Accept
13.555555555555555,0.0,Implement / Accept
13.555555555555555,1.0101010101010102,Implement / Accept
13.555555555555555,2.0202020202020203,Implement / Accept
13.555555555555555,3.0303030303030303,Implement / Accept
13.555555555555555,4.040404040404041,Implement / Accept
13.555555555555555,5.050505050505051,Implement / Accept
13.555555555555555,6.0606060606060606,Implement / Accept
13.555555555555555,7.070707070707071,Implement / Accept
13.555555555555555,8.080808080808081,Implement / Accept
13.555555555555555,9.090909090909092,Implement / Accept
13.555555555555555,10.101010101010102,Implement / Accept
13.555555555555555,11.111111111111112,Implement / Accept
13.555555555555555,12.121212121212121,Implement / Accept
13.555555555555555,13.131313131313131,Implement / Accept
13.555555555555555,14.141414141414142,Implement / Accept
13.555555555555555,15.151515151515152,Implement / Accept
13.555555555555555,16.161616161616163,Implement / Accept
13.555555555555555,17.171717171717173,Implement / Accept
13.555555555555555,18.181818181818183,Implement / Accept
13.555555555555555,19.191919191919194,Implement / Accept
13.555555555555555,20.202020202020204,Implement / Accept
13.555555555555555,21.212121212121215,Implement / Accept
13.555555555555555,22.222222222222225,Implement / Accept
13.555555555555555,23.232323232323235,Implement / Accept
13.555555555555555,24.242424242424242,Implement / Accept
13.555555555555555,25.252525252525253,Implement / Accept
13.555555555555555,26.262626262626263,Implement / Accept
13.555555555555555,27.272727272727273,Implement / Accept
13.555555555555555,28.282828282828284,Implement / Accept
13.555555555555555,29.292929292929294,Implement / Accept
13.555555555555555,30.303030303030305,Implement / Accept
13.555555555555555,31.313131313131315,Implement / Accept
13.555555555555555,32.323232323232325,Implement / Accept
13.555555555555555,33.333333333333336,Implement / Accept
13.555555555555555,34.343434343434346,Implement / Accept
13.555555555555555,35.35353535353536,Implement / Accept
13.555555555555555,36.36363636363637,Implement / Accept
13.555555555555555,37.37373737373738,Implement / Accept
13.555555555555555,38.38383838383839,Implement / Accept
13.555555555555555,39.3939393939394,Implement / Accept
13.555555555555555,40.40404040404041,Implement / Accept
13.555555555555555,41.41414141414142,Implement / Accept
13.555555555555555,42.42424242424243,Implement / Accept
13.555555555555555,43.43434343434344,Implement / Accept
13.555555555555555,44.44444444444445,Implement / Accept
13.555555555555555,45.45454545454546,Implement / Accept
13.555555555555555,46.46464646464647,Implement / Accept
13.555555555555555,47.47474747474748,Implement / Accept
13.555555555555555,48.484848484848484,Implement / Accept
13.555555555555555,49.494949494949495,Implement / Accept
13.555555555555555,50.505050505050505,Implement / Accept
13.555555555555555,51.515151515151516,Implement / Accept
13.555555555555555,52.525252525252526,Implement / Accept
13.555555555555555,53.535353535353536,Implement / Accept
13.555555555555555,54.54545454545455,Implement / Accept
13.555555555555555,55.55555555555556,Implement / Accept
13.555555555555555,56.56565656565657,Implement / Accept
13.555555555555555,57.57575757575758,Implement / Accept
13.555555555555555,58.58585858585859,Implement / Accept
13.555555555555555,59.5959595959596,Implement / Accept
13.555555555555555,60.60606060606061,Implement / Accept
13.555555555555555,61.61616161616162,Implement / Accept
13.555555555555555,62.62626262626263,Implement / Accept
13.555555555555555,63.63636363636364,Implement / Accept
13.555555555555555,64.64646464646465,Implement / Accept
13.555555555555555,65.65656565656566,Implement / Accept
13.555555555555555,66.66666666666667,Implement / Accept
13.555555555555555,67.67676767676768,Implement / Accept
13.555555555555555,68.68686868686869,Implement / Accept
13.555555555555555,69.6969696969697,Implement / Accept
13.555555555555555,70.70707070707071,Implement / Accept
13.555555555555555,71.71717171717172,Implement / Accept
13.555555555555555,72.72727272727273,Implement / Accept
13.555555555555555,73.73737373737374,Implement / Accept
13.555555555555555,74.74747474747475,Implement / Accept
13.555555555555555,75.75757575757576,Implement / Accept
13.555555555555555,76.76767676767678,Implement / Accept
13.555555555555555,77.77777777777779,Implement / Accept
13.555555555555555,78.7878787878788,Implement / Accept
13.555555555555555,79.7979797979798,Implement / Accept
13.555555555555555,80.80808080808082,Implement / Accept
13.555555555555555,81.81818181818183,Implement / Accept
13.555555555555555,82.82828282828284,Implement / Accept
13.555555555555555,83.83838383838385,Implement / Accept
13.555555555555555,84.84848484848486,Implement / Accept
13.555555555555555,85.85858585858587,Implement / Accept
13.555555555555555,86.86868686868688,Implement / Accept
13.555555555555555,87.87878787878789,Implement / Accept
13.555555555555555,88.8888888888889,Implement / Accept
13.555555555555555,89.89898989898991,Implement / Accept
13.555555555555555,90.90909090909092,Implement / Accept
13.555555555555555,91.91919191919193,Implement / Accept
13.555555555555555,92.92929292929294,Implement / Accept
13.555555555555555,93.93939393939395,Implement / Accept
13.555555555555555,94.94949494949496,Implement / Accept
13.555555555555555,95.95959595959597,Implement / Accept
13.555555555555555,96.96969696969697,Implement / Accept
13.555555555555555,97.97979797979798,Implement / Accept
13.555555555555555,98.98989898989899,Implement / Accept
13.555555555555555,100.0,Implement / Accept
13.777777777777777,0.0,Implement / Accept
13.777777777777777,1.0101010101010102,Implement / Accept
13.777777777777777,2.0202020202020203,Implement / Accept
13.777777777777777,3.0303030303030303,Implement / Accept
13.777777777777777,4.040404040404041,Implement / Accept
13.777777777777777,5.050505050505051,Implement / Accept
13.777777777777777,6.0606060606060606,Implement / Accept
13.777777777777777,7.070707070707071,Implement / Accept
13.777777777777777,8.080808080808081,Implement / Accept
13.777777777777777,9.090909090909092,Implement / Accept
13.777777777777777,10.101010101010102,Implement / Accept
13.777777777777777,11.111111111111112,Implement / Accept
13.777777777777777,12.121212121212121,Implement / Accept
13.777777777777777,13.131313131313131,Implement / Accept
13.777777777777777,14.141414141414142,Implement / Accept
13.777777777777777,15.151515151515152,Implement / Accept
13.777777777777777,16.161616161616163,Implement / Accept
13.777777777777777,17.171717171717173,Implement / Accept
13.777777777777777,18.181818181818183,Implement / Accept
13.777777777777777,19.191919191919194,Implement / Accept
13.777777777777777,20.202020202020204,Implement / Accept
13.777777777777777,21.212121212121215,Implement / Accept
13.777777777777777,22.222222222222225,Implement / Accept
13.777777777777777,23.232323232323235,Implement / Accept
13.777777777777777,24.242424242424242,Implement / Accept
13.777777777777777,25.252525252525253,Implement / Accept
13.777777777777777,26.262626262626263,Implement / Accept
13.777777777777777,27.272727272727273,Implement / Accept
13.777777777777777,28.282828282828284,Implement / Accept
13.777777777777777,29.292929292929294,Implement / Accept
13.777777777777777,30.303030303030305,Implement / Accept
13.777777777777777,31.313131313131315,Implement / Accept
13.777777777777777,32.323232323232325,Implement / Accept
13.777777777777777,33.333333333333336,Implement / Accept
13.777777777777777,34.343434343434346,Implement / Accept
13.777777777777777,35.35353535353536,Implement / Accept
13.777777777777777,36.36363636363637,Implement / Accept
13.777777777777777,37.37373737373738,Implement / Accept
13.777777777777777,38.38383838383839,Implement / Accept
13.777777777777777,39.3939393939394,Implement / Accept
13.777777777777777,40.40404040404041,Implement / Accept
13.777777777777777,41.41414141414142,Implement / Accept
13.777777777777777,42.42424242424243,Implement / Accept
13.777777777777777,43.43434343434344,Implement / Accept
13.777777777777777,44.44444444444445,Implement / Accept
13.777777777777777,45.45454545454546,Implement / Accept
13.777777777777777,46.46464646464647,Implement / Accept
13.777777777777777,47.47474747474748,Implement / Accept
13.777777777777777,48.484848484848484,Implement / Accept
13.777777777777777,49.494949494949495,Implement / Accept
13.777777777777777,50.505050505050505,Implement / Accept
13.777777777777777,51.515151515151516,Implement / Accept
13.777777777777777,52.525252525252526,Implement / Accept
13.777777777777777,53.535353535353536,Implement / Accept
13.777777777777777,54.54545454545455,Implement / Accept
13.777777777777777,55.55555555555556,Implement / Accept
13.777777777777777,56.56565656565657,Implement / Accept
13.777777777777777,57.57575757575758,Implement / Accept
13.777777777777777,58.58585858585859,Implement / Accept
13.777777777777777,59.5959595959596,Implement / Accept
13.777777777777777,60.60606060606061,Implement / Accept
13.777777777777777,61.61616161616162,Implement / Accept
13.777777777777777,62.62626262626263,Implement / Accept
13.777777777777777,63.63636363636364,Implement / Accept
13.777777777777777,64.64646464646465,Implement / Accept
13.777777777777777,65.65656565656566,Implement / Accept
13.777777777777777,66.66666666666667,Implement / Accept
13.777777777777777,67.67676767676768,Implement / Accept
13.777777777777777,68.68686868686869,Implement / Accept
13.777777777777777,69.6969696969697,Implement / Accept
13.777777777777777,70.70707070707071,Implement / Accept
13.777777777777777,71.71717171717172,Implement / Accept
13.777777777777777,72.72727272727273,Implement / Accept
13.777777777777777,73.73737373737374,Implement / Accept
13.777777777777777,74.74747474747475,Implement / Accept
13.777777777777777,75.75757575757576,Implement / Accept
13.777777777777777,76.76767676767678,Implement / Accept
13.777777777777777,77.77777777777779,Implement / Accept
13.777777777777777,78.7878787878788,Implement / Accept
13.777777777777777,79.7979797979798,Implement / Accept
13.777777777777777,80.80808080808082,Implement / Accept
13.777777777777777,81.81818181818183,Implement / Accept
13.777777777777777,82.82828282828284,Implement / Accept
13.777777777777777,83.83838383838385,Implement / Accept
13.777777777777777,84.84848484848486,Implement / Accept
13.777777777777777,85.85858585858587,Implement / Accept
13.777777777777777,86.86868686868688,Implement / Accept
13.777777777777777,87.87878787878789,Implement / Accept
13.777777777777777,88.8888888888889,Implement / Accept
13.777777777777777,89.89898989898991,Implement / Accept
13.777777777777777,90.90909090909092,Implement / Accept
13.777777777777777,91.91919191919193,Implement / Accept
13.777777777777777,92.92929292929294,Implement / Accept
13.777777777777777,93.93939393939395,Implement / Accept
13.777777777777777,94.94949494949496,Implement / Accept
13.777777777777777,95.95959595959597,Implement / Accept
13.777777777777777,96.96969696969697,Implement / Accept
13.777777777777777,97.97979797979798,Implement / Accept
13.777777777777777,98.98989898989899,Implement / Accept
13.777777777777777,100.0,Implement / Accept
14.0,0.0,Implement / Accept
14.0,1.0101010101010102,Implement / Accept
14.0,2.0202020202020203,Implement / Accept
14.0,3.0303030303030303,Implement / Accept
14.0,4.040404040404041,Implement / Accept
14.0,5.050505050505051,Implement / Accept
14.0,6.0606060606060606,Implement / Accept
14.0,7.070707070707071,Implement / Accept
14.0,8.080808080808081,Implement / Accept
14.0,9.090909090909092,Implement / Accept
14.0,10.101010101010102,Implement / Accept
14.0,11.111111111111112,Implement / Accept
14.0,12.121212121212121,Implement / Accept
14.0,13.131313131313131,Implement / Accept
14.0,14.141414141414142,Implement / Accept
14.0,15.151515151515152,Implement / Accept
14.0,16.161616161616163,Implement / Accept
14.0,17.171717171717173,Implement / Accept
14.0,18.181818181818183,Implement / Accept
14.0,19.191919191919194,Implement / Accept
14.0,20.202020202020204,Implement / Accept
14.0,21.212121212121215,Implement / Accept
14.0,22.222222222222225,Implement / Accept
14.0,23.232323232323235,Implement / Accept
14.0,24.242424242424242,Implement / Accept
14.0,25.252525252525253,Implement / Accept
14.0,26.262626262626263,Implement / Accept
14.0,27.272727272727273,Implement / Accept
14.0,28.282828282828284,Implement / Accept
14.0,29.292929292929294,Implement / Accept
14.0,30.303030303030305,Implement / Accept
14.0,31.313131313131315,Implement / Accept
14.0,32.323232323232325,Implement / Accept
14.0,33.333333333333336,Implement / Accept
14.0,34.343434343434346,Implement / Accept
14.0,35.35353535353536,Implement / Accept
14.0,36.36363636363637,Implement / Accept
14.0,37.37373737373738,Implement / Accept
14.0,38.38383838383839,Implement / Accept
14.0,39.3939393939394,Implement / Accept
14.0,40.40404040404041,Implement / Accept
14.0,41.41414141414142,Implement / Accept
14.0,42.42424242424243,Implement / Accept
14.0,43.43434343434344,Implement / Accept
14.0,44.44444444444445,Implement / Accept
14.0,45.45454545454546,Implement / Accept
14.0,46.46464646464647,Implement / Accept
14.0,47.47474747474748,Implement / Accept
14.0,48.484848484848484,Implement / Accept
14.0,49.494949494949495,Implement / Accept
14.0,50.505050505050505,Implement / Accept
14.0,51.515151515151516,Implement / Accept
14.0,52.525252525252526,Implement / Accept
14.0,53.535353535353536,Implement / Accept
14.0,54.54545454545455,Implement / Accept
14.0,55.55555555555556,Implement / Accept
14.0,56.56565656565657,Implement / Accept
14.0,57.57575757575758,Implement / Accept
14.0,58.58585858585859,Implement / Accept
14.0,59.5959595959596,Implement / Accept
14.0,60.60606060606061,Implement / Accept
14.0,61.61616161616162,Implement / Accept
14.0,62.62626262626263,Implement / Accept
14.0,63.63636363636364,Implement / Accept
14.0,64.64646464646465,Implement / Accept
14.0,65.65656565656566,Implement / Accept
14.0,66.66666666666667,Implement / Accept
14.0,67.67676767676768,Implement / Accept
14.0,68.68686868686869,Implement / Accept
14.0,69.6969696969697,Implement / Accept
14.0,70.70707070707071,Implement / Accept
14.0,71.71717171717172,Implement / Accept
14.0,72.72727272727273,Implement / Accept
14.0,73.73737373737374,Implement / Accept
14.0,74.74747474747475,Implement / Accept
14.0,75.75757575757576,Implement / Accept
14.0,76.76767676767678,Implement / Accept
14.0,77.77777777777779,Implement / Accept
14.0,78.7878787878788,Implement / Accept
14.0,79.7979797979798,Implement / Accept
14.0,80.80808080808082,Implement / Accept
14.0,81.81818181818183,Implement / Accept
14.0,82.82828282828284,Implement / Accept
14.0,83.83838383838385,Implement / Accept
14.0,84.84848484848486,Implement / Accept
14.0,85.85858585858587,Implement / Accept
14.0,86.86868686868688,Implement / Accept
14.0,87.87878787878789,Implement / Accept
14.0,88.8888888888889,Implement / Accept
14.0,89.89898989898991,Implement / Accept
14.0,90.90909090909092,Implement / Accept
14.0,91.91919191919193,Implement / Accept
14.0,92.92929292929294,Implement / Accept
14.0,93.93939393939395,Implement / Accept
14.0,94.94949494949496,Implement / Accept
14.0,95.95959595959597,Implement / Accept
14.0,96.96969696969697,Implement / Accept
14.0,97.97979797979798,Implement / Accept
14.0,98.98989898989899,Implement / Accept
14.0,100.0,Implement / Accept
14.222222222222221,0.0,Implement / Accept
14.222222222222221,1.0101010101010102,Implement / Accept
14.222222222222221,2.0202020202020203,Implement / Accept
14.222222222222221,3.0303030303030303,Implement / Accept
14.222222222222221,4.040404040404041,Implement / Accept
14.222222222222221,5.050505050505051,Implement / Accept
14.222222222222221,6.0606060606060606,Implement / Accept
14.222222222222221,7.070707070707071,Implement / Accept
14.222222222222221,8.080808080808081,Implement / Accept
14.222222222222221,9.090909090909092,Implement / Accept
14.222222222222221,10.101010101010102,Implement / Accept
14.222222222222221,11.111111111111112,Implement / Accept
14.222222222222221,12.121212121212121,Implement / Accept
14.222222222222221,13.131313131313131,Implement / Accept
14.222222222222221,14.141414141414142,Implement / Accept
14.222222222222221,15.151515151515152,Implement / Accept
14.222222222222221,16.161616161616163,Implement / Accept
14.222222222222221,17.171717171717173,Implement / Accept
14.222222222222221,18.181818181818183,Implement / Accept
14.222222222222221,19.191919191919194,Implement / Accept
14.222222222222221,20.202020202020204,Implement / Accept
14.222222222222221,21.212121212121215,Implement / Accept
14.222222222222221,22.222222222222225,Implement / Accept
14.222222222222221,23.232323232323235,Implement / Accept
14.222222222222221,24.242424242424242,Implement / Accept
14.222222222222221,25.252525252525253,Implement / Accept
14.222222222222221,26.262626262626263,Implement / Accept
14.222222222222221,27.272727272727273,Implement / Accept
14.222222222222221,28.282828282828284,Implement / Accept
14.222222222222221,29.292929292929294,Implement / Accept
14.222222222222221,30.303030303030305,Implement / Accept
14.222222222222221,31.313131313131315,Implement / Accept
14.222222222222221,32.323232323232325,Implement / Accept
14.222222222222221,33.333333333333336,Implement / Accept
14.222222222222221,34.343434343434346,Implement / Accept
14.222222222222221,35.35353535353536,Implement / Accept
14.222222222222221,36.36363636363637,Implement / Accept
14.222222222222221,37.37373737373738,Implement / Accept
14.222222222222221,38.38383838383839,Implement / Accept
14.222222222222221,39.3939393939394,Implement / Accept
14.222222222222221,40.40404040404041,Implement / Accept
14.222222222222221,41.41414141414142,Implement / Accept
14.222222222222221,42.42424242424243,Implement / Accept
14.222222222222221,43.43434343434344,Implement / Accept
14.222222222222221,44.44444444444445,Implement / Accept
14.222222222222221,45.45454545454546,Implement / Accept
14.222222222222221,46.46464646464647,Implement / Accept
14.222222222222221,47.47474747474748,Implement / Accept
14.222222222222221,48.484848484848484,Implement / Accept
14.222222222222221,49.494949494949495,Implement / Accept
14.222222222222221,50.505050505050505,Implement / Accept
14.222222222222221,51.515151515151516,Implement / Accept
14.222222222222221,52.525252525252526,Implement / Accept
14.222222222222221,53.535353535353536,Implement / Accept
14.222222222222221,54.54545454545455,Implement / Accept
14.222222222222221,55.55555555555556,Implement / Accept
14.222222222222221,56.56565656565657,Implement / Accept
14.222222222222221,57.57575757575758,Implement / Accept
14.222222222222221,58.58585858585859,Implement / Accept
14.222222222222221,59.5959595959596,Implement / Accept
14.222222222222221,60.60606060606061,Implement / Accept
14.222222222222221,61.61616161616162,Implement / Accept
14.222222222222221,62.62626262626263,Implement / Accept
14.222222222222221,63.63636363636364,Implement / Accept
14.222222222222221,64.64646464646465,Implement / Accept
14.222222222222221,65.65656565656566,Implement / Accept
14.222222222222221,66.66666666666667,Implement / Accept
14.222222222222221,67.67676767676768,Implement / Accept
14.222222222222221,68.68686868686869,Implement / Accept
14.222222222222221,69.6969696969697,Implement / Accept
14.222222222222221,70.70707070707071,Implement / Accept
14.222222222222221,71.71717171717172,Implement / Accept
14.222222222222221,72.72727272727273,Implement / Accept
14.222222222222221,73.73737373737374,Implement / Accept
14.222222222222221,74.74747474747475,Implement / Accept
14.222222222222221,75.75757575757576,Implement / Accept
14.222222222222221,76.76767676767678,Implement / Accept
14.222222222222221,77.77777777777779,Implement / Accept
14.222222222222221,78.7878787878788,Implement / Accept
14.222222222222221,79.7979797979798,Implement / Accept
14.222222222222221,80.80808080808082,Implement / Accept
14.222222222222221,81.81818181818183,Implement / Accept
14.222222222222221,82.82828282828284,Implement / Accept
14.222222222222221,83.83838383838385,Implement / Accept
14.222222222222221,84.84848484848486,Implement / Accept
14.222222222222221,85.85858585858587,Implement / Accept
14.222222222222221,86.86868686868688,Implement / Accept
14.222222222222221,87.87878787878789,Implement / Accept
14.222222222222221,88.8888888888889,Implement / Accept
14.222222222222221,89.89898989898991,Implement / Accept
14.222222222222221,90.90909090909092,Implement / Accept
14.222222222222221,91.91919191919193,Implement / Accept
14.222222222222221,92.92929292929294,Implement / Accept
14.222222222222221,93.93939393939395,Implement / Accept
14.222222222222221,94.94949494949496,Implement / Accept
14.222222222222221,95.95959595959597,Implement / Accept
14.222222222222221,96.96969696969697,Implement / Accept
14.222222222222221,97.97979797979798,Implement / Accept
14.222222222222221,98.98989898989899,Implement / Accept
14.222222222222221,100.0,Implement / Accept
14.444444444444443,0.0,Implement / Accept
14.444444444444443,1.0101010101010102,Implement / Accept
14.444444444444443,2.0202020202020203,Implement / Accept
14.444444444444443,3.0303030303030303,Implement / Accept
14.444444444444443,4.040404040404041,Implement / Accept
14.444444444444443,5.050505050505051,Implement / Accept
14.444444444444443,6.0606060606060606,Implement / Accept
14.444444444444443,7.070707070707071,Implement / Accept
14.444444444444443,8.080808080808081,Implement / Accept
14.444444444444443,9.090909090909092,Implement / Accept
14.444444444444443,10.101010101010102,Implement / Accept
14.444444444444443,11.111111111111112,Implement / Accept
14.444444444444443,12.121212121212121,Implement / Accept
14.444444444444443,13.131313131313131,Implement / Accept
14.444444444444443,14.141414141414142,Implement / Accept
14.444444444444443,15.151515151515152,Implement / Accept
14.444444444444443,16.161616161616163,Implement / Accept
14.444444444444443,17.171717171717173,Implement / Accept
14.444444444444443,18.181818181818183,Implement / Accept
14.444444444444443,19.191919191919194,Implement / Accept
14.444444444444443,20.202020202020204,Implement / Accept
14.444444444444443,21.212121212121215,Implement / Accept
14.444444444444443,22.222222222222225,Implement / Accept
14.444444444444443,23.232323232323235,Implement / Accept
14.444444444444443,24.242424242424242,Implement / Accept
14.444444444444443,25.252525252525253,Implement / Accept
14.444444444444443,26.262626262626263,Implement / Accept
14.444444444444443,27.272727272727273,Implement / Accept
14.444444444444443,28.282828282828284,Implement / Accept
14.444444444444443,29.292929292929294,Implement / Accept
14.444444444444443,30.303030303030305,Implement / Accept
14.444444444444443,31.313131313131315,Implement / Accept
14.444444444444443,32.323232323232325,Implement / Accept
14.444444444444443,33.333333333333336,Implement / Accept
14.444444444444443,34.343434343434346,Implement / Accept
14.444444444444443,35.35353535353536,Implement / Accept
14.444444444444443,36.36363636363637,Implement / Accept
14.444444444444443,37.37373737373738,Implement / Accept
14.444444444444443,38.38383838383839,Implement / Accept
14.444444444444443,39.3939393939394,Implement / Accept
14.444444444444443,40.40404040404041,Implement / Accept
14.444444444444443,41.41414141414142,Implement / Accept
14.444444444444443,42.42424242424243,Implement / Accept
14.444444444444443,43.43434343434344,Implement / Accept
14.444444444444443,44.44444444444445,Implement / Accept
14.444444444444443,45.45454545454546,Implement / Accept
14.444444444444443,46.46464646464647,Implement / Accept
14.444444444444443,47.47474747474748,Implement / Accept
14.444444444444443,48.484848484848484,Implement / Accept
14.444444444444443,49.494949494949495,Implement / Accept
14.444444444444443,50.505050505050505,Implement / Accept
14.444444444444443,51.515151515151516,Implement / Accept
14.444444444444443,52.525252525252526,Implement / Accept
14.444444444444443,53.535353535353536,Implement / Accept
14.444444444444443,54.54545454545455,Implement / Accept
14.444444444444443,55.55555555555556,Implement / Accept
14.444444444444443,56.56565656565657,Implement / Accept
14.444444444444443,57.57575757575758,Implement / Accept
14.444444444444443,58.58585858585859,Implement / Accept
14.444444444444443,59.5959595959596,Implement / Accept
14.444444444444443,60.60606060606061,Implement / Accept
14.444444444444443,61.61616161616162,Implement / Accept
14.444444444444443,62.62626262626263,Implement / Accept
14.444444444444443,63.63636363636364,Implement / Accept
14.444444444444443,64.64646464646465,Implement / Accept
14.444444444444443,65.65656565656566,Implement / Accept
14.444444444444443,66.66666666666667,Implement / Accept
14.444444444444443,67.67676767676768,Implement / Accept
14.444444444444443,68.68686868686869,Implement / Accept
14.444444444444443,69.6969696969697,Implement / Accept
14.444444444444443,70.70707070707071,Implement / Accept
14.444444444444443,71.71717171717172,Implement / Accept
14.444444444444443,72.72727272727273,Implement / Accept
14.444444444444443,73.73737373737374,Implement / Accept
14.444444444444443,74.74747474747475,Implement / Accept
14.444444444444443,75.75757575757576,Implement / Accept
14.444444444444443,76.76767676767678,Implement / Accept
14.444444444444443,77.77777777777779,Implement / Accept
14.444444444444443,78.7878787878788,Implement / Accept
14.444444444444443,79.7979797979798,Implement / Accept
14.444444444444443,80.80808080808082,Implement / Accept
14.444444444444443,81.81818181818183,Implement / Accept
14.444444444444443,82.82828282828284,Implement / Accept
14.444444444444443,83.83838383838385,Implement / Accept
14.444444444444443,84.84848484848486,Implement / Accept
14.444444444444443,85.85858585858587,Implement / Accept
14.444444444444443,86.86868686868688,Implement / Accept
14.444444444444443,87.87878787878789,Implement / Accept
14.444444444444443,88.8888888888889,Implement / Accept
14.444444444444443,89.89898989898991,Implement / Accept
14.444444444444443,90.90909090909092,Implement / Accept
14.444444444444443,91.91919191919193,Implement / Accept
14.444444444444443,92.92929292929294,Implement / Accept
14.444444444444443,93.93939393939395,Implement / Accept
14.444444444444443,94.94949494949496,Implement / Accept
14.444444444444443,95.95959595959597,Implement / Accept
14.444444444444443,96.96969696969697,Implement / Accept
14.444444444444443,97.97979797979798,Implement / Accept
14.444444444444443,98.98989898989899,Implement / Accept
14.444444444444443,100.0,Implement / Accept
14.666666666666666,0.0,Implement / Accept
14.666666666666666,1.0101010101010102,Implement / Accept
14.666666666666666,2.0202020202020203,Implement / Accept
14.666666666666666,3.0303030303030303,Implement / Accept
14.666666666666666,4.040404040404041,Implement / Accept
14.666666666666666,5.050505050505051,Implement / Accept
14.666666666666666,6.0606060606060606,Implement / Accept
14.666666666666666,7.070707070707071,Implement / Accept
14.666666666666666,8.080808080808081,Implement / Accept
14.666666666666666,9.090909090909092,Implement / Accept
14.666666666666666,10.101010101010102,Implement / Accept
14.666666666666666,11.111111111111112,Implement / Accept
14.666666666666666,12.121212121212121,Implement / Accept
14.666666666666666,13.131313131313131,Implement / Accept
14.666666666666666,14.141414141414142,Implement / Accept
14.666666666666666,15.151515151515152,Implement / Accept
14.666666666666666,16.161616161616163,Implement / Accept
14.666666666666666,17.171717171717173,Implement / Accept
14.666666666666666,18.181818181818183,Implement / Accept
14.666666666666666,19.191919191919194,Implement / Accept
14.666666666666666,20.202020202020204,Implement / Accept
14.666666666666666,21.212121212121215,Implement / Accept
14.666666666666666,22.222222222222225,Implement / Accept
14.666666666666666,23.232323232323235,Implement / Accept
14.666666666666666,24.242424242424242,Implement / Accept
14.666666666666666,25.252525252525253,Implement / Accept
14.666666666666666,26.262626262626263,Implement / Accept
14.666666666666666,27.272727272727273,Implement / Accept
14.666666666666666,28.282828282828284,Implement / Accept
14.666666666666666,29.292929292929294,Implement / Accept
14.666666666666666,30.303030303030305,Implement / Accept
14.666666666666666,31.313131313131315,Implement / Accept
14.666666666666666,32.323232323232325,Implement / Accept
14.666666666666666,33.333333333333336,Implement / Accept
14.666666666666666,34.343434343434346,Implement / Accept
14.666666666666666,35.35353535353536,Implement / Accept
14.666666666666666,36.36363636363637,Implement / Accept
14.666666666666666,37.37373737373738,Implement / Accept
14.666666666666666,38.38383838383839,Implement / Accept
14.666666666666666,39.3939393939394,Implement / Accept
14.666666666666666,40.40404040404041,Implement / Accept
14.666666666666666,41.41414141414142,Implement / Accept
14.666666666666666,42.42424242424243,Implement / Accept
14.666666666666666,43.43434343434344,Implement / Accept
14.666666666666666,44.44444444444445,Implement / Accept
14.666666666666666,45.45454545454546,Implement / Accept
14.666666666666666,46.46464646464647,Implement / Accept
14.666666666666666,47.47474747474748,Implement / Accept
14.666666666666666,48.484848484848484,Implement / Accept
14.666666666666666,49.494949494949495,Implement / Accept
14.666666666666666,50.505050505050505,Implement / Accept
14.666666666666666,51.515151515151516,Implement / Accept
14.666666666666666,52.525252525252526,Implement / Accept
14.666666666666666,53.535353535353536,Implement / Accept
14.666666666666666,54.54545454545455,Implement / Accept
14.666666666666666,55.55555555555556,Implement / Accept
14.666666666666666,56.56565656565657,Implement / Accept
14.666666666666666,57.57575757575758,Implement / Accept
14.666666666666666,58.58585858585859,Implement / Accept
14.666666666666666,59.5959595959596,Implement / Accept
14.666666666666666,60.60606060606061,Implement / Accept
14.666666666666666,61.61616161616162,Implement / Accept
14.666666666666666,62.62626262626263,Implement / Accept
14.666666666666666,63.63636363636364,Implement / Accept
14.666666666666666,64.64646464646465,Implement / Accept
14.666666666666666,65.65656565656566,Implement / Accept
14.666666666666666,66.66666666666667,Implement / Accept
14.666666666666666,67.67676767676768,Implement / Accept
14.666666666666666,68.68686868686869,Implement / Accept
14.666666666666666,69.6969696969697,Implement / Accept
14.666666666666666,70.70707070707071,Implement / Accept
14.666666666666666,71.71717171717172,Implement / Accept
14.666666666666666,72.72727272727273,Implement / Accept
14.666666666666666,73.73737373737374,Implement / Accept
14.666666666666666,74.74747474747475,Implement / Accept
14.666666666666666,75.75757575757576,Implement / Accept
14.666666666666666,76.76767676767678,Implement / Accept
14.666666666666666,77.77777777777779,Implement / Accept
14.666666666666666,78.7878787878788,Implement / Accept
14.666666666666666,79.7979797979798,Implement / Accept
14.666666666666666,80.80808080808082,Implement / Accept
14.666666666666666,81.81818181818183,Implement / Accept
14.666666666666666,82.82828282828284,Implement / Accept
14.666666666666666,83.83838383838385,Implement / Accept
14.666666666666666,84.84848484848486,Implement / Accept
14.666666666666666,85.85858585858587,Implement / Accept
14.666666666666666,86.86868686868688,Implement / Accept
14.666666666666666,87.87878787878789,Implement / Accept
14.666666666666666,88.8888888888889,Implement / Accept
14.666666666666666,89.89898989898991,Implement / Accept
14.666666666666666,90.90909090909092,Implement / Accept
14.666666666666666,91.91919191919193,Implement / Accept
14.666666666666666,92.92929292929294,Implement / Accept
14.666666666666666,93.93939393939395,Implement / Accept
14.666666666666666,94.94949494949496,Implement / Accept
14.666666666666666,95.95959595959597,Implement / Accept
14.666666666666666,96.96969696969697,Implement / Accept
14.666666666666666,97.97979797979798,Implement / Accept
14.666666666666666,98.98989898989899,Implement / Accept
14.666666666666666,100.0,Implement / Accept
14.888888888888888,0.0,Implement / Accept
14.888888888888888,1.0101010101010102,Implement / Accept
14.888888888888888,2.0202020202020203,Implement / Accept
14.888888888888888,3.0303030303030303,Implement / Accept
14.888888888888888,4.040404040404041,Implement / Accept
14.888888888888888,5.050505050505051,Implement / Accept
14.888888888888888,6.0606060606060606,Implement / Accept
14.888888888888888,7.070707070707071,Implement / Accept
14.888888888888888,8.080808080808081,Implement / Accept
14.888888888888888,9.090909090909092,Implement / Accept
14.888888888888888,10.101010101010102,Implement / Accept
14.888888888888888,11.111111111111112,Implement / Accept
14.888888888888888,12.121212121212121,Implement / Accept
14.888888888888888,13.131313131313131,Implement / Accept
14.888888888888888,14.141414141414142,Implement / Accept
14.888888888888888,15.151515151515152,Implement / Accept
14.888888888888888,16.161616161616163,Implement / Accept
14.888888888888888,17.171717171717173,Implement / Accept
14.888888888888888,18.181818181818183,Implement / Accept
14.888888888888888,19.191919191919194,Implement / Accept
14.888888888888888,20.202020202020204,Implement / Accept
14.888888888888888,21.212121212121215,Implement / Accept
14.888888888888888,22.222222222222225,Implement / Accept
14.888888888888888,23.232323232323235,Implement / Accept
14.888888888888888,24.242424242424242,Implement / Accept
14.888888888888888,25.252525252525253,Implement / Accept
14.888888888888888,26.262626262626263,Implement / Accept
14.888888888888888,27.272727272727273,Implement / Accept
14.888888888888888,28.282828282828284,Implement / Accept
14.888888888888888,29.292929292929294,Implement / Accept
14.888888888888888,30.303030303030305,Implement / Accept
14.888888888888888,31.313131313131315,Implement / Accept
14.888888888888888,32.323232323232325,Implement / Accept
14.888888888888888,33.333333333333336,Implement / Accept
14.888888888888888,34.343434343434346,Implement / Accept
14.888888888888888,35.35353535353536,Implement / Accept
14.888888888888888,36.36363636363637,Implement / Accept
14.888888888888888,37.37373737373738,Implement / Accept
14.888888888888888,38.38383838383839,Implement / Accept
14.888888888888888,39.3939393939394,Implement / Accept
14.888888888888888,40.40404040404041,Implement / Accept
14.888888888888888,41.41414141414142,Implement / Accept
14.888888888888888,42.42424242424243,Implement / Accept
14.888888888888888,43.43434343434344,Implement / Accept
14.888888888888888,44.44444444444445,Implement / Accept
14.888888888888888,45.45454545454546,Implement / Accept
14.888888888888888,46.46464646464647,Implement / Accept
14.888888888888888,47.47474747474748,Implement / Accept
14.888888888888888,48.484848484848484,Implement / Accept
14.888888888888888,49.494949494949495,Implement / Accept
14.888888888888888,50.505050505050505,Implement / Accept
14.888888888888888,51.515151515151516,Implement / Accept
14.888888888888888,52.525252525252526,Implement / Accept
14.888888888888888,53.535353535353536,Implement / Accept
14.888888888888888,54.54545454545455,Implement / Accept
14.888888888888888,55.55555555555556,Implement / Accept
14.888888888888888,56.56565656565657,Implement / Accept
14.888888888888888,57.57575757575758,Implement / Accept
14.888888888888888,58.58585858585859,Implement / Accept
14.888888888888888,59.5959595959596,Implement / Accept
14.888888888888888,60.60606060606061,Implement / Accept
14.888888888888888,61.61616161616162,Implement / Accept
14.888888888888888,62.62626262626263,Implement / Accept
14.888888888888888,63.63636363636364,Implement / Accept
14.888888888888888,64.64646464646465,Implement / Accept
14.888888888888888,65.65656565656566,Implement / Accept
14.888888888888888,66.66666666666667,Implement / Accept
14.888888888888888,67.67676767676768,Implement / Accept
14.888888888888888,68.68686868686869,Implement / Accept
14.888888888888888,69.6969696969697,Implement / Accept
14.888888888888888,70.70707070707071,Implement / Accept
14.888888888888888,71.71717171717172,Implement / Accept
14.888888888888888,72.72727272727273,Implement / Accept
14.888888888888888,73.73737373737374,Implement / Accept
14.888888888888888,74.74747474747475,Implement / Accept
14.888888888888888,75.75757575757576,Implement / Accept
14.888888888888888,76.76767676767678,Implement / Accept
14.888888888888888,77.77777777777779,Implement / Accept
14.888888888888888,78.7878787878788,Implement / Accept
14.888888888888888,79.7979797979798,Implement / Accept
14.888888888888888,80.80808080808082,Implement / Accept
14.888888888888888,81.81818181818183,Implement / Accept
14.888888888888888,82.82828282828284,Implement / Accept
14.888888888888888,83.83838383838385,Implement / Accept
14.888888888888888,84.84848484848486,Implement / Accept
14.888888888888888,85.85858585858587,Implement / Accept
14.888888888888888,86.86868686868688,Implement / Accept
14.888888888888888,87.87878787878789,Implement / Accept
14.888888888888888,88.8888888888889,Implement / Accept
14.888888888888888,89.89898989898991,Implement / Accept
14.888888888888888,90.90909090909092,Implement / Accept
14.888888888888888,91.91919191919193,Implement / Accept
14.888888888888888,92.92929292929294,Implement / Accept
14.888888888888888,93.93939393939395,Implement / Accept
14.888888888888888,94.94949494949496,Implement / Accept
14.888888888888888,95.95959595959597,Implement / Accept
14.888888888888888,96.96969696969697,Implement / Accept
14.888888888888888,97.97979797979798,Implement / Accept
14.888888888888888,98.98989898989899,Implement / Accept
14.888888888888888,100.0,Implement / Accept
15.11111111111111,0.0,Implement / Accept
15.11111111111111,1.0101010101010102,Implement / Accept
15.11111111111111,2.0202020202020203,Implement / Accept
15.11111111111111,3.0303030303030303,Implement / Accept
15.11111111111111,4.040404040404041,Implement / Accept
15.11111111111111,5.050505050505051,Implement / Accept
15.11111111111111,6.0606060606060606,Implement / Accept
15.11111111111111,7.070707070707071,Implement / Accept
15.11111111111111,8.080808080808081,Implement / Accept
15.11111111111111,9.090909090909092,Implement / Accept
15.11111111111111,10.101010101010102,Implement / Accept
15.11111111111111,11.111111111111112,Implement / Accept
15.11111111111111,12.121212121212121,Implement / Accept
15.11111111111111,13.131313131313131,Implement / Accept
15.11111111111111,14.141414141414142,Implement / Accept
15.11111111111111,15.151515151515152,Implement / Accept
15.11111111111111,16.161616161616163,Implement / Accept
15.11111111111111,17.171717171717173,Implement / Accept
15.11111111111111,18.181818181818183,Implement / Accept
15.11111111111111,19.191919191919194,Implement / Accept
15.11111111111111,20.202020202020204,Implement / Accept
15.11111111111111,21.212121212121215,Implement / Accept
15.11111111111111,22.222222222222225,Implement / Accept
15.11111111111111,23.232323232323235,Implement / Accept
15.11111111111111,24.242424242424242,Implement / Accept
15.11111111111111,25.252525252525253,Implement / Accept
15.11111111111111,26.262626262626263,Implement / Accept
15.11111111111111,27.272727272727273,Implement / Accept
15.11111111111111,28.282828282828284,Implement / Accept
15.11111111111111,29.292929292929294,Implement / Accept
15.11111111111111,30.303030303030305,Implement / Accept
15.11111111111111,31.313131313131315,Implement / Accept
15.11111111111111,32.323232323232325,Implement / Accept
15.11111111111111,33.333333333333336,Implement / Accept
15.11111111111111,34.343434343434346,Implement / Accept
15.11111111111111,35.35353535353536,Implement / Accept
15.11111111111111,36.36363636363637,Implement / Accept
15.11111111111111,37.37373737373738,Implement / Accept
15.11111111111111,38.38383838383839,Implement / Accept
15.11111111111111,39.3939393939394,Implement / Accept
15.11111111111111,40.40404040404041,Implement / Accept
15.11111111111111,41.41414141414142,Implement / Accept
15.11111111111111,42.42424242424243,Implement / Accept
15.11111111111111,43.43434343434344,Implement / Accept
15.11111111111111,44.44444444444445,Implement / Accept
15.11111111111111,45.45454545454546,Implement / Accept
15.11111111111111,46.46464646464647,Implement / Accept
15.11111111111111,47.47474747474748,Implement / Accept
15.11111111111111,48.484848484848484,Implement / Accept
15.11111111111111,49.494949494949495,Implement / Accept
15.11111111111111,50.505050505050505,Implement / Accept
15.11111111111111,51.515151515151516,Implement / Accept
15.11111111111111,52.525252525252526,Implement / Accept
15.11111111111111,53.535353535353536,Implement / Accept
15.11111111111111,54.54545454545455,Implement / Accept
15.11111111111111,55.55555555555556,Implement / Accept
15.11111111111111,56.56565656565657,Implement / Accept
15.11111111111111,57.57575757575758,Implement / Accept
15.11111111111111,58.58585858585859,Implement / Accept
15.11111111111111,59.5959595959596,Implement / Accept
15.11111111111111,60.60606060606061,Implement / Accept
15.11111111111111,61.61616161616162,Implement / Accept
15.11111111111111,62.62626262626263,Implement / Accept
15.11111111111111,63.63636363636364,Implement / Accept
15.11111111111111,64.64646464646465,Implement / Accept
15.11111111111111,65.65656565656566,Implement / Accept
15.11111111111111,66.66666666666667,Implement / Accept
15.11111111111111,67.67676767676768,Implement / Accept
15.11111111111111,68.68686868686869,Implement / Accept
15.11111111111111,69.6969696969697,Implement / Accept
15.11111111111111,70.70707070707071,Implement / Accept
15.11111111111111,71.71717171717172,Implement / Accept
15.11111111111111,72.72727272727273,Implement / Accept
15.11111111111111,73.73737373737374,Implement / Accept
15.11111111111111,74.74747474747475,Implement / Accept
15.11111111111111,75.75757575757576,Implement / Accept
15.11111111111111,76.76767676767678,Implement / Accept
15.11111111111111,77.77777777777779,Implement / Accept
15.11111111111111,78.7878787878788,Implement / Accept
15.11111111111111,79.7979797979798,Implement / Accept
15.11111111111111,80.80808080808082,Implement / Accept
15.11111111111111,81.81818181818183,Implement / Accept
15.11111111111111,82.82828282828284,Implement / Accept
15.11111111111111,83.83838383838385,Implement / Accept
15.11111111111111,84.84848484848486,Implement / Accept
15.11111111111111,85.85858585858587,Implement / Accept
15.11111111111111,86.86868686868688,Implement / Accept
15.11111111111111,87.87878787878789,Implement / Accept
15.11111111111111,88.8888888888889,Implement / Accept
15.11111111111111,89.89898989898991,Implement / Accept
15.11111111111111,90.90909090909092,Implement / Accept
15.11111111111111,91.91919191919193,Implement / Accept
15.11111111111111,92.92929292929294,Implement / Accept
15.11111111111111,93.93939393939395,Implement / Accept
15.11111111111111,94.94949494949496,Implement / Accept
15.11111111111111,95.95959595959597,Implement / Accept
15.11111111111111,96.96969696969697,Implement / Accept
15.11111111111111,97.97979797979798,Implement / Accept
15.11111111111111,98.98989898989899,Implement / Accept
15.11111111111111,100.0,Implement / Accept
15.333333333333332,0.0,Implement / Accept
15.333333333333332,1.0101010101010102,Implement / Accept
15.333333333333332,2.0202020202020203,Implement / Accept
15.333333333333332,3.0303030303030303,Implement / Accept
15.333333333333332,4.040404040404041,Implement / Accept
15.333333333333332,5.050505050505051,Implement / Accept
15.333333333333332,6.0606060606060606,Implement / Accept
15.333333333333332,7.070707070707071,Implement / Accept
15.333333333333332,8.080808080808081,Implement / Accept
15.333333333333332,9.090909090909092,Implement / Accept
15.333333333333332,10.101010101010102,Implement / Accept
15.333333333333332,11.111111111111112,Implement / Accept
15.333333333333332,12.121212121212121,Implement / Accept
15.333333333333332,13.131313131313131,Implement / Accept
15.333333333333332,14.141414141414142,Implement / Accept
15.333333333333332,15.151515151515152,Implement / Accept
15.333333333333332,16.161616161616163,Implement / Accept
15.333333333333332,17.171717171717173,Implement / Accept
15.333333333333332,18.181818181818183,Implement / Accept
15.333333333333332,19.191919191919194,Implement / Accept
15.333333333333332,20.202020202020204,Implement / Accept
15.333333333333332,21.212121212121215,Implement / Accept
15.333333333333332,22.222222222222225,Implement / Accept
15.333333333333332,23.232323232323235,Implement / Accept
15.333333333333332,24.242424242424242,Implement / Accept
15.333333333333332,25.252525252525253,Implement / Accept
15.333333333333332,26.262626262626263,Implement / Accept
15.333333333333332,27.272727272727273,Implement / Accept
15.333333333333332,28.282828282828284,Implement / Accept
15.333333333333332,29.292929292929294,Implement / Accept
15.333333333333332,30.303030303030305,Implement / Accept
15.333333333333332,31.313131313131315,Implement / Accept
15.333333333333332,32.323232323232325,Implement / Accept
15.333333333333332,33.333333333333336,Implement / Accept
15.333333333333332,34.343434343434346,Implement / Accept
15.333333333333332,35.35353535353536,Implement / Accept
15.333333333333332,36.36363636363637,Implement / Accept
15.333333333333332,37.37373737373738,Implement / Accept
15.333333333333332,38.38383838383839,Implement / Accept
15.333333333333332,39.3939393939394,Implement / Accept
15.333333333333332,40.40404040404041,Implement / Accept
15.333333333333332,41.41414141414142,Implement / Accept
15.333333333333332,42.42424242424243,Implement / Accept
15.333333333333332,43.43434343434344,Implement / Accept
15.333333333333332,44.44444444444445,Implement / Accept
15.333333333333332,45.45454545454546,Implement / Accept
15.333333333333332,46.46464646464647,Implement / Accept
15.333333333333332,47.47474747474748,Implement / Accept
15.333333333333332,48.484848484848484,Implement / Accept
15.333333333333332,49.494949494949495,Implement / Accept
15.333333333333332,50.505050505050505,Implement / Accept
15.333333333333332,51.515151515151516,Implement / Accept
15.333333333333332,52.525252525252526,Implement / Accept
15.333333333333332,53.535353535353536,Implement / Accept
15.333333333333332,54.54545454545455,Implement / Accept
15.333333333333332,55.55555555555556,Implement / Accept
15.333333333333332,56.56565656565657,Implement / Accept
15.333333333333332,57.57575757575758,Implement / Accept
15.333333333333332,58.58585858585859,Implement / Accept
15.333333333333332,59.5959595959596,Implement / Accept
15.333333333333332,60.60606060606061,Implement / Accept
15.333333333333332,61.61616161616162,Implement / Accept
15.333333333333332,62.62626262626263,Implement / Accept
15.333333333333332,63.63636363636364,Implement / Accept
15.333333333333332,64.64646464646465,Implement / Accept
15.333333333333332,65.65656565656566,Implement / Accept
15.333333333333332,66.66666666666667,Implement / Accept
15.333333333333332,67.67676767676768,Implement / Accept
15.333333333333332,68.68686868686869,Implement / Accept
15.333333333333332,69.6969696969697,Implement / Accept
15.333333333333332,70.70707070707071,Implement / Accept
15.333333333333332,71.71717171717172,Implement / Accept
15.333333333333332,72.72727272727273,Implement / Accept
15.333333333333332,73.73737373737374,Implement / Accept
15.333333333333332,74.74747474747475,Implement / Accept
15.333333333333332,75.75757575757576,Implement / Accept
15.333333333333332,76.76767676767678,Implement / Accept
15.333333333333332,77.77777777777779,Implement / Accept
15.333333333333332,78.7878787878788,Implement / Accept
15.333333333333332,79.7979797979798,Implement / Accept
15.333333333333332,80.80808080808082,Implement / Accept
15.333333333333332,81.81818181818183,Implement / Accept
15.333333333333332,82.82828282828284,Implement / Accept
15.333333333333332,83.83838383838385,Implement / Accept
15.333333333333332,84.84848484848486,Implement / Accept
15.333333333333332,85.85858585858587,Implement / Accept
15.333333333333332,86.86868686868688,Implement / Accept
15.333333333333332,87.87878787878789,Implement / Accept
15.333333333333332,88.8888888888889,Implement / Accept
15.333333333333332,89.89898989898991,Implement / Accept
15.333333333333332,90.90909090909092,Implement / Accept
15.333333333333332,91.91919191919193,Implement / Accept
15.333333333333332,92.92929292929294,Implement / Accept
15.333333333333332,93.93939393939395,Implement / Accept
15.333333333333332,94.94949494949496,Implement / Accept
15.333333333333332,95.95959595959597,Implement / Accept
15.333333333333332,96.96969696969697,Implement / Accept
15.333333333333332,97.97979797979798,Implement / Accept
15.333333333333332,98.98989898989899,Implement / Accept
15.333333333333332,100.0,Implement / Accept
15.555555555555555,0.0,Implement / Accept
15.555555555555555,1.0101010101010102,Implement / Accept
15.555555555555555,2.0202020202020203,Implement / Accept
15.555555555555555,3.0303030303030303,Implement / Accept
15.555555555555555,4.040404040404041,Implement / Accept
15.555555555555555,5.050505050505051,Implement / Accept
15.555555555555555,6.0606060606060606,Implement / Accept
15.555555555555555,7.070707070707071,Implement / Accept
15.555555555555555,8.080808080808081,Implement / Accept
15.555555555555555,9.090909090909092,Implement / Accept
15.555555555555555,10.101010101010102,Implement / Accept
15.555555555555555,11.111111111111112,Implement / Accept
15.555555555555555,12.121212121212121,Implement / Accept
15.555555555555555,13.131313131313131,Implement / Accept
15.555555555555555,14.141414141414142,Implement / Accept
15.555555555555555,15.151515151515152,Implement / Accept
15.555555555555555,16.161616161616163,Implement / Accept
15.555555555555555,17.171717171717173,Implement / Accept
15.555555555555555,18.181818181818183,Implement / Accept
15.555555555555555,19.191919191919194,Implement / Accept
15.555555555555555,20.202020202020204,Implement / Accept
15.555555555555555,21.212121212121215,Implement / Accept
15.555555555555555,22.222222222222225,Implement / Accept
15.555555555555555,23.232323232323235,Implement / Accept
15.555555555555555,24.242424242424242,Implement / Accept
15.555555555555555,25.252525252525253,Implement / Accept
15.555555555555555,26.262626262626263,Implement / Accept
15.555555555555555,27.272727272727273,Implement / Accept
15.555555555555555,28.282828282828284,Implement / Accept
15.555555555555555,29.292929292929294,Implement / Accept
15.555555555555555,30.303030303030305,Implement / Accept
15.555555555555555,31.313131313131315,Implement / Accept
15.555555555555555,32.323232323232325,Implement / Accept
15.555555555555555,33.333333333333336,Implement / Accept
15.555555555555555,34.343434343434346,Implement / Accept
15.555555555555555,35.35353535353536,Implement / Accept
15.555555555555555,36.36363636363637,Implement / Accept
15.555555555555555,37.37373737373738,Implement / Accept
15.555555555555555,38.38383838383839,Implement / Accept
15.555555555555555,39.3939393939394,Implement / Accept
15.555555555555555,40.40404040404041,Implement / Accept
15.555555555555555,41.41414141414142,Implement / Accept
15.555555555555555,42.42424242424243,Implement / Accept
15.555555555555555,43.43434343434344,Implement / Accept
15.555555555555555,44.44444444444445,Implement / Accept
15.555555555555555,45.45454545454546,Implement / Accept
15.555555555555555,46.46464646464647,Implement / Accept
15.555555555555555,47.47474747474748,Implement / Accept
15.555555555555555,48.484848484848484,Implement / Accept
15.555555555555555,49.494949494949495,Implement / Accept
15.555555555555555,50.505050505050505,Implement / Accept
15.555555555555555,51.515151515151516,Implement / Accept
15.555555555555555,52.525252525252526,Implement / Accept
15.555555555555555,53.535353535353536,Implement / Accept
15.555555555555555,54.54545454545455,Implement / Accept
15.555555555555555,55.55555555555556,Implement / Accept
15.555555555555555,56.56565656565657,Implement / Accept
15.555555555555555,57.57575757575758,Implement / Accept
15.555555555555555,58.58585858585859,Implement / Accept
15.555555555555555,59.5959595959596,Implement / Accept
15.555555555555555,60.60606060606061,Implement / Accept
15.555555555555555,61.61616161616162,Implement / Accept
15.555555555555555,62.62626262626263,Implement / Accept
15.555555555555555,63.63636363636364,Implement / Accept
15.555555555555555,64.64646464646465,Implement / Accept
15.555555555555555,65.65656565656566,Implement / Accept
15.555555555555555,66.66666666666667,Implement / Accept
15.555555555555555,67.67676767676768,Implement / Accept
15.555555555555555,68.68686868686869,Implement / Accept
15.555555555555555,69.6969696969697,Implement / Accept
15.555555555555555,70.70707070707071,Implement / Accept
15.555555555555555,71.71717171717172,Implement / Accept
15.555555555555555,72.72727272727273,Implement / Accept
15.555555555555555,73.73737373737374,Implement / Accept
15.555555555555555,74.74747474747475,Implement / Accept
15.555555555555555,75.75757575757576,Implement / Accept
15.555555555555555,76.76767676767678,Implement / Accept
15.555555555555555,77.77777777777779,Implement / Accept
15.555555555555555,78.7878787878788,Implement / Accept
15.555555555555555,79.7979797979798,Implement / Accept
15.555555555555555,80.80808080808082,Implement / Accept
15.555555555555555,81.81818181818183,Implement / Accept
15.555555555555555,82.82828282828284,Implement / Accept
15.555555555555555,83.83838383838385,Implement / Accept
15.555555555555555,84.84848484848486,Implement / Accept
15.555555555555555,85.85858585858587,Implement / Accept
15.555555555555555,86.86868686868688,Implement / Accept
15.555555555555555,87.87878787878789,Implement / Accept
15.555555555555555,88.8888888888889,Implement / Accept
15.555555555555555,89.89898989898991,Implement / Accept
15.555555555555555,90.90909090909092,Implement / Accept
15.555555555555555,91.91919191919193,Implement / Accept
15.555555555555555,92.92929292929294,Implement / Accept
15.555555555555555,93.93939393939395,Implement / Accept
15.555555555555555,94.94949494949496,Implement / Accept
15.555555555555555,95.95959595959597,Implement / Accept
15.555555555555555,96.96969696969697,Implement / Accept
15.555555555555555,97.97979797979798,Implement / Accept
15.555555555555555,98.98989898989899,Implement / Accept
15.555555555555555,100.0,Implement / Accept
15.777777777777777,0.0,Implement / Accept
15.777777777777777,1.0101010101010102,Implement / Accept
15.777777777777777,2.0202020202020203,Implement / Accept
15.777777777777777,3.0303030303030303,Implement / Accept
15.777777777777777,4.040404040404041,Implement / Accept
15.777777777777777,5.050505050505051,Implement / Accept
15.777777777777777,6.0606060606060606,Implement / Accept
15.777777777777777,7.070707070707071,Implement / Accept
15.777777777777777,8.080808080808081,Implement / Accept
15.777777777777777,9.090909090909092,Implement / Accept
15.777777777777777,10.101010101010102,Implement / Accept
15.777777777777777,11.111111111111112,Implement / Accept
15.777777777777777,12.121212121212121,Implement / Accept
15.777777777777777,13.131313131313131,Implement / Accept
15.777777777777777,14.141414141414142,Implement / Accept
15.777777777777777,15.151515151515152,Implement / Accept
15.777777777777777,16.161616161616163,Implement / Accept
15.777777777777777,17.171717171717173,Implement / Accept
15.777777777777777,18.181818181818183,Implement / Accept
15.777777777777777,19.191919191919194,Implement / Accept
15.777777777777777,20.202020202020204,Implement / Accept
15.777777777777777,21.212121212121215,Implement / Accept
15.777777777777777,22.222222222222225,Implement / Accept
15.777777777777777,23.232323232323235,Implement / Accept
15.777777777777777,24.242424242424242,Implement / Accept
15.777777777777777,25.252525252525253,Implement / Accept
15.777777777777777,26.262626262626263,Implement / Accept
15.777777777777777,27.272727272727273,Implement / Accept
15.777777777777777,28.282828282828284,Implement / Accept
15.777777777777777,29.292929292929294,Implement / Accept
15.777777777777777,30.303030303030305,Implement / Accept
15.777777777777777,31.313131313131315,Implement / Accept
15.777777777777777,32.323232323232325,Implement / Accept
15.777777777777777,33.333333333333336,Implement / Accept
15.777777777777777,34.343434343434346,Implement / Accept
15.777777777777777,35.35353535353536,Implement / Accept
15.777777777777777,36.36363636363637,Implement / Accept
15.777777777777777,37.37373737373738,Implement / Accept
15.777777777777777,38.38383838383839,Implement / Accept
15.777777777777777,39.3939393939394,Implement / Accept
15.777777777777777,40.40404040404041,Implement / Accept
15.777777777777777,41.41414141414142,Implement / Accept
15.777777777777777,42.42424242424243,Implement / Accept
15.777777777777777,43.43434343434344,Implement / Accept
15.777777777777777,44.44444444444445,Implement / Accept
15.777777777777777,45.45454545454546,Implement / Accept
15.777777777777777,46.46464646464647,Implement / Accept
15.777777777777777,47.47474747474748,Implement / Accept
15.777777777777777,48.484848484848484,Implement / Accept
15.777777777777777,49.494949494949495,Implement / Accept
15.777777777777777,50.505050505050505,Implement / Accept
15.777777777777777,51.515151515151516,Implement / Accept
15.777777777777777,52.525252525252526,Implement / Accept
15.777777777777777,53.535353535353536,Implement / Accept
15.777777777777777,54.54545454545455,Implement / Accept
15.777777777777777,55.55555555555556,Implement / Accept
15.777777777777777,56.56565656565657,Implement / Accept
15.777777777777777,57.57575757575758,Implement / Accept
15.777777777777777,58.58585858585859,Implement / Accept
15.777777777777777,59.5959595959596,Implement / Accept
15.777777777777777,60.60606060606061,Implement / Accept
15.777777777777777,61.61616161616162,Implement / Accept
15.777777777777777,62.62626262626263,Implement / Accept
15.777777777777777,63.63636363636364,Implement / Accept
15.777777777777777,64.64646464646465,Implement / Accept
15.777777777777777,65.65656565656566,Implement / Accept
15.777777777777777,66.66666666666667,Implement / Accept
15.777777777777777,67.67676767676768,Implement / Accept
15.777777777777777,68.68686868686869,Implement / Accept
15.777777777777777,69.6969696969697,Implement / Accept
15.777777777777777,70.70707070707071,Implement / Accept
15.777777777777777,71.71717171717172,Implement / Accept
15.777777777777777,72.72727272727273,Implement / Accept
15.777777777777777,73.73737373737374,Implement / Accept
15.777777777777777,74.74747474747475,Implement / Accept
15.777777777777777,75.75757575757576,Implement / Accept
15.777777777777777,76.76767676767678,Implement / Accept
15.777777777777777,77.77777777777779,Implement / Accept
15.777777777777777,78.7878787878788,Implement / Accept
15.777777777777777,79.7979797979798,Implement / Accept
15.777777777777777,80.80808080808082,Implement / Accept
15.777777777777777,81.81818181818183,Implement / Accept
15.777777777777777,82.82828282828284,Implement / Accept
15.777777777777777,83.83838383838385,Implement / Accept
15.777777777777777,84.84848484848486,Implement / Accept
15.777777777777777,85.85858585858587,Implement / Accept
15.777777777777777,86.86868686868688,Implement / Accept
15.777777777777777,87.87878787878789,Implement / Accept
15.777777777777777,88.8888888888889,Implement / Accept
15.777777777777777,89.89898989898991,Implement / Accept
15.777777777777777,90.90909090909092,Implement / Accept
15.777777777777777,91.91919191919193,Implement / Accept
15.777777777777777,92.92929292929294,Implement / Accept
15.777777777777777,93.93939393939395,Implement / Accept
15.777777777777777,94.94949494949496,Implement / Accept
15.777777777777777,95.95959595959597,Implement / Accept
15.777777777777777,96.96969696969697,Implement / Accept
15.777777777777777,97.97979797979798,Implement / Accept
15.777777777777777,98.98989898989899,Implement / Accept
15.777777777777777,100.0,Implement / Accept
16.0,0.0,Implement / Accept
16.0,1.0101010101010102,Implement / Accept
16.0,2.0202020202020203,Implement / Accept
16.0,3.0303030303030303,Implement / Accept
16.0,4.040404040404041,Implement / Accept
16.0,5.050505050505051,Implement / Accept
16.0,6.0606060606060606,Implement / Accept
16.0,7.070707070707071,Implement / Accept
16.0,8.080808080808081,Implement / Accept
16.0,9.090909090909092,Implement / Accept
16.0,10.101010101010102,Implement / Accept
16.0,11.111111111111112,Implement / Accept
16.0,12.121212121212121,Implement / Accept
16.0,13.131313131313131,Implement / Accept
16.0,14.141414141414142,Implement / Accept
16.0,15.151515151515152,Implement / Accept
16.0,16.161616161616163,Implement / Accept
16.0,17.171717171717173,Implement / Accept
16.0,18.181818181818183,Implement / Accept
16.0,19.191919191919194,Implement / Accept
16.0,20.202020202020204,Implement / Accept
16.0,21.212121212121215,Implement / Accept
16.0,22.222222222222225,Implement / Accept
16.0,23.232323232323235,Implement / Accept
16.0,24.242424242424242,Implement / Accept
16.0,25.252525252525253,Implement / Accept
16.0,26.262626262626263,Implement / Accept
16.0,27.272727272727273,Implement / Accept
16.0,28.282828282828284,Implement / Accept
16.0,29.292929292929294,Implement / Accept
16.0,30.303030303030305,Implement / Accept
16.0,31.313131313131315,Implement / Accept
16.0,32.323232323232325,Implement / Accept
16.0,33.333333333333336,Implement / Accept
16.0,34.343434343434346,Implement / Accept
16.0,35.35353535353536,Implement / Accept
16.0,36.36363636363637,Implement / Accept
16.0,37.37373737373738,Implement / Accept
16.0,38.38383838383839,Implement / Accept
16.0,39.3939393939394,Implement / Accept
16.0,40.40404040404041,Implement / Accept
16.0,41.41414141414142,Implement / Accept
16.0,42.42424242424243,Implement / Accept
16.0,43.43434343434344,Implement / Accept
16.0,44.44444444444445,Implement / Accept
16.0,45.45454545454546,Implement / Accept
16.0,46.46464646464647,Implement / Accept
16.0,47.47474747474748,Implement / Accept
16.0,48.484848484848484,Implement / Accept
16.0,49.494949494949495,Implement / Accept
16.0,50.505050505050505,Implement / Accept
16.0,51.515151515151516,Implement / Accept
16.0,52.525252525252526,Implement / Accept
16.0,53.535353535353536,Implement / Accept
16.0,54.54545454545455,Implement / Accept
16.0,55.55555555555556,Implement / Accept
16.0,56.56565656565657,Implement / Accept
16.0,57.57575757575758,Implement / Accept
16.0,58.58585858585859,Implement / Accept
16.0,59.5959595959596,Implement / Accept
16.0,60.60606060606061,Implement / Accept
16.0,61.61616161616162,Implement / Accept
16.0,62.62626262626263,Implement / Accept
16.0,63.63636363636364,Implement / Accept
16.0,64.64646464646465,Implement / Accept
16.0,65.65656565656566,Implement / Accept
16.0,66.66666666666667,Implement / Accept
16.0,67.67676767676768,Implement / Accept
16.0,68.68686868686869,Implement / Accept
16.0,69.6969696969697,Implement / Accept
16.0,70.70707070707071,Implement / Accept
16.0,71.71717171717172,Implement / Accept
16.0,72.72727272727273,Implement / Accept
16.0,73.73737373737374,Implement / Accept
16.0,74.74747474747475,Implement / Accept
16.0,75.75757575757576,Implement / Accept
16.0,76.76767676767678,Implement / Accept
16.0,77.77777777777779,Implement / Accept
16.0,78.7878787878788,Implement / Accept
16.0,79.7979797979798,Implement / Accept
16.0,80.80808080808082,Implement / Accept
16.0,81.81818181818183,Implement / Accept
16.0,82.82828282828284,Implement / Accept
16.0,83.83838383838385,Implement / Accept
16.0,84.84848484848486,Implement / Accept
16.0,85.85858585858587,Implement / Accept
16.0,86.86868686868688,Implement / Accept
16.0,87.87878787878789,Implement / Accept
16.0,88.8888888888889,Implement / Accept
16.0,89.89898989898991,Implement / Accept
16.0,90.90909090909092,Implement / Accept
16.0,91.91919191919193,Implement / Accept
16.0,92.92929292929294,Implement / Accept
16.0,93.93939393939395,Implement / Accept
16.0,94.94949494949496,Implement / Accept
16.0,95.95959595959597,Implement / Accept
16.0,96.96969696969697,Implement / Accept
16.0,97.97979797979798,Implement / Accept
16.0,98.98989898989899,Implement / Accept
16.0,100.0,Implement / Accept
16.22222222222222,0.0,Implement / Accept
16.22222222222222,1.0101010101010102,Implement / Accept
16.22222222222222,2.0202020202020203,Implement / Accept
16.22222222222222,3.0303030303030303,Implement / Accept
16.22222222222222,4.040404040404041,Implement / Accept
16.22222222222222,5.050505050505051,Implement / Accept
16.22222222222222,6.0606060606060606,Implement / Accept
16.22222222222222,7.070707070707071,Implement / Accept
16.22222222222222,8.080808080808081,Implement / Accept
16.22222222222222,9.090909090909092,Implement / Accept
16.22222222222222,10.101010101010102,Implement / Accept
16.22222222222222,11.111111111111112,Implement / Accept
16.22222222222222,12.121212121212121,Implement / Accept
16.22222222222222,13.131313131313131,Implement / Accept
16.22222222222222,14.141414141414142,Implement / Accept
16.22222222222222,15.151515151515152,Implement / Accept
16.22222222222222,16.161616161616163,Implement / Accept
16.22222222222222,17.171717171717173,Implement / Accept
16.22222222222222,18.181818181818183,Implement / Accept
16.22222222222222,19.191919191919194,Implement / Accept
16.22222222222222,20.202020202020204,Implement / Accept
16.22222222222222,21.212121212121215,Implement / Accept
16.22222222222222,22.222222222222225,Implement / Accept
16.22222222222222,23.232323232323235,Implement / Accept
16.22222222222222,24.242424242424242,Implement / Accept
16.22222222222222,25.252525252525253,Implement / Accept
16.22222222222222,26.262626262626263,Implement / Accept
16.22222222222222,27.272727272727273,Implement / Accept
16.22222222222222,28.282828282828284,Implement / Accept
16.22222222222222,29.292929292929294,Implement / Accept
16.22222222222222,30.303030303030305,Implement / Accept
16.22222222222222,31.313131313131315,Implement / Accept
16.22222222222222,32.323232323232325,Implement / Accept
16.22222222222222,33.333333333333336,Implement / Accept
16.22222222222222,34.343434343434346,Implement / Accept
16.22222222222222,35.35353535353536,Implement / Accept
16.22222222222222,36.36363636363637,Implement / Accept
16.22222222222222,37.37373737373738,Implement / Accept
16.22222222222222,38.38383838383839,Implement / Accept
16.22222222222222,39.3939393939394,Implement / Accept
16.22222222222222,40.40404040404041,Implement / Accept
16.22222222222222,41.41414141414142,Implement / Accept
16.22222222222222,42.42424242424243,Implement / Accept
16.22222222222222,43.43434343434344,Implement / Accept
16.22222222222222,44.44444444444445,Implement / Accept
16.22222222222222,45.45454545454546,Implement / Accept
16.22222222222222,46.46464646464647,Implement / Accept
16.22222222222222,47.47474747474748,Implement / Accept
16.22222222222222,48.484848484848484,Implement / Accept
16.22222222222222,49.494949494949495,Implement / Accept
16.22222222222222,50.505050505050505,Implement / Accept
16.22222222222222,51.515151515151516,Implement / Accept
16.22222222222222,52.525252525252526,Implement / Accept
16.22222222222222,53.535353535353536,Implement / Accept
16.22222222222222,54.54545454545455,Implement / Accept
16.22222222222222,55.55555555555556,Implement / Accept
16.22222222222222,56.56565656565657,Implement / Accept
16.22222222222222,57.57575757575758,Implement / Accept
16.22222222222222,58.58585858585859,Implement / Accept
16.22222222222222,59.5959595959596,Implement / Accept
16.22222222222222,60.60606060606061,Implement / Accept
16.22222222222222,61.61616161616162,Implement / Accept
16.22222222222222,62.62626262626263,Implement / Accept
16.22222222222222,63.63636363636364,Implement / Accept
16.22222222222222,64.64646464646465,Implement / Accept
16.22222222222222,65.65656565656566,Implement / Accept
16.22222222222222,66.66666666666667,Implement / Accept
16.22222222222222,67.67676767676768,Implement / Accept
16.22222222222222,68.68686868686869,Implement / Accept
16.22222222222222,69.6969696969697,Implement / Accept
16.22222222222222,70.70707070707071,Implement / Accept
16.22222222222222,71.71717171717172,Implement / Accept
16.22222222222222,72.72727272727273,Implement / Accept
16.22222222222222,73.73737373737374,Implement / Accept
16.22222222222222,74.74747474747475,Implement / Accept
16.22222222222222,75.75757575757576,Implement / Accept
16.22222222222222,76.76767676767678,Implement / Accept
16.22222222222222,77.77777777777779,Implement / Accept
16.22222222222222,78.7878787878788,Implement / Accept
16.22222222222222,79.7979797979798,Implement / Accept
16.22222222222222,80.80808080808082,Implement / Accept
16.22222222222222,81.81818181818183,Implement / Accept
16.22222222222222,82.82828282828284,Implement / Accept
16.22222222222222,83.83838383838385,Implement / Accept
16.22222222222222,84.84848484848486,Implement / Accept
16.22222222222222,85.85858585858587,Implement / Accept
16.22222222222222,86.86868686868688,Implement / Accept
16.22222222222222,87.87878787878789,Implement / Accept
16.22222222222222,88.8888888888889,Implement / Accept
16.22222222222222,89.89898989898991,Implement / Accept
16.22222222222222,90.90909090909092,Implement / Accept
16.22222222222222,91.91919191919193,Implement / Accept
16.22222222222222,92.92929292929294,Implement / Accept
16.22222222222222,93.93939393939395,Implement / Accept
16.22222222222222,94.94949494949496,Implement / Accept
16.22222222222222,95.95959595959597,Implement / Accept
16.22222222222222,96.96969696969697,Implement / Accept
16.22222222222222,97.97979797979798,Implement / Accept
16.22222222222222,98.98989898989899,Implement / Accept
16.22222222222222,100.0,Implement / Accept
16.444444444444443,0.0,Implement / Accept
16.444444444444443,1.0101010101010102,Implement / Accept
16.444444444444443,2.0202020202020203,Implement / Accept
16.444444444444443,3.0303030303030303,Implement / Accept
16.444444444444443,4.040404040404041,Implement / Accept
16.444444444444443,5.050505050505051,Implement / Accept
16.444444444444443,6.0606060606060606,Implement / Accept
16.444444444444443,7.070707070707071,Implement / Accept
16.444444444444443,8.080808080808081,Implement / Accept
16.444444444444443,9.090909090909092,Implement / Accept
16.444444444444443,10.101010101010102,Implement / Accept
16.444444444444443,11.111111111111112,Implement / Accept
16.444444444444443,12.121212121212121,Implement / Accept
16.444444444444443,13.131313131313131,Implement / Accept
16.444444444444443,14.141414141414142,Implement / Accept
16.444444444444443,15.151515151515152,Implement / Accept
16.444444444444443,16.161616161616163,Implement / Accept
16.444444444444443,17.171717171717173,Implement / Accept
16.444444444444443,18.181818181818183,Implement / Accept
16.444444444444443,19.191919191919194,Implement / Accept
16.444444444444443,20.202020202020204,Implement / Accept
16.444444444444443,21.212121212121215,Implement / Accept
16.444444444444443,22.222222222222225,Implement / Accept
16.444444444444443,23.232323232323235,Implement / Accept
16.444444444444443,24.242424242424242,Implement / Accept
16.444444444444443,25.252525252525253,Implement / Accept
16.444444444444443,26.262626262626263,Implement / Accept
16.444444444444443,27.272727272727273,Implement / Accept
16.444444444444443,28.282828282828284,Implement / Accept
16.444444444444443,29.292929292929294,Implement / Accept
16.444444444444443,30.303030303030305,Implement / Accept
16.444444444444443,31.313131313131315,Implement / Accept
16.444444444444443,32.323232323232325,Implement / Accept
16.444444444444443,33.333333333333336,Implement / Accept
16.444444444444443,34.343434343434346,Implement / Accept
16.444444444444443,35.35353535353536,Implement / Accept
16.444444444444443,36.36363636363637,Implement / Accept
16.444444444444443,37.37373737373738,Implement / Accept
16.444444444444443,38.38383838383839,Implement / Accept
16.444444444444443,39.3939393939394,Implement / Accept
16.444444444444443,40.40404040404041,Implement / Accept
16.444444444444443,41.41414141414142,Implement / Accept
16.444444444444443,42.42424242424243,Implement / Accept
16.444444444444443,43.43434343434344,Implement / Accept
16.444444444444443,44.44444444444445,Implement / Accept
16.444444444444443,45.45454545454546,Implement / Accept
16.444444444444443,46.46464646464647,Implement / Accept
16.444444444444443,47.47474747474748,Implement / Accept
16.444444444444443,48.484848484848484,Implement / Accept
16.444444444444443,49.494949494949495,Implement / Accept
16.444444444444443,50.505050505050505,Implement / Accept
16.444444444444443,51.515151515151516,Implement / Accept
16.444444444444443,52.525252525252526,Implement / Accept
16.444444444444443,53.535353535353536,Implement / Accept
16.444444444444443,54.54545454545455,Implement / Accept
16.444444444444443,55.55555555555556,Implement / Accept
16.444444444444443,56.56565656565657,Implement / Accept
16.444444444444443,57.57575757575758,Implement / Accept
16.444444444444443,58.58585858585859,Implement / Accept
16.444444444444443,59.5959595959596,Implement / Accept
16.444444444444443,60.60606060606061,Implement / Accept
16.444444444444443,61.61616161616162,Implement / Accept
16.444444444444443,62.62626262626263,Implement / Accept
16.444444444444443,63.63636363636364,Implement / Accept
16.444444444444443,64.64646464646465,Implement / Accept
16.444444444444443,65.65656565656566,Implement / Accept
16.444444444444443,66.66666666666667,Implement / Accept
16.444444444444443,67.67676767676768,Implement / Accept
16.444444444444443,68.68686868686869,Implement / Accept
16.444444444444443,69.6969696969697,Implement / Accept
16.444444444444443,70.70707070707071,Implement / Accept
16.444444444444443,71.71717171717172,Implement / Accept
16.444444444444443,72.72727272727273,Implement / Accept
16.444444444444443,73.73737373737374,Implement / Accept
16.444444444444443,74.74747474747475,Implement / Accept
16.444444444444443,75.75757575757576,Implement / Accept
16.444444444444443,76.76767676767678,Implement / Accept
16.444444444444443,77.77777777777779,Implement / Accept
16.444444444444443,78.7878787878788,Implement / Accept
16.444444444444443,79.7979797979798,Implement / Accept
16.444444444444443,80.80808080808082,Implement / Accept
16.444444444444443,81.81818181818183,Implement / Accept
16.444444444444443,82.82828282828284,Implement / Accept
16.444444444444443,83.83838383838385,Implement / Accept
16.444444444444443,84.84848484848486,Implement / Accept
16.444444444444443,85.85858585858587,Implement / Accept
16.444444444444443,86.86868686868688,Implement / Accept
16.444444444444443,87.87878787878789,Implement / Accept
16.444444444444443,88.8888888888889,Implement / Accept
16.444444444444443,89.89898989898991,Implement / Accept
16.444444444444443,90.90909090909092,Implement / Accept
16.444444444444443,91.91919191919193,Implement / Accept
16.444444444444443,92.92929292929294,Implement / Accept
16.444444444444443,93.93939393939395,Implement / Accept
16.444444444444443,94.94949494949496,Implement / Accept
16.444444444444443,95.95959595959597,Implement / Accept
16.444444444444443,96.96969696969697,Implement / Accept
16.444444444444443,97.97979797979798,Implement / Accept
16.444444444444443,98.98989898989899,Implement / Accept
16.444444444444443,100.0,Implement / Accept
16.666666666666664,0.0,Implement / Accept
16.666666666666664,1.0101010101010102,Implement / Accept
16.666666666666664,2.0202020202020203,Implement / Accept
16.666666666666664,3.0303030303030303,Implement / Accept
16.666666666666664,4.040404040404041,Implement / Accept
16.666666666666664,5.050505050505051,Implement / Accept
16.666666666666664,6.0606060606060606,Implement / Accept
16.666666666666664,7.070707070707071,Implement / Accept
16.666666666666664,8.080808080808081,Implement / Accept
16.666666666666664,9.090909090909092,Implement / Accept
16.666666666666664,10.101010101010102,Implement / Accept
16.666666666666664,11.111111111111112,Implement / Accept
16.666666666666664,12.121212121212121,Implement / Accept
16.666666666666664,13.131313131313131,Implement / Accept
16.666666666666664,14.141414141414142,Implement / Accept
16.666666666666664,15.151515151515152,Implement / Accept
16.666666666666664,16.161616161616163,Implement / Accept
16.666666666666664,17.171717171717173,Implement / Accept
16.666666666666664,18.181818181818183,Implement / Accept
16.666666666666664,19.191919191919194,Implement / Accept
16.666666666666664,20.202020202020204,Implement / Accept
16.666666666666664,21.212121212121215,Implement / Accept
16.666666666666664,22.222222222222225,Implement / Accept
16.666666666666664,23.232323232323235,Implement / Accept
16.666666666666664,24.242424242424242,Implement / Accept
16.666666666666664,25.252525252525253,Implement / Accept
16.666666666666664,26.262626262626263,Implement / Accept
16.666666666666664,27.272727272727273,Implement / Accept
16.666666666666664,28.282828282828284,Implement / Accept
16.666666666666664,29.292929292929294,Implement / Accept
16.666666666666664,30.303030303030305,Implement / Accept
16.666666666666664,31.313131313131315,Implement / Accept
16.666666666666664,32.323232323232325,Implement / Accept
16.666666666666664,33.333333333333336,Implement / Accept
16.666666666666664,34.343434343434346,Implement / Accept
16.666666666666664,35.35353535353536,Implement / Accept
16.666666666666664,36.36363636363637,Implement / Accept
16.666666666666664,37.37373737373738,Implement / Accept
16.666666666666664,38.38383838383839,Implement / Accept
16.666666666666664,39.3939393939394,Implement / Accept
16.666666666666664,40.40404040404041,Implement / Accept
16.666666666666664,41.41414141414142,Implement / Accept
16.666666666666664,42.42424242424243,Implement / Accept
16.666666666666664,43.43434343434344,Implement / Accept
16.666666666666664,44.44444444444445,Implement / Accept
16.666666666666664,45.45454545454546,Implement / Accept
16.666666666666664,46.46464646464647,Implement / Accept
16.666666666666664,47.47474747474748,Implement / Accept
16.666666666666664,48.484848484848484,Implement / Accept
16.666666666666664,49.494949494949495,Implement / Accept
16.666666666666664,50.505050505050505,Implement / Accept
16.666666666666664,51.515151515151516,Implement / Accept
16.666666666666664,52.525252525252526,Implement / Accept
16.666666666666664,53.535353535353536,Implement / Accept
16.666666666666664,54.54545454545455,Implement / Accept
16.666666666666664,55.55555555555556,Implement / Accept
16.666666666666664,56.56565656565657,Implement / Accept
16.666666666666664,57.57575757575758,Implement / Accept
16.666666666666664,58.58585858585859,Implement / Accept
16.666666666666664,59.5959595959596,Implement / Accept
16.666666666666664,60.60606060606061,Implement / Accept
16.666666666666664,61.61616161616162,Implement / Accept
16.666666666666664,62.62626262626263,Implement / Accept
16.666666666666664,63.63636363636364,Implement / Accept
16.666666666666664,64.64646464646465,Implement / Accept
16.666666666666664,65.65656565656566,Implement / Accept
16.666666666666664,66.66666666666667,Implement / Accept
16.666666666666664,67.67676767676768,Implement / Accept
16.666666666666664,68.68686868686869,Implement / Accept
16.666666666666664,69.6969696969697,Implement / Accept
16.666666666666664,70.70707070707071,Implement / Accept
16.666666666666664,71.71717171717172,Implement / Accept
16.666666666666664,72.72727272727273,Implement / Accept
16.666666666666664,73.73737373737374,Implement / Accept
16.666666666666664,74.74747474747475,Implement / Accept
16.666666666666664,75.75757575757576,Implement / Accept
16.666666666666664,76.76767676767678,Implement / Accept
16.666666666666664,77.77777777777779,Implement / Accept
16.666666666666664,78.7878787878788,Implement / Accept
16.666666666666664,79.7979797979798,Implement / Accept
16.666666666666664,80.80808080808082,Implement / Accept
16.666666666666664,81.81818181818183,Implement / Accept
16.666666666666664,82.82828282828284,Implement / Accept
16.666666666666664,83.83838383838385,Implement / Accept
16.666666666666664,84.84848484848486,Implement / Accept
16.666666666666664,85.85858585858587,Implement / Accept
16.666666666666664,86.86868686868688,Implement / Accept
16.666666666666664,87.87878787878789,Implement / Accept
16.666666666666664,88.8888888888889,Implement / Accept
16.666666666666664,89.89898989898991,Implement / Accept
16.666666666666664,90.90909090909092,Implement / Accept
16.666666666666664,91.91919191919193,Implement / Accept
16.666666666666664,92.92929292929294,Implement / Accept
16.666666666666664,93.93939393939395,Implement / Accept
16.666666666666664,94.94949494949496,Implement / Accept
16.666666666666664,95.95959595959597,Implement / Accept
16.666666666666664,96.96969696969697,Implement / Accept
16.666666666666664,97.97979797979798,Implement / Accept
16.666666666666664,98.98989898989899,Implement / Accept
16.666666666666664,100.0,Implement / Accept
16.88888888888889,0.0,Implement / Accept
16.88888888888889,1.0101010101010102,Implement / Accept
16.88888888888889,2.0202020202020203,Implement / Accept
16.88888888888889,3.0303030303030303,Implement / Accept
16.88888888888889,4.040404040404041,Implement / Accept
16.88888888888889,5.050505050505051,Implement / Accept
16.88888888888889,6.0606060606060606,Implement / Accept
16.88888888888889,7.070707070707071,Implement / Accept
16.88888888888889,8.080808080808081,Implement / Accept
16.88888888888889,9.090909090909092,Implement / Accept
16.88888888888889,10.101010101010102,Implement / Accept
16.88888888888889,11.111111111111112,Implement / Accept
16.88888888888889,12.121212121212121,Implement / Accept
16.88888888888889,13.131313131313131,Implement / Accept
16.88888888888889,14.141414141414142,Implement / Accept
16.88888888888889,15.151515151515152,Implement / Accept
16.88888888888889,16.161616161616163,Implement / Accept
16.88888888888889,17.171717171717173,Implement / Accept
16.88888888888889,18.181818181818183,Implement / Accept
16.88888888888889,19.191919191919194,Implement / Accept
16.88888888888889,20.202020202020204,Implement / Accept
16.88888888888889,21.212121212121215,Implement / Accept
16.88888888888889,22.222222222222225,Implement / Accept
16.88888888888889,23.232323232323235,Implement / Accept
16.88888888888889,24.242424242424242,Implement / Accept
16.88888888888889,25.252525252525253,Implement / Accept
16.88888888888889,26.262626262626263,Implement / Accept
16.88888888888889,27.272727272727273,Implement / Accept
16.88888888888889,28.282828282828284,Implement / Accept
16.88888888888889,29.292929292929294,Implement / Accept
16.88888888888889,30.303030303030305,Implement / Accept
16.88888888888889,31.313131313131315,Implement / Accept
16.88888888888889,32.323232323232325,Implement / Accept
16.88888888888889,33.333333333333336,Implement / Accept
16.88888888888889,34.343434343434346,Implement / Accept
16.88888888888889,35.35353535353536,Implement / Accept
16.88888888888889,36.36363636363637,Implement / Accept
16.88888888888889,37.37373737373738,Implement / Accept
16.88888888888889,38.38383838383839,Implement / Accept
16.88888888888889,39.3939393939394,Implement / Accept
16.88888888888889,40.40404040404041,Implement / Accept
16.88888888888889,41.41414141414142,Implement / Accept
16.88888888888889,42.42424242424243,Implement / Accept
16.88888888888889,43.43434343434344,Implement / Accept
16.88888888888889,44.44444444444445,Implement / Accept
16.88888888888889,45.45454545454546,Implement / Accept
16.88888888888889,46.46464646464647,Implement / Accept
16.88888888888889,47.47474747474748,Implement / Accept
16.88888888888889,48.484848484848484,Implement / Accept
16.88888888888889,49.494949494949495,Implement / Accept
16.88888888888889,50.505050505050505,Implement / Accept
16.88888888888889,51.515151515151516,Implement / Accept
16.88888888888889,52.525252525252526,Implement / Accept
16.88888888888889,53.535353535353536,Implement / Accept
16.88888888888889,54.54545454545455,Implement / Accept
16.88888888888889,55.55555555555556,Implement / Accept
16.88888888888889,56.56565656565657,Implement / Accept
16.88888888888889,57.57575757575758,Implement / Accept
16.88888888888889,58.58585858585859,Implement / Accept
16.88888888888889,59.5959595959596,Implement / Accept
16.88888888888889,60.60606060606061,Implement / Accept
16.88888888888889,61.61616161616162,Implement / Accept
16.88888888888889,62.62626262626263,Implement / Accept
16.88888888888889,63.63636363636364,Implement / Accept
16.88888888888889,64.64646464646465,Implement / Accept
16.88888888888889,65.65656565656566,Implement / Accept
16.88888888888889,66.66666666666667,Implement / Accept
16.88888888888889,67.67676767676768,Implement / Accept
16.88888888888889,68.68686868686869,Implement / Accept
16.88888888888889,69.6969696969697,Implement / Accept
16.88888888888889,70.70707070707071,Implement / Accept
16.88888888888889,71.71717171717172,Implement / Accept
16.88888888888889,72.72727272727273,Implement / Accept
16.88888888888889,73.73737373737374,Implement / Accept
16.88888888888889,74.74747474747475,Implement / Accept
16.88888888888889,75.75757575757576,Implement / Accept
16.88888888888889,76.76767676767678,Implement / Accept
16.88888888888889,77.77777777777779,Implement / Accept
16.88888888888889,78.7878787878788,Implement / Accept
16.88888888888889,79.7979797979798,Implement / Accept
16.88888888888889,80.80808080808082,Implement / Accept
16.88888888888889,81.81818181818183,Implement / Accept
16.88888888888889,82.82828282828284,Implement / Accept
16.88888888888889,83.83838383838385,Implement / Accept
16.88888888888889,84.84848484848486,Implement / Accept
16.88888888888889,85.85858585858587,Implement / Accept
16.88888888888889,86.86868686868688,Implement / Accept
16.88888888888889,87.87878787878789,Implement / Accept
16.88888888888889,88.8888888888889,Implement / Accept
16.88888888888889,89.89898989898991,Implement / Accept
16.88888888888889,90.90909090909092,Implement / Accept
16.88888888888889,91.91919191919193,Implement / Accept
16.88888888888889,92.92929292929294,Implement / Accept
16.88888888888889,93.93939393939395,Implement / Accept
16.88888888888889,94.94949494949496,Implement / Accept
16.88888888888889,95.95959595959597,Implement / Accept
16.88888888888889,96.96969696969697,Implement / Accept
16.88888888888889,97.97979797979798,Implement / Accept
16.88888888888889,98.98989898989899,Implement / Accept
16.88888888888889,100.0,Implement / Accept
17.11111111111111,0.0,Implement / Accept
17.11111111111111,1.0101010101010102,Implement / Accept
17.11111111111111,2.0202020202020203,Implement / Accept
17.11111111111111,3.0303030303030303,Implement / Accept
17.11111111111111,4.040404040404041,Implement / Accept
17.11111111111111,5.050505050505051,Implement / Accept
17.11111111111111,6.0606060606060606,Implement / Accept
17.11111111111111,7.070707070707071,Implement / Accept
17.11111111111111,8.080808080808081,Implement / Accept
17.11111111111111,9.090909090909092,Implement / Accept
17.11111111111111,10.101010101010102,Implement / Accept
17.11111111111111,11.111111111111112,Implement / Accept
17.11111111111111,12.121212121212121,Implement / Accept
17.11111111111111,13.131313131313131,Implement / Accept
17.11111111111111,14.141414141414142,Implement / Accept
17.11111111111111,15.151515151515152,Implement / Accept
17.11111111111111,16.161616161616163,Implement / Accept
17.11111111111111,17.171717171717173,Implement / Accept
17.11111111111111,18.181818181818183,Implement / Accept
17.11111111111111,19.191919191919194,Implement / Accept
17.11111111111111,20.202020202020204,Implement / Accept
17.11111111111111,21.212121212121215,Implement / Accept
17.11111111111111,22.222222222222225,Implement / Accept
17.11111111111111,23.232323232323235,Implement / Accept
17.11111111111111,24.242424242424242,Implement / Accept
17.11111111111111,25.252525252525253,Implement / Accept
17.11111111111111,26.262626262626263,Implement / Accept
17.11111111111111,27.272727272727273,Implement / Accept
17.11111111111111,28.282828282828284,Implement / Accept
17.11111111111111,29.292929292929294,Implement / Accept
17.11111111111111,30.303030303030305,Implement / Accept
17.11111111111111,31.313131313131315,Implement / Accept
17.11111111111111,32.323232323232325,Implement / Accept
17.11111111111111,33.333333333333336,Implement / Accept
17.11111111111111,34.343434343434346,Implement / Accept
17.11111111111111,35.35353535353536,Implement / Accept
17.11111111111111,36.36363636363637,Implement / Accept
17.11111111111111,37.37373737373738,Implement / Accept
17.11111111111111,38.38383838383839,Implement / Accept
17.11111111111111,39.3939393939394,Implement / Accept
17.11111111111111,40.40404040404041,Implement / Accept
17.11111111111111,41.41414141414142,Implement / Accept
17.11111111111111,42.42424242424243,Implement / Accept
17.11111111111111,43.43434343434344,Implement / Accept
17.11111111111111,44.44444444444445,Implement / Accept
17.11111111111111,45.45454545454546,Implement / Accept
17.11111111111111,46.46464646464647,Implement / Accept
17.11111111111111,47.47474747474748,Implement / Accept
17.11111111111111,48.484848484848484,Implement / Accept
17.11111111111111,49.494949494949495,Implement / Accept
17.11111111111111,50.505050505050505,Implement / Accept
17.11111111111111,51.515151515151516,Implement / Accept
17.11111111111111,52.525252525252526,Implement / Accept
17.11111111111111,53.535353535353536,Implement / Accept
17.11111111111111,54.54545454545455,Implement / Accept
17.11111111111111,55.55555555555556,Implement / Accept
17.11111111111111,56.56565656565657,Implement / Accept
17.11111111111111,57.57575757575758,Implement / Accept
17.11111111111111,58.58585858585859,Implement / Accept
17.11111111111111,59.5959595959596,Implement / Accept
17.11111111111111,60.60606060606061,Implement / Accept
17.11111111111111,61.61616161616162,Implement / Accept
17.11111111111111,62.62626262626263,Implement / Accept
17.11111111111111,63.63636363636364,Implement / Accept
17.11111111111111,64.64646464646465,Implement / Accept
17.11111111111111,65.65656565656566,Implement / Accept
17.11111111111111,66.66666666666667,Implement / Accept
17.11111111111111,67.67676767676768,Implement / Accept
17.11111111111111,68.68686868686869,Implement / Accept
17.11111111111111,69.6969696969697,Implement / Accept
17.11111111111111,70.70707070707071,Implement / Accept
17.11111111111111,71.71717171717172,Implement / Accept
17.11111111111111,72.72727272727273,Implement / Accept
17.11111111111111,73.73737373737374,Implement / Accept
17.11111111111111,74.74747474747475,Implement / Accept
17.11111111111111,75.75757575757576,Implement / Accept
17.11111111111111,76.76767676767678,Implement / Accept
17.11111111111111,77.77777777777779,Implement / Accept
17.11111111111111,78.7878787878788,Implement / Accept
17.11111111111111,79.7979797979798,Implement / Accept
17.11111111111111,80.80808080808082,Implement / Accept
17.11111111111111,81.81818181818183,Implement / Accept
17.11111111111111,82.82828282828284,Implement / Accept
17.11111111111111,83.83838383838385,Implement / Accept
17.11111111111111,84.84848484848486,Implement / Accept
17.11111111111111,85.85858585858587,Implement / Accept
17.11111111111111,86.86868686868688,Implement / Accept
17.11111111111111,87.87878787878789,Implement / Accept
17.11111111111111,88.8888888888889,Implement / Accept
17.11111111111111,89.89898989898991,Implement / Accept
17.11111111111111,90.90909090909092,Implement / Accept
17.11111111111111,91.91919191919193,Implement / Accept
17.11111111111111,92.92929292929294,Implement / Accept
17.11111111111111,93.93939393939395,Implement / Accept
17.11111111111111,94.94949494949496,Implement / Accept
17.11111111111111,95.95959595959597,Implement / Accept
17.11111111111111,96.96969696969697,Implement / Accept
17.11111111111111,97.97979797979798,Implement / Accept
17.11111111111111,98.98989898989899,Implement / Accept
17.11111111111111,100.0,Implement / Accept
17.333333333333332,0.0,Implement / Accept
17.333333333333332,1.0101010101010102,Implement / Accept
17.333333333333332,2.0202020202020203,Implement / Accept
17.333333333333332,3.0303030303030303,Implement / Accept
17.333333333333332,4.040404040404041,Implement / Accept
17.333333333333332,5.050505050505051,Implement / Accept
17.333333333333332,6.0606060606060606,Implement / Accept
17.333333333333332,7.070707070707071,Implement / Accept
17.333333333333332,8.080808080808081,Implement / Accept
17.333333333333332,9.090909090909092,Implement / Accept
17.333333333333332,10.101010101010102,Implement / Accept
17.333333333333332,11.111111111111112,Implement / Accept
17.333333333333332,12.121212121212121,Implement / Accept
17.333333333333332,13.131313131313131,Implement / Accept
17.333333333333332,14.141414141414142,Implement / Accept
17.333333333333332,15.151515151515152,Implement / Accept
17.333333333333332,16.161616161616163,Implement / Accept
17.333333333333332,17.171717171717173,Implement / Accept
17.333333333333332,18.181818181818183,Implement / Accept
17.333333333333332,19.191919191919194,Implement / Accept
17.333333333333332,20.202020202020204,Implement / Accept
17.333333333333332,21.212121212121215,Implement / Accept
17.333333333333332,22.222222222222225,Implement / Accept
17.333333333333332,23.232323232323235,Implement / Accept
17.333333333333332,24.242424242424242,Implement / Accept
17.333333333333332,25.252525252525253,Implement / Accept
17.333333333333332,26.262626262626263,Implement / Accept
17.333333333333332,27.272727272727273,Implement / Accept
17.333333333333332,28.282828282828284,Implement / Accept
17.333333333333332,29.292929292929294,Implement / Accept
17.333333333333332,30.303030303030305,Implement / Accept
17.333333333333332,31.313131313131315,Implement / Accept
17.333333333333332,32.323232323232325,Implement / Accept
17.333333333333332,33.333333333333336,Implement / Accept
17.333333333333332,34.343434343434346,Implement / Accept
17.333333333333332,35.35353535353536,Implement / Accept
17.333333333333332,36.36363636363637,Implement / Accept
17.333333333333332,37.37373737373738,Implement / Accept
17.333333333333332,38.38383838383839,Implement / Accept
17.333333333333332,39.3939393939394,Implement / Accept
17.333333333333332,40.40404040404041,Implement / Accept
17.333333333333332,41.41414141414142,Implement / Accept
17.333333333333332,42.42424242424243,Implement / Accept
17.333333333333332,43.43434343434344,Implement / Accept
17.333333333333332,44.44444444444445,Implement / Accept
17.333333333333332,45.45454545454546,Implement / Accept
17.333333333333332,46.46464646464647,Implement / Accept
17.333333333333332,47.47474747474748,Implement / Accept
17.333333333333332,48.484848484848484,Implement / Accept
17.333333333333332,49.494949494949495,Implement / Accept
17.333333333333332,50.505050505050505,Implement / Accept
17.333333333333332,51.515151515151516,Implement / Accept
17.333333333333332,52.525252525252526,Implement / Accept
17.333333333333332,53.535353535353536,Implement / Accept
17.333333333333332,54.54545454545455,Implement / Accept
17.333333333333332,55.55555555555556,Implement / Accept
17.333333333333332,56.56565656565657,Implement / Accept
17.333333333333332,57.57575757575758,Implement / Accept
17.333333333333332,58.58585858585859,Implement / Accept
17.333333333333332,59.5959595959596,Implement / Accept
17.333333333333332,60.60606060606061,Implement / Accept
17.333333333333332,61.61616161616162,Implement / Accept
17.333333333333332,62.62626262626263,Implement / Accept
17.333333333333332,63.63636363636364,Implement / Accept
17.333333333333332,64.64646464646465,Implement / Accept
17.333333333333332,65.65656565656566,Implement / Accept
17.333333333333332,66.66666666666667,Implement / Accept
17.333333333333332,67.67676767676768,Implement / Accept
17.333333333333332,68.68686868686869,Implement / Accept
17.333333333333332,69.6969696969697,Implement / Accept
17.333333333333332,70.70707070707071,Implement / Accept
17.333333333333332,71.71717171717172,Implement / Accept
17.333333333333332,72.72727272727273,Implement / Accept
17.333333333333332,73.73737373737374,Implement / Accept
17.333333333333332,74.74747474747475,Implement / Accept
17.333333333333332,75.75757575757576,Implement / Accept
17.333333333333332,76.76767676767678,Implement / Accept
17.333333333333332,77.77777777777779,Implement / Accept
17.333333333333332,78.7878787878788,Implement / Accept
17.333333333333332,79.7979797979798,Implement / Accept
17.333333333333332,80.80808080808082,Implement / Accept
17.333333333333332,81.81818181818183,Implement / Accept
17.333333333333332,82.82828282828284,Implement / Accept
17.333333333333332,83.83838383838385,Implement / Accept
17.333333333333332,84.84848484848486,Implement / Accept
17.333333333333332,85.85858585858587,Implement / Accept
17.333333333333332,86.86868686868688,Implement / Accept
17.333333333333332,87.87878787878789,Implement / Accept
17.333333333333332,88.8888888888889,Implement / Accept
17.333333333333332,89.89898989898991,Implement / Accept
17.333333333333332,90.90909090909092,Implement / Accept
17.333333333333332,91.91919191919193,Implement / Accept
17.333333333333332,92.92929292929294,Implement / Accept
17.333333333333332,93.93939393939395,Implement / Accept
17.333333333333332,94.94949494949496,Implement / Accept
17.333333333333332,95.95959595959597,Implement / Accept
17.333333333333332,96.96969696969697,Implement / Accept
17.333333333333332,97.97979797979798,Implement / Accept
17.333333333333332,98.98989898989899,Implement / Accept
17.333333333333332,100.0,Implement / Accept
17.555555555555554,0.0,Implement / Accept
17.555555555555554,1.0101010101010102,Implement / Accept
17.555555555555554,2.0202020202020203,Implement / Accept
17.555555555555554,3.0303030303030303,Implement / Accept
17.555555555555554,4.040404040404041,Implement / Accept
17.555555555555554,5.050505050505051,Implement / Accept
17.555555555555554,6.0606060606060606,Implement / Accept
17.555555555555554,7.070707070707071,Implement / Accept
17.555555555555554,8.080808080808081,Implement / Accept
17.555555555555554,9.090909090909092,Implement / Accept
17.555555555555554,10.101010101010102,Implement / Accept
17.555555555555554,11.111111111111112,Implement / Accept
17.555555555555554,12.121212121212121,Implement / Accept
17.555555555555554,13.131313131313131,Implement / Accept
17.555555555555554,14.141414141414142,Implement / Accept
17.555555555555554,15.151515151515152,Implement / Accept
17.555555555555554,16.161616161616163,Implement / Accept
17.555555555555554,17.171717171717173,Implement / Accept
17.555555555555554,18.181818181818183,Implement / Accept
17.555555555555554,19.191919191919194,Implement / Accept
17.555555555555554,20.202020202020204,Implement / Accept
17.555555555555554,21.212121212121215,Implement / Accept
17.555555555555554,22.222222222222225,Implement / Accept
17.555555555555554,23.232323232323235,Implement / Accept
17.555555555555554,24.242424242424242,Implement / Accept
17.555555555555554,25.252525252525253,Implement / Accept
17.555555555555554,26.262626262626263,Implement / Accept
17.555555555555554,27.272727272727273,Implement / Accept
17.555555555555554,28.282828282828284,Implement / Accept
17.555555555555554,29.292929292929294,Implement / Accept
17.555555555555554,30.303030303030305,Implement / Accept
17.555555555555554,31.313131313131315,Implement / Accept
17.555555555555554,32.323232323232325,Implement / Accept
17.555555555555554,33.333333333333336,Implement / Accept
17.555555555555554,34.343434343434346,Implement / Accept
17.555555555555554,35.35353535353536,Implement / Accept
17.555555555555554,36.36363636363637,Implement / Accept
17.555555555555554,37.37373737373738,Implement / Accept
17.555555555555554,38.38383838383839,Implement / Accept
17.555555555555554,39.3939393939394,Implement / Accept
17.555555555555554,40.40404040404041,Implement / Accept
17.555555555555554,41.41414141414142,Implement / Accept
17.555555555555554,42.42424242424243,Implement / Accept
17.555555555555554,43.43434343434344,Implement / Accept
17.555555555555554,44.44444444444445,Implement / Accept
17.555555555555554,45.45454545454546,Implement / Accept
17.555555555555554,46.46464646464647,Implement / Accept
17.555555555555554,47.47474747474748,Implement / Accept
17.555555555555554,48.484848484848484,Implement / Accept
17.555555555555554,49.494949494949495,Implement / Accept
17.555555555555554,50.505050505050505,Implement / Accept
17.555555555555554,51.515151515151516,Implement / Accept
17.555555555555554,52.525252525252526,Implement / Accept
17.555555555555554,53.535353535353536,Implement / Accept
17.555555555555554,54.54545454545455,Implement / Accept
17.555555555555554,55.55555555555556,Implement / Accept
17.555555555555554,56.56565656565657,Implement / Accept
17.555555555555554,57.57575757575758,Implement / Accept
17.555555555555554,58.58585858585859,Implement / Accept
17.555555555555554,59.5959595959596,Implement / Accept
17.555555555555554,60.60606060606061,Implement / Accept
17.555555555555554,61.61616161616162,Implement / Accept
17.555555555555554,62.62626262626263,Implement / Accept
17.555555555555554,63.63636363636364,Implement / Accept
17.555555555555554,64.64646464646465,Implement / Accept
17.555555555555554,65.65656565656566,Implement / Accept
17.555555555555554,66.66666666666667,Implement / Accept
17.555555555555554,67.67676767676768,Implement / Accept
17.555555555555554,68.68686868686869,Implement / Accept
17.555555555555554,69.6969696969697,Implement / Accept
17.555555555555554,70.70707070707071,Implement / Accept
17.555555555555554,71.71717171717172,Implement / Accept
17.555555555555554,72.72727272727273,Implement / Accept
17.555555555555554,73.73737373737374,Implement / Accept
17.555555555555554,74.74747474747475,Implement / Accept
17.555555555555554,75.75757575757576,Implement / Accept
17.555555555555554,76.76767676767678,Implement / Accept
17.555555555555554,77.77777777777779,Implement / Accept
17.555555555555554,78.7878787878788,Implement / Accept
17.555555555555554,79.7979797979798,Implement / Accept
17.555555555555554,80.80808080808082,Implement / Accept
17.555555555555554,81.81818181818183,Implement / Accept
17.555555555555554,82.82828282828284,Implement / Accept
17.555555555555554,83.83838383838385,Implement / Accept
17.555555555555554,84.84848484848486,Implement / Accept
17.555555555555554,85.85858585858587,Implement / Accept
17.555555555555554,86.86868686868688,Implement / Accept
17.555555555555554,87.87878787878789,Implement / Accept
17.555555555555554,88.8888888888889,Implement / Accept
17.555555555555554,89.89898989898991,Implement / Accept
17.555555555555554,90.90909090909092,Implement / Accept
17.555555555555554,91.91919191919193,Implement / Accept
17.555555555555554,92.92929292929294,Implement / Accept
17.555555555555554,93.93939393939395,Implement / Accept
17.555555555555554,94.94949494949496,Implement / Accept
17.555555555555554,95.95959595959597,Implement / Accept
17.555555555555554,96.96969696969697,Implement / Accept
17.555555555555554,97.97979797979798,Implement / Accept
17.555555555555554,98.98989898989899,Implement / Accept
17.555555555555554,100.0,Implement / Accept
17.77777777777778,0.0,Implement / Accept
17.77777777777778,1.0101010101010102,Implement / Accept
17.77777777777778,2.0202020202020203,Implement / Accept
17.77777777777778,3.0303030303030303,Implement / Accept
17.77777777777778,4.040404040404041,Implement / Accept
17.77777777777778,5.050505050505051,Implement / Accept
17.77777777777778,6.0606060606060606,Implement / Accept
17.77777777777778,7.070707070707071,Implement / Accept
17.77777777777778,8.080808080808081,Implement / Accept
17.77777777777778,9.090909090909092,Implement / Accept
17.77777777777778,10.101010101010102,Implement / Accept
17.77777777777778,11.111111111111112,Implement / Accept
17.77777777777778,12.121212121212121,Implement / Accept
17.77777777777778,13.131313131313131,Implement / Accept
17.77777777777778,14.141414141414142,Implement / Accept
17.77777777777778,15.151515151515152,Implement / Accept
17.77777777777778,16.161616161616163,Implement / Accept
17.77777777777778,17.171717171717173,Implement / Accept
17.77777777777778,18.181818181818183,Implement / Accept
17.77777777777778,19.191919191919194,Implement / Accept
17.77777777777778,20.202020202020204,Implement / Accept
17.77777777777778,21.212121212121215,Implement / Accept
17.77777777777778,22.222222222222225,Implement / Accept
17.77777777777778,23.232323232323235,Implement / Accept
17.77777777777778,24.242424242424242,Implement / Accept
17.77777777777778,25.252525252525253,Implement / Accept
17.77777777777778,26.262626262626263,Implement / Accept
17.77777777777778,27.272727272727273,Implement / Accept
17.77777777777778,28.282828282828284,Implement / Accept
17.77777777777778,29.292929292929294,Implement / Accept
17.77777777777778,30.303030303030305,Implement / Accept
17.77777777777778,31.313131313131315,Implement / Accept
17.77777777777778,32.323232323232325,Implement / Accept
17.77777777777778,33.333333333333336,Implement / Accept
17.77777777777778,34.343434343434346,Implement / Accept
17.77777777777778,35.35353535353536,Implement / Accept
17.77777777777778,36.36363636363637,Implement / Accept
17.77777777777778,37.37373737373738,Implement / Accept
17.77777777777778,38.38383838383839,Implement / Accept
17.77777777777778,39.3939393939394,Implement / Accept
17.77777777777778,40.40404040404041,Implement / Accept
17.77777777777778,41.41414141414142,Implement / Accept
17.77777777777778,42.42424242424243,Implement / Accept
17.77777777777778,43.43434343434344,Implement / Accept
17.77777777777778,44.44444444444445,Implement / Accept
17.77777777777778,45.45454545454546,Implement / Accept
17.77777777777778,46.46464646464647,Implement / Accept
17.77777777777778,47.47474747474748,Implement / Accept
17.77777777777778,48.484848484848484,Implement / Accept
17.77777777777778,49.494949494949495,Implement / Accept
17.77777777777778,50.505050505050505,Implement / Accept
17.77777777777778,51.515151515151516,Implement / Accept
17.77777777777778,52.525252525252526,Implement / Accept
17.77777777777778,53.535353535353536,Implement / Accept
17.77777777777778,54.54545454545455,Implement / Accept
17.77777777777778,55.55555555555556,Implement / Accept
17.77777777777778,56.56565656565657,Implement / Accept
17.77777777777778,57.57575757575758,Implement / Accept
17.77777777777778,58.58585858585859,Implement / Accept
17.77777777777778,59.5959595959596,Implement / Accept
17.77777777777778,60.60606060606061,Implement / Accept
17.77777777777778,61.61616161616162,Implement / Accept
17.77777777777778,62.62626262626263,Implement / Accept
17.77777777777778,63.63636363636364,Implement / Accept
17.77777777777778,64.64646464646465,Implement / Accept
17.77777777777778,65.65656565656566,Implement / Accept
17.77777777777778,66.66666666666667,Implement / Accept
17.77777777777778,67.67676767676768,Implement / Accept
17.77777777777778,68.68686868686869,Implement / Accept
17.77777777777778,69.6969696969697,Implement / Accept
17.77777777777778,70.70707070707071,Implement / Accept
17.77777777777778,71.71717171717172,Implement / Accept
17.77777777777778,72.72727272727273,Implement / Accept
17.77777777777778,73.73737373737374,Implement / Accept
17.77777777777778,74.74747474747475,Implement / Accept
17.77777777777778,75.75757575757576,Implement / Accept
17.77777777777778,76.76767676767678,Implement / Accept
17.77777777777778,77.77777777777779,Implement / Accept
17.77777777777778,78.7878787878788,Implement / Accept
17.77777777777778,79.7979797979798,Implement / Accept
17.77777777777778,80.80808080808082,Implement / Accept
17.77777777777778,81.81818181818183,Implement / Accept
17.77777777777778,82.82828282828284,Implement / Accept
17.77777777777778,83.83838383838385,Implement / Accept
17.77777777777778,84.84848484848486,Implement / Accept
17.77777777777778,85.85858585858587,Implement / Accept
17.77777777777778,86.86868686868688,Implement / Accept
17.77777777777778,87.87878787878789,Implement / Accept
17.77777777777778,88.8888888888889,Implement / Accept
17.77777777777778,89.89898989898991,Implement / Accept
17.77777777777778,90.90909090909092,Implement / Accept
17.77777777777778,91.91919191919193,Implement / Accept
17.77777777777778,92.92929292929294,Implement / Accept
17.77777777777778,93.93939393939395,Implement / Accept
17.77777777777778,94.94949494949496,Implement / Accept
17.77777777777778,95.95959595959597,Implement / Accept
17.77777777777778,96.96969696969697,Implement / Accept
17.77777777777778,97.97979797979798,Implement / Accept
17.77777777777778,98.98989898989899,Implement / Accept
17.77777777777778,100.0,Implement / Accept
18.0,0.0,Implement / Accept
18.0,1.0101010101010102,Implement / Accept
18.0,2.0202020202020203,Implement / Accept
18.0,3.0303030303030303,Implement / Accept
18.0,4.040404040404041,Implement / Accept
18.0,5.050505050505051,Implement / Accept
18.0,6.0606060606060606,Implement / Accept
18.0,7.070707070707071,Implement / Accept
18.0,8.080808080808081,Implement / Accept
18.0,9.090909090909092,Implement / Accept
18.0,10.101010101010102,Implement / Accept
18.0,11.111111111111112,Implement / Accept
18.0,12.121212121212121,Implement / Accept
18.0,13.131313131313131,Implement / Accept
18.0,14.141414141414142,Implement / Accept
18.0,15.151515151515152,Implement / Accept
18.0,16.161616161616163,Implement / Accept
18.0,17.171717171717173,Implement / Accept
18.0,18.181818181818183,Implement / Accept
18.0,19.191919191919194,Implement / Accept
18.0,20.202020202020204,Implement / Accept
18.0,21.212121212121215,Implement / Accept
18.0,22.222222222222225,Implement / Accept
18.0,23.232323232323235,Implement / Accept
18.0,24.242424242424242,Implement / Accept
18.0,25.252525252525253,Implement / Accept
18.0,26.262626262626263,Implement / Accept
18.0,27.272727272727273,Implement / Accept
18.0,28.282828282828284,Implement / Accept
18.0,29.292929292929294,Implement / Accept
18.0,30.303030303030305,Implement / Accept
18.0,31.313131313131315,Implement / Accept
18.0,32.323232323232325,Implement / Accept
18.0,33.333333333333336,Implement / Accept
18.0,34.343434343434346,Implement / Accept
18.0,35.35353535353536,Implement / Accept
18.0,36.36363636363637,Implement / Accept
18.0,37.37373737373738,Implement / Accept
18.0,38.38383838383839,Implement / Accept
18.0,39.3939393939394,Implement / Accept
18.0,40.40404040404041,Implement / Accept
18.0,41.41414141414142,Implement / Accept
18.0,42.42424242424243,Implement / Accept
18.0,43.43434343434344,Implement / Accept
18.0,44.44444444444445,Implement / Accept
18.0,45.45454545454546,Implement / Accept
18.0,46.46464646464647,Implement / Accept
18.0,47.47474747474748,Implement / Accept
18.0,48.484848484848484,Implement / Accept
18.0,49.494949494949495,Implement / Accept
18.0,50.505050505050505,Implement / Accept
18.0,51.515151515151516,Implement / Accept
18.0,52.525252525252526,Implement / Accept
18.0,53.535353535353536,Implement / Accept
18.0,54.54545454545455,Implement / Accept
18.0,55.55555555555556,Implement / Accept
18.0,56.56565656565657,Implement / Accept
18.0,57.57575757575758,Implement / Accept
18.0,58.58585858585859,Implement / Accept
18.0,59.5959595959596,Implement / Accept
18.0,60.60606060606061,Implement / Accept
18.0,61.61616161616162,Implement / Accept
18.0,62.62626262626263,Implement / Accept
18.0,63.63636363636364,Implement / Accept
18.0,64.64646464646465,Implement / Accept
18.0,65.65656565656566,Implement / Accept
18.0,66.66666666666667,Implement / Accept
18.0,67.67676767676768,Implement / Accept
18.0,68.68686868686869,Implement / Accept
18.0,69.6969696969697,Implement / Accept
18.0,70.70707070707071,Implement / Accept
18.0,71.71717171717172,Implement / Accept
18.0,72.72727272727273,Implement / Accept
18.0,73.73737373737374,Implement / Accept
18.0,74.74747474747475,Implement / Accept
18.0,75.75757575757576,Implement / Accept
18.0,76.76767676767678,Implement / Accept
18.0,77.77777777777779,Implement / Accept
18.0,78.7878787878788,Implement / Accept
18.0,79.7979797979798,Implement / Accept
18.0,80.80808080808082,Implement / Accept
18.0,81.81818181818183,Implement / Accept
18.0,82.82828282828284,Implement / Accept
18.0,83.83838383838385,Implement / Accept
18.0,84.84848484848486,Implement / Accept
18.0,85.85858585858587,Implement / Accept
18.0,86.86868686868688,Implement / Accept
18.0,87.87878787878789,Implement / Accept
18.0,88.8888888888889,Implement / Accept
18.0,89.89898989898991,Implement / Accept
18.0,90.90909090909092,Implement / Accept
18.0,91.91919191919193,Implement / Accept
18.0,92.92929292929294,Implement / Accept
18.0,93.93939393939395,Implement / Accept
18.0,94.94949494949496,Implement / Accept
18.0,95.95959595959597,Implement / Accept
18.0,96.96969696969697,Implement / Accept
18.0,97.97979797979798,Implement / Accept
18.0,98.98989898989899,Implement / Accept
18.0,100.0,Implement / Accept
18.22222222222222,0.0,Implement / Accept
18.22222222222222,1.0101010101010102,Implement / Accept
18.22222222222222,2.0202020202020203,Implement / Accept
18.22222222222222,3.0303030303030303,Implement / Accept
18.22222222222222,4.040404040404041,Implement / Accept
18.22222222222222,5.050505050505051,Implement / Accept
18.22222222222222,6.0606060606060606,Implement / Accept
18.22222222222222,7.070707070707071,Implement / Accept
18.22222222222222,8.080808080808081,Implement / Accept
18.22222222222222,9.090909090909092,Implement / Accept
18.22222222222222,10.101010101010102,Implement / Accept
18.22222222222222,11.111111111111112,Implement / Accept
18.22222222222222,12.121212121212121,Implement / Accept
18.22222222222222,13.131313131313131,Implement / Accept
18.22222222222222,14.141414141414142,Implement / Accept
18.22222222222222,15.151515151515152,Implement / Accept
18.22222222222222,16.161616161616163,Implement / Accept
18.22222222222222,17.171717171717173,Implement / Accept
18.22222222222222,18.181818181818183,Implement / Accept
18.22222222222222,19.191919191919194,Implement / Accept
18.22222222222222,20.202020202020204,Implement / Accept
18.22222222222222,21.212121212121215,Implement / Accept
18.22222222222222,22.222222222222225,Implement / Accept
18.22222222222222,23.232323232323235,Implement / Accept
18.22222222222222,24.242424242424242,Implement / Accept
18.22222222222222,25.252525252525253,Implement / Accept
18.22222222222222,26.262626262626263,Implement / Accept
18.22222222222222,27.272727272727273,Implement / Accept
18.22222222222222,28.282828282828284,Implement / Accept
18.22222222222222,29.292929292929294,Implement / Accept
18.22222222222222,30.303030303030305,Implement / Accept
18.22222222222222,31.313131313131315,Implement / Accept
18.22222222222222,32.323232323232325,Implement / Accept
18.22222222222222,33.333333333333336,Implement / Accept
18.22222222222222,34.343434343434346,Implement / Accept
18.22222222222222,35.35353535353536,Implement / Accept
18.22222222222222,36.36363636363637,Implement / Accept
18.22222222222222,37.37373737373738,Implement / Accept
18.22222222222222,38.38383838383839,Implement / Accept
18.22222222222222,39.3939393939394,Implement / Accept
18.22222222222222,40.40404040404041,Implement / Accept
18.22222222222222,41.41414141414142,Implement / Accept
18.22222222222222,42.42424242424243,Implement / Accept
18.22222222222222,43.43434343434344,Implement / Accept
18.22222222222222,44.44444444444445,Implement / Accept
18.22222222222222,45.45454545454546,Implement / Accept
18.22222222222222,46.46464646464647,Implement / Accept
18.22222222222222,47.47474747474748,Implement / Accept
18.22222222222222,48.484848484848484,Implement / Accept
18.22222222222222,49.494949494949495,Implement / Accept
18.22222222222222,50.505050505050505,Implement / Accept
18.22222222222222,51.515151515151516,Implement / Accept
18.22222222222222,52.525252525252526,Implement / Accept
18.22222222222222,53.535353535353536,Implement / Accept
18.22222222222222,54.54545454545455,Implement / Accept
18.22222222222222,55.55555555555556,Implement / Accept
18.22222222222222,56.56565656565657,Implement / Accept
18.22222222222222,57.57575757575758,Implement / Accept
18.22222222222222,58.58585858585859,Implement / Accept
18.22222222222222,59.5959595959596,Implement / Accept
18.22222222222222,60.60606060606061,Implement / Accept
18.22222222222222,61.61616161616162,Implement / Accept
18.22222222222222,62.62626262626263,Implement / Accept
18.22222222222222,63.63636363636364,Implement / Accept
18.22222222222222,64.64646464646465,Implement / Accept
18.22222222222222,65.65656565656566,Implement / Accept
18.22222222222222,66.66666666666667,Implement / Accept
18.22222222222222,67.67676767676768,Implement / Accept
18.22222222222222,68.68686868686869,Implement / Accept
18.22222222222222,69.6969696969697,Implement / Accept
18.22222222222222,70.70707070707071,Implement / Accept
18.22222222222222,71.71717171717172,Implement / Accept
18.22222222222222,72.72727272727273,Implement / Accept
18.22222222222222,73.73737373737374,Implement / Accept
18.22222222222222,74.74747474747475,Implement / Accept
18.22222222222222,75.75757575757576,Implement / Accept
18.22222222222222,76.76767676767678,Implement / Accept
18.22222222222222,77.77777777777779,Implement / Accept
18.22222222222222,78.7878787878788,Implement / Accept
18.22222222222222,79.7979797979798,Implement / Accept
18.22222222222222,80.80808080808082,Implement / Accept
18.22222222222222,81.81818181818183,Implement / Accept
18.22222222222222,82.82828282828284,Implement / Accept
18.22222222222222,83.83838383838385,Implement / Accept
18.22222222222222,84.84848484848486,Implement / Accept
18.22222222222222,85.85858585858587,Implement / Accept
18.22222222222222,86.86868686868688,Implement / Accept
18.22222222222222,87.87878787878789,Implement / Accept
18.22222222222222,88.8888888888889,Implement / Accept
18.22222222222222,89.89898989898991,Implement / Accept
18.22222222222222,90.90909090909092,Implement / Accept
18.22222222222222,91.91919191919193,Implement / Accept
18.22222222222222,92.92929292929294,Implement / Accept
18.22222222222222,93.93939393939395,Implement / Accept
18.22222222222222,94.94949494949496,Implement / Accept
18.22222222222222,95.95959595959597,Implement / Accept
18.22222222222222,96.96969696969697,Implement / Accept
18.22222222222222,97.97979797979798,Implement / Accept
18.22222222222222,98.98989898989899,Implement / Accept
18.22222222222222,100.0,Implement / Accept
18.444444444444443,0.0,Implement / Accept
18.444444444444443,1.0101010101010102,Implement / Accept
18.444444444444443,2.0202020202020203,Implement / Accept
18.444444444444443,3.0303030303030303,Implement / Accept
18.444444444444443,4.040404040404041,Implement / Accept
18.444444444444443,5.050505050505051,Implement / Accept
18.444444444444443,6.0606060606060606,Implement / Accept
18.444444444444443,7.070707070707071,Implement / Accept
18.444444444444443,8.080808080808081,Implement / Accept
18.444444444444443,9.090909090909092,Implement / Accept
18.444444444444443,10.101010101010102,Implement / Accept
18.444444444444443,11.111111111111112,Implement / Accept
18.444444444444443,12.121212121212121,Implement / Accept
18.444444444444443,13.131313131313131,Implement / Accept
18.444444444444443,14.141414141414142,Implement / Accept
18.444444444444443,15.151515151515152,Implement / Accept
18.444444444444443,16.161616161616163,Implement / Accept
18.444444444444443,17.171717171717173,Implement / Accept
18.444444444444443,18.181818181818183,Implement / Accept
18.444444444444443,19.191919191919194,Implement / Accept
18.444444444444443,20.202020202020204,Implement / Accept
18.444444444444443,21.212121212121215,Implement / Accept
18.444444444444443,22.222222222222225,Implement / Accept
18.444444444444443,23.232323232323235,Implement / Accept
18.444444444444443,24.242424242424242,Implement / Accept
18.444444444444443,25.252525252525253,Implement / Accept
18.444444444444443,26.262626262626263,Implement / Accept
18.444444444444443,27.272727272727273,Implement / Accept
18.444444444444443,28.282828282828284,Implement / Accept
18.444444444444443,29.292929292929294,Implement / Accept
18.444444444444443,30.303030303030305,Implement / Accept
18.444444444444443,31.313131313131315,Implement / Accept
18.444444444444443,32.323232323232325,Implement / Accept
18.444444444444443,33.333333333333336,Implement / Accept
18.444444444444443,34.343434343434346,Implement / Accept
18.444444444444443,35.35353535353536,Implement / Accept
18.444444444444443,36.36363636363637,Implement / Accept
18.444444444444443,37.37373737373738,Implement / Accept
18.444444444444443,38.38383838383839,Implement / Accept
18.444444444444443,39.3939393939394,Implement / Accept
18.444444444444443,40.40404040404041,Implement / Accept
18.444444444444443,41.41414141414142,Implement / Accept
18.444444444444443,42.42424242424243,Implement / Accept
18.444444444444443,43.43434343434344,Implement / Accept
18.444444444444443,44.44444444444445,Implement / Accept
18.444444444444443,45.45454545454546,Implement / Accept
18.444444444444443,46.46464646464647,Implement / Accept
18.444444444444443,47.47474747474748,Implement / Accept
18.444444444444443,48.484848484848484,Implement / Accept
18.444444444444443,49.494949494949495,Implement / Accept
18.444444444444443,50.505050505050505,Implement / Accept
18.444444444444443,51.515151515151516,Implement / Accept
18.444444444444443,52.525252525252526,Implement / Accept
18.444444444444443,53.535353535353536,Implement / Accept
18.444444444444443,54.54545454545455,Implement / Accept
18.444444444444443,55.55555555555556,Implement / Accept
18.444444444444443,56.56565656565657,Implement / Accept
18.444444444444443,57.57575757575758,Implement / Accept
18.444444444444443,58.58585858585859,Implement / Accept
18.444444444444443,59.5959595959596,Implement / Accept
18.444444444444443,60.60606060606061,Implement / Accept
18.444444444444443,61.61616161616162,Implement / Accept
18.444444444444443,62.62626262626263,Implement / Accept
18.444444444444443,63.63636363636364,Implement / Accept
18.444444444444443,64.64646464646465,Implement / Accept
18.444444444444443,65.65656565656566,Implement / Accept
18.444444444444443,66.66666666666667,Implement / Accept
18.444444444444443,67.67676767676768,Implement / Accept
18.444444444444443,68.68686868686869,Implement / Accept
18.444444444444443,69.6969696969697,Implement / Accept
18.444444444444443,70.70707070707071,Implement / Accept
18.444444444444443,71.71717171717172,Implement / Accept
18.444444444444443,72.72727272727273,Implement / Accept
18.444444444444443,73.73737373737374,Implement / Accept
18.444444444444443,74.74747474747475,Implement / Accept
18.444444444444443,75.75757575757576,Implement / Accept
18.444444444444443,76.76767676767678,Implement / Accept
18.444444444444443,77.77777777777779,Implement / Accept
18.444444444444443,78.7878787878788,Implement / Accept
18.444444444444443,79.7979797979798,Implement / Accept
18.444444444444443,80.80808080808082,Implement / Accept
18.444444444444443,81.81818181818183,Implement / Accept
18.444444444444443,82.82828282828284,Implement / Accept
18.444444444444443,83.83838383838385,Implement / Accept
18.444444444444443,84.84848484848486,Implement / Accept
18.444444444444443,85.85858585858587,Implement / Accept
18.444444444444443,86.86868686868688,Implement / Accept
18.444444444444443,87.87878787878789,Implement / Accept
18.444444444444443,88.8888888888889,Implement / Accept
18.444444444444443,89.89898989898991,Implement / Accept
18.444444444444443,90.90909090909092,Implement / Accept
18.444444444444443,91.91919191919193,Implement / Accept
18.444444444444443,92.92929292929294,Implement / Accept
18.444444444444443,93.93939393939395,Implement / Accept
18.444444444444443,94.94949494949496,Implement / Accept
18.444444444444443,95.95959595959597,Implement / Accept
18.444444444444443,96.96969696969697,Implement / Accept
18.444444444444443,97.97979797979798,Implement / Accept
18.444444444444443,98.98989898989899,Implement / Accept
18.444444444444443,100.0,Implement / Accept
18.666666666666664,0.0,Implement / Accept
18.666666666666664,1.0101010101010102,Implement / Accept
18.666666666666664,2.0202020202020203,Implement / Accept
18.666666666666664,3.0303030303030303,Implement / Accept
18.666666666666664,4.040404040404041,Implement / Accept
18.666666666666664,5.050505050505051,Implement / Accept
18.666666666666664,6.0606060606060606,Implement / Accept
18.666666666666664,7.070707070707071,Implement / Accept
18.666666666666664,8.080808080808081,Implement / Accept
18.666666666666664,9.090909090909092,Implement / Accept
18.666666666666664,10.101010101010102,Implement / Accept
18.666666666666664,11.111111111111112,Implement / Accept
18.666666666666664,12.121212121212121,Implement / Accept
18.666666666666664,13.131313131313131,Implement / Accept
18.666666666666664,14.141414141414142,Implement / Accept
18.666666666666664,15.151515151515152,Implement / Accept
18.666666666666664,16.161616161616163,Implement / Accept
18.666666666666664,17.171717171717173,Implement / Accept
18.666666666666664,18.181818181818183,Implement / Accept
18.666666666666664,19.191919191919194,Implement / Accept
18.666666666666664,20.202020202020204,Implement / Accept
18.666666666666664,21.212121212121215,Implement / Accept
18.666666666666664,22.222222222222225,Implement / Accept
18.666666666666664,23.232323232323235,Implement / Accept
18.666666666666664,24.242424242424242,Implement / Accept
18.666666666666664,25.252525252525253,Implement / Accept
18.666666666666664,26.262626262626263,Implement / Accept
18.666666666666664,27.272727272727273,Implement / Accept
18.666666666666664,28.282828282828284,Implement / Accept
18.666666666666664,29.292929292929294,Implement / Accept
18.666666666666664,30.303030303030305,Implement / Accept
18.666666666666664,31.313131313131315,Implement / Accept
18.666666666666664,32.323232323232325,Implement / Accept
18.666666666666664,33.333333333333336,Implement / Accept
18.666666666666664,34.343434343434346,Implement / Accept
18.666666666666664,35.35353535353536,Implement / Accept
18.666666666666664,36.36363636363637,Implement / Accept
18.666666666666664,37.37373737373738,Implement / Accept
18.666666666666664,38.38383838383839,Implement / Accept
18.666666666666664,39.3939393939394,Implement / Accept
18.666666666666664,40.40404040404041,Implement / Accept
18.666666666666664,41.41414141414142,Implement / Accept
18.666666666666664,42.42424242424243,Implement / Accept
18.666666666666664,43.43434343434344,Implement / Accept
18.666666666666664,44.44444444444445,Implement / Accept
18.666666666666664,45.45454545454546,Implement / Accept
18.666666666666664,46.46464646464647,Implement / Accept
18.666666666666664,47.47474747474748,Implement / Accept
18.666666666666664,48.484848484848484,Implement / Accept
18.666666666666664,49.494949494949495,Implement / Accept
18.666666666666664,50.505050505050505,Implement / Accept
18.666666666666664,51.515151515151516,Implement / Accept
18.666666666666664,52.525252525252526,Implement / Accept
18.666666666666664,53.535353535353536,Implement / Accept
18.666666666666664,54.54545454545455,Implement / Accept
18.666666666666664,55.55555555555556,Implement / Accept
18.666666666666664,56.56565656565657,Implement / Accept
18.666666666666664,57.57575757575758,Implement / Accept
18.666666666666664,58.58585858585859,Implement / Accept
18.666666666666664,59.5959595959596,Implement / Accept
18.666666666666664,60.60606060606061,Implement / Accept
18.666666666666664,61.61616161616162,Implement / Accept
18.666666666666664,62.62626262626263,Implement / Accept
18.666666666666664,63.63636363636364,Implement / Accept
18.666666666666664,64.64646464646465,Implement / Accept
18.666666666666664,65.65656565656566,Implement / Accept
18.666666666666664,66.66666666666667,Implement / Accept
18.666666666666664,67.67676767676768,Implement / Accept
18.666666666666664,68.68686868686869,Implement / Accept
18.666666666666664,69.6969696969697,Implement / Accept
18.666666666666664,70.70707070707071,Implement / Accept
18.666666666666664,71.71717171717172,Implement / Accept
18.666666666666664,72.72727272727273,Implement / Accept
18.666666666666664,73.73737373737374,Implement / Accept
18.666666666666664,74.74747474747475,Implement / Accept
18.666666666666664,75.75757575757576,Implement / Accept
18.666666666666664,76.76767676767678,Implement / Accept
18.666666666666664,77.77777777777779,Implement / Accept
18.666666666666664,78.7878787878788,Implement / Accept
18.666666666666664,79.7979797979798,Implement / Accept
18.666666666666664,80.80808080808082,Implement / Accept
18.666666666666664,81.81818181818183,Implement / Accept
18.666666666666664,82.82828282828284,Implement / Accept
18.666666666666664,83.83838383838385,Implement / Accept
18.666666666666664,84.84848484848486,Implement / Accept
18.666666666666664,85.85858585858587,Implement / Accept
18.666666666666664,86.86868686868688,Implement / Accept
18.666666666666664,87.87878787878789,Implement / Accept
18.666666666666664,88.8888888888889,Implement / Accept
18.666666666666664,89.89898989898991,Implement / Accept
18.666666666666664,90.90909090909092,Implement / Accept
18.666666666666664,91.91919191919193,Implement / Accept
18.666666666666664,92.92929292929294,Implement / Accept
18.666666666666664,93.93939393939395,Implement / Accept
18.666666666666664,94.94949494949496,Implement / Accept
18.666666666666664,95.95959595959597,Implement / Accept
18.666666666666664,96.96969696969697,Implement / Accept
18.666666666666664,97.97979797979798,Implement / Accept
18.666666666666664,98.98989898989899,Implement / Accept
18.666666666666664,100.0,Implement / Accept
18.88888888888889,0.0,Implement / Accept
18.88888888888889,1.0101010101010102,Implement / Accept
18.88888888888889,2.0202020202020203,Implement / Accept
18.88888888888889,3.0303030303030303,Implement / Accept
18.88888888888889,4.040404040404041,Implement / Accept
18.88888888888889,5.050505050505051,Implement / Accept
18.88888888888889,6.0606060606060606,Implement / Accept
18.88888888888889,7.070707070707071,Implement / Accept
18.88888888888889,8.080808080808081,Implement / Accept
18.88888888888889,9.090909090909092,Implement / Accept
18.88888888888889,10.101010101010102,Implement / Accept
18.88888888888889,11.111111111111112,Implement / Accept
18.88888888888889,12.121212121212121,Implement / Accept
18.88888888888889,13.131313131313131,Implement / Accept
18.88888888888889,14.141414141414142,Implement / Accept
18.88888888888889,15.151515151515152,Implement / Accept
18.88888888888889,16.161616161616163,Implement / Accept
18.88888888888889,17.171717171717173,Implement / Accept
18.88888888888889,18.181818181818183,Implement / Accept
18.88888888888889,19.191919191919194,Implement / Accept
18.88888888888889,20.202020202020204,Implement / Accept
18.88888888888889,21.212121212121215,Implement / Accept
18.88888888888889,22.222222222222225,Implement / Accept
18.88888888888889,23.232323232323235,Implement / Accept
18.88888888888889,24.242424242424242,Implement / Accept
18.88888888888889,25.252525252525253,Implement / Accept
18.88888888888889,26.262626262626263,Implement / Accept
18.88888888888889,27.272727272727273,Implement / Accept
18.88888888888889,28.282828282828284,Implement / Accept
18.88888888888889,29.292929292929294,Implement / Accept
18.88888888888889,30.303030303030305,Implement / Accept
18.88888888888889,31.313131313131315,Implement / Accept
18.88888888888889,32.323232323232325,Implement / Accept
18.88888888888889,33.333333333333336,Implement / Accept
18.88888888888889,34.343434343434346,Implement / Accept
18.88888888888889,35.35353535353536,Implement / Accept
18.88888888888889,36.36363636363637,Implement / Accept
18.88888888888889,37.37373737373738,Implement / Accept
18.88888888888889,38.38383838383839,Implement / Accept
18.88888888888889,39.3939393939394,Implement / Accept
18.88888888888889,40.40404040404041,Implement / Accept
18.88888888888889,41.41414141414142,Implement / Accept
18.88888888888889,42.42424242424243,Implement / Accept
18.88888888888889,43.43434343434344,Implement / Accept
18.88888888888889,44.44444444444445,Implement / Accept
18.88888888888889,45.45454545454546,Implement / Accept
18.88888888888889,46.46464646464647,Implement / Accept
18.88888888888889,47.47474747474748,Implement / Accept
18.88888888888889,48.484848484848484,Implement / Accept
18.88888888888889,49.494949494949495,Implement / Accept
18.88888888888889,50.505050505050505,Implement / Accept
18.88888888888889,51.515151515151516,Implement / Accept
18.88888888888889,52.525252525252526,Implement / Accept
18.88888888888889,53.535353535353536,Implement / Accept
18.88888888888889,54.54545454545455,Implement / Accept
18.88888888888889,55.55555555555556,Implement / Accept
18.88888888888889,56.56565656565657,Implement / Accept
18.88888888888889,57.57575757575758,Implement / Accept
18.88888888888889,58.58585858585859,Implement / Accept
18.88888888888889,59.5959595959596,Implement / Accept
18.88888888888889,60.60606060606061,Implement / Accept
18.88888888888889,61.61616161616162,Implement / Accept
18.88888888888889,62.62626262626263,Implement / Accept
18.88888888888889,63.63636363636364,Implement / Accept
18.88888888888889,64.64646464646465,Implement / Accept
18.88888888888889,65.65656565656566,Implement / Accept
18.88888888888889,66.66666666666667,Implement / Accept
18.88888888888889,67.67676767676768,Implement / Accept
18.88888888888889,68.68686868686869,Implement / Accept
18.88888888888889,69.6969696969697,Implement / Accept
18.88888888888889,70.70707070707071,Implement / Accept
18.88888888888889,71.71717171717172,Implement / Accept
18.88888888888889,72.72727272727273,Implement / Accept
18.88888888888889,73.73737373737374,Implement / Accept
18.88888888888889,74.74747474747475,Implement / Accept
18.88888888888889,75.75757575757576,Implement / Accept
18.88888888888889,76.76767676767678,Implement / Accept
18.88888888888889,77.77777777777779,Implement / Accept
18.88888888888889,78.7878787878788,Implement / Accept
18.88888888888889,79.7979797979798,Implement / Accept
18.88888888888889,80.80808080808082,Implement / Accept
18.88888888888889,81.81818181818183,Implement / Accept
18.88888888888889,82.82828282828284,Implement / Accept
18.88888888888889,83.83838383838385,Implement / Accept
18.88888888888889,84.84848484848486,Implement / Accept
18.88888888888889,85.85858585858587,Implement / Accept
18.88888888888889,86.86868686868688,Implement / Accept
18.88888888888889,87.87878787878789,Implement / Accept
18.88888888888889,88.8888888888889,Implement / Accept
18.88888888888889,89.89898989898991,Implement / Accept
18.88888888888889,90.90909090909092,Implement / Accept
18.88888888888889,91.91919191919193,Implement / Accept
18.88888888888889,92.92929292929294,Implement / Accept
18.88888888888889,93.93939393939395,Implement / Accept
18.88888888888889,94.94949494949496,Implement / Accept
18.88888888888889,95.95959595959597,Implement / Accept
18.88888888888889,96.96969696969697,Implement / Accept
18.88888888888889,97.97979797979798,Implement / Accept
18.88888888888889,98.98989898989899,Implement / Accept
18.88888888888889,100.0,Implement / Accept
19.11111111111111,0.0,Implement / Accept
19.11111111111111,1.0101010101010102,Implement / Accept
19.11111111111111,2.0202020202020203,Implement / Accept
19.11111111111111,3.0303030303030303,Implement / Accept
19.11111111111111,4.040404040404041,Implement / Accept
19.11111111111111,5.050505050505051,Implement / Accept
19.11111111111111,6.0606060606060606,Implement / Accept
19.11111111111111,7.070707070707071,Implement / Accept
19.11111111111111,8.080808080808081,Implement / Accept
19.11111111111111,9.090909090909092,Implement / Accept
19.11111111111111,10.101010101010102,Implement / Accept
19.11111111111111,11.111111111111112,Implement / Accept
19.11111111111111,12.121212121212121,Implement / Accept
19.11111111111111,13.131313131313131,Implement / Accept
19.11111111111111,14.141414141414142,Implement / Accept
19.11111111111111,15.151515151515152,Implement / Accept
19.11111111111111,16.161616161616163,Implement / Accept
19.11111111111111,17.171717171717173,Implement / Accept
19.11111111111111,18.181818181818183,Implement / Accept
19.11111111111111,19.191919191919194,Implement / Accept
19.11111111111111,20.202020202020204,Implement / Accept
19.11111111111111,21.212121212121215,Implement / Accept
19.11111111111111,22.222222222222225,Implement / Accept
19.11111111111111,23.232323232323235,Implement / Accept
19.11111111111111,24.242424242424242,Implement / Accept
19.11111111111111,25.252525252525253,Implement / Accept
19.11111111111111,26.262626262626263,Implement / Accept
19.11111111111111,27.272727272727273,Implement / Accept
19.11111111111111,28.282828282828284,Implement / Accept
19.11111111111111,29.292929292929294,Implement / Accept
19.11111111111111,30.303030303030305,Implement / Accept
19.11111111111111,31.313131313131315,Implement / Accept
19.11111111111111,32.323232323232325,Implement / Accept
19.11111111111111,33.333333333333336,Implement / Accept
19.11111111111111,34.343434343434346,Implement / Accept
19.11111111111111,35.35353535353536,Implement / Accept
19.11111111111111,36.36363636363637,Implement / Accept
19.11111111111111,37.37373737373738,Implement / Accept
19.11111111111111,38.38383838383839,Implement / Accept
19.11111111111111,39.3939393939394,Implement / Accept
19.11111111111111,40.40404040404041,Implement / Accept
19.11111111111111,41.41414141414142,Implement / Accept
19.11111111111111,42.42424242424243,Implement / Accept
19.11111111111111,43.43434343434344,Implement / Accept
19.11111111111111,44.44444444444445,Implement / Accept
19.11111111111111,45.45454545454546,Implement / Accept
19.11111111111111,46.46464646464647,Implement / Accept
19.11111111111111,47.47474747474748,Implement / Accept
19.11111111111111,48.484848484848484,Implement / Accept
19.11111111111111,49.494949494949495,Implement / Accept
19.11111111111111,50.505050505050505,Implement / Accept
19.11111111111111,51.515151515151516,Implement / Accept
19.11111111111111,52.525252525252526,Implement / Accept
19.11111111111111,53.535353535353536,Implement / Accept
19.11111111111111,54.54545454545455,Implement / Accept
19.11111111111111,55.55555555555556,Implement / Accept
19.11111111111111,56.56565656565657,Implement / Accept
19.11111111111111,57.57575757575758,Implement / Accept
19.11111111111111,58.58585858585859,Implement / Accept
19.11111111111111,59.5959595959596,Implement / Accept
19.11111111111111,60.60606060606061,Implement / Accept
19.11111111111111,61.61616161616162,Implement / Accept
19.11111111111111,62.62626262626263,Implement / Accept
19.11111111111111,63.63636363636364,Implement / Accept
19.11111111111111,64.64646464646465,Implement / Accept
19.11111111111111,65.65656565656566,Implement / Accept
19.11111111111111,66.66666666666667,Implement / Accept
19.11111111111111,67.67676767676768,Implement / Accept
19.11111111111111,68.68686868686869,Implement / Accept
19.11111111111111,69.6969696969697,Implement / Accept
19.11111111111111,70.70707070707071,Implement / Accept
19.11111111111111,71.71717171717172,Implement / Accept
19.11111111111111,72.72727272727273,Implement / Accept
19.11111111111111,73.73737373737374,Implement / Accept
19.11111111111111,74.74747474747475,Implement / Accept
19.11111111111111,75.75757575757576,Implement / Accept
19.11111111111111,76.76767676767678,Implement / Accept
19.11111111111111,77.77777777777779,Implement / Accept
19.11111111111111,78.7878787878788,Implement / Accept
19.11111111111111,79.7979797979798,Implement / Accept
19.11111111111111,80.80808080808082,Implement / Accept
19.11111111111111,81.81818181818183,Implement / Accept
19.11111111111111,82.82828282828284,Implement / Accept
19.11111111111111,83.83838383838385,Implement / Accept
19.11111111111111,84.84848484848486,Implement / Accept
19.11111111111111,85.85858585858587,Implement / Accept
19.11111111111111,86.86868686868688,Implement / Accept
19.11111111111111,87.87878787878789,Implement / Accept
19.11111111111111,88.8888888888889,Implement / Accept
19.11111111111111,89.89898989898991,Implement / Accept
19.11111111111111,90.90909090909092,Implement / Accept
19.11111111111111,91.91919191919193,Implement / Accept
19.11111111111111,92.92929292929294,Implement / Accept
19.11111111111111,93.93939393939395,Implement / Accept
19.11111111111111,94.94949494949496,Implement / Accept
19.11111111111111,95.95959595959597,Implement / Accept
19.11111111111111,96.96969696969697,Implement / Accept
19.11111111111111,97.97979797979798,Implement / Accept
19.11111111111111,98.98989898989899,Implement / Accept
19.11111111111111,100.0,Implement / Accept
19.333333333333332,0.0,Implement / Accept
19.333333333333332,1.0101010101010102,Implement / Accept
19.333333333333332,2.0202020202020203,Implement / Accept
19.333333333333332,3.0303030303030303,Implement / Accept
19.333333333333332,4.040404040404041,Implement / Accept
19.333333333333332,5.050505050505051,Implement / Accept
19.333333333333332,6.0606060606060606,Implement / Accept
19.333333333333332,7.070707070707071,Implement / Accept
19.333333333333332,8.080808080808081,Implement / Accept
19.333333333333332,9.090909090909092,Implement / Accept
19.333333333333332,10.101010101010102,Implement / Accept
19.333333333333332,11.111111111111112,Implement / Accept
19.333333333333332,12.121212121212121,Implement / Accept
19.333333333333332,13.131313131313131,Implement / Accept
19.333333333333332,14.141414141414142,Implement / Accept
19.333333333333332,15.151515151515152,Implement / Accept
19.333333333333332,16.161616161616163,Implement / Accept
19.333333333333332,17.171717171717173,Implement / Accept
19.333333333333332,18.181818181818183,Implement / Accept
19.333333333333332,19.191919191919194,Implement / Accept
19.333333333333332,20.202020202020204,Implement / Accept
19.333333333333332,21.212121212121215,Implement / Accept
19.333333333333332,22.222222222222225,Implement / Accept
19.333333333333332,23.232323232323235,Implement / Accept
19.333333333333332,24.242424242424242,Implement / Accept
19.333333333333332,25.252525252525253,Implement / Accept
19.333333333333332,26.262626262626263,Implement / Accept
19.333333333333332,27.272727272727273,Implement / Accept
19.333333333333332,28.282828282828284,Implement / Accept
19.333333333333332,29.292929292929294,Implement / Accept
19.333333333333332,30.303030303030305,Implement / Accept
19.333333333333332,31.313131313131315,Implement / Accept
19.333333333333332,32.323232323232325,Implement / Accept
19.333333333333332,33.333333333333336,Implement / Accept
19.333333333333332,34.343434343434346,Implement / Accept
19.333333333333332,35.35353535353536,Implement / Accept
19.333333333333332,36.36363636363637,Implement / Accept
19.333333333333332,37.37373737373738,Implement / Accept
19.333333333333332,38.38383838383839,Implement / Accept
19.333333333333332,39.3939393939394,Implement / Accept
19.333333333333332,40.40404040404041,Implement / Accept
19.333333333333332,41.41414141414142,Implement / Accept
19.333333333333332,42.42424242424243,Implement / Accept
19.333333333333332,43.43434343434344,Implement / Accept
19.333333333333332,44.44444444444445,Implement / Accept
19.333333333333332,45.45454545454546,Implement / Accept
19.333333333333332,46.46464646464647,Implement / Accept
19.333333333333332,47.47474747474748,Implement / Accept
19.333333333333332,48.484848484848484,Implement / Accept
19.333333333333332,49.494949494949495,Implement / Accept
19.333333333333332,50.505050505050505,Implement / Accept
19.333333333333332,51.515151515151516,Implement / Accept
19.333333333333332,52.525252525252526,Implement / Accept
19.333333333333332,53.535353535353536,Implement / Accept
19.333333333333332,54.54545454545455,Implement / Accept
19.333333333333332,55.55555555555556,Implement / Accept
19.333333333333332,56.56565656565657,Implement / Accept
19.333333333333332,57.57575757575758,Implement / Accept
19.333333333333332,58.58585858585859,Implement / Accept
19.333333333333332,59.5959595959596,Implement / Accept
19.333333333333332,60.60606060606061,Implement / Accept
19.333333333333332,61.61616161616162,Implement / Accept
19.333333333333332,62.62626262626263,Implement / Accept
19.333333333333332,63.63636363636364,Implement / Accept
19.333333333333332,64.64646464646465,Implement / Accept
19.333333333333332,65.65656565656566,Implement / Accept
19.333333333333332,66.66666666666667,Implement / Accept
19.333333333333332,67.67676767676768,Implement / Accept
19.333333333333332,68.68686868686869,Implement / Accept
19.333333333333332,69.6969696969697,Implement / Accept
19.333333333333332,70.70707070707071,Implement / Accept
19.333333333333332,71.71717171717172,Implement / Accept
19.333333333333332,72.72727272727273,Implement / Accept
19.333333333333332,73.73737373737374,Implement / Accept
19.333333333333332,74.74747474747475,Implement / Accept
19.333333333333332,75.75757575757576,Implement / Accept
19.333333333333332,76.76767676767678,Implement / Accept
19.333333333333332,77.77777777777779,Implement / Accept
19.333333333333332,78.7878787878788,Implement / Accept
19.333333333333332,79.7979797979798,Implement / Accept
19.333333333333332,80.80808080808082,Implement / Accept
19.333333333333332,81.81818181818183,Implement / Accept
19.333333333333332,82.82828282828284,Implement / Accept
19.333333333333332,83.83838383838385,Implement / Accept
19.333333333333332,84.84848484848486,Implement / Accept
19.333333333333332,85.85858585858587,Implement / Accept
19.333333333333332,86.86868686868688,Implement / Accept
19.333333333333332,87.87878787878789,Implement / Accept
19.333333333333332,88.8888888888889,Implement / Accept
19.333333333333332,89.89898989898991,Implement / Accept
19.333333333333332,90.90909090909092,Implement / Accept
19.333333333333332,91.91919191919193,Implement / Accept
19.333333333333332,92.92929292929294,Implement / Accept
19.333333333333332,93.93939393939395,Implement / Accept
19.333333333333332,94.94949494949496,Implement / Accept
19.333333333333332,95.95959595959597,Implement / Accept
19.333333333333332,96.96969696969697,Implement / Accept
19.333333333333332,97.97979797979798,Implement / Accept
19.333333333333332,98.98989898989899,Implement / Accept
19.333333333333332,100.0,Implement / Accept
19.555555555555554,0.0,Implement / Accept
19.555555555555554,1.0101010101010102,Implement / Accept
19.555555555555554,2.0202020202020203,Implement / Accept
19.555555555555554,3.0303030303030303,Implement / Accept
19.555555555555554,4.040404040404041,Implement / Accept
19.555555555555554,5.050505050505051,Implement / Accept
19.555555555555554,6.0606060606060606,Implement / Accept
19.555555555555554,7.070707070707071,Implement / Accept
19.555555555555554,8.080808080808081,Implement / Accept
19.555555555555554,9.090909090909092,Implement / Accept
19.555555555555554,10.101010101010102,Implement / Accept
19.555555555555554,11.111111111111112,Implement / Accept
19.555555555555554,12.121212121212121,Implement / Accept
19.555555555555554,13.131313131313131,Implement / Accept
19.555555555555554,14.141414141414142,Implement / Accept
19.555555555555554,15.151515151515152,Implement / Accept
19.555555555555554,16.161616161616163,Implement / Accept
19.555555555555554,17.171717171717173,Implement / Accept
19.555555555555554,18.181818181818183,Implement / Accept
19.555555555555554,19.191919191919194,Implement / Accept
19.555555555555554,20.202020202020204,Implement / Accept
19.555555555555554,21.212121212121215,Implement / Accept
19.555555555555554,22.222222222222225,Implement / Accept
19.555555555555554,23.232323232323235,Implement / Accept
19.555555555555554,24.242424242424242,Implement / Accept
19.555555555555554,25.252525252525253,Implement / Accept
19.555555555555554,26.262626262626263,Implement / Accept
19.555555555555554,27.272727272727273,Implement / Accept
19.555555555555554,28.282828282828284,Implement / Accept
19.555555555555554,29.292929292929294,Implement / Accept
19.555555555555554,30.303030303030305,Implement / Accept
19.555555555555554,31.313131313131315,Implement / Accept
19.555555555555554,32.323232323232325,Implement / Accept
19.555555555555554,33.333333333333336,Implement / Accept
19.555555555555554,34.343434343434346,Implement / Accept
19.555555555555554,35.35353535353536,Implement / Accept
19.555555555555554,36.36363636363637,Implement / Accept
19.555555555555554,37.37373737373738,Implement / Accept
19.555555555555554,38.38383838383839,Implement / Accept
19.555555555555554,39.3939393939394,Implement / Accept
19.555555555555554,40.40404040404041,Implement / Accept
19.555555555555554,41.41414141414142,Implement / Accept
19.555555555555554,42.42424242424243,Implement / Accept
19.555555555555554,43.43434343434344,Implement / Accept
19.555555555555554,44.44444444444445,Implement / Accept
19.555555555555554,45.45454545454546,Implement / Accept
19.555555555555554,46.46464646464647,Implement / Accept
19.555555555555554,47.47474747474748,Implement / Accept
19.555555555555554,48.484848484848484,Implement / Accept
19.555555555555554,49.494949494949495,Implement / Accept
19.555555555555554,50.505050505050505,Implement / Accept
19.555555555555554,51.515151515151516,Implement / Accept
19.555555555555554,52.525252525252526,Implement / Accept
19.555555555555554,53.535353535353536,Implement / Accept
19.555555555555554,54.54545454545455,Implement / Accept
19.555555555555554,55.55555555555556,Implement / Accept
19.555555555555554,56.56565656565657,Implement / Accept
19.555555555555554,57.57575757575758,Implement / Accept
19.555555555555554,58.58585858585859,Implement / Accept
19.555555555555554,59.5959595959596,Implement / Accept
19.555555555555554,60.60606060606061,Implement / Accept
19.555555555555554,61.61616161616162,Implement / Accept
19.555555555555554,62.62626262626263,Implement / Accept
19.555555555555554,63.63636363636364,Implement / Accept
19.555555555555554,64.64646464646465,Implement / Accept
19.555555555555554,65.65656565656566,Implement / Accept
19.555555555555554,66.66666666666667,Implement / Accept
19.555555555555554,67.67676767676768,Implement / Accept
19.555555555555554,68.68686868686869,Implement / Accept
19.555555555555554,69.6969696969697,Implement / Accept
19.555555555555554,70.70707070707071,Implement / Accept
19.555555555555554,71.71717171717172,Implement / Accept
19.555555555555554,72.72727272727273,Implement / Accept
19.555555555555554,73.73737373737374,Implement / Accept
19.555555555555554,74.74747474747475,Implement / Accept
19.555555555555554,75.75757575757576,Implement / Accept
19.555555555555554,76.76767676767678,Implement / Accept
19.555555555555554,77.77777777777779,Implement / Accept
19.555555555555554,78.7878787878788,Implement / Accept
19.555555555555554,79.7979797979798,Implement / Accept
19.555555555555554,80.80808080808082,Implement / Accept
19.555555555555554,81.81818181818183,Implement / Accept
19.555555555555554,82.82828282828284,Implement / Accept
19.555555555555554,83.83838383838385,Implement / Accept
19.555555555555554,84.84848484848486,Implement / Accept
19.555555555555554,85.85858585858587,Implement / Accept
19.555555555555554,86.86868686868688,Implement / Accept
19.555555555555554,87.87878787878789,Implement / Accept
19.555555555555554,88.8888888888889,Implement / Accept
19.555555555555554,89.89898989898991,Implement / Accept
19.555555555555554,90.90909090909092,Implement / Accept
19.555555555555554,91.91919191919193,Implement / Accept
19.555555555555554,92.92929292929294,Implement / Accept
19.555555555555554,93.93939393939395,Implement / Accept
19.555555555555554,94.94949494949496,Implement / Accept
19.555555555555554,95.95959595959597,Implement / Accept
19.555555555555554,96.96969696969697,Implement / Accept
19.555555555555554,97.97979797979798,Implement / Accept
19.555555555555554,98.98989898989899,Implement / Accept
19.555555555555554,100.0,Implement / Accept
19.777777777777775,0.0,Implement / Accept
19.777777777777775,1.0101010101010102,Implement / Accept
19.777777777777775,2.0202020202020203,Implement / Accept
19.777777777777775,3.0303030303030303,Implement / Accept
19.777777777777775,4.040404040404041,Implement / Accept
19.777777777777775,5.050505050505051,Implement / Accept
19.777777777777775,6.0606060606060606,Implement / Accept
19.777777777777775,7.070707070707071,Implement / Accept
19.777777777777775,8.080808080808081,Implement / Accept
19.777777777777775,9.090909090909092,Implement / Accept
19.777777777777775,10.101010101010102,Implement / Accept
19.777777777777775,11.111111111111112,Implement / Accept
19.777777777777775,12.121212121212121,Implement / Accept
19.777777777777775,13.131313131313131,Implement / Accept
19.777777777777775,14.141414141414142,Implement / Accept
19.777777777777775,15.151515151515152,Implement / Accept
19.777777777777775,16.161616161616163,Implement / Accept
19.777777777777775,17.171717171717173,Implement / Accept
19.777777777777775,18.181818181818183,Implement / Accept
19.777777777777775,19.191919191919194,Implement / Accept
19.777777777777775,20.202020202020204,Implement / Accept
19.777777777777775,21.212121212121215,Implement / Accept
19.777777777777775,22.222222222222225,Implement / Accept
19.777777777777775,23.232323232323235,Implement / Accept
19.777777777777775,24.242424242424242,Implement / Accept
19.777777777777775,25.252525252525253,Implement / Accept
19.777777777777775,26.262626262626263,Implement / Accept
19.777777777777775,27.272727272727273,Implement / Accept
19.777777777777775,28.282828282828284,Implement / Accept
19.777777777777775,29.292929292929294,Implement / Accept
19.777777777777775,30.303030303030305,Implement / Accept
19.777777777777775,31.313131313131315,Implement / Accept
19.777777777777775,32.323232323232325,Implement / Accept
19.777777777777775,33.333333333333336,Implement / Accept
19.777777777777775,34.343434343434346,Implement / Accept
19.777777777777775,35.35353535353536,Implement / Accept
19.777777777777775,36.36363636363637,Implement / Accept
19.777777777777775,37.37373737373738,Implement / Accept
19.777777777777775,38.38383838383839,Implement / Accept
19.777777777777775,39.3939393939394,Implement / Accept
19.777777777777775,40.40404040404041,Implement / Accept
19.777777777777775,41.41414141414142,Implement / Accept
19.777777777777775,42.42424242424243,Implement / Accept
19.777777777777775,43.43434343434344,Implement / Accept
19.777777777777775,44.44444444444445,Implement / Accept
19.777777777777775,45.45454545454546,Implement / Accept
19.777777777777775,46.46464646464647,Implement / Accept
19.777777777777775,47.47474747474748,Implement / Accept
19.777777777777775,48.484848484848484,Implement / Accept
19.777777777777775,49.494949494949495,Implement / Accept
19.777777777777775,50.505050505050505,Implement / Accept
19.777777777777775,51.515151515151516,Implement / Accept
19.777777777777775,52.525252525252526,Implement / Accept
19.777777777777775,53.535353535353536,Implement / Accept
19.777777777777775,54.54545454545455,Implement / Accept
19.777777777777775,55.55555555555556,Implement / Accept
19.777777777777775,56.56565656565657,Implement / Accept
19.777777777777775,57.57575757575758,Implement / Accept
19.777777777777775,58.58585858585859,Implement / Accept
19.777777777777775,59.5959595959596,Implement / Accept
19.777777777777775,60.60606060606061,Implement / Accept
19.777777777777775,61.61616161616162,Implement / Accept
19.777777777777775,62.62626262626263,Implement / Accept
19.777777777777775,63.63636363636364,Implement / Accept
19.777777777777775,64.64646464646465,Implement / Accept
19.777777777777775,65.65656565656566,Implement / Accept
19.777777777777775,66.66666666666667,Implement / Accept
19.777777777777775,67.67676767676768,Implement / Accept
19.777777777777775,68.68686868686869,Implement / Accept
19.777777777777775,69.6969696969697,Implement / Accept
19.777777777777775,70.70707070707071,Implement / Accept
19.777777777777775,71.71717171717172,Implement / Accept
19.777777777777775,72.72727272727273,Implement / Accept
19.777777777777775,73.73737373737374,Implement / Accept
19.777777777777775,74.74747474747475,Implement / Accept
19.777777777777775,75.75757575757576,Implement / Accept
19.777777777777775,76.76767676767678,Implement / Accept
19.777777777777775,77.77777777777779,Implement / Accept
19.777777777777775,78.7878787878788,Implement / Accept
19.777777777777775,79.7979797979798,Implement / Accept
19.777777777777775,80.80808080808082,Implement / Accept
19.777777777777775,81.81818181818183,Implement / Accept
19.777777777777775,82.82828282828284,Implement / Accept
19.777777777777775,83.83838383838385,Implement / Accept
19.777777777777775,84.84848484848486,Implement / Accept
19.777777777777775,85.85858585858587,Implement / Accept
19.777777777777775,86.86868686868688,Implement / Accept
19.777777777777775,87.87878787878789,Implement / Accept
19.777777777777775,88.8888888888889,Implement / Accept
19.777777777777775,89.89898989898991,Implement / Accept
19.777777777777775,90.90909090909092,Implement / Accept
19.777777777777775,91.91919191919193,Implement / Accept
19.777777777777775,92.92929292929294,Implement / Accept
19.777777777777775,93.93939393939395,Implement / Accept
19.777777777777775,94.94949494949496,Implement / Accept
19.777777777777775,95.95959595959597,Implement / Accept
19.777777777777775,96.96969696969697,Implement / Accept
19.777777777777775,97.97979797979798,Implement / Accept
19.777777777777775,98.98989898989899,Implement / Accept
19.777777777777775,100.0,Implement / Accept
20.0,0.0,Implement / Accept
20.0,1.0101010101010102,Implement / Accept
20.0,2.0202020202020203,Implement / Accept
20.0,3.0303030303030303,Implement / Accept
20.0,4.040404040404041,Implement / Accept
20.0,5.050505050505051,Implement / Accept
20.0,6.0606060606060606,Implement / Accept
20.0,7.070707070707071,Implement / Accept
20.0,8.080808080808081,Implement / Accept
20.0,9.090909090909092,Implement / Accept
20.0,10.101010101010102,Implement / Accept
20.0,11.111111111111112,Implement / Accept
20.0,12.121212121212121,Implement / Accept
20.0,13.131313131313131,Implement / Accept
20.0,14.141414141414142,Implement / Accept
20.0,15.151515151515152,Implement / Accept
20.0,16.161616161616163,Implement / Accept
20.0,17.171717171717173,Implement / Accept
20.0,18.181818181818183,Implement / Accept
20.0,19.191919191919194,Implement / Accept
20.0,20.202020202020204,Implement / Accept
20.0,21.212121212121215,Implement / Accept
20.0,22.222222222222225,Implement / Accept
20.0,23.232323232323235,Implement / Accept
20.0,24.242424242424242,Implement / Accept
20.0,25.252525252525253,Implement / Accept
20.0,26.262626262626263,Implement / Accept
20.0,27.272727272727273,Implement / Accept
20.0,28.282828282828284,Implement / Accept
20.0,29.292929292929294,Implement / Accept
20.0,30.303030303030305,Implement / Accept
20.0,31.313131313131315,Implement / Accept
20.0,32.323232323232325,Implement / Accept
20.0,33.333333333333336,Implement / Accept
20.0,34.343434343434346,Implement / Accept
20.0,35.35353535353536,Implement / Accept
20.0,36.36363636363637,Implement / Accept
20.0,37.37373737373738,Implement / Accept
20.0,38.38383838383839,Implement / Accept
20.0,39.3939393939394,Implement / Accept
20.0,40.40404040404041,Implement / Accept
20.0,41.41414141414142,Implement / Accept
20.0,42.42424242424243,Implement / Accept
20.0,43.43434343434344,Implement / Accept
20.0,44.44444444444445,Implement / Accept
20.0,45.45454545454546,Implement / Accept
20.0,46.46464646464647,Implement / Accept
20.0,47.47474747474748,Implement / Accept
20.0,48.484848484848484,Implement / Accept
20.0,49.494949494949495,Implement / Accept
20.0,50.505050505050505,Implement / Accept
20.0,51.515151515151516,Implement / Accept
20.0,52.525252525252526,Implement / Accept
20.0,53.535353535353536,Implement / Accept
20.0,54.54545454545455,Implement / Accept
20.0,55.55555555555556,Implement / Accept
20.0,56.56565656565657,Implement / Accept
20.0,57.57575757575758,Implement / Accept
20.0,58.58585858585859,Implement / Accept
20.0,59.5959595959596,Implement / Accept
20.0,60.60606060606061,Implement / Accept
20.0,61.61616161616162,Implement / Accept
20.0,62.62626262626263,Implement / Accept
20.0,63.63636363636364,Implement / Accept
20.0,64.64646464646465,Implement / Accept
20.0,65.65656565656566,Implement / Accept
20.0,66.66666666666667,Implement / Accept
20.0,67.67676767676768,Implement / Accept
20.0,68.68686868686869,Implement / Accept
20.0,69.6969696969697,Implement / Accept
20.0,70.70707070707071,Implement / Accept
20.0,71.71717171717172,Implement / Accept
20.0,72.72727272727273,Implement / Accept
20.0,73.73737373737374,Implement / Accept
20.0,74.74747474747475,Implement / Accept
20.0,75.75757575757576,Implement / Accept
20.0,76.76767676767678,Implement / Accept
20.0,77.77777777777779,Implement / Accept
20.0,78.7878787878788,Implement / Accept
20.0,79.7979797979798,Implement / Accept
20.0,80.80808080808082,Implement / Accept
20.0,81.81818181818183,Implement / Accept
20.0,82.82828282828284,Implement / Accept
20.0,83.83838383838385,Implement / Accept
20.0,84.84848484848486,Implement / Accept
20.0,85.85858585858587,Implement / Accept
20.0,86.86868686868688,Implement / Accept
20.0,87.87878787878789,Implement / Accept
20.0,88.8888888888889,Implement / Accept
20.0,89.89898989898991,Implement / Accept
20.0,90.90909090909092,Implement / Accept
20.0,91.91919191919193,Implement / Accept
20.0,92.92929292929294,Implement / Accept
20.0,93.93939393939395,Implement / Accept
20.0,94.94949494949496,Implement / Accept
20.0,95.95959595959597,Implement / Accept
20.0,96.96969696969697,Implement / Accept
20.0,97.97979797979798,Implement / Accept
20.0,98.98989898989899,Implement / Accept
20.0,100.0,Implement / Accept
20.22222222222222,0.0,Implement / Accept
20.22222222222222,1.0101010101010102,Implement / Accept
20.22222222222222,2.0202020202020203,Implement / Accept
20.22222222222222,3.0303030303030303,Implement / Accept
20.22222222222222,4.040404040404041,Implement / Accept
20.22222222222222,5.050505050505051,Implement / Accept
20.22222222222222,6.0606060606060606,Implement / Accept
20.22222222222222,7.070707070707071,Implement / Accept
20.22222222222222,8.080808080808081,Implement / Accept
20.22222222222222,9.090909090909092,Implement / Accept
20.22222222222222,10.101010101010102,Implement / Accept
20.22222222222222,11.111111111111112,Implement / Accept
20.22222222222222,12.121212121212121,Implement / Accept
20.22222222222222,13.131313131313131,Implement / Accept
20.22222222222222,14.141414141414142,Implement / Accept
20.22222222222222,15.151515151515152,Implement / Accept
20.22222222222222,16.161616161616163,Implement / Accept
20.22222222222222,17.171717171717173,Implement / Accept
20.22222222222222,18.181818181818183,Implement / Accept
20.22222222222222,19.191919191919194,Implement / Accept
20.22222222222222,20.202020202020204,Implement / Accept
20.22222222222222,21.212121212121215,Implement / Accept
20.22222222222222,22.222222222222225,Implement / Accept
20.22222222222222,23.232323232323235,Implement / Accept
20.22222222222222,24.242424242424242,Implement / Accept
20.22222222222222,25.252525252525253,Implement / Accept
20.22222222222222,26.262626262626263,Implement / Accept
20.22222222222222,27.272727272727273,Implement / Accept
20.22222222222222,28.282828282828284,Implement / Accept
20.22222222222222,29.292929292929294,Implement / Accept
20.22222222222222,30.303030303030305,Implement / Accept
20.22222222222222,31.313131313131315,Implement / Accept
20.22222222222222,32.323232323232325,Implement / Accept
20.22222222222222,33.333333333333336,Implement / Accept
20.22222222222222,34.343434343434346,Implement / Accept
20.22222222222222,35.35353535353536,Implement / Accept
20.22222222222222,36.36363636363637,Implement / Accept
20.22222222222222,37.37373737373738,Implement / Accept
20.22222222222222,38.38383838383839,Implement / Accept
20.22222222222222,39.3939393939394,Implement / Accept
20.22222222222222,40.40404040404041,Implement / Accept
20.22222222222222,41.41414141414142,Implement / Accept
20.22222222222222,42.42424242424243,Implement / Accept
20.22222222222222,43.43434343434344,Implement / Accept
20.22222222222222,44.44444444444445,Implement / Accept
20.22222222222222,45.45454545454546,Implement / Accept
20.22222222222222,46.46464646464647,Implement / Accept
20.22222222222222,47.47474747474748,Implement / Accept
20.22222222222222,48.484848484848484,Implement / Accept
20.22222222222222,49.494949494949495,Implement / Accept
20.22222222222222,50.505050505050505,Implement / Accept
20.22222222222222,51.515151515151516,Implement / Accept
20.22222222222222,52.525252525252526,Implement / Accept
20.22222222222222,53.535353535353536,Implement / Accept
20.22222222222222,54.54545454545455,Implement / Accept
20.22222222222222,55.55555555555556,Implement / Accept
20.22222222222222,56.56565656565657,Implement / Accept
20.22222222222222,57.57575757575758,Implement / Accept
20.22222222222222,58.58585858585859,Implement / Accept
20.22222222222222,59.5959595959596,Implement / Accept
20.22222222222222,60.60606060606061,Implement / Accept
20.22222222222222,61.61616161616162,Implement / Accept
20.22222222222222,62.62626262626263,Implement / Accept
20.22222222222222,63.63636363636364,Implement / Accept
20.22222222222222,64.64646464646465,Implement / Accept
20.22222222222222,65.65656565656566,Implement / Accept
20.22222222222222,66.66666666666667,Implement / Accept
20.22222222222222,67.67676767676768,Implement / Accept
20.22222222222222,68.68686868686869,Implement / Accept
20.22222222222222,69.6969696969697,Implement / Accept
20.22222222222222,70.70707070707071,Implement / Accept
20.22222222222222,71.71717171717172,Implement / Accept
20.22222222222222,72.72727272727273,Implement / Accept
20.22222222222222,73.73737373737374,Implement / Accept
20.22222222222222,74.74747474747475,Implement / Accept
20.22222222222222,75.75757575757576,Implement / Accept
20.22222222222222,76.76767676767678,Implement / Accept
20.22222222222222,77.77777777777779,Implement / Accept
20.22222222222222,78.7878787878788,Implement / Accept
20.22222222222222,79.7979797979798,Implement / Accept
20.22222222222222,80.80808080808082,Implement / Accept
20.22222222222222,81.81818181818183,Implement / Accept
20.22222222222222,82.82828282828284,Implement / Accept
20.22222222222222,83.83838383838385,Implement / Accept
20.22222222222222,84.84848484848486,Implement / Accept
20.22222222222222,85.85858585858587,Implement / Accept
20.22222222222222,86.86868686868688,Implement / Accept
20.22222222222222,87.87878787878789,Implement / Accept
20.22222222222222,88.8888888888889,Implement / Accept
20.22222222222222,89.89898989898991,Implement / Accept
20.22222222222222,90.90909090909092,Implement / Accept
20.22222222222222,91.91919191919193,Implement / Accept
20.22222222222222,92.92929292929294,Implement / Accept
20.22222222222222,93.93939393939395,Implement / Accept
20.22222222222222,94.94949494949496,Implement / Accept
20.22222222222222,95.95959595959597,Implement / Accept
20.22222222222222,96.96969696969697,Implement / Accept
20.22222222222222,97.97979797979798,Implement / Accept
20.22222222222222,98.98989898989899,Implement / Accept
20.22222222222222,100.0,Implement / Accept
20.444444444444443,0.0,Implement / Accept
20.444444444444443,1.0101010101010102,Implement / Accept
20.444444444444443,2.0202020202020203,Implement / Accept
20.444444444444443,3.0303030303030303,Implement / Accept
20.444444444444443,4.040404040404041,Implement / Accept
20.444444444444443,5.050505050505051,Implement / Accept
20.444444444444443,6.0606060606060606,Implement / Accept
20.444444444444443,7.070707070707071,Implement / Accept
20.444444444444443,8.080808080808081,Implement / Accept
20.444444444444443,9.090909090909092,Implement / Accept
20.444444444444443,10.101010101010102,Implement / Accept
20.444444444444443,11.111111111111112,Implement / Accept
20.444444444444443,12.121212121212121,Implement / Accept
20.444444444444443,13.131313131313131,Implement / Accept
20.444444444444443,14.141414141414142,Implement / Accept
20.444444444444443,15.151515151515152,Implement / Accept
20.444444444444443,16.161616161616163,Implement / Accept
20.444444444444443,17.171717171717173,Implement / Accept
20.444444444444443,18.181818181818183,Implement / Accept
20.444444444444443,19.191919191919194,Implement / Accept
20.444444444444443,20.202020202020204,Implement / Accept
20.444444444444443,21.212121212121215,Implement / Accept
20.444444444444443,22.222222222222225,Implement / Accept
20.444444444444443,23.232323232323235,Implement / Accept
20.444444444444443,24.242424242424242,Implement / Accept
20.444444444444443,25.252525252525253,Implement / Accept
20.444444444444443,26.262626262626263,Implement / Accept
20.444444444444443,27.272727272727273,Implement / Accept
20.444444444444443,28.282828282828284,Implement / Accept
20.444444444444443,29.292929292929294,Implement / Accept
20.444444444444443,30.303030303030305,Implement / Accept
20.444444444444443,31.313131313131315,Implement / Accept
20.444444444444443,32.323232323232325,Implement / Accept
20.444444444444443,33.333333333333336,Implement / Accept
20.444444444444443,34.343434343434346,Implement / Accept
20.444444444444443,35.35353535353536,Implement / Accept
20.444444444444443,36.36363636363637,Implement / Accept
20.444444444444443,37.37373737373738,Implement / Accept
20.444444444444443,38.38383838383839,Implement / Accept
20.444444444444443,39.3939393939394,Implement / Accept
20.444444444444443,40.40404040404041,Implement / Accept
20.444444444444443,41.41414141414142,Implement / Accept
20.444444444444443,42.42424242424243,Implement / Accept
20.444444444444443,43.43434343434344,Implement / Accept
20.444444444444443,44.44444444444445,Implement / Accept
20.444444444444443,45.45454545454546,Implement / Accept
20.444444444444443,46.46464646464647,Implement / Accept
20.444444444444443,47.47474747474748,Implement / Accept
20.444444444444443,48.484848484848484,Implement / Accept
20.444444444444443,49.494949494949495,Implement / Accept
20.444444444444443,50.505050505050505,Implement / Accept
20.444444444444443,51.515151515151516,Implement / Accept
20.444444444444443,52.525252525252526,Implement / Accept
20.444444444444443,53.535353535353536,Implement / Accept
20.444444444444443,54.54545454545455,Implement / Accept
20.444444444444443,55.55555555555556,Implement / Accept
20.444444444444443,56.56565656565657,Implement / Accept
20.444444444444443,57.57575757575758,Implement / Accept
20.444444444444443,58.58585858585859,Implement / Accept
20.444444444444443,59.5959595959596,Implement / Accept
20.444444444444443,60.60606060606061,Implement / Accept
20.444444444444443,61.61616161616162,Implement / Accept
20.444444444444443,62.62626262626263,Implement / Accept
20.444444444444443,63.63636363636364,Implement / Accept
20.444444444444443,64.64646464646465,Implement / Accept
20.444444444444443,65.65656565656566,Implement / Accept
20.444444444444443,66.66666666666667,Implement / Accept
20.444444444444443,67.67676767676768,Implement / Accept
20.444444444444443,68.68686868686869,Implement / Accept
20.444444444444443,69.6969696969697,Implement / Accept
20.444444444444443,70.70707070707071,Implement / Accept
20.444444444444443,71.71717171717172,Implement / Accept
20.444444444444443,72.72727272727273,Implement / Accept
20.444444444444443,73.73737373737374,Implement / Accept
20.444444444444443,74.74747474747475,Implement / Accept
20.444444444444443,75.75757575757576,Implement / Accept
20.444444444444443,76.76767676767678,Implement / Accept
20.444444444444443,77.77777777777779,Implement / Accept
20.444444444444443,78.7878787878788,Implement / Accept
20.444444444444443,79.7979797979798,Implement / Accept
20.444444444444443,80.80808080808082,Implement / Accept
20.444444444444443,81.81818181818183,Implement / Accept
20.444444444444443,82.82828282828284,Implement / Accept
20.444444444444443,83.83838383838385,Implement / Accept
20.444444444444443,84.84848484848486,Implement / Accept
20.444444444444443,85.85858585858587,Implement / Accept
20.444444444444443,86.86868686868688,Implement / Accept
20.444444444444443,87.87878787878789,Implement / Accept
20.444444444444443,88.8888888888889,Implement / Accept
20.444444444444443,89.89898989898991,Implement / Accept
20.444444444444443,90.90909090909092,Implement / Accept
20.444444444444443,91.91919191919193,Implement / Accept
20.444444444444443,92.92929292929294,Implement / Accept
20.444444444444443,93.93939393939395,Implement / Accept
20.444444444444443,94.94949494949496,Implement / Accept
20.444444444444443,95.95959595959597,Implement / Accept
20.444444444444443,96.96969696969697,Implement / Accept
20.444444444444443,97.97979797979798,Implement / Accept
20.444444444444443,98.98989898989899,Implement / Accept
20.444444444444443,100.0,Implement / Accept
20.666666666666664,0.0,Implement / Accept
20.666666666666664,1.0101010101010102,Implement / Accept
20.666666666666664,2.0202020202020203,Implement / Accept
20.666666666666664,3.0303030303030303,Implement / Accept
20.666666666666664,4.040404040404041,Implement / Accept
20.666666666666664,5.050505050505051,Implement / Accept
20.666666666666664,6.0606060606060606,Implement / Accept
20.666666666666664,7.070707070707071,Implement / Accept
20.666666666666664,8.080808080808081,Implement / Accept
20.666666666666664,9.090909090909092,Implement / Accept
20.666666666666664,10.101010101010102,Implement / Accept
20.666666666666664,11.111111111111112,Implement / Accept
20.666666666666664,12.121212121212121,Implement / Accept
20.666666666666664,13.131313131313131,Implement / Accept
20.666666666666664,14.141414141414142,Implement / Accept
20.666666666666664,15.151515151515152,Implement / Accept
20.666666666666664,16.161616161616163,Implement / Accept
20.666666666666664,17.171717171717173,Implement / Accept
20.666666666666664,18.181818181818183,Implement / Accept
20.666666666666664,19.191919191919194,Implement / Accept
20.666666666666664,20.202020202020204,Implement / Accept
20.666666666666664,21.212121212121215,Implement / Accept
20.666666666666664,22.222222222222225,Implement / Accept
20.666666666666664,23.232323232323235,Implement / Accept
20.666666666666664,24.242424242424242,Implement / Accept
20.666666666666664,25.252525252525253,Implement / Accept
20.666666666666664,26.262626262626263,Implement / Accept
20.666666666666664,27.272727272727273,Implement / Accept
20.666666666666664,28.282828282828284,Implement / Accept
20.666666666666664,29.292929292929294,Implement / Accept
20.666666666666664,30.303030303030305,Implement / Accept
20.666666666666664,31.313131313131315,Implement / Accept
20.666666666666664,32.323232323232325,Implement / Accept
20.666666666666664,33.333333333333336,Implement / Accept
20.666666666666664,34.343434343434346,Implement / Accept
20.666666666666664,35.35353535353536,Implement / Accept
20.666666666666664,36.36363636363637,Implement / Accept
20.666666666666664,37.37373737373738,Implement / Accept
20.666666666666664,38.38383838383839,Implement / Accept
20.666666666666664,39.3939393939394,Implement / Accept
20.666666666666664,40.40404040404041,Implement / Accept
20.666666666666664,41.41414141414142,Implement / Accept
20.666666666666664,42.42424242424243,Implement / Accept
20.666666666666664,43.43434343434344,Implement / Accept
20.666666666666664,44.44444444444445,Implement / Accept
20.666666666666664,45.45454545454546,Implement / Accept
20.666666666666664,46.46464646464647,Implement / Accept
20.666666666666664,47.47474747474748,Implement / Accept
20.666666666666664,48.484848484848484,Implement / Accept
20.666666666666664,49.494949494949495,Implement / Accept
20.666666666666664,50.505050505050505,Implement / Accept
20.666666666666664,51.515151515151516,Implement / Accept
20.666666666666664,52.525252525252526,Implement / Accept
20.666666666666664,53.535353535353536,Implement / Accept
20.666666666666664,54.54545454545455,Implement / Accept
20.666666666666664,55.55555555555556,Implement / Accept
20.666666666666664,56.56565656565657,Implement / Accept
20.666666666666664,57.57575757575758,Implement / Accept
20.666666666666664,58.58585858585859,Implement / Accept
20.666666666666664,59.5959595959596,Implement / Accept
20.666666666666664,60.60606060606061,Implement / Accept
20.666666666666664,61.61616161616162,Implement / Accept
20.666666666666664,62.62626262626263,Implement / Accept
20.666666666666664,63.63636363636364,Implement / Accept
20.666666666666664,64.64646464646465,Implement / Accept
20.666666666666664,65.65656565656566,Implement / Accept
20.666666666666664,66.66666666666667,Implement / Accept
20.666666666666664,67.67676767676768,Implement / Accept
20.666666666666664,68.68686868686869,Implement / Accept
20.666666666666664,69.6969696969697,Implement / Accept
20.666666666666664,70.70707070707071,Implement / Accept
20.666666666666664,71.71717171717172,Implement / Accept
20.666666666666664,72.72727272727273,Implement / Accept
20.666666666666664,73.73737373737374,Implement / Accept
20.666666666666664,74.74747474747475,Implement / Accept
20.666666666666664,75.75757575757576,Implement / Accept
20.666666666666664,76.76767676767678,Implement / Accept
20.666666666666664,77.77777777777779,Implement / Accept
20.666666666666664,78.7878787878788,Implement / Accept
20.666666666666664,79.7979797979798,Implement / Accept
20.666666666666664,80.80808080808082,Implement / Accept
20.666666666666664,81.81818181818183,Implement / Accept
20.666666666666664,82.82828282828284,Implement / Accept
20.666666666666664,83.83838383838385,Implement / Accept
20.666666666666664,84.84848484848486,Implement / Accept
20.666666666666664,85.85858585858587,Implement / Accept
20.666666666666664,86.86868686868688,Implement / Accept
20.666666666666664,87.87878787878789,Implement / Accept
20.666666666666664,88.8888888888889,Implement / Accept
20.666666666666664,89.89898989898991,Implement / Accept
20.666666666666664,90.90909090909092,Implement / Accept
20.666666666666664,91.91919191919193,Implement / Accept
20.666666666666664,92.92929292929294,Implement / Accept
20.666666666666664,93.93939393939395,Implement / Accept
20.666666666666664,94.94949494949496,Implement / Accept
20.666666666666664,95.95959595959597,Implement / Accept
20.666666666666664,96.96969696969697,Implement / Accept
20.666666666666664,97.97979797979798,Implement / Accept
20.666666666666664,98.98989898989899,Implement / Accept
20.666666666666664,100.0,Implement / Accept
20.88888888888889,0.0,Implement / Accept
20.88888888888889,1.0101010101010102,Implement / Accept
20.88888888888889,2.0202020202020203,Implement / Accept
20.88888888888889,3.0303030303030303,Implement / Accept
20.88888888888889,4.040404040404041,Implement / Accept
20.88888888888889,5.050505050505051,Implement / Accept
20.88888888888889,6.0606060606060606,Implement / Accept
20.88888888888889,7.070707070707071,Implement / Accept
20.88888888888889,8.080808080808081,Implement / Accept
20.88888888888889,9.090909090909092,Implement / Accept
20.88888888888889,10.101010101010102,Implement / Accept
20.88888888888889,11.111111111111112,Implement / Accept
20.88888888888889,12.121212121212121,Implement / Accept
20.88888888888889,13.131313131313131,Implement / Accept
20.88888888888889,14.141414141414142,Implement / Accept
20.88888888888889,15.151515151515152,Implement / Accept
20.88888888888889,16.161616161616163,Implement / Accept
20.88888888888889,17.171717171717173,Implement / Accept
20.88888888888889,18.181818181818183,Implement / Accept
20.88888888888889,19.191919191919194,Implement / Accept
20.88888888888889,20.202020202020204,Implement / Accept
20.88888888888889,21.212121212121215,Implement / Accept
20.88888888888889,22.222222222222225,Implement / Accept
20.88888888888889,23.232323232323235,Implement / Accept
20.88888888888889,24.242424242424242,Implement / Accept
20.88888888888889,25.252525252525253,Implement / Accept
20.88888888888889,26.262626262626263,Implement / Accept
20.88888888888889,27.272727272727273,Implement / Accept
20.88888888888889,28.282828282828284,Implement / Accept
20.88888888888889,29.292929292929294,Implement / Accept
20.88888888888889,30.303030303030305,Implement / Accept
20.88888888888889,31.313131313131315,Implement / Accept
20.88888888888889,32.323232323232325,Implement / Accept
20.88888888888889,33.333333333333336,Implement / Accept
20.88888888888889,34.343434343434346,Implement / Accept
20.88888888888889,35.35353535353536,Implement / Accept
20.88888888888889,36.36363636363637,Implement / Accept
20.88888888888889,37.37373737373738,Implement / Accept
20.88888888888889,38.38383838383839,Implement / Accept
20.88888888888889,39.3939393939394,Implement / Accept
20.88888888888889,40.40404040404041,Implement / Accept
20.88888888888889,41.41414141414142,Implement / Accept
20.88888888888889,42.42424242424243,Implement / Accept
20.88888888888889,43.43434343434344,Implement / Accept
20.88888888888889,44.44444444444445,Implement / Accept
20.88888888888889,45.45454545454546,Implement / Accept
20.88888888888889,46.46464646464647,Implement / Accept
20.88888888888889,47.47474747474748,Implement / Accept
20.88888888888889,48.484848484848484,Implement / Accept
20.88888888888889,49.494949494949495,Implement / Accept
20.88888888888889,50.505050505050505,Implement / Accept
20.88888888888889,51.515151515151516,Implement / Accept
20.88888888888889,52.525252525252526,Implement / Accept
20.88888888888889,53.535353535353536,Implement / Accept
20.88888888888889,54.54545454545455,Implement / Accept
20.88888888888889,55.55555555555556,Implement / Accept
20.88888888888889,56.56565656565657,Implement / Accept
20.88888888888889,57.57575757575758,Implement / Accept
20.88888888888889,58.58585858585859,Implement / Accept
20.88888888888889,59.5959595959596,Implement / Accept
20.88888888888889,60.60606060606061,Implement / Accept
20.88888888888889,61.61616161616162,Implement / Accept
20.88888888888889,62.62626262626263,Implement / Accept
20.88888888888889,63.63636363636364,Implement / Accept
20.88888888888889,64.64646464646465,Implement / Accept
20.88888888888889,65.65656565656566,Implement / Accept
20.88888888888889,66.66666666666667,Implement / Accept
20.88888888888889,67.67676767676768,Implement / Accept
20.88888888888889,68.68686868686869,Implement / Accept
20.88888888888889,69.6969696969697,Implement / Accept
20.88888888888889,70.70707070707071,Implement / Accept
20.88888888888889,71.71717171717172,Implement / Accept
20.88888888888889,72.72727272727273,Implement / Accept
20.88888888888889,73.73737373737374,Implement / Accept
20.88888888888889,74.74747474747475,Implement / Accept
20.88888888888889,75.75757575757576,Implement / Accept
20.88888888888889,76.76767676767678,Implement / Accept
20.88888888888889,77.77777777777779,Implement / Accept
20.88888888888889,78.7878787878788,Implement / Accept
20.88888888888889,79.7979797979798,Implement / Accept
20.88888888888889,80.80808080808082,Implement / Accept
20.88888888888889,81.81818181818183,Implement / Accept
20.88888888888889,82.82828282828284,Implement / Accept
20.88888888888889,83.83838383838385,Implement / Accept
20.88888888888889,84.84848484848486,Implement / Accept
20.88888888888889,85.85858585858587,Implement / Accept
20.88888888888889,86.86868686868688,Implement / Accept
20.88888888888889,87.87878787878789,Implement / Accept
20.88888888888889,88.8888888888889,Implement / Accept
20.88888888888889,89.89898989898991,Implement / Accept
20.88888888888889,90.90909090909092,Implement / Accept
20.88888888888889,91.91919191919193,Implement / Accept
20.88888888888889,92.92929292929294,Implement / Accept
20.88888888888889,93.93939393939395,Implement / Accept
20.88888888888889,94.94949494949496,Implement / Accept
20.88888888888889,95.95959595959597,Implement / Accept
20.88888888888889,96.96969696969697,Implement / Accept
20.88888888888889,97.97979797979798,Implement / Accept
20.88888888888889,98.98989898989899,Implement / Accept
20.88888888888889,100.0,Implement / Accept
21.11111111111111,0.0,Implement / Accept
21.11111111111111,1.0101010101010102,Implement / Accept
21.11111111111111,2.0202020202020203,Implement / Accept
21.11111111111111,3.0303030303030303,Implement / Accept
21.11111111111111,4.040404040404041,Implement / Accept
21.11111111111111,5.050505050505051,Implement / Accept
21.11111111111111,6.0606060606060606,Implement / Accept
21.11111111111111,7.070707070707071,Implement / Accept
21.11111111111111,8.080808080808081,Implement / Accept
21.11111111111111,9.090909090909092,Implement / Accept
21.11111111111111,10.101010101010102,Implement / Accept
21.11111111111111,11.111111111111112,Implement / Accept
21.11111111111111,12.121212121212121,Implement / Accept
21.11111111111111,13.131313131313131,Implement / Accept
21.11111111111111,14.141414141414142,Implement / Accept
21.11111111111111,15.151515151515152,Implement / Accept
21.11111111111111,16.161616161616163,Implement / Accept
21.11111111111111,17.171717171717173,Implement / Accept
21.11111111111111,18.181818181818183,Implement / Accept
21.11111111111111,19.191919191919194,Implement / Accept
21.11111111111111,20.202020202020204,Implement / Accept
21.11111111111111,21.212121212121215,Implement / Accept
21.11111111111111,22.222222222222225,Implement / Accept
21.11111111111111,23.232323232323235,Implement / Accept
21.11111111111111,24.242424242424242,Implement / Accept
21.11111111111111,25.252525252525253,Implement / Accept
21.11111111111111,26.262626262626263,Implement / Accept
21.11111111111111,27.272727272727273,Implement / Accept
21.11111111111111,28.282828282828284,Implement / Accept
21.11111111111111,29.292929292929294,Implement / Accept
21.11111111111111,30.303030303030305,Implement / Accept
21.11111111111111,31.313131313131315,Implement / Accept
21.11111111111111,32.323232323232325,Implement / Accept
21.11111111111111,33.333333333333336,Implement / Accept
21.11111111111111,34.343434343434346,Implement / Accept
21.11111111111111,35.35353535353536,Implement / Accept
21.11111111111111,36.36363636363637,Implement / Accept
21.11111111111111,37.37373737373738,Implement / Accept
21.11111111111111,38.38383838383839,Implement / Accept
21.11111111111111,39.3939393939394,Implement / Accept
21.11111111111111,40.40404040404041,Implement / Accept
21.11111111111111,41.41414141414142,Implement / Accept
21.11111111111111,42.42424242424243,Implement / Accept
21.11111111111111,43.43434343434344,Implement / Accept
21.11111111111111,44.44444444444445,Implement / Accept
21.11111111111111,45.45454545454546,Implement / Accept
21.11111111111111,46.46464646464647,Implement / Accept
21.11111111111111,47.47474747474748,Implement / Accept
21.11111111111111,48.484848484848484,Implement / Accept
21.11111111111111,49.494949494949495,Implement / Accept
21.11111111111111,50.505050505050505,Implement / Accept
21.11111111111111,51.515151515151516,Implement / Accept
21.11111111111111,52.525252525252526,Implement / Accept
21.11111111111111,53.535353535353536,Implement / Accept
21.11111111111111,54.54545454545455,Implement / Accept
21.11111111111111,55.55555555555556,Implement / Accept
21.11111111111111,56.56565656565657,Implement / Accept
21.11111111111111,57.57575757575758,Implement / Accept
21.11111111111111,58.58585858585859,Implement / Accept
21.11111111111111,59.5959595959596,Implement / Accept
21.11111111111111,60.60606060606061,Implement / Accept
21.11111111111111,61.61616161616162,Implement / Accept
21.11111111111111,62.62626262626263,Implement / Accept
21.11111111111111,63.63636363636364,Implement / Accept
21.11111111111111,64.64646464646465,Implement / Accept
21.11111111111111,65.65656565656566,Implement / Accept
21.11111111111111,66.66666666666667,Implement / Accept
21.11111111111111,67.67676767676768,Implement / Accept
21.11111111111111,68.68686868686869,Implement / Accept
21.11111111111111,69.6969696969697,Implement / Accept
21.11111111111111,70.70707070707071,Implement / Accept
21.11111111111111,71.71717171717172,Implement / Accept
21.11111111111111,72.72727272727273,Implement / Accept
21.11111111111111,73.73737373737374,Implement / Accept
21.11111111111111,74.74747474747475,Implement / Accept
21.11111111111111,75.75757575757576,Implement / Accept
21.11111111111111,76.76767676767678,Implement / Accept
21.11111111111111,77.77777777777779,Implement / Accept
21.11111111111111,78.7878787878788,Implement / Accept
21.11111111111111,79.7979797979798,Implement / Accept
21.11111111111111,80.80808080808082,Implement / Accept
21.11111111111111,81.81818181818183,Implement / Accept
21.11111111111111,82.82828282828284,Implement / Accept
21.11111111111111,83.83838383838385,Implement / Accept
21.11111111111111,84.84848484848486,Implement / Accept
21.11111111111111,85.85858585858587,Implement / Accept
21.11111111111111,86.86868686868688,Implement / Accept
21.11111111111111,87.87878787878789,Implement / Accept
21.11111111111111,88.8888888888889,Implement / Accept
21.11111111111111,89.89898989898991,Implement / Accept
21.11111111111111,90.90909090909092,Implement / Accept
21.11111111111111,91.91919191919193,Implement / Accept
21.11111111111111,92.92929292929294,Implement / Accept
21.11111111111111,93.93939393939395,Implement / Accept
21.11111111111111,94.94949494949496,Implement / Accept
21.11111111111111,95.95959595959597,Implement / Accept
21.11111111111111,96.96969696969697,Implement / Accept
21.11111111111111,97.97979797979798,Implement / Accept
21.11111111111111,98.98989898989899,Implement / Accept
21.11111111111111,100.0,Implement / Accept
21.333333333333332,0.0,Implement / Accept
21.333333333333332,1.0101010101010102,Implement / Accept
21.333333333333332,2.0202020202020203,Implement / Accept
21.333333333333332,3.0303030303030303,Implement / Accept
21.333333333333332,4.040404040404041,Implement / Accept
21.333333333333332,5.050505050505051,Implement / Accept
21.333333333333332,6.0606060606060606,Implement / Accept
21.333333333333332,7.070707070707071,Implement / Accept
21.333333333333332,8.080808080808081,Implement / Accept
21.333333333333332,9.090909090909092,Implement / Accept
21.333333333333332,10.101010101010102,Implement / Accept
21.333333333333332,11.111111111111112,Implement / Accept
21.333333333333332,12.121212121212121,Implement / Accept
21.333333333333332,13.131313131313131,Implement / Accept
21.333333333333332,14.141414141414142,Implement / Accept
21.333333333333332,15.151515151515152,Implement / Accept
21.333333333333332,16.161616161616163,Implement / Accept
21.333333333333332,17.171717171717173,Implement / Accept
21.333333333333332,18.181818181818183,Implement / Accept
21.333333333333332,19.191919191919194,Implement / Accept
21.333333333333332,20.202020202020204,Implement / Accept
21.333333333333332,21.212121212121215,Implement / Accept
21.333333333333332,22.222222222222225,Implement / Accept
21.333333333333332,23.232323232323235,Implement / Accept
21.333333333333332,24.242424242424242,Implement / Accept
21.333333333333332,25.252525252525253,Implement / Accept
21.333333333333332,26.262626262626263,Implement / Accept
21.333333333333332,27.272727272727273,Implement / Accept
21.333333333333332,28.282828282828284,Implement / Accept
21.333333333333332,29.292929292929294,Implement / Accept
21.333333333333332,30.303030303030305,Implement / Accept
21.333333333333332,31.313131313131315,Implement / Accept
21.333333333333332,32.323232323232325,Implement / Accept
21.333333333333332,33.333333333333336,Implement / Accept
21.333333333333332,34.343434343434346,Implement / Accept
21.333333333333332,35.35353535353536,Implement / Accept
21.333333333333332,36.36363636363637,Implement / Accept
21.333333333333332,37.37373737373738,Implement / Accept
21.333333333333332,38.38383838383839,Implement / Accept
21.333333333333332,39.3939393939394,Implement / Accept
21.333333333333332,40.40404040404041,Implement / Accept
21.333333333333332,41.41414141414142,Implement / Accept
21.333333333333332,42.42424242424243,Implement / Accept
21.333333333333332,43.43434343434344,Implement / Accept
21.333333333333332,44.44444444444445,Implement / Accept
21.333333333333332,45.45454545454546,Implement / Accept
21.333333333333332,46.46464646464647,Implement / Accept
21.333333333333332,47.47474747474748,Implement / Accept
21.333333333333332,48.484848484848484,Implement / Accept
21.333333333333332,49.494949494949495,Implement / Accept
21.333333333333332,50.505050505050505,Implement / Accept
21.333333333333332,51.515151515151516,Implement / Accept
21.333333333333332,52.525252525252526,Implement / Accept
21.333333333333332,53.535353535353536,Implement / Accept
21.333333333333332,54.54545454545455,Implement / Accept
21.333333333333332,55.55555555555556,Implement / Accept
21.333333333333332,56.56565656565657,Implement / Accept
21.333333333333332,57.57575757575758,Implement / Accept
21.333333333333332,58.58585858585859,Implement / Accept
21.333333333333332,59.5959595959596,Implement / Accept
21.333333333333332,60.60606060606061,Implement / Accept
21.333333333333332,61.61616161616162,Implement / Accept
21.333333333333332,62.62626262626263,Implement / Accept
21.333333333333332,63.63636363636364,Implement / Accept
21.333333333333332,64.64646464646465,Implement / Accept
21.333333333333332,65.65656565656566,Implement / Accept
21.333333333333332,66.66666666666667,Implement / Accept
21.333333333333332,67.67676767676768,Implement / Accept
21.333333333333332,68.68686868686869,Implement / Accept
21.333333333333332,69.6969696969697,Implement / Accept
21.333333333333332,70.70707070707071,Implement / Accept
21.333333333333332,71.71717171717172,Implement / Accept
21.333333333333332,72.72727272727273,Implement / Accept
21.333333333333332,73.73737373737374,Implement / Accept
21.333333333333332,74.74747474747475,Implement / Accept
21.333333333333332,75.75757575757576,Implement / Accept
21.333333333333332,76.76767676767678,Implement / Accept
21.333333333333332,77.77777777777779,Implement / Accept
21.333333333333332,78.7878787878788,Implement / Accept
21.333333333333332,79.7979797979798,Implement / Accept
21.333333333333332,80.80808080808082,Implement / Accept
21.333333333333332,81.81818181818183,Implement / Accept
21.333333333333332,82.82828282828284,Implement / Accept
21.333333333333332,83.83838383838385,Implement / Accept
21.333333333333332,84.84848484848486,Implement / Accept
21.333333333333332,85.85858585858587,Implement / Accept
21.333333333333332,86.86868686868688,Implement / Accept
21.333333333333332,87.87878787878789,Implement / Accept
21.333333333333332,88.8888888888889,Implement / Accept
21.333333333333332,89.89898989898991,Implement / Accept
21.333333333333332,90.90909090909092,Implement / Accept
21.333333333333332,91.91919191919193,Implement / Accept
21.333333333333332,92.92929292929294,Implement / Accept
21.333333333333332,93.93939393939395,Implement / Accept
21.333333333333332,94.94949494949496,Implement / Accept
21.333333333333332,95.95959595959597,Implement / Accept
21.333333333333332,96.96969696969697,Implement / Accept
21.333333333333332,97.97979797979798,Implement / Accept
21.333333333333332,98.98989898989899,Implement / Accept
21.333333333333332,100.0,Implement / Accept
21.555555555555554,0.0,Implement / Accept
21.555555555555554,1.0101010101010102,Implement / Accept
21.555555555555554,2.0202020202020203,Implement / Accept
21.555555555555554,3.0303030303030303,Implement / Accept
21.555555555555554,4.040404040404041,Implement / Accept
21.555555555555554,5.050505050505051,Implement / Accept
21.555555555555554,6.0606060606060606,Implement / Accept
21.555555555555554,7.070707070707071,Implement / Accept
21.555555555555554,8.080808080808081,Implement / Accept
21.555555555555554,9.090909090909092,Implement / Accept
21.555555555555554,10.101010101010102,Implement / Accept
21.555555555555554,11.111111111111112,Implement / Accept
21.555555555555554,12.121212121212121,Implement / Accept
21.555555555555554,13.131313131313131,Implement / Accept
21.555555555555554,14.141414141414142,Implement / Accept
21.555555555555554,15.151515151515152,Implement / Accept
21.555555555555554,16.161616161616163,Implement / Accept
21.555555555555554,17.171717171717173,Implement / Accept
21.555555555555554,18.181818181818183,Implement / Accept
21.555555555555554,19.191919191919194,Implement / Accept
21.555555555555554,20.202020202020204,Implement / Accept
21.555555555555554,21.212121212121215,Implement / Accept
21.555555555555554,22.222222222222225,Implement / Accept
21.555555555555554,23.232323232323235,Implement / Accept
21.555555555555554,24.242424242424242,Implement / Accept
21.555555555555554,25.252525252525253,Implement / Accept
21.555555555555554,26.262626262626263,Implement / Accept
21.555555555555554,27.272727272727273,Implement / Accept
21.555555555555554,28.282828282828284,Implement / Accept
21.555555555555554,29.292929292929294,Implement / Accept
21.555555555555554,30.303030303030305,Implement / Accept
21.555555555555554,31.313131313131315,Implement / Accept
21.555555555555554,32.323232323232325,Implement / Accept
21.555555555555554,33.333333333333336,Implement / Accept
21.555555555555554,34.343434343434346,Implement / Accept
21.555555555555554,35.35353535353536,Implement / Accept
21.555555555555554,36.36363636363637,Implement / Accept
21.555555555555554,37.37373737373738,Implement / Accept
21.555555555555554,38.38383838383839,Implement / Accept
21.555555555555554,39.3939393939394,Implement / Accept
21.555555555555554,40.40404040404041,Implement / Accept
21.555555555555554,41.41414141414142,Implement / Accept
21.555555555555554,42.42424242424243,Implement / Accept
21.555555555555554,43.43434343434344,Implement / Accept
21.555555555555554,44.44444444444445,Implement / Accept
21.555555555555554,45.45454545454546,Implement / Accept
21.555555555555554,46.46464646464647,Implement / Accept
21.555555555555554,47.47474747474748,Implement / Accept
21.555555555555554,48.484848484848484,Implement / Accept
21.555555555555554,49.494949494949495,Implement / Accept
21.555555555555554,50.505050505050505,Implement / Accept
21.555555555555554,51.515151515151516,Implement / Accept
21.555555555555554,52.525252525252526,Implement / Accept
21.555555555555554,53.535353535353536,Implement / Accept
21.555555555555554,54.54545454545455,Implement / Accept
21.555555555555554,55.55555555555556,Implement / Accept
21.555555555555554,56.56565656565657,Implement / Accept
21.555555555555554,57.57575757575758,Implement / Accept
21.555555555555554,58.58585858585859,Implement / Accept
21.555555555555554,59.5959595959596,Implement / Accept
21.555555555555554,60.60606060606061,Implement / Accept
21.555555555555554,61.61616161616162,Implement / Accept
21.555555555555554,62.62626262626263,Implement / Accept
21.555555555555554,63.63636363636364,Implement / Accept
21.555555555555554,64.64646464646465,Implement / Accept
21.555555555555554,65.65656565656566,Implement / Accept
21.555555555555554,66.66666666666667,Implement / Accept
21.555555555555554,67.67676767676768,Implement / Accept
21.555555555555554,68.68686868686869,Implement / Accept
21.555555555555554,69.6969696969697,Implement / Accept
21.555555555555554,70.70707070707071,Implement / Accept
21.555555555555554,71.71717171717172,Implement / Accept
21.555555555555554,72.72727272727273,Implement / Accept
21.555555555555554,73.73737373737374,Implement / Accept
21.555555555555554,74.74747474747475,Implement / Accept
21.555555555555554,75.75757575757576,Implement / Accept
21.555555555555554,76.76767676767678,Implement / Accept
21.555555555555554,77.77777777777779,Implement / Accept
21.555555555555554,78.7878787878788,Implement / Accept
21.555555555555554,79.7979797979798,Implement / Accept
21.555555555555554,80.80808080808082,Implement / Accept
21.555555555555554,81.81818181818183,Implement / Accept
21.555555555555554,82.82828282828284,Implement / Accept
21.555555555555554,83.83838383838385,Implement / Accept
21.555555555555554,84.84848484848486,Implement / Accept
21.555555555555554,85.85858585858587,Implement / Accept
21.555555555555554,86.86868686868688,Implement / Accept
21.555555555555554,87.87878787878789,Implement / Accept
21.555555555555554,88.8888888888889,Implement / Accept
21.555555555555554,89.89898989898991,Implement / Accept
21.555555555555554,90.90909090909092,Implement / Accept
21.555555555555554,91.91919191919193,Implement / Accept
21.555555555555554,92.92929292929294,Implement / Accept
21.555555555555554,93.93939393939395,Implement / Accept
21.555555555555554,94.94949494949496,Implement / Accept
21.555555555555554,95.95959595959597,Implement / Accept
21.555555555555554,96.96969696969697,Implement / Accept
21.555555555555554,97.97979797979798,Implement / Accept
21.555555555555554,98.98989898989899,Implement / Accept
21.555555555555554,100.0,Implement / Accept
21.777777777777775,0.0,Implement / Accept
21.777777777777775,1.0101010101010102,Implement / Accept
21.777777777777775,2.0202020202020203,Implement / Accept
21.777777777777775,3.0303030303030303,Implement / Accept
21.777777777777775,4.040404040404041,Implement / Accept
21.777777777777775,5.050505050505051,Implement / Accept
21.777777777777775,6.0606060606060606,Implement / Accept
21.777777777777775,7.070707070707071,Implement / Accept
21.777777777777775,8.080808080808081,Implement / Accept
21.777777777777775,9.090909090909092,Implement / Accept
21.777777777777775,10.101010101010102,Implement / Accept
21.777777777777775,11.111111111111112,Implement / Accept
21.777777777777775,12.121212121212121,Implement / Accept
21.777777777777775,13.131313131313131,Implement / Accept
21.777777777777775,14.141414141414142,Implement / Accept
21.777777777777775,15.151515151515152,Implement / Accept
21.777777777777775,16.161616161616163,Implement / Accept
21.777777777777775,17.171717171717173,Implement / Accept
21.777777777777775,18.181818181818183,Implement / Accept
21.777777777777775,19.191919191919194,Implement / Accept
21.777777777777775,20.202020202020204,Implement / Accept
21.777777777777775,21.212121212121215,Implement / Accept
21.777777777777775,22.222222222222225,Implement / Accept
21.777777777777775,23.232323232323235,Implement / Accept
21.777777777777775,24.242424242424242,Implement / Accept
21.777777777777775,25.252525252525253,Implement / Accept
21.777777777777775,26.262626262626263,Implement / Accept
21.777777777777775,27.272727272727273,Implement / Accept
21.777777777777775,28.282828282828284,Implement / Accept
21.777777777777775,29.292929292929294,Implement / Accept
21.777777777777775,30.303030303030305,Implement / Accept
21.777777777777775,31.313131313131315,Implement / Accept
21.777777777777775,32.323232323232325,Implement / Accept
21.777777777777775,33.333333333333336,Implement / Accept
21.777777777777775,34.343434343434346,Implement / Accept
21.777777777777775,35.35353535353536,Implement / Accept
21.777777777777775,36.36363636363637,Implement / Accept
21.777777777777775,37.37373737373738,Implement / Accept
21.777777777777775,38.38383838383839,Implement / Accept
21.777777777777775,39.3939393939394,Implement / Accept
21.777777777777775,40.40404040404041,Implement / Accept
21.777777777777775,41.41414141414142,Implement / Accept
21.777777777777775,42.42424242424243,Implement / Accept
21.777777777777775,43.43434343434344,Implement / Accept
21.777777777777775,44.44444444444445,Implement / Accept
21.777777777777775,45.45454545454546,Implement / Accept
21.777777777777775,46.46464646464647,Implement / Accept
21.777777777777775,47.47474747474748,Implement / Accept
21.777777777777775,48.484848484848484,Implement / Accept
21.777777777777775,49.494949494949495,Implement / Accept
21.777777777777775,50.505050505050505,Implement / Accept
21.777777777777775,51.515151515151516,Implement / Accept
21.777777777777775,52.525252525252526,Implement / Accept
21.777777777777775,53.535353535353536,Implement / Accept
21.777777777777775,54.54545454545455,Implement / Accept
21.777777777777775,55.55555555555556,Implement / Accept
21.777777777777775,56.56565656565657,Implement / Accept
21.777777777777775,57.57575757575758,Implement / Accept
21.777777777777775,58.58585858585859,Implement / Accept
21.777777777777775,59.5959595959596,Implement / Accept
21.777777777777775,60.60606060606061,Implement / Accept
21.777777777777775,61.61616161616162,Implement / Accept
21.777777777777775,62.62626262626263,Implement / Accept
21.777777777777775,63.63636363636364,Implement / Accept
21.777777777777775,64.64646464646465,Implement / Accept
21.777777777777775,65.65656565656566,Implement / Accept
21.777777777777775,66.66666666666667,Implement / Accept
21.777777777777775,67.67676767676768,Implement / Accept
21.777777777777775,68.68686868686869,Implement / Accept
21.777777777777775,69.6969696969697,Implement / Accept
21.777777777777775,70.70707070707071,Implement / Accept
21.777777777777775,71.71717171717172,Implement / Accept
21.777777777777775,72.72727272727273,Implement / Accept
21.777777777777775,73.73737373737374,Implement / Accept
21.777777777777775,74.74747474747475,Implement / Accept
21.777777777777775,75.75757575757576,Implement / Accept
21.777777777777775,76.76767676767678,Implement / Accept
21.777777777777775,77.77777777777779,Implement / Accept
21.777777777777775,78.7878787878788,Implement / Accept
21.777777777777775,79.7979797979798,Implement / Accept
21.777777777777775,80.80808080808082,Implement / Accept
21.777777777777775,81.81818181818183,Implement / Accept
21.777777777777775,82.82828282828284,Implement / Accept
21.777777777777775,83.83838383838385,Implement / Accept
21.777777777777775,84.84848484848486,Implement / Accept
21.777777777777775,85.85858585858587,Implement / Accept
21.777777777777775,86.86868686868688,Implement / Accept
21.777777777777775,87.87878787878789,Implement / Accept
21.777777777777775,88.8888888888889,Implement / Accept
21.777777777777775,89.89898989898991,Implement / Accept
21.777777777777775,90.90909090909092,Implement / Accept
21.777777777777775,91.91919191919193,Implement / Accept
21.777777777777775,92.92929292929294,Implement / Accept
21.777777777777775,93.93939393939395,Implement / Accept
21.777777777777775,94.94949494949496,Implement / Accept
21.777777777777775,95.95959595959597,Implement / Accept
21.777777777777775,96.96969696969697,Implement / Accept
21.777777777777775,97.97979797979798,Implement / Accept
21.777777777777775,98.98989898989899,Implement / Accept
21.777777777777775,100.0,Implement / Accept
22.0,0.0,Implement / Accept
22.0,1.0101010101010102,Implement / Accept
22.0,2.0202020202020203,Implement / Accept
22.0,3.0303030303030303,Implement / Accept
22.0,4.040404040404041,Implement / Accept
22.0,5.050505050505051,Implement / Accept
22.0,6.0606060606060606,Implement / Accept
22.0,7.070707070707071,Implement / Accept
22.0,8.080808080808081,Implement / Accept
22.0,9.090909090909092,Implement / Accept
22.0,10.101010101010102,Implement / Accept
22.0,11.111111111111112,Implement / Accept
22.0,12.121212121212121,Implement / Accept
22.0,13.131313131313131,Implement / Accept
22.0,14.141414141414142,Implement / Accept
22.0,15.151515151515152,Implement / Accept
22.0,16.161616161616163,Implement / Accept
22.0,17.171717171717173,Implement / Accept
22.0,18.181818181818183,Implement / Accept
22.0,19.191919191919194,Implement / Accept
22.0,20.202020202020204,Implement / Accept
22.0,21.212121212121215,Implement / Accept
22.0,22.222222222222225,Implement / Accept
22.0,23.232323232323235,Implement / Accept
22.0,24.242424242424242,Implement / Accept
22.0,25.252525252525253,Implement / Accept
22.0,26.262626262626263,Implement / Accept
22.0,27.272727272727273,Implement / Accept
22.0,28.282828282828284,Implement / Accept
22.0,29.292929292929294,Implement / Accept
22.0,30.303030303030305,Implement / Accept
22.0,31.313131313131315,Implement / Accept
22.0,32.323232323232325,Implement / Accept
22.0,33.333333333333336,Implement / Accept
22.0,34.343434343434346,Implement / Accept
22.0,35.35353535353536,Implement / Accept
22.0,36.36363636363637,Implement / Accept
22.0,37.37373737373738,Implement / Accept
22.0,38.38383838383839,Implement / Accept
22.0,39.3939393939394,Implement / Accept
22.0,40.40404040404041,Implement / Accept
22.0,41.41414141414142,Implement / Accept
22.0,42.42424242424243,Implement / Accept
22.0,43.43434343434344,Implement / Accept
22.0,44.44444444444445,Implement / Accept
22.0,45.45454545454546,Implement / Accept
22.0,46.46464646464647,Implement / Accept
22.0,47.47474747474748,Implement / Accept
22.0,48.484848484848484,Implement / Accept
22.0,49.494949494949495,Implement / Accept
22.0,50.505050505050505,Implement / Accept
22.0,51.515151515151516,Implement / Accept
22.0,52.525252525252526,Implement / Accept
22.0,53.535353535353536,Implement / Accept
22.0,54.54545454545455,Implement / Accept
22.0,55.55555555555556,Implement / Accept
22.0,56.56565656565657,Implement / Accept
22.0,57.57575757575758,Implement / Accept
22.0,58.58585858585859,Implement / Accept
22.0,59.5959595959596,Implement / Accept
22.0,60.60606060606061,Implement / Accept
22.0,61.61616161616162,Implement / Accept
22.0,62.62626262626263,Implement / Accept
22.0,63.63636363636364,Implement / Accept
22.0,64.64646464646465,Implement / Accept
22.0,65.65656565656566,Implement / Accept
22.0,66.66666666666667,Implement / Accept
22.0,67.67676767676768,Implement / Accept
22.0,68.68686868686869,Implement / Accept
22.0,69.6969696969697,Implement / Accept
22.0,70.70707070707071,Implement / Accept
22.0,71.71717171717172,Implement / Accept
22.0,72.72727272727273,Implement / Accept
22.0,73.73737373737374,Implement / Accept
22.0,74.74747474747475,Implement / Accept
22.0,75.75757575757576,Implement / Accept
22.0,76.76767676767678,Implement / Accept
22.0,77.77777777777779,Implement / Accept
22.0,78.7878787878788,Implement / Accept
22.0,79.7979797979798,Implement / Accept
22.0,80.80808080808082,Implement / Accept
22.0,81.81818181818183,Implement / Accept
22.0,82.82828282828284,Implement / Accept
22.0,83.83838383838385,Implement / Accept
22.0,84.84848484848486,Implement / Accept
22.0,85.85858585858587,Implement / Accept
22.0,86.86868686868688,Implement / Accept
22.0,87.87878787878789,Implement / Accept
22.0,88.8888888888889,Implement / Accept
22.0,89.89898989898991,Implement / Accept
22.0,90.90909090909092,Implement / Accept
22.0,91.91919191919193,Implement / Accept
22.0,92.92929292929294,Implement / Accept
22.0,93.93939393939395,Implement / Accept
22.0,94.94949494949496,Implement / Accept
22.0,95.95959595959597,Implement / Accept
22.0,96.96969696969697,Implement / Accept
22.0,97.97979797979798,Implement / Accept
22.0,98.98989898989899,Implement / Accept
22.0,100.0,Implement / Accept
